{"type":"FeatureCollection","features":[{"type":"Feature","geometry":{"type":"Point","coordinates":[-77.029981,38.93591]},"properties":{"name":"3646 13th Street Northwest","address":"3646 13th Street Northwest, Washington, District of Columbia 20010","status":"Completed 2015 to Date","agency":"DHCD","aff":1,"total":2,"ward":"Ward 1","end":"2026-06-05","ami":[0,0,0,1,0]}},{"type":"Feature","geometry":{"type":"Point","coordinates":[-76.979359,38.927221]},"properties":{"name":"1731 Rhode Island Avenue NE","address":"1731 Rhode Island Avenue Northeast, Washington, District of Columbia 20018","status":"Under Construction","agency":"DHCD","aff":5,"total":58,"ward":"Ward 5","end":"2026-07-22","ami":[0,0,5,0,0]}},{"type":"Feature","geometry":{"type":"Point","coordinates":[-76.993727,38.936153]},"properties":{"name":"Brookland Lanes","address":"3726 10th Street Northeast, Washington, District of Columbia 20017","status":"Pipeline","agency":null,"aff":32,"total":337,"ward":"Ward 5","end":null,"ami":[0,0,32,0,0]}},{"type":"Feature","geometry":{"type":"Point","coordinates":[-76.978956,38.928484]},"properties":{"name":"Pleasant Grove Baptist Church Development","address":"1800 Hamlin Street Northeast, Washington, District of Columbia 20018","status":"Pipeline","agency":null,"aff":70,"total":70,"ward":"Ward 5","end":null,"ami":[0,70,0,0,0]}},{"type":"Feature","geometry":{"type":"Point","coordinates":[-77.017843,38.977235]},"properties":{"name":"Elm Gardens Redevelopment","address":"7050 Eastern Avenue Northwest, Washington, District of Columbia 20012","status":"Pipeline","agency":"OP","aff":124,"total":124,"ward":"Ward 4","end":null,"ami":[8,54,44,18,0]}},{"type":"Feature","geometry":{"type":"Point","coordinates":[-77.006777,38.9131]},"properties":{"name":"Eckington Mews PUD","address":"1708 1st Street Northeast, Washington, District of Columbia 20002","status":"Pipeline","agency":"OP","aff":4,"total":26,"ward":"Ward 5","end":null,"ami":[0,0,0,4,0]}},{"type":"Feature","geometry":{"type":"Point","coordinates":[-77.036951,38.911491]},"properties":{"name":"Ravenel - Amazon Acquisition","address":"1610 16th Street Northwest, Washington, District of Columbia 20009","status":"Completed 2015 to Date","agency":"Amazon Housing Equity Fund","aff":63,"total":63,"ward":"Ward 2","end":"2024-01-02","ami":[0,0,31,32,0]}},{"type":"Feature","geometry":{"type":"Point","coordinates":[-77.035744,38.924348]},"properties":{"name":"Park Meridian - Amazon Acquisition","address":"2637 16th Street Northwest, Washington, District of Columbia 20009","status":"Completed 2015 to Date","agency":"Amazon Housing Equity Fund","aff":77,"total":77,"ward":"Ward 1","end":"2024-01-03","ami":[0,0,27,50,0]}},{"type":"Feature","geometry":{"type":"Point","coordinates":[-77.039102,38.933047]},"properties":{"name":"Park Regent - Amazon Acquisition","address":"1701 Park Road Northwest, Washington, District of Columbia 20010","status":"Completed 2015 to Date","agency":"Amazon Housing Equity Fund","aff":96,"total":96,"ward":"Ward 1","end":"2024-01-03","ami":[0,0,33,63,0]}},{"type":"Feature","geometry":{"type":"Point","coordinates":[-76.997517,38.859409]},"properties":{"name":"Barry Farm Flats","address":"1286 Eaton Road Southeast, Washington, District of Columbia 20020","status":"Pipeline","agency":"DMPED DCHFA","aff":98,"total":98,"ward":"Ward 8","end":"2027-03-01","ami":[11,31,41,15,0]}},{"type":"Feature","geometry":{"type":"Point","coordinates":[-77.009335,38.902858]},"properties":{"name":"Northwest One Phase 3","address":"1010 North Capitol Street Northwest, Washington, District of Columbia 20002","status":"Pipeline","agency":"DMPED","aff":74,"total":221,"ward":"Ward 6","end":"2030-01-01","ami":[74,0,0,0,147]}},{"type":"Feature","geometry":{"type":"Point","coordinates":[-76.98524,38.888974]},"properties":{"name":"26 14th St SE","address":"26 14th Street Southeast, Washington, District of Columbia 20003","status":"Completed 2015 to Date","agency":"DHCD","aff":6,"total":12,"ward":"Ward 6","end":"2024-02-01","ami":[0,0,0,6,0]}},{"type":"Feature","geometry":{"type":"Point","coordinates":[-76.991322,38.932985]},"properties":{"name":"12th Street NE Miller","address":"3500 12th Street Northeast, Washington, District of Columbia 20017","status":"Pipeline","agency":"DHCD","aff":70,"total":70,"ward":"Ward 5","end":null,"ami":[18,44,0,8,0]}},{"type":"Feature","geometry":{"type":"Point","coordinates":[-77.04876,38.916458]},"properties":{"name":"The Bobbi - Substantial Rehab","address":"2151 California Street Northwest, Washington, District of Columbia 20008","status":"Pipeline","agency":"DHCD","aff":23,"total":23,"ward":"Ward 2","end":"2028-01-22","ami":[3,7,6,7,0]}},{"type":"Feature","geometry":{"type":"Point","coordinates":[-77.07294,38.932576]},"properties":{"name":"3218 Wisconsin Ave NW - Substantial Rehab","address":"3218 Wisconsin Avenue Northwest, Washington, District of Columbia 20016","status":"Pipeline","agency":"DHCD","aff":20,"total":20,"ward":"Ward 3","end":null,"ami":[5,12,2,1,0]}},{"type":"Feature","geometry":{"type":"Point","coordinates":[-76.955629,38.925466]},"properties":{"name":"Wesley House - Preservation","address":"3400 Commodore Joshua Barney Drive Northeast, Washington, District of Columbia 20018","status":"Pipeline","agency":"DHCD","aff":120,"total":127,"ward":"Ward 5","end":null,"ami":[0,91,29,0,0]}},{"type":"Feature","geometry":{"type":"Point","coordinates":[-76.970658,38.854896]},"properties":{"name":"2917 Knox Place SE","address":"2917 Knox Place Southeast, Washington, District of Columbia 20020","status":"Pipeline","agency":"DHCD","aff":2,"total":12,"ward":"Ward 8","end":null,"ami":[0,0,2,0,0]}},{"type":"Feature","geometry":{"type":"Point","coordinates":[-77.028689,38.960737]},"properties":{"name":"5835 Colorado Condominium","address":"5835 Colorado Avenue Northwest, Washington, District of Columbia 20011","status":"Completed 2015 to Date","agency":"DHCD","aff":1,"total":5,"ward":"Ward 4","end":"2025-10-01","ami":[0,0,0,1,0]}},{"type":"Feature","geometry":{"type":"Point","coordinates":[-76.992492,38.900435]},"properties":{"name":"1000 H Street NE","address":"1000 H Street Northeast, Washington, District of Columbia 20002","status":"Pipeline","agency":"DHCD","aff":6,"total":76,"ward":"Ward 6","end":null,"ami":[0,1,5,0,0]}},{"type":"Feature","geometry":{"type":"Point","coordinates":[-77.024499,38.939028]},"properties":{"name":"3907 Georgia Avenue NW","address":"3907 Georgia Avenue Northwest, Washington, District of Columbia 20011","status":"Under Construction","agency":"DHCD","aff":1,"total":15,"ward":"Ward 4","end":"2026-12-23","ami":[0,0,1,0,0]}},{"type":"Feature","geometry":{"type":"Point","coordinates":[-76.991673,38.92182]},"properties":{"name":"1009 Bryant Street NE","address":"1009 Bryant Street Northeast, Washington, District of Columbia 20018","status":"Completed 2015 to Date","agency":"DHCD","aff":1,"total":10,"ward":"Ward 5","end":"2026-07-11","ami":[0,0,0,1,0]}},{"type":"Feature","geometry":{"type":"Point","coordinates":[-77.032465,38.934874]},"properties":{"name":"3505 14th Street NW","address":"3505 14th Street Northwest, Washington, District of Columbia 20010","status":"Under Construction","agency":"DHCD","aff":1,"total":15,"ward":"Ward 1","end":"2026-09-03","ami":[0,0,0,1,0]}},{"type":"Feature","geometry":{"type":"Point","coordinates":[-76.980538,38.869136]},"properties":{"name":"1706 17th Street SE","address":"1706 17th Street Southeast, Washington, District of Columbia 20020","status":"Completed 2015 to Date","agency":"DHCD","aff":1,"total":11,"ward":"Ward 8","end":"2026-06-05","ami":[0,1,0,0,0]}},{"type":"Feature","geometry":{"type":"Point","coordinates":[-76.992782,38.862197]},"properties":{"name":"2420 Martin Luther King Jr. Ave. SE","address":"2420 Martin Luther King Jr Avenue Southeast, Washington, District of Columbia 20020","status":"Pipeline","agency":"DHCD","aff":3,"total":44,"ward":"Ward 8","end":null,"ami":[0,0,0,3,0]}},{"type":"Feature","geometry":{"type":"Point","coordinates":[-77.042984,38.91951]},"properties":{"name":"1836-1840 Kalorama Road NW","address":"1836 Kalorama Road Northwest, Washington, District of Columbia 20009","status":"Completed 2015 to Date","agency":"DHCD","aff":1,"total":11,"ward":"Ward 1","end":"2025-10-15","ami":[0,0,1,0,0]}},{"type":"Feature","geometry":{"type":"Point","coordinates":[-77.001606,38.900007]},"properties":{"name":"309 H Street NE","address":"309 H Street Northeast, Washington, District of Columbia 20002","status":"Pipeline","agency":"DHCD","aff":2,"total":16,"ward":"Ward 6","end":null,"ami":[0,0,0,2,0]}},{"type":"Feature","geometry":{"type":"Point","coordinates":[-76.990337,38.927207]},"properties":{"name":"2921 12th Street NE","address":"2921 12th Street Northeast, Washington, District of Columbia 20017","status":"Under Construction","agency":"DHCD","aff":1,"total":10,"ward":"Ward 5","end":"2026-08-07","ami":[0,0,1,0,0]}},{"type":"Feature","geometry":{"type":"Point","coordinates":[-76.974957,38.902682]},"properties":{"name":"1938 I Street NE","address":"1938 I Street Northeast, Washington, District of Columbia 20002","status":"Under Construction","agency":"DHCD","aff":1,"total":10,"ward":"Ward 5","end":"2026-08-15","ami":[0,0,0,1,0]}},{"type":"Feature","geometry":{"type":"Point","coordinates":[-76.974722,38.905414]},"properties":{"name":"2005 M Street Condos","address":"2005 M Street Northeast, Washington, District of Columbia 20002","status":"Pipeline","agency":"DHCD","aff":2,"total":28,"ward":"Ward 5","end":null,"ami":[0,0,0,2,0]}},{"type":"Feature","geometry":{"type":"Point","coordinates":[-76.969643,38.871794]},"properties":{"name":"Park Place","address":"2530 Park Place Southeast, Washington, District of Columbia 20020","status":"Completed 2015 to Date","agency":"DHCD","aff":21,"total":21,"ward":"Ward 7","end":"2024-06-12","ami":[0,0,10,11,0]}},{"type":"Feature","geometry":{"type":"Point","coordinates":[-76.999146,38.919916]},"properties":{"name":"Engine 12","address":"2225 5th Street Northeast, Washington, District of Columbia 20002","status":"Pipeline","agency":"DMPED","aff":41,"total":136,"ward":"Ward 5","end":"2033-06-30","ami":[11,30,0,0,0]}},{"type":"Feature","geometry":{"type":"Point","coordinates":[-76.973073,38.885143]},"properties":{"name":"Hill East Phase II - Bundle 1 - Parcels B-1/B-2","address":"1900 Massachusetts Avenue Southeast, Washington, District of Columbia 20003","status":"Pipeline","agency":"DMPED","aff":165,"total":494,"ward":"Ward 7","end":"2028-02-01","ami":[82,83,0,0,164]}},{"type":"Feature","geometry":{"type":"Point","coordinates":[-77.013249,38.876047]},"properties":{"name":"Greenleaf Senior Rehab","address":"1200 Delaware Avenue Southwest, Washington, District of Columbia 20024","status":"Pipeline","agency":"DCHA DCHFA","aff":211,"total":211,"ward":"Ward 6","end":"2027-03-01","ami":[211,0,0,0,0]}},{"type":"Feature","geometry":{"type":"Point","coordinates":[-77.017978,38.900032]},"properties":{"name":"Judiciary House Rehab","address":"461 H Street Northwest, Washington, District of Columbia 20001","status":"Pipeline","agency":"DCHA DCHFA","aff":263,"total":263,"ward":"Ward 6","end":"2027-03-01","ami":[263,0,0,0,0]}},{"type":"Feature","geometry":{"type":"Point","coordinates":[-77.032189,38.928157]},"properties":{"name":"Trinity Towers Rehab","address":"3023 14th Street Northwest, Washington, District of Columbia 20009","status":"Pipeline","agency":"DCHFA","aff":122,"total":122,"ward":"Ward 1","end":"2028-03-01","ami":[0,0,122,0,0]}},{"type":"Feature","geometry":{"type":"Point","coordinates":[-77.000585,38.860755]},"properties":{"name":"Barry Farm Building 3","address":"1101 Eaton Road Southeast, Washington, District of Columbia 20020","status":"Pipeline","agency":"DMPED DCHFA","aff":124,"total":124,"ward":"Ward 8","end":"2026-09-01","ami":[124,0,0,0,0]}},{"type":"Feature","geometry":{"type":"Point","coordinates":[-76.971345,38.926273]},"properties":{"name":"Green Valley Apartments Rehab","address":"2412 Franklin Street Northeast, Washington, District of Columbia 20018","status":"Pipeline","agency":"DCHFA","aff":100,"total":100,"ward":"Ward 5","end":"2028-09-01","ami":[0,0,100,0,0]}},{"type":"Feature","geometry":{"type":"Point","coordinates":[-77.039275,38.92207]},"properties":{"name":"Jubilee LP1 Resyndication","address":"2418 17th Street Northwest, Washington, District of Columbia 20009","status":"Pipeline","agency":"DCHFA","aff":118,"total":118,"ward":"Ward 1","end":"2028-12-01","ami":[0,0,118,0,0]}},{"type":"Feature","geometry":{"type":"Point","coordinates":[-77.001843,38.860189]},"properties":{"name":"Barry Farm Building 4","address":"1101 Stevens Road Southeast, Washington, District of Columbia 20020","status":"Pipeline","agency":"DMPED DCHFA","aff":126,"total":126,"ward":"Ward 8","end":"2028-09-01","ami":[40,86,0,0,0]}},{"type":"Feature","geometry":{"type":"Point","coordinates":[-77.040406,38.922928]},"properties":{"name":"Jubilee Limited Partnership II","address":"1740 Euclid Street Northwest, Washington, District of Columbia 20009","status":"Pipeline","agency":"DCHFA","aff":70,"total":70,"ward":"Ward 1","end":"2028-12-01","ami":[0,0,70,0,0]}},{"type":"Feature","geometry":{"type":"Point","coordinates":[-77.083212,38.961973]},"properties":{"name":"Lisner Home Senior Affordable Assisted Living","address":"5425 Western Avenue Northwest, Washington, District of Columbia 20015","status":"Completed 2015 to Date","agency":"Amazon Housing Equity Fund","aff":30,"total":45,"ward":"Ward 3","end":"2023-03-30","ami":[30,0,0,0,0]}},{"type":"Feature","geometry":{"type":"Point","coordinates":[-76.948605,38.900191]},"properties":{"name":"Parkside Parcel 10 - Parkside PUD Block F","address":"700 Kenilworth Terrace Northeast, Washington, District of Columbia 20019","status":"Completed 2015 to Date","agency":"OP","aff":0,"total":118,"ward":"Ward 7","end":"2025-06-16","ami":[0,0,0,0,23]}},{"type":"Feature","geometry":{"type":"Point","coordinates":[-76.985935,38.850723]},"properties":{"name":"2611 12th Place Southeast","address":"2611 12th Place Southeast, Washington, District of Columbia 20020","status":"Pipeline","agency":"DHCD","aff":1,"total":8,"ward":"Ward 8","end":null,"ami":[0,1,0,0,0]}},{"type":"Feature","geometry":{"type":"Point","coordinates":[-76.967578,38.855352]},"properties":{"name":"2817 Buena Vista Terrace SE","address":"2817 Buena Vista Terrace Southeast, Washington, District of Columbia 20020","status":"Pipeline","agency":"DHCD","aff":1,"total":16,"ward":"Ward 8","end":null,"ami":[0,0,0,1,0]}},{"type":"Feature","geometry":{"type":"Point","coordinates":[-77.02772,38.956084]},"properties":{"name":"5433 Georgia Avenue NW","address":"5433 Georgia Avenue Northwest, Washington, District of Columbia 20011","status":"Pipeline","agency":"DHCD","aff":2,"total":21,"ward":"Ward 4","end":null,"ami":[0,2,0,0,0]}},{"type":"Feature","geometry":{"type":"Point","coordinates":[-77.014563,38.943062]},"properties":{"name":"214 Varnum Street NW","address":"214 Varnum Street Northwest, Washington, District of Columbia 20011","status":"Pipeline","agency":"DHCD","aff":1,"total":5,"ward":"Ward 4","end":null,"ami":[0,0,0,1,0]}},{"type":"Feature","geometry":{"type":"Point","coordinates":[-76.974191,38.871456]},"properties":{"name":"2211 Minnesota Avenue SE","address":"2211 Minnesota Avenue Southeast, Washington, District of Columbia 20020","status":"Pipeline","agency":"DHCD","aff":3,"total":32,"ward":"Ward 8","end":null,"ami":[0,0,3,0,0]}},{"type":"Feature","geometry":{"type":"Point","coordinates":[-77.038036,38.908173]},"properties":{"name":"1625 Massachusetts Avenue NW","address":"1625 Massachusetts Avenue Northwest, Washington, District of Columbia 20036","status":"Completed 2015 to Date","agency":"DHCD","aff":15,"total":157,"ward":"Ward 2","end":"2026-06-02","ami":[0,0,15,0,0]}},{"type":"Feature","geometry":{"type":"Point","coordinates":[-77.032442,38.933988]},"properties":{"name":"3461 14th Street Northwest","address":"3461 14th Street Northwest, Washington, District of Columbia 20010","status":"Pipeline","agency":"DHCD","aff":1,"total":10,"ward":"Ward 1","end":null,"ami":[0,0,0,1,0]}},{"type":"Feature","geometry":{"type":"Point","coordinates":[-77.083636,38.90809]},"properties":{"name":"4457 Macarthur Boulevard NW","address":"4457 Macarthur Boulevard Northwest, Washington, District of Columbia 20007","status":"Pipeline","agency":"DHCD","aff":1,"total":17,"ward":"Ward 3","end":null,"ami":[0,0,0,1,0]}},{"type":"Feature","geometry":{"type":"Point","coordinates":[-76.92122,38.900407]},"properties":{"name":"Deanwood/900 55th Street NE","address":"906 55th Street Northeast, Washington, District of Columbia 20019","status":"Pipeline","agency":"DHCD","aff":1,"total":11,"ward":"Ward 7","end":null,"ami":[0,0,0,1,0]}},{"type":"Feature","geometry":{"type":"Point","coordinates":[-77.04294,38.904791]},"properties":{"name":"1133 19th Street","address":"1133 19th Street Northwest, Washington, District of Columbia 20036","status":"Pipeline","agency":null,"aff":22,"total":220,"ward":"Ward 2","end":"2027-07-30","ami":[0,0,22,0,0]}},{"type":"Feature","geometry":{"type":"Point","coordinates":[-76.980231,38.864333]},"properties":{"name":"SOME Scattered Site Phase II - Fendall Heights","address":"2025 Fendall Street Southeast, Washington, District of Columbia 20020","status":"Completed 2015 to Date","agency":"DCHFA DHCD","aff":29,"total":30,"ward":"Ward 8","end":"2013-11-15","ami":[0,29,0,0,0]}},{"type":"Feature","geometry":{"type":"Point","coordinates":[-77.023194,38.91298]},"properties":{"name":"Heritage at Shaw","address":"801 R Street Northwest, Washington, District of Columbia 20001","status":"Completed 2015 to Date","agency":"DHCD","aff":71,"total":71,"ward":"Ward 2","end":"2024-10-30","ami":[21,50,0,0,0]}},{"type":"Feature","geometry":{"type":"Point","coordinates":[-76.938208,38.90533]},"properties":{"name":"4404 1/2 Lee Street NE","address":"4404 Lee Street Northeast, Washington, District of Columbia 20019","status":"Pipeline","agency":"DHCD","aff":1,"total":2,"ward":"Ward 7","end":"2026-12-02","ami":[0,0,0,1,0]}},{"type":"Feature","geometry":{"type":"Point","coordinates":[-76.975318,38.930007]},"properties":{"name":"2015 Jackson Street NE","address":"2015 Jackson Street Northeast, Washington, District of Columbia 20018","status":"Pipeline","agency":"DHCD","aff":1,"total":10,"ward":"Ward 5","end":null,"ami":[0,0,0,1,0]}},{"type":"Feature","geometry":{"type":"Point","coordinates":[-76.985716,38.900435]},"properties":{"name":"On Fourteenth","address":"806 14th Street Northeast, Washington, District of Columbia 20002","status":"Pipeline","agency":"DHCD","aff":4,"total":51,"ward":"Ward 6","end":null,"ami":[0,1,3,0,0]}},{"type":"Feature","geometry":{"type":"Point","coordinates":[-76.980072,38.927525]},"properties":{"name":"1716 Rhode Island Avenue NE","address":"1716 Rhode Island Avenue Northeast, Washington, District of Columbia 20018","status":"Pipeline","agency":"DHCD","aff":3,"total":33,"ward":"Ward 5","end":null,"ami":[0,0,0,3,0]}},{"type":"Feature","geometry":{"type":"Point","coordinates":[-77.024502,38.908064]},"properties":{"name":"9th Street Residences","address":"1322 9th Street Northwest, Washington, District of Columbia 20001","status":"Pipeline","agency":"DHCD","aff":4,"total":38,"ward":"Ward 2","end":null,"ami":[0,0,0,4,0]}},{"type":"Feature","geometry":{"type":"Point","coordinates":[-76.996389,38.847063]},"properties":{"name":"2739 Martin Luther King Jr. Avenue SE","address":"2739 Martin Luther King Jr Avenue Southeast, Washington, District of Columbia 20032","status":"Pipeline","agency":"DHCD","aff":3,"total":22,"ward":"Ward 8","end":null,"ami":[0,0,0,3,0]}},{"type":"Feature","geometry":{"type":"Point","coordinates":[-76.977623,38.871041]},"properties":{"name":"1525 19th Street Flats","address":"1525 19th Street Southeast, Washington, District of Columbia 20020","status":"Pipeline","agency":"DHCD","aff":3,"total":28,"ward":"Ward 8","end":null,"ami":[0,3,0,0,0]}},{"type":"Feature","geometry":{"type":"Point","coordinates":[-76.990787,38.926698]},"properties":{"name":"Aramko condominium","address":"2900 12th Street Northeast, Washington, District of Columbia 20017","status":"Completed 2015 to Date","agency":"DHCD","aff":1,"total":13,"ward":"Ward 5","end":"2020-11-25","ami":[0,1,0,0,0]}},{"type":"Feature","geometry":{"type":"Point","coordinates":[-76.964137,38.880087]},"properties":{"name":"HFH Transition House","address":"3009 G Street Southeast, Washington, District of Columbia 20019","status":"Completed 2015 to Date","agency":"DHCD","aff":7,"total":7,"ward":"Ward 7","end":"2017-01-31","ami":[7,0,0,0,0]}},{"type":"Feature","geometry":{"type":"Point","coordinates":[-77.023648,38.929351]},"properties":{"name":"3106 Georgia Ave NW","address":"3106 Georgia Avenue Northwest, Washington, District of Columbia 20010","status":"Completed 2015 to Date","agency":"DHCD","aff":1,"total":10,"ward":"Ward 1","end":"2026-02-06","ami":[0,0,0,1,0]}},{"type":"Feature","geometry":{"type":"Point","coordinates":[-77.03605,38.933794]},"properties":{"name":"Urban Village Redevelopment","address":"3401 16th Street Northwest, Washington, District of Columbia 20010","status":"Pipeline","agency":"DCHFA DHCD","aff":238,"total":296,"ward":"Ward 1","end":"2027-09-30","ami":[0,0,238,0,0]}},{"type":"Feature","geometry":{"type":"Point","coordinates":[-76.972297,38.846866]},"properties":{"name":"Villages at Parklands (Parklands Manor)","address":"3424 22nd Street Southeast, Washington, District of Columbia 20020","status":"Under Construction","agency":"DCHFA DHCD","aff":460,"total":461,"ward":"Ward 8","end":"2026-03-01","ami":[0,0,460,0,0]}},{"type":"Feature","geometry":{"type":"Point","coordinates":[-77.079337,38.949538]},"properties":{"name":"The Frequency","address":"4000 Brandywine Street Northwest, Washington, District of Columbia 20016","status":"Completed 2015 to Date","agency":"DHCD","aff":2,"total":100,"ward":"Ward 3","end":"2018-07-25","ami":[0,1,0,1,0]}},{"type":"Feature","geometry":{"type":"Point","coordinates":[-77.026192,38.943329]},"properties":{"name":"Montage South Condominiums","address":"4308 Georgia Avenue Northwest, Washington, District of Columbia 20011","status":"Completed 2015 to Date","agency":"DHCD","aff":2,"total":20,"ward":"Ward 4","end":"2017-01-31","ami":[0,1,0,1,0]}},{"type":"Feature","geometry":{"type":"Point","coordinates":[-77.012858,38.827176]},"properties":{"name":"Martin's View PUD","address":"4337 Martin Luther King Jr Avenue Southwest, Washington, District of Columbia 20032","status":"Pipeline","agency":"OP","aff":140,"total":821,"ward":"Ward 8","end":"2029-12-01","ami":[0,60,80,0,0]}},{"type":"Feature","geometry":{"type":"Point","coordinates":[-76.939053,38.891001]},"properties":{"name":"Benning Road Metro - 4401-4435 Benning Road NE","address":"4435 Benning Road Northeast, Washington, District of Columbia 20019","status":"Pipeline","agency":"DCHFA DHCD OP","aff":109,"total":109,"ward":"Ward 7","end":"2027-04-01","ami":[22,65,0,22,0]}},{"type":"Feature","geometry":{"type":"Point","coordinates":[-76.937478,38.891677]},"properties":{"name":"Residences at Benning Road (4501 Blaine St NE)","address":"4501 Blaine Street Northeast, Washington, District of Columbia 20019","status":"Completed 2015 to Date","agency":"DCHFA DHCD Amazon Housing Equity Fund","aff":156,"total":156,"ward":"Ward 7","end":"2025-05-29","ami":[0,0,156,0,0]}},{"type":"Feature","geometry":{"type":"Point","coordinates":[-77.026727,38.945243]},"properties":{"name":"Partner Arms 2","address":"4506 Georgia Avenue Northwest, Washington, District of Columbia 20011","status":"Completed 2015 to Date","agency":"DHCD","aff":12,"total":12,"ward":"Ward 4","end":"2019-01-16","ami":[12,0,0,0,0]}},{"type":"Feature","geometry":{"type":"Point","coordinates":[-76.934311,38.903122]},"properties":{"name":"4732 Sheriff Road NE","address":"4732 Sheriff Road Northeast, Washington, District of Columbia 20019","status":"Completed 2015 to Date","agency":"DHCD","aff":1,"total":9,"ward":"Ward 7","end":"2023-09-21","ami":[0,0,0,1,0]}},{"type":"Feature","geometry":{"type":"Point","coordinates":[-77.00846,38.94931]},"properties":{"name":"Tivoli Gardens TOPA","address":"4811 North Capitol Street Northeast, Washington, District of Columbia 20002","status":"Completed 2015 to Date","agency":"DHCD","aff":49,"total":49,"ward":"Ward 5","end":"2017-12-22","ami":[4,8,37,0,0]}},{"type":"Feature","geometry":{"type":"Point","coordinates":[-77.026859,38.950047]},"properties":{"name":"4905 Georgia Ave. NW","address":"4905 Georgia Avenue Northwest, Washington, District of Columbia 20011","status":"Completed 2015 to Date","agency":"DHCD","aff":1,"total":20,"ward":"Ward 4","end":"2025-12-15","ami":[0,0,0,1,0]}},{"type":"Feature","geometry":{"type":"Point","coordinates":[-77.020207,38.956713]},"properties":{"name":"505 Kennedy St NW","address":"505 Kennedy Street Northwest, Washington, District of Columbia 20011","status":"Completed 2015 to Date","agency":"DHCD","aff":1,"total":10,"ward":"Ward 4","end":"2023-10-11","ami":[0,1,0,0,0]}},{"type":"Feature","geometry":{"type":"Point","coordinates":[-77.020601,38.875852]},"properties":{"name":"525 Water (The Wharf, Parcel 11)","address":"525 Water Street Southwest, Washington, District of Columbia 20024","status":"Completed 2015 to Date","agency":"DHCD","aff":11,"total":107,"ward":"Ward 6","end":"2016-05-13","ami":[0,5,0,6,0]}},{"type":"Feature","geometry":{"type":"Point","coordinates":[-77.01138,38.955791]},"properties":{"name":"49-53 Missouri Ave NW","address":"53 Missouri Avenue NW, Washington, District of Columbia 20011","status":"Completed 2015 to Date","agency":"DHCD","aff":10,"total":10,"ward":"Ward 4","end":"2023-09-18","ami":[4,4,0,2,0]}},{"type":"Feature","geometry":{"type":"Point","coordinates":[-77.085569,38.959677]},"properties":{"name":"Mazza Gallerie Redevelopment","address":"5300 Wisconsin Avenue Northwest, Washington, District of Columbia 20015","status":"Completed 2015 to Date","agency":"DHCD","aff":41,"total":321,"ward":"Ward 3","end":"2025-05-29","ami":[0,4,37,0,0]}},{"type":"Feature","geometry":{"type":"Point","coordinates":[-77.027505,38.954252]},"properties":{"name":"5301 Georgia Avenue NW","address":"5301 Georgia Avenue Northwest, Washington, District of Columbia 20011","status":"Pipeline","agency":"DHCD","aff":2,"total":13,"ward":"Ward 4","end":null,"ami":[0,1,1,0,0]}},{"type":"Feature","geometry":{"type":"Point","coordinates":[-77.072553,38.960612]},"properties":{"name":"5333 Connecticut Ave NW","address":"5333 Connecticut Ave NW, Washington, District of Columbia 20015","status":"Completed 2015 to Date","agency":"DHCD","aff":19,"total":261,"ward":"Ward 3","end":"2016-05-06","ami":[0,10,0,9,0]}},{"type":"Feature","geometry":{"type":"Point","coordinates":[-77.020064,38.955568]},"properties":{"name":"5400 5th St Acquisition","address":"5400 5th Street Northwest, Washington, District of Columbia 20011","status":"Completed 2015 to Date","agency":"DHCD","aff":12,"total":12,"ward":"Ward 4","end":"2021-02-03","ami":[5,0,4,3,0]}},{"type":"Feature","geometry":{"type":"Point","coordinates":[-76.998273,38.907381]},"properties":{"name":"Morse Apartments","address":"550 Morse Street Northeast, Washington, District of Columbia 20002","status":"Completed 2015 to Date","agency":"DHCD OP","aff":28,"total":279,"ward":"Ward 5","end":"2021-07-27","ami":[0,14,0,14,0]}},{"type":"Feature","geometry":{"type":"Point","coordinates":[-76.918074,38.894332]},"properties":{"name":"Dix Street Residences","address":"5717 Dix Street Northeast, Washington, District of Columbia 20019","status":"Completed 2015 to Date","agency":"DHCD","aff":47,"total":47,"ward":"Ward 7","end":"2024-12-16","ami":[24,13,0,10,0]}},{"type":"Feature","geometry":{"type":"Point","coordinates":[-76.916961,38.894246]},"properties":{"name":"5821 Dix St. NE","address":"5821 Dix Street Northeast, Washington, District of Columbia 20019","status":"Under Construction","agency":"DHCD","aff":5,"total":43,"ward":"Ward 7","end":"2026-02-01","ami":[0,1,4,0,0]}},{"type":"Feature","geometry":{"type":"Point","coordinates":[-76.915899,38.894274]},"properties":{"name":"Dix Street Manna","address":"5907 Dix Street Northeast, Washington, District of Columbia 20019","status":"Pipeline","agency":"DHCD","aff":30,"total":30,"ward":"Ward 7","end":null,"ami":[3,7,0,20,0]}},{"type":"Feature","geometry":{"type":"Point","coordinates":[-77.030061,38.962519]},"properties":{"name":"Valencia Apartments","address":"5922 13th Street Northwest, Washington, District of Columbia 20011","status":"Completed 2015 to Date","agency":"DHCD","aff":29,"total":32,"ward":"Ward 4","end":"2016-09-30","ami":[0,0,29,0,3]}},{"type":"Feature","geometry":{"type":"Point","coordinates":[-77.011499,38.879052]},"properties":{"name":"60 I St SW","address":"60 I Street Southwest, Washington, District of Columbia 20024","status":"Completed 2015 to Date","agency":"DHCD","aff":14,"total":197,"ward":"Ward 6","end":"2024-03-14","ami":[0,2,12,0,0]}},{"type":"Feature","geometry":{"type":"Point","coordinates":[-76.997749,38.920369]},"properties":{"name":"605 Rhode Island Ave - Phase 1 (HANTA)","address":"605 Rhode Island Avenue Northeast, Washington, District of Columbia 20002","status":"Pipeline","agency":"DHCD OP","aff":129,"total":383,"ward":"Ward 5","end":"2028-12-01","ami":[0,0,53,76,0]}},{"type":"Feature","geometry":{"type":"Point","coordinates":[-77.028208,38.964174]},"properties":{"name":"Beacon Center","address":"6100 Georgia Avenue Northwest, Washington, District of Columbia 20011","status":"Completed 2015 to Date","agency":"DCHA DCHFA DHCD","aff":99,"total":99,"ward":"Ward 4","end":"2019-03-14","ami":[18,0,81,0,0]}},{"type":"Feature","geometry":{"type":"Point","coordinates":[-77.01144,38.880068]},"properties":{"name":"Gallery 64/Museum Place - Randall School redevelopment","address":"64 H Street Southwest, Washington, District of Columbia 20024","status":"Completed 2015 to Date","agency":"DMPED DHCD OP","aff":98,"total":492,"ward":"Ward 6","end":"2023-01-12","ami":[0,0,6,92,0]}},{"type":"Feature","geometry":{"type":"Point","coordinates":[-77.027468,38.971008]},"properties":{"name":"6634-6640 Georgia Avenue NW","address":"6634 Georgia Avenue Northwest, Washington, District of Columbia 20012","status":"Pipeline","agency":"DHCD OP","aff":14,"total":70,"ward":"Ward 4","end":"2029-06-01","ami":[0,0,14,0,0]}},{"type":"Feature","geometry":{"type":"Point","coordinates":[-76.996862,38.921355]},"properties":{"name":"680 Rhode Island Ave NE","address":"680 Rhode Island Avenue Northeast, Washington, District of Columbia 20002","status":"Completed 2015 to Date","agency":"DHCD","aff":25,"total":332,"ward":"Ward 5","end":"2021-09-01","ami":[0,3,22,0,0]}},{"type":"Feature","geometry":{"type":"Point","coordinates":[-77.014743,38.973763]},"properties":{"name":"Willow & Maple","address":"6918 Willow Street Northwest, Washington, District of Columbia 20012","status":"Completed 2015 to Date","agency":"DHCD","aff":11,"total":99,"ward":"Ward 4","end":"2016-05-27","ami":[0,6,0,5,0]}},{"type":"Feature","geometry":{"type":"Point","coordinates":[-77.017843,38.977235]},"properties":{"name":"Elm Gardens","address":"7050 Eastern Avenue Northwest, Washington, District of Columbia 20012","status":"Completed 2015 to Date","agency":"DHCD","aff":36,"total":36,"ward":"Ward 4","end":"2022-10-27","ami":[0,18,0,18,0]}},{"type":"Feature","geometry":{"type":"Point","coordinates":[-77.011259,38.956765]},"properties":{"name":"5501 1st Street NW","address":"71 Kennedy Street Northwest, Washington, District of Columbia 20011","status":"Pipeline","agency":"DHCD","aff":4,"total":42,"ward":"Ward 4","end":null,"ami":[0,0,0,4,0]}},{"type":"Feature","geometry":{"type":"Point","coordinates":[-77.022994,38.956561]},"properties":{"name":"715 Kennedy St NW","address":"715 Kennedy Street Northwest, Washington, District of Columbia 20011","status":"Under Construction","agency":"DHCD","aff":1,"total":8,"ward":"Ward 4","end":"2026-03-01","ami":[0,0,1,0,0]}},{"type":"Feature","geometry":{"type":"Point","coordinates":[-77.026243,38.977441]},"properties":{"name":"Georgia Row at Walter Reed","address":"7201 Georgia Avenue Northwest, Washington, District of Columbia 20012","status":"Completed 2015 to Date","agency":"DHCD","aff":6,"total":60,"ward":"Ward 4","end":"2019-05-01","ami":[0,3,0,3,0]}},{"type":"Feature","geometry":{"type":"Point","coordinates":[-76.97737,38.899339]},"properties":{"name":"759 18th St NE","address":"759 18th St NE, Washington, District of Columbia 20002","status":"Completed 2015 to Date","agency":"DHCD","aff":1,"total":10,"ward":"Ward 5","end":"2022-09-19","ami":[0,1,0,0,0]}},{"type":"Feature","geometry":{"type":"Point","coordinates":[-77.026133,38.982448]},"properties":{"name":"Juniper Heights","address":"7611 Georgia Avenue Northwest, Washington, District of Columbia 20012","status":"Completed 2015 to Date","agency":"DCHFA DHCD","aff":81,"total":95,"ward":"Ward 4","end":"2015-09-01","ami":[0,0,81,0,0]}},{"type":"Feature","geometry":{"type":"Point","coordinates":[-77.026832,38.982868]},"properties":{"name":"7700 Georgia","address":"7700 Georgia Avenue Northwest, Washington, District of Columbia 20012","status":"Completed 2015 to Date","agency":"DHCD","aff":3,"total":32,"ward":"Ward 4","end":"2022-03-01","ami":[0,1,0,2,0]}},{"type":"Feature","geometry":{"type":"Point","coordinates":[-77.023235,38.907458]},"properties":{"name":"801 N St NW","address":"801 N Street Northwest, Washington, District of Columbia 20007","status":"Completed 2015 to Date","agency":"DHCD","aff":2,"total":28,"ward":"Ward 6","end":"2020-07-01","ami":[0,1,1,0,0]}},{"type":"Feature","geometry":{"type":"Point","coordinates":[-77.024853,38.956495]},"properties":{"name":"815 Kennedy St NW","address":"815 Kennedy Street Northwest, Washington, District of Columbia 20011","status":"Under Construction","agency":"DHCD","aff":3,"total":30,"ward":"Ward 4","end":"2026-03-01","ami":[0,0,0,3,0]}},{"type":"Feature","geometry":{"type":"Point","coordinates":[-76.975489,38.901537]},"properties":{"name":"850-854 20th Street NE","address":"850 20th Street Northeast, Washington, District of Columbia 20002","status":"Pipeline","agency":"DHCD","aff":2,"total":27,"ward":"Ward 5","end":null,"ami":[0,0,2,0,0]}},{"type":"Feature","geometry":{"type":"Point","coordinates":[-76.970239,38.858953]},"properties":{"name":"Wagner Senior - 2419 25th Street SE","address":"2419 25th Street Southeast, Washington, District of Columbia 20020","status":"Pipeline","agency":"DCHFA DHCD OP","aff":67,"total":67,"ward":"Ward 8","end":"2027-08-26","ami":[34,26,0,7,0]}},{"type":"Feature","geometry":{"type":"Point","coordinates":[-77.02027,38.955614]},"properties":{"name":"505 Jefferson Street NW Renovation","address":"505 Jefferson Street NW, Washington, District of Columbia 20011","status":"Completed 2015 to Date","agency":"DHCD","aff":14,"total":14,"ward":"Ward 4","end":"2023-06-01","ami":[7,5,0,2,0]}},{"type":"Feature","geometry":{"type":"Point","coordinates":[-77.003061,38.836703]},"properties":{"name":"United 2nd Street","address":"3723 2nd Street Southeast, Washington, District of Columbia 20032","status":"Pipeline","agency":"DHCD","aff":0,"total":0,"ward":"Ward 8","end":null,"ami":[0,0,0,0,0]}},{"type":"Feature","geometry":{"type":"Point","coordinates":[-76.976738,38.872306]},"properties":{"name":"1949 Naylor Road SE","address":"1949 Naylor Road Southeast, Washington, District of Columbia 20020","status":"Completed 2015 to Date","agency":"DHCD","aff":3,"total":29,"ward":"Ward 8","end":"2024-07-24","ami":[0,0,3,0,0]}},{"type":"Feature","geometry":{"type":"Point","coordinates":[-77.021438,38.956678]},"properties":{"name":"611 Kennedy Street NW","address":"611 Kennedy Street Northwest, Washington, District of Columbia 20011","status":"Completed 2015 to Date","agency":"DHCD","aff":1,"total":10,"ward":"Ward 4","end":"2023-10-20","ami":[0,0,1,0,0]}},{"type":"Feature","geometry":{"type":"Point","coordinates":[-76.930616,38.907426]},"properties":{"name":"4920 Nash St NE","address":"4920 Nash Street Northeast, Washington, District of Columbia 20019","status":"Pipeline","agency":"DHCD","aff":1,"total":8,"ward":"Ward 7","end":null,"ami":[0,1,0,0,0]}},{"type":"Feature","geometry":{"type":"Point","coordinates":[-76.981417,38.90362]},"properties":{"name":"1044 Bladensburg Road NE","address":"1044 Bladensburg Road Northeast, Washington, District of Columbia 20002","status":"Under Construction","agency":"DHCD","aff":1,"total":19,"ward":"Ward 5","end":"2026-03-15","ami":[0,1,0,0,0]}},{"type":"Feature","geometry":{"type":"Point","coordinates":[-77.027836,38.931142]},"properties":{"name":"3315 11th St NW","address":"3315 11th Street Northwest, Washington, District of Columbia 20010","status":"Completed 2015 to Date","agency":"DHCD","aff":1,"total":8,"ward":"Ward 1","end":"2025-01-13","ami":[0,0,1,0,0]}},{"type":"Feature","geometry":{"type":"Point","coordinates":[-76.916267,38.897339]},"properties":{"name":"5900 Foote St NE","address":"5900 Foote Street Northeast, Washington, District of Columbia 20019","status":"Completed 2015 to Date","agency":"DHCD","aff":2,"total":16,"ward":"Ward 7","end":"2023-08-22","ami":[0,0,2,0,0]}},{"type":"Feature","geometry":{"type":"Point","coordinates":[-76.964996,38.858953]},"properties":{"name":"2604 29th St SE","address":"2604 29th Street Southeast, Washington, District of Columbia 20020","status":"Completed 2015 to Date","agency":"DHCD","aff":2,"total":12,"ward":"Ward 7","end":"2023-08-17","ami":[0,0,2,0,0]}},{"type":"Feature","geometry":{"type":"Point","coordinates":[-77.034325,38.924358]},"properties":{"name":"University Place Condos","address":"2622 University Place Northwest, Washington, District of Columbia 20009","status":"Completed 2015 to Date","agency":"DHCD","aff":2,"total":19,"ward":"Ward 1","end":"2022-12-08","ami":[0,0,2,0,0]}},{"type":"Feature","geometry":{"type":"Point","coordinates":[-77.032996,38.912364]},"properties":{"name":"Ritch Homes Apartments","address":"1420 R Street Northwest, Washington, District of Columbia 20009","status":"Completed 2015 to Date","agency":"DCHFA DHCD","aff":46,"total":46,"ward":"Ward 2","end":"2022-07-08","ami":[5,0,37,4,0]}},{"type":"Feature","geometry":{"type":"Point","coordinates":[-77.011694,38.904518]},"properties":{"name":"Banner Lane (Sursum Corda Phase 1, South Parcel)","address":"22 Banner Ln NW, Washington, District of Columbia 20002","status":"Completed 2015 to Date","agency":"DCHA DCHFA DHCD OP","aff":118,"total":561,"ward":"Ward 6","end":"2023-01-19","ami":[12,64,0,42,0]}},{"type":"Feature","geometry":{"type":"Point","coordinates":[-77.029999,38.933342]},"properties":{"name":"3532 1/2 -3534 13th Street NW","address":"3534 13th Street Northwest, Washington, District of Columbia 20010","status":"Completed 2015 to Date","agency":"DHCD","aff":1,"total":4,"ward":"Ward 1","end":"2022-06-06","ami":[0,0,0,1,0]}},{"type":"Feature","geometry":{"type":"Point","coordinates":[-76.987544,38.880831]},"properties":{"name":"1335 Pennsylvania Ave SE","address":"1335 Pennsylvania Avenue Southeast, Washington, District of Columbia 20003","status":"Completed 2015 to Date","agency":"DHCD","aff":1,"total":11,"ward":"Ward 6","end":"2024-09-30","ami":[0,0,1,0,0]}},{"type":"Feature","geometry":{"type":"Point","coordinates":[-77.079979,38.950588]},"properties":{"name":"4633 41st St NW","address":"4633 41st Street Northwest, Washington, District of Columbia 20016","status":"Pipeline","agency":"DHCD","aff":1,"total":10,"ward":"Ward 3","end":null,"ami":[0,1,0,0,0]}},{"type":"Feature","geometry":{"type":"Point","coordinates":[-76.97999,38.905855]},"properties":{"name":"1214 Bladensburg Rd NE","address":"1214 Bladensburg Road Northeast, Washington, District of Columbia 20002","status":"Completed 2015 to Date","agency":"DHCD","aff":4,"total":41,"ward":"Ward 5","end":"2024-01-12","ami":[0,1,3,0,0]}},{"type":"Feature","geometry":{"type":"Point","coordinates":[-76.976491,38.921638]},"properties":{"name":"2400 20th St NE","address":"2400 20th St NE, Washington, District of Columbia 20018","status":"Under Construction","agency":"DHCD","aff":1,"total":10,"ward":"Ward 5","end":"2026-03-01","ami":[0,0,0,1,0]}},{"type":"Feature","geometry":{"type":"Point","coordinates":[-76.975947,38.898556]},"properties":{"name":"1915 Benning Road NE","address":"1915 Benning Road Northeast, Washington, District of Columbia 20002","status":"Completed 2015 to Date","agency":"DHCD","aff":1,"total":9,"ward":"Ward 7","end":"2025-10-01","ami":[0,1,0,0,0]}},{"type":"Feature","geometry":{"type":"Point","coordinates":[-77.026657,38.907516]},"properties":{"name":"New Bethany Apartments (1301 11th Street NW)","address":"1301 11th Street Northwest, Washington, District of Columbia 20001","status":"Pipeline","agency":"DHCD","aff":5,"total":44,"ward":"Ward 2","end":null,"ami":[0,1,4,0,0]}},{"type":"Feature","geometry":{"type":"Point","coordinates":[-77.023041,38.929557]},"properties":{"name":"3115 Georgia Ave. NW","address":"3115 Georgia Avenue Northwest, Washington, District of Columbia 20010","status":"Under Construction","agency":"DHCD","aff":1,"total":10,"ward":"Ward 1","end":"2026-02-01","ami":[0,0,0,1,0]}},{"type":"Feature","geometry":{"type":"Point","coordinates":[-76.976668,38.921474]},"properties":{"name":"1914 Bryant St. NE","address":"1914 Bryant Street Northeast, Washington, District of Columbia 20018","status":"Under Construction","agency":"DHCD","aff":1,"total":10,"ward":"Ward 5","end":"2026-03-01","ami":[0,0,0,1,0]}},{"type":"Feature","geometry":{"type":"Point","coordinates":[-77.022312,38.925209]},"properties":{"name":"2711 Georgia Ave. NW","address":"2711 Georgia Avenue Northwest, Washington, District of Columbia 20001","status":"Completed 2015 to Date","agency":"DHCD","aff":12,"total":93,"ward":"Ward 1","end":"2024-08-01","ami":[0,2,10,0,0]}},{"type":"Feature","geometry":{"type":"Point","coordinates":[-77.009518,38.873923]},"properties":{"name":"1319 South Capitol St. SW","address":"1319 South Capitol Street Southwest, Washington, District of Columbia 20003","status":"Completed 2015 to Date","agency":"DHCD","aff":25,"total":310,"ward":"Ward 6","end":"2024-02-20","ami":[0,1,24,0,0]}},{"type":"Feature","geometry":{"type":"Point","coordinates":[-76.972189,38.905455]},"properties":{"name":"2229 M Street NE","address":"2225 M Street Northeast, Washington, District of Columbia 20002","status":"Pipeline","agency":"DHCD OP","aff":92,"total":92,"ward":"Ward 5","end":null,"ami":[24,58,0,10,0]}},{"type":"Feature","geometry":{"type":"Point","coordinates":[-77.022885,38.956144]},"properties":{"name":"The Kennedy Condominium, 710 Kennedy St. NW","address":"710 Kennedy Street Northwest, Washington, District of Columbia 20011","status":"Under Construction","agency":"DHCD","aff":3,"total":29,"ward":"Ward 4","end":"2026-03-01","ami":[0,1,0,2,0]}},{"type":"Feature","geometry":{"type":"Point","coordinates":[-76.985562,38.909756]},"properties":{"name":"1730 Montello Ave. NE","address":"1730 Montello Avenue Northeast, Washington, District of Columbia 20002","status":"Completed 2015 to Date","agency":"DHCD","aff":1,"total":7,"ward":"Ward 5","end":"2024-10-22","ami":[0,0,0,1,0]}},{"type":"Feature","geometry":{"type":"Point","coordinates":[-76.993542,38.940952]},"properties":{"name":"828 Taylor St. NE","address":"828 Taylor Street Northeast, Washington, District of Columbia 20017","status":"Completed 2015 to Date","agency":"DHCD","aff":1,"total":8,"ward":"Ward 5","end":"2024-08-12","ami":[0,0,0,1,0]}},{"type":"Feature","geometry":{"type":"Point","coordinates":[-76.993704,38.940945]},"properties":{"name":"824 Taylor Street NE","address":"824 Taylor Street Northeast, Washington, District of Columbia 20017","status":"Completed 2015 to Date","agency":"DHCD","aff":1,"total":8,"ward":"Ward 5","end":"2024-01-11","ami":[0,0,0,1,0]}},{"type":"Feature","geometry":{"type":"Point","coordinates":[-76.990875,38.922617]},"properties":{"name":"1011 Rhode Island Ave. NE","address":"1011 Rhode Island Avenue Northeast, Washington, District of Columbia 20018","status":"Completed 2015 to Date","agency":"DHCD","aff":1,"total":8,"ward":"Ward 5","end":"2023-11-08","ami":[0,0,1,0,0]}},{"type":"Feature","geometry":{"type":"Point","coordinates":[-77.033808,38.961371]},"properties":{"name":"5912 14th St NW","address":"5912 14th Street Northwest, Washington, District of Columbia 20011","status":"Completed 2015 to Date","agency":"DHCD","aff":22,"total":22,"ward":"Ward 4","end":"2018-12-27","ami":[1,13,0,8,0]}},{"type":"Feature","geometry":{"type":"Point","coordinates":[-77.07294,38.932576]},"properties":{"name":"3218 Wisconsin Ave NW - Acquisition/Critical Repairs","address":"3218 Wisconsin Avenue Northwest, Washington, District of Columbia 20016","status":"Completed 2015 to Date","agency":"DHCD","aff":10,"total":20,"ward":"Ward 3","end":"2021-12-13","ami":[0,0,0,10,0]}},{"type":"Feature","geometry":{"type":"Point","coordinates":[-77.039851,38.921629]},"properties":{"name":"2359-2401 Ontario Road NW","address":"2359 Ontario Road Northwest, Washington, District of Columbia 20009","status":"Completed 2015 to Date","agency":"DHCD","aff":53,"total":54,"ward":"Ward 1","end":"2022-01-28","ami":[0,7,0,46,0]}},{"type":"Feature","geometry":{"type":"Point","coordinates":[-77.029361,38.96]},"properties":{"name":"5759-61 13th St NW","address":"5759 13th Street Northwest, Washington, District of Columbia 20011","status":"Completed 2015 to Date","agency":"DHCD","aff":18,"total":26,"ward":"Ward 4","end":"2020-08-25","ami":[0,1,0,17,0]}},{"type":"Feature","geometry":{"type":"Point","coordinates":[-76.925543,38.905247]},"properties":{"name":"Villages at Tillman - Loan 1","address":"1112 Eastern Avenue Northeast, Washington, District of Columbia 20019","status":"Completed 2015 to Date","agency":"DHCD","aff":58,"total":58,"ward":"Ward 7","end":"2019-06-20","ami":[0,0,0,58,0]}},{"type":"Feature","geometry":{"type":"Point","coordinates":[-76.927647,38.906869]},"properties":{"name":"Villages at Tillman - Loan 2","address":"1216 Eastern Avenue Northeast, Washington, District of Columbia 20019","status":"Completed 2015 to Date","agency":"DHCD","aff":69,"total":69,"ward":"Ward 7","end":"2019-06-20","ami":[0,0,0,69,0]}},{"type":"Feature","geometry":{"type":"Point","coordinates":[-76.970928,38.863961]},"properties":{"name":"LIHTC Small Building Pool- NYT","address":"2585 Naylor Road Southeast, Washington, District of Columbia 20020","status":"Completed 2015 to Date","agency":"DHCD","aff":53,"total":53,"ward":"Ward 8","end":"2021-09-29","ami":[14,32,0,7,0]}},{"type":"Feature","geometry":{"type":"Point","coordinates":[-76.944321,38.891443]},"properties":{"name":"101 41st Street NE","address":"101 41st Street Northeast, Washington, District of Columbia 20019","status":"Completed 2015 to Date","agency":"DHCD","aff":14,"total":14,"ward":"Ward 7","end":"2019-02-14","ami":[0,0,0,14,0]}},{"type":"Feature","geometry":{"type":"Point","coordinates":[-76.977755,38.87166]},"properties":{"name":"19th Street Apartments","address":"1507 19th Street Southeast, Washington, District of Columbia 20020","status":"Completed 2015 to Date","agency":"DHCD","aff":36,"total":36,"ward":"Ward 8","end":"2020-09-21","ami":[0,0,0,36,0]}},{"type":"Feature","geometry":{"type":"Point","coordinates":[-77.041617,38.922119]},"properties":{"name":"2384 Champlain Street NW","address":"2384 Champlain Street Northwest, Washington, District of Columbia 20009","status":"Completed 2015 to Date","agency":"DHCD","aff":30,"total":30,"ward":"Ward 1","end":"2019-11-07","ami":[0,0,0,30,0]}},{"type":"Feature","geometry":{"type":"Point","coordinates":[-77.000264,38.917799]},"properties":{"name":"Angel's Gate","address":"2023 4th Street Northeast, Washington, District of Columbia 20002","status":"Completed 2015 to Date","agency":"DHCD","aff":5,"total":5,"ward":"Ward 5","end":"2022-03-29","ami":[4,1,0,0,0]}},{"type":"Feature","geometry":{"type":"Point","coordinates":[-76.991245,38.856188]},"properties":{"name":"City Towns/Sayles Place","address":"2719 Douglas Place Southeast, Washington, District of Columbia 20020","status":"Completed 2015 to Date","agency":"DHCD","aff":61,"total":61,"ward":"Ward 8","end":"2019-02-28","ami":[28,0,0,33,0]}},{"type":"Feature","geometry":{"type":"Point","coordinates":[-77.027331,38.924087]},"properties":{"name":"1101 Euclid NW","address":"1101 Euclid Street Northwest, Washington, District of Columbia 20009","status":"Completed 2015 to Date","agency":"DHCD","aff":34,"total":34,"ward":"Ward 1","end":"2019-08-30","ami":[15,8,0,11,0]}},{"type":"Feature","geometry":{"type":"Point","coordinates":[-76.995481,38.856994]},"properties":{"name":"Parkway House Apartments","address":"2652 Martin Luther King Jr Avenue Southeast, Washington, District of Columbia 20020","status":"Completed 2015 to Date","agency":"DHCD","aff":67,"total":110,"ward":"Ward 8","end":"2022-08-04","ami":[9,56,2,0,0]}},{"type":"Feature","geometry":{"type":"Point","coordinates":[-76.991224,38.878983]},"properties":{"name":"Kipling House","address":"900 11th St SE, Washington, District of Columbia 20003","status":"Completed 2015 to Date","agency":"DHCD","aff":5,"total":49,"ward":"Ward 6","end":"2018-01-01","ami":[0,3,0,2,0]}},{"type":"Feature","geometry":{"type":"Point","coordinates":[-76.99529,38.893975]},"properties":{"name":"300 8th St NE","address":"300 8th St NE, Washington, District of Columbia 20002","status":"Completed 2015 to Date","agency":"DHCD","aff":5,"total":40,"ward":"Ward 6","end":"2020-03-12","ami":[0,1,0,4,0]}},{"type":"Feature","geometry":{"type":"Point","coordinates":[-77.007864,38.875591]},"properties":{"name":"West Half St","address":"1201 Half St SE, Washington, District of Columbia 20003","status":"Completed 2015 to Date","agency":"DHCD OP","aff":11,"total":465,"ward":"Ward 6","end":"2019-12-03","ami":[0,3,0,8,0]}},{"type":"Feature","geometry":{"type":"Point","coordinates":[-76.987138,38.878221]},"properties":{"name":"1329 & 1331 K ST Condos","address":"1331 K Street SE, Washington, District of Columbia 20003","status":"Completed 2015 to Date","agency":"DHCD","aff":1,"total":13,"ward":"Ward 6","end":"2020-03-18","ami":[0,1,0,0,0]}},{"type":"Feature","geometry":{"type":"Point","coordinates":[-76.980251,38.855406]},"properties":{"name":"Gainesville Court 3","address":"1710 Gainesville St SE, Washington, District of Columbia 20020","status":"Completed 2015 to Date","agency":"DHCD","aff":2,"total":13,"ward":"Ward 8","end":"2018-06-12","ami":[0,0,0,2,0]}},{"type":"Feature","geometry":{"type":"Point","coordinates":[-77.026428,38.925962]},"properties":{"name":"Girard Street Green","address":"1009 Girard St NW, Washington, District of Columbia 20001","status":"Completed 2015 to Date","agency":"DHCD","aff":2,"total":20,"ward":"Ward 1","end":"2018-07-18","ami":[0,2,0,0,0]}},{"type":"Feature","geometry":{"type":"Point","coordinates":[-76.971952,38.862171]},"properties":{"name":"Woodmont Crossing","address":"2327 Good Hope Road Southeast, Washington, District of Columbia 20020","status":"Completed 2015 to Date","agency":"DCHFA DHCD","aff":176,"total":176,"ward":"Ward 8","end":"2018-07-13","ami":[0,0,176,0,0]}},{"type":"Feature","geometry":{"type":"Point","coordinates":[-76.980671,38.904759]},"properties":{"name":"1122-1124 Bladensburg Rd NE","address":"1122 Bladensburg Road Northeast, Washington, District of Columbia 20002","status":"Completed 2015 to Date","agency":"DHCD","aff":4,"total":63,"ward":"Ward 5","end":"2020-09-03","ami":[0,1,3,0,0]}},{"type":"Feature","geometry":{"type":"Point","coordinates":[-76.991355,38.882433]},"properties":{"name":"Penn 11","address":"1101 Pennsylvania Avenue Southeast, Washington, District of Columbia 20003","status":"Completed 2015 to Date","agency":"DHCD","aff":3,"total":34,"ward":"Ward 6","end":"2018-08-10","ami":[0,2,0,1,0]}},{"type":"Feature","geometry":{"type":"Point","coordinates":[-76.976552,38.872754]},"properties":{"name":"MEDES","address":"1928 Naylor Road Southeast, Washington, District of Columbia 20020","status":"Completed 2015 to Date","agency":"DHCD","aff":3,"total":20,"ward":"Ward 8","end":"2022-11-07","ami":[0,0,3,0,0]}},{"type":"Feature","geometry":{"type":"Point","coordinates":[-76.986626,38.882622]},"properties":{"name":"Lockwood Apartments","address":"1339 E Street Southeast, Washington, District of Columbia 20003","status":"Completed 2015 to Date","agency":"DHCD OP","aff":13,"total":45,"ward":"Ward 6","end":"2019-07-18","ami":[0,8,0,5,0]}},{"type":"Feature","geometry":{"type":"Point","coordinates":[-77.018005,38.913198]},"properties":{"name":"The Hoxton","address":"1720 New Jersey Avenue Northwest, Washington, District of Columbia 20001","status":"Completed 2015 to Date","agency":"DHCD","aff":1,"total":13,"ward":"Ward 6","end":"2018-02-01","ami":[0,1,0,0,0]}},{"type":"Feature","geometry":{"type":"Point","coordinates":[-76.99666,38.828908]},"properties":{"name":"Belmont Crossing","address":"4201 7th Street Southeast, Washington, District of Columbia 20032","status":"Completed 2015 to Date","agency":"DHCD","aff":275,"total":275,"ward":"Ward 8","end":"2018-09-27","ami":[0,0,275,0,0]}},{"type":"Feature","geometry":{"type":"Point","coordinates":[-76.99751,38.927103]},"properties":{"name":"Brookland Place Apartments","address":"617 Hamlin Street Northeast, Washington, District of Columbia 20017","status":"Completed 2015 to Date","agency":"DHCD","aff":80,"total":80,"ward":"Ward 5","end":"2020-05-20","ami":[15,0,65,0,0]}},{"type":"Feature","geometry":{"type":"Point","coordinates":[-77.032499,38.957668]},"properties":{"name":"5610 Colorado","address":"5610 Colorado Avenue Northwest, Washington, District of Columbia 20011","status":"Pipeline","agency":"DHCD","aff":34,"total":36,"ward":"Ward 4","end":"2027-01-01","ami":[2,32,0,0,0]}},{"type":"Feature","geometry":{"type":"Point","coordinates":[-76.934725,38.883239]},"properties":{"name":"BEN-E Cooperative","address":"4701 Benning Road Southeast, Washington, District of Columbia 20019","status":"Completed 2015 to Date","agency":"DHCD","aff":29,"total":29,"ward":"Ward 7","end":"2018-10-01","ami":[3,25,1,0,0]}},{"type":"Feature","geometry":{"type":"Point","coordinates":[-77.016124,38.949545]},"properties":{"name":"301 Delafield Place","address":"301 Delafield Place Northwest, Washington, District of Columbia 20011","status":"Completed 2015 to Date","agency":"DHCD","aff":23,"total":23,"ward":"Ward 4","end":"2018-08-28","ami":[7,9,0,7,0]}},{"type":"Feature","geometry":{"type":"Point","coordinates":[-76.969643,38.871794]},"properties":{"name":"2530-2532 Park Place SE","address":"2530 Park Place Southeast, Washington, District of Columbia 20020","status":"Completed 2015 to Date","agency":"DHCD","aff":21,"total":21,"ward":"Ward 7","end":"2018-09-07","ami":[0,21,0,0,0]}},{"type":"Feature","geometry":{"type":"Point","coordinates":[-77.02027,38.955614]},"properties":{"name":"505 Jefferson St NW","address":"505 Jefferson Street Northwest, Washington, District of Columbia 20011","status":"Completed 2015 to Date","agency":"DHCD","aff":14,"total":14,"ward":"Ward 4","end":"2018-05-02","ami":[7,5,0,2,0]}},{"type":"Feature","geometry":{"type":"Point","coordinates":[-76.933461,38.904138]},"properties":{"name":"1035 48th St NE","address":"1035 48th Street Northeast, Washington, District of Columbia 20019","status":"Completed 2015 to Date","agency":"DHCD","aff":12,"total":12,"ward":"Ward 7","end":"2018-09-27","ami":[0,12,0,0,0]}},{"type":"Feature","geometry":{"type":"Point","coordinates":[-77.013429,38.900638]},"properties":{"name":"Capitol Vista","address":"810 New Jersey Avenue Northwest, Washington, District of Columbia 20001","status":"Completed 2015 to Date","agency":"DMPED DHCD OP","aff":104,"total":104,"ward":"Ward 6","end":"2021-01-14","ami":[21,83,0,0,0]}},{"type":"Feature","geometry":{"type":"Point","coordinates":[-76.979562,38.927768]},"properties":{"name":"1736 Rhode Island Ave NE","address":"1736 Rhode Island Avenue Northeast, Washington, District of Columbia 20018","status":"Completed 2015 to Date","agency":"DHCD","aff":61,"total":61,"ward":"Ward 5","end":"2021-01-14","ami":[13,48,0,0,0]}},{"type":"Feature","geometry":{"type":"Point","coordinates":[-77.02468,38.956589]},"properties":{"name":"Todd A. Lee Senior Residences at Kennedy Street","address":"809 Kennedy Street Northwest, Washington, District of Columbia 20011","status":"Completed 2015 to Date","agency":"DCHFA DHCD","aff":38,"total":38,"ward":"Ward 4","end":"2021-11-22","ami":[3,35,0,0,0]}},{"type":"Feature","geometry":{"type":"Point","coordinates":[-76.932784,38.888218]},"properties":{"name":"Crawford Landing Townhomes","address":"101 49th Street Southeast, Washington, District of Columbia 20019","status":"Completed 2015 to Date","agency":"DHCD","aff":28,"total":28,"ward":"Ward 7","end":"2023-08-07","ami":[0,10,2,16,0]}},{"type":"Feature","geometry":{"type":"Point","coordinates":[-77.028475,38.936182]},"properties":{"name":"The Appleton Spring Flats Senior 9% - fka Hebrew Home","address":"1125 Spring Road Northwest, Washington, District of Columbia 20010","status":"Completed 2015 to Date","agency":"DMPED DHCD","aff":45,"total":45,"ward":"Ward 4","end":"2021-11-23","ami":[14,17,14,0,0]}},{"type":"Feature","geometry":{"type":"Point","coordinates":[-76.986202,38.913565]},"properties":{"name":"Crummell School","address":"1900 Gallaudet Street Northeast, Washington, District of Columbia 20002","status":"Pipeline","agency":"DMPED","aff":103,"total":343,"ward":"Ward 5","end":"2028-12-01","ami":[26,77,0,0,0]}},{"type":"Feature","geometry":{"type":"Point","coordinates":[-77.017317,38.878401]},"properties":{"name":"Waterfront Station II - The Westerly","address":"1000 4th Street Southwest, Washington, District of Columbia 20024","status":"Completed 2015 to Date","agency":"DMPED DHCD","aff":136,"total":449,"ward":"Ward 6","end":"2024-01-05","ami":[68,68,0,0,0]}},{"type":"Feature","geometry":{"type":"Point","coordinates":[-77.002461,38.873814]},"properties":{"name":"The Yards Parcel L2 - The Estate","address":"220 Water Street Southeast, Washington, District of Columbia 20003","status":"Completed 2015 to Date","agency":"DCHFA DHCD OP","aff":53,"total":264,"ward":"Ward 6","end":"2020-09-17","ami":[0,0,53,0,0]}},{"type":"Feature","geometry":{"type":"Point","coordinates":[-77.029308,38.958088]},"properties":{"name":"M2R_MA","address":"1214 Madison Street Northwest, Washington, District of Columbia 20011","status":"Completed 2015 to Date","agency":"DHCD","aff":1,"total":8,"ward":"Ward 4","end":"2023-01-05","ami":[0,0,0,1,0]}},{"type":"Feature","geometry":{"type":"Point","coordinates":[-76.973932,38.898207]},"properties":{"name":"The Jacob","address":"633 21st Street Northeast, Washington, District of Columbia 20002","status":"Completed 2015 to Date","agency":"DHCD","aff":2,"total":31,"ward":"Ward 7","end":"2020-11-17","ami":[0,1,1,0,0]}},{"type":"Feature","geometry":{"type":"Point","coordinates":[-77.023911,38.942131]},"properties":{"name":"811 Upshur St NW","address":"811 Upshur Street Northwest, Washington, District of Columbia 20011","status":"Completed 2015 to Date","agency":"DHCD","aff":1,"total":10,"ward":"Ward 4","end":"2019-03-15","ami":[0,0,0,1,0]}},{"type":"Feature","geometry":{"type":"Point","coordinates":[-77.023111,38.926366]},"properties":{"name":"2812 Georgia Ave NW","address":"2812 Georgia Avenue Northwest, Washington, District of Columbia 20001","status":"Completed 2015 to Date","agency":"DHCD","aff":1,"total":10,"ward":"Ward 1","end":"2020-07-07","ami":[0,1,0,0,0]}},{"type":"Feature","geometry":{"type":"Point","coordinates":[-76.985149,38.900406]},"properties":{"name":"Constellation on H","address":"1402 H Street Northeast, Washington, District of Columbia 20002","status":"Completed 2015 to Date","agency":"DHCD","aff":2,"total":28,"ward":"Ward 6","end":"2018-01-01","ami":[0,1,0,1,0]}},{"type":"Feature","geometry":{"type":"Point","coordinates":[-76.977508,38.929305]},"properties":{"name":"Amida","address":"1904 Irving Street Northeast, Washington, District of Columbia 20018","status":"Completed 2015 to Date","agency":"DHCD","aff":2,"total":12,"ward":"Ward 5","end":"2019-08-05","ami":[0,1,0,1,0]}},{"type":"Feature","geometry":{"type":"Point","coordinates":[-77.079996,38.950084]},"properties":{"name":"Tenleytown Apartments/Dancing Crab redevelopment","address":"4611 41st Street Northwest, Washington, District of Columbia 20016","status":"Under Construction","agency":"DHCD OP","aff":3,"total":41,"ward":"Ward 3","end":"2026-02-01","ami":[0,1,2,0,0]}},{"type":"Feature","geometry":{"type":"Point","coordinates":[-76.997259,38.910523]},"properties":{"name":"The Mo (440 Penn Street NE)","address":"440 Penn Street Northeast, Washington, District of Columbia 20002","status":"Completed 2015 to Date","agency":"DHCD OP","aff":37,"total":300,"ward":"Ward 5","end":"2022-11-02","ami":[0,12,25,0,0]}},{"type":"Feature","geometry":{"type":"Point","coordinates":[-76.926219,38.898083]},"properties":{"name":"The Strand Residences - 5127 Nannie Helen Burroughs Ave NE","address":"5129 Nannie Helen Burroughs Avenue Northeast, Washington, District of Columbia 20019","status":"Completed 2015 to Date","agency":"DMPED DCHFA DHCD OP","aff":86,"total":86,"ward":"Ward 7","end":"2021-11-29","ami":[28,0,58,0,0]}},{"type":"Feature","geometry":{"type":"Point","coordinates":[-77.001783,38.912019]},"properties":{"name":"Eckington Park - ONE501 - 1501 Harry Thomas Way,","address":"1501 Harry Thomas Way Northeast, Washington, District of Columbia 20002","status":"Completed 2015 to Date","agency":"DHCD OP","aff":23,"total":327,"ward":"Ward 5","end":"2021-10-15","ami":[0,0,23,0,0]}},{"type":"Feature","geometry":{"type":"Point","coordinates":[-76.929587,38.896858]},"properties":{"name":"Providence Place - NCI","address":"599 50th St NE, Washington, District of Columbia 20019","status":"Completed 2015 to Date","agency":"DMPED DCHFA DHCD OP","aff":93,"total":93,"ward":"Ward 7","end":"2022-04-18","ami":[35,11,47,0,0]}},{"type":"Feature","geometry":{"type":"Point","coordinates":[-76.995157,38.862814]},"properties":{"name":"Ana Townhomes - Howard Road Property - former WMATA","address":"1018 Howard Road Southeast, Washington, District of Columbia 20020","status":"Under Construction","agency":"DMPED DHCD","aff":6,"total":20,"ward":"Ward 8","end":"2026-03-01","ami":[0,3,0,3,14]}},{"type":"Feature","geometry":{"type":"Point","coordinates":[-77.080836,38.950401]},"properties":{"name":"4620 Wisconsin Avenue NW","address":"4620 Wisconsin Avenue Northwest, Washington, District of Columbia 20016","status":"Under Construction","agency":"DHCD OP","aff":13,"total":144,"ward":"Ward 3","end":"2026-02-01","ami":[0,0,13,0,0]}},{"type":"Feature","geometry":{"type":"Point","coordinates":[-76.988308,38.921834]},"properties":{"name":"Brookland Manor Phase 1","address":"1301 Saratoga Avenue Northeast, Washington, District of Columbia 20018","status":"Pipeline","agency":"OP","aff":265,"total":331,"ward":"Ward 5","end":"2028-08-01","ami":[265,0,0,0,0]}},{"type":"Feature","geometry":{"type":"Point","coordinates":[-76.955782,38.895589]},"properties":{"name":"3450 Eads St NE/3443 Benning Road","address":"3450 Eads Street Northeast, Washington, District of Columbia 20019","status":"Completed 2015 to Date","agency":"DCHFA DHCD OP","aff":49,"total":49,"ward":"Ward 7","end":"2024-10-31","ami":[5,20,18,6,0]}},{"type":"Feature","geometry":{"type":"Point","coordinates":[-76.989283,38.943603]},"properties":{"name":"1200 Varnum Street NE - Josephites / EYA rowhouse","address":"1200 Varnum Street Northeast, Washington, District of Columbia 20017","status":"Completed 2015 to Date","agency":"DHCD OP","aff":10,"total":80,"ward":"Ward 5","end":"2021-12-01","ami":[0,6,0,4,0]}},{"type":"Feature","geometry":{"type":"Point","coordinates":[-77.002577,38.909089]},"properties":{"name":"Washington Gateway Phase II - The Burton","address":"200 Florida Avenue Northeast, Washington, District of Columbia 20002","status":"Completed 2015 to Date","agency":"DHCD OP","aff":30,"total":387,"ward":"Ward 5","end":"2022-01-28","ami":[0,0,7,23,0]}},{"type":"Feature","geometry":{"type":"Point","coordinates":[-77.007323,38.870765]},"properties":{"name":"The Maren - Florida Rock PUD - stage 2 residential building","address":"71 Potomac Avenue Southeast, Washington, District of Columbia 20003","status":"Completed 2015 to Date","agency":"DHCD OP","aff":23,"total":260,"ward":"Ward 6","end":"2020-09-25","ami":[0,0,6,17,0]}},{"type":"Feature","geometry":{"type":"Point","coordinates":[-77.002589,38.904191]},"properties":{"name":"1109 Congress Street NE","address":"1109 Congress Street Northeast, Washington, District of Columbia 20002","status":"Under Construction","agency":"DHCD OP","aff":69,"total":69,"ward":"Ward 6","end":"2026-12-20","ami":[69,0,0,0,0]}},{"type":"Feature","geometry":{"type":"Point","coordinates":[-77.002376,38.905971]},"properties":{"name":"Central Armature Works (Rigby and Market House)","address":"1220 3rd Street NE, Washington, District of Columbia 20002","status":"Completed 2015 to Date","agency":"DHCD OP","aff":51,"total":640,"ward":"Ward 6","end":"2022-08-29","ami":[0,28,0,23,0]}},{"type":"Feature","geometry":{"type":"Point","coordinates":[-76.978886,38.899822]},"properties":{"name":"1701 H St NE (Benning Rd)","address":"1701 H Street Northeast, Washington, District of Columbia 20002","status":"Completed 2015 to Date","agency":"DHCD OP","aff":17,"total":191,"ward":"Ward 5","end":"2023-07-28","ami":[0,11,0,6,0]}},{"type":"Feature","geometry":{"type":"Point","coordinates":[-77.001731,38.907029]},"properties":{"name":"301 - 331 N Street NE","address":"301 N Street NE, Washington, District of Columbia 20002","status":"Completed 2015 to Date","agency":"DHCD OP","aff":31,"total":356,"ward":"Ward 6","end":"2021-05-01","ami":[0,12,0,19,0]}},{"type":"Feature","geometry":{"type":"Point","coordinates":[-77.00089,38.909004]},"properties":{"name":"The Gantry  (Building A1) - Union Market Terminal Stage 1 Consolidated PUD","address":"300 Morse Street Northeast, Washington, District of Columbia 20002","status":"Completed 2015 to Date","agency":"DHCD OP","aff":52,"total":451,"ward":"Ward 5","end":"2022-01-31","ami":[0,26,0,26,0]}},{"type":"Feature","geometry":{"type":"Point","coordinates":[-76.996918,38.907609]},"properties":{"name":"6th Street and Florida Ave NE - JBG Smith/Gallaudet PUD (Parcels 2 and 3)","address":"1251 6th Street Northeast, Washington, District of Columbia 20002","status":"Pipeline","agency":"OP","aff":96,"total":843,"ward":"Ward 5","end":"2029-06-01","ami":[0,67,0,29,0]}},{"type":"Feature","geometry":{"type":"Point","coordinates":[-77.002662,38.91176]},"properties":{"name":"Eckington Yards (Judd & Weiler, City Homes, 1625 Eckington)","address":"1500 Harry Thomas Way Northeast, Washington, District of Columbia 20002","status":"Completed 2015 to Date","agency":"DHCD OP","aff":59,"total":681,"ward":"Ward 5","end":"2021-09-21","ami":[0,29,0,30,0]}},{"type":"Feature","geometry":{"type":"Point","coordinates":[-76.98494,38.879705]},"properties":{"name":"1401 Pennsylvania Ave SE","address":"1401 Pennsylvania Avenue Southeast, Washington, District of Columbia 20003","status":"Completed 2015 to Date","agency":"DHCD OP","aff":13,"total":168,"ward":"Ward 6","end":"2020-05-21","ami":[0,4,0,9,0]}},{"type":"Feature","geometry":{"type":"Point","coordinates":[-77.001611,38.905805]},"properties":{"name":"300 M Street NE","address":"300 M Street Northeast, Washington, District of Columbia 20002","status":"Completed 2015 to Date","agency":"DHCD OP","aff":37,"total":457,"ward":"Ward 6","end":"2022-09-30","ami":[0,9,0,28,0]}},{"type":"Feature","geometry":{"type":"Point","coordinates":[-76.997653,38.908724]},"properties":{"name":"Union Market PUD South Building","address":"1309 5th Street NE, Washington, District of Columbia 20002","status":"Pipeline","agency":"OP","aff":19,"total":219,"ward":"Ward 5","end":"2027-06-01","ami":[0,0,5,14,0]}},{"type":"Feature","geometry":{"type":"Point","coordinates":[-76.987159,38.876313]},"properties":{"name":"1333 M Street SE","address":"1333 M Street Southeast, Washington, District of Columbia 20003","status":"Pipeline","agency":"OP","aff":108,"total":900,"ward":"Ward 6","end":"2029-06-01","ami":[0,0,108,0,0]}},{"type":"Feature","geometry":{"type":"Point","coordinates":[-76.987975,38.844504]},"properties":{"name":"Congress Heights Metro Residential","address":"1309 Alabama Avenue Southeast, Washington, District of Columbia 20032","status":"Pipeline","agency":"DCHFA DHCD OP Amazon Housing Equity Fund","aff":10,"total":10,"ward":"Ward 8","end":null,"ami":[0,0,0,10,0]}},{"type":"Feature","geometry":{"type":"Point","coordinates":[-77.030174,38.916786]},"properties":{"name":"13th & U Street","address":"1310 U Street Northwest, Washington, District of Columbia 20009","status":"Completed 2015 to Date","agency":"OP","aff":12,"total":12,"ward":"Ward 1","end":"2017-05-01","ami":[0,0,0,12,0]}},{"type":"Feature","geometry":{"type":"Point","coordinates":[-77.004826,38.877035]},"properties":{"name":"1111 New Jersey SE (modified)","address":"1111 New Jersey Avenue Southeast, Washington, District of Columbia 20003","status":"Completed 2015 to Date","agency":"OP","aff":60,"total":312,"ward":"Ward 6","end":"2017-03-03","ami":[0,0,0,60,0]}},{"type":"Feature","geometry":{"type":"Point","coordinates":[-77.006831,38.871355]},"properties":{"name":"Dock 79 - Florida Rock revised PUD (phase 1)","address":"79 Potomac Avenue Southeast, Washington, District of Columbia 20003","status":"Completed 2015 to Date","agency":"OP","aff":25,"total":305,"ward":"Ward 6","end":"2016-12-20","ami":[0,0,0,25,0]}},{"type":"Feature","geometry":{"type":"Point","coordinates":[-77.052678,38.906502]},"properties":{"name":"CESC PUD 1229 - 1231 25th St. NW (BNA)","address":"1255 25th Street Northwest, Washington, District of Columbia 20037","status":"Completed 2015 to Date","agency":"OP","aff":8,"total":8,"ward":"Ward 2","end":"2019-01-29","ami":[0,0,0,8,0]}},{"type":"Feature","geometry":{"type":"Point","coordinates":[-77.012477,38.864141]},"properties":{"name":"RiverPoint","address":"2121 1st Street Southwest, Washington, District of Columbia 20024","status":"Completed 2015 to Date","agency":"DHCD OP","aff":7,"total":480,"ward":"Ward 6","end":"2021-05-26","ami":[0,4,3,0,0]}},{"type":"Feature","geometry":{"type":"Point","coordinates":[-77.095042,38.945749]},"properties":{"name":"Spring Valley Shopping Center (The Ladybird)","address":"4330 48th Street Northwest, Washington, District of Columbia 20016","status":"Pipeline","agency":"OP","aff":30,"total":219,"ward":"Ward 3","end":"2029-06-01","ami":[0,0,30,0,0]}},{"type":"Feature","geometry":{"type":"Point","coordinates":[-77.011114,38.907447]},"properties":{"name":"Chapman Stables","address":"57 N Street Northwest, Washington, District of Columbia 20001","status":"Completed 2015 to Date","agency":"DHCD","aff":11,"total":114,"ward":"Ward 5","end":"2018-04-19","ami":[0,6,0,5,0]}},{"type":"Feature","geometry":{"type":"Point","coordinates":[-77.048363,38.90669]},"properties":{"name":"Legacy West End","address":"1255 22nd Street Northwest, Washington, District of Columbia 20037","status":"Completed 2015 to Date","agency":"DHCD","aff":15,"total":197,"ward":"Ward 2","end":"2018-04-05","ami":[0,0,0,15,0]}},{"type":"Feature","geometry":{"type":"Point","coordinates":[-76.986714,38.878247]},"properties":{"name":"Stone Hill Condominiums","address":"1345 K Street Southeast, Washington, District of Columbia 20003","status":"Completed 2015 to Date","agency":"DHCD","aff":2,"total":36,"ward":"Ward 6","end":"2018-08-03","ami":[0,1,0,1,0]}},{"type":"Feature","geometry":{"type":"Point","coordinates":[-77.032564,38.959994]},"properties":{"name":"1350 Nicholson Street NW","address":"1350 Nicholson Street Northwest, Washington, District of Columbia 20011","status":"Completed 2015 to Date","agency":"DHCD","aff":1,"total":12,"ward":"Ward 4","end":"2019-08-15","ami":[0,0,0,1,0]}},{"type":"Feature","geometry":{"type":"Point","coordinates":[-77.009358,38.91006]},"properties":{"name":"1510 North Capital Condos","address":"1510 North Capitol Street Northwest, Washington, District of Columbia 20002","status":"Completed 2015 to Date","agency":"DHCD","aff":2,"total":14,"ward":"Ward 5","end":"2019-04-04","ami":[0,0,0,2,0]}},{"type":"Feature","geometry":{"type":"Point","coordinates":[-77.026962,38.956463]},"properties":{"name":"929 Kennedy St. NW","address":"929 Kennedy Street Northwest, Washington, District of Columbia 20011","status":"Under Construction","agency":"DHCD","aff":2,"total":25,"ward":"Ward 4","end":"2026-03-01","ami":[0,1,1,0,0]}},{"type":"Feature","geometry":{"type":"Point","coordinates":[-76.9877,38.882695]},"properties":{"name":"Watkins Alley","address":"1309 E Street Southeast, Washington, District of Columbia 20003","status":"Completed 2015 to Date","agency":"DHCD OP","aff":5,"total":44,"ward":"Ward 6","end":"2020-09-09","ami":[0,4,0,1,0]}},{"type":"Feature","geometry":{"type":"Point","coordinates":[-76.980137,38.927902]},"properties":{"name":"Hamlin Street Apartments","address":"1715 Hamlin Street Northeast, Washington, District of Columbia 20018","status":"Completed 2015 to Date","agency":"DHCD","aff":2,"total":18,"ward":"Ward 5","end":"2018-12-05","ami":[0,1,0,1,0]}},{"type":"Feature","geometry":{"type":"Point","coordinates":[-77.026153,38.945687]},"properties":{"name":"4523 Georgia Ave NW","address":"4523 Georgia Avenue Northwest, Washington, District of Columbia 20011","status":"Completed 2015 to Date","agency":"DHCD","aff":1,"total":12,"ward":"Ward 4","end":"2018-07-02","ami":[0,0,1,0,0]}},{"type":"Feature","geometry":{"type":"Point","coordinates":[-77.010751,38.95566]},"properties":{"name":"Missouri Flats","address":"37 Missouri Avenue Northwest, Washington, District of Columbia 20011","status":"Completed 2015 to Date","agency":"DHCD","aff":1,"total":16,"ward":"Ward 4","end":"2019-04-04","ami":[0,1,0,0,0]}},{"type":"Feature","geometry":{"type":"Point","coordinates":[-77.022785,38.933248]},"properties":{"name":"625 Park Rd NW","address":"625 Park Road Northwest, Washington, District of Columbia 20010","status":"Completed 2015 to Date","agency":"DHCD","aff":4,"total":38,"ward":"Ward 1","end":"2019-07-24","ami":[0,2,0,2,0]}},{"type":"Feature","geometry":{"type":"Point","coordinates":[-76.983155,38.926108]},"properties":{"name":"1522 Rhode Island Ave NE","address":"1522 Rhode Island Avenue Northeast, Washington, District of Columbia 20018","status":"Completed 2015 to Date","agency":"DHCD","aff":3,"total":31,"ward":"Ward 5","end":"2026-07-02","ami":[0,1,2,0,0]}},{"type":"Feature","geometry":{"type":"Point","coordinates":[-76.990659,38.930379]},"properties":{"name":"Mews at Kearny","address":"1201 Kearny Street Northeast, Washington, District of Columbia 20017","status":"Completed 2015 to Date","agency":"DHCD","aff":1,"total":11,"ward":"Ward 5","end":"2019-11-01","ami":[0,1,0,0,0]}},{"type":"Feature","geometry":{"type":"Point","coordinates":[-77.027528,38.950389]},"properties":{"name":"4910 Georgia Ave NW","address":"4910 Georgia Avenue Northwest, Washington, District of Columbia 20011","status":"Under Construction","agency":"DHCD","aff":3,"total":45,"ward":"Ward 4","end":"2026-03-01","ami":[0,0,3,0,0]}},{"type":"Feature","geometry":{"type":"Point","coordinates":[-77.02683,38.966337]},"properties":{"name":"917 Sheridan","address":"917 Sheridan Street Northwest, Washington, District of Columbia 20011","status":"Completed 2015 to Date","agency":"DHCD","aff":2,"total":20,"ward":"Ward 4","end":"2021-09-15","ami":[0,0,2,0,0]}},{"type":"Feature","geometry":{"type":"Point","coordinates":[-77.022849,38.955067]},"properties":{"name":"710 Jefferson St NW","address":"710 Jefferson Street Northwest, Washington, District of Columbia 20011","status":"Completed 2015 to Date","agency":"DHCD","aff":14,"total":14,"ward":"Ward 4","end":"2018-12-27","ami":[5,7,0,2,0]}},{"type":"Feature","geometry":{"type":"Point","coordinates":[-76.93219,38.88498]},"properties":{"name":"Amber Overlook","address":"4922 Call Place Southeast, Washington, District of Columbia 20019","status":"Completed 2015 to Date","agency":"DHCD","aff":32,"total":32,"ward":"Ward 7","end":"2019-10-22","ami":[0,6,0,26,0]}},{"type":"Feature","geometry":{"type":"Point","coordinates":[-76.989295,38.882209]},"properties":{"name":"Rushmore","address":"1220 Pennsylvania Avenue Southeast, Washington, District of Columbia 20003","status":"Completed 2015 to Date","agency":"DHCD","aff":11,"total":117,"ward":"Ward 6","end":"2020-12-18","ami":[0,1,10,0,0]}},{"type":"Feature","geometry":{"type":"Point","coordinates":[-77.022682,38.917214]},"properties":{"name":"2009 8th St NW","address":"2009 8th Street Northwest, Washington, District of Columbia 20001","status":"Completed 2015 to Date","agency":"DHCD","aff":10,"total":132,"ward":"Ward 1","end":"2020-07-24","ami":[0,1,9,0,0]}},{"type":"Feature","geometry":{"type":"Point","coordinates":[-77.020728,38.913367]},"properties":{"name":"Glick Court","address":"660 Glick Court Northwest, Washington, District of Columbia 20001","status":"Completed 2015 to Date","agency":"DHCD","aff":1,"total":6,"ward":"Ward 6","end":"2018-09-01","ami":[0,0,1,0,0]}},{"type":"Feature","geometry":{"type":"Point","coordinates":[-76.981118,38.903206]},"properties":{"name":"Mercer Lofts","address":"1021 Bladensburg Road Northeast, Washington, District of Columbia 20002","status":"Pipeline","agency":"DHCD","aff":3,"total":30,"ward":"Ward 5","end":null,"ami":[0,1,2,0,0]}},{"type":"Feature","geometry":{"type":"Point","coordinates":[-77.008551,38.875914]},"properties":{"name":"Avidian","address":"1211 Van Street Southeast, Washington, District of Columbia 20003","status":"Completed 2015 to Date","agency":"DHCD","aff":15,"total":171,"ward":"Ward 6","end":"2020-12-04","ami":[0,0,0,15,0]}},{"type":"Feature","geometry":{"type":"Point","coordinates":[-77.024655,38.942733]},"properties":{"name":"836 Varnum St NW","address":"836 Varnum Street Northwest, Washington, District of Columbia 20011","status":"Completed 2015 to Date","agency":"DHCD","aff":2,"total":12,"ward":"Ward 4","end":"2020-08-07","ami":[0,0,0,2,0]}},{"type":"Feature","geometry":{"type":"Point","coordinates":[-77.024738,38.942728]},"properties":{"name":"838 Varnum St NW","address":"838 Varnum Street Northwest, Washington, District of Columbia 20011","status":"Completed 2015 to Date","agency":"DHCD","aff":1,"total":11,"ward":"Ward 4","end":"2020-12-23","ami":[0,0,0,1,0]}},{"type":"Feature","geometry":{"type":"Point","coordinates":[-76.928903,38.881977]},"properties":{"name":"Cynthia Towns","address":"412 51st Street Southeast, Washington, District of Columbia 20019","status":"Completed 2015 to Date","agency":"DCHFA DHCD","aff":1,"total":10,"ward":"Ward 7","end":"2020-04-03","ami":[0,0,0,1,0]}},{"type":"Feature","geometry":{"type":"Point","coordinates":[-77.031605,38.919745]},"properties":{"name":"2213 14th ST NW","address":"2213 14th Street Northwest, Washington, District of Columbia 20009","status":"Completed 2015 to Date","agency":"DHCD","aff":4,"total":55,"ward":"Ward 1","end":"2020-12-22","ami":[0,1,3,0,0]}},{"type":"Feature","geometry":{"type":"Point","coordinates":[-77.0273,38.948697]},"properties":{"name":"4804 Georgia Ave NW","address":"4804 Georgia Avenue Northwest, Washington, District of Columbia 20012","status":"Completed 2015 to Date","agency":"DHCD","aff":2,"total":18,"ward":"Ward 4","end":"2022-04-29","ami":[0,1,0,1,0]}},{"type":"Feature","geometry":{"type":"Point","coordinates":[-76.985525,38.909843]},"properties":{"name":"1734 Montello Ave NE","address":"1734 Montello Avenue Northeast, Washington, District of Columbia 20002","status":"Under Construction","agency":"DHCD","aff":1,"total":6,"ward":"Ward 5","end":"2026-04-01","ami":[0,0,1,0,0]}},{"type":"Feature","geometry":{"type":"Point","coordinates":[-77.071935,38.95924]},"properties":{"name":"5301-5303 Connecticut Ave NW","address":"5301 Connecticut Avenue Northwest, Washington, District of Columbia 20015","status":"Completed 2015 to Date","agency":"DHCD","aff":2,"total":19,"ward":"Ward 3","end":"2021-12-17","ami":[0,0,2,0,0]}},{"type":"Feature","geometry":{"type":"Point","coordinates":[-76.98148,38.865883]},"properties":{"name":"1605 Good Hope Rd SE","address":"1605 Good Hope Road Southeast, Washington, District of Columbia 20020","status":"Pipeline","agency":"DHCD","aff":8,"total":82,"ward":"Ward 8","end":null,"ami":[0,1,7,0,0]}},{"type":"Feature","geometry":{"type":"Point","coordinates":[-77.007357,38.83057]},"properties":{"name":"4016-4022 S Capitol Street SE","address":"4016 South Capitol Street Southeast, Washington, District of Columbia 20032","status":"Under Construction","agency":"DHCD","aff":4,"total":41,"ward":"Ward 8","end":"2026-02-01","ami":[0,0,4,0,0]}},{"type":"Feature","geometry":{"type":"Point","coordinates":[-76.954584,38.884013]},"properties":{"name":"Anacostia Gardens Apartments","address":"3600 Ely Place Southeast, Washington, District of Columbia 20019","status":"Completed 2015 to Date","agency":"DCHFA DHCD","aff":100,"total":100,"ward":"Ward 7","end":"2022-07-29","ami":[0,9,91,0,0]}},{"type":"Feature","geometry":{"type":"Point","coordinates":[-76.998165,38.839846]},"properties":{"name":"Randle Hill Apts","address":"3300 6th Street Southeast, Washington, District of Columbia 20032","status":"Completed 2015 to Date","agency":"DCHA DCHFA DHCD","aff":195,"total":195,"ward":"Ward 8","end":"2022-02-23","ami":[20,127,28,20,0]}},{"type":"Feature","geometry":{"type":"Point","coordinates":[-76.986585,38.855764]},"properties":{"name":"Stanton Square Apartments","address":"2910 Stanton Road Southeast, Washington, District of Columbia 20020","status":"Completed 2015 to Date","agency":"DCHFA DHCD OP","aff":121,"total":121,"ward":"Ward 8","end":"2021-07-01","ami":[13,108,0,0,0]}},{"type":"Feature","geometry":{"type":"Point","coordinates":[-76.999142,38.909492]},"properties":{"name":"1320 4th Street NE","address":"1320 4th Street NE, Washington, District of Columbia 20002","status":"Completed 2015 to Date","agency":"DHCD OP","aff":9,"total":134,"ward":"Ward 5","end":"2020-10-01","ami":[0,0,0,9,0]}},{"type":"Feature","geometry":{"type":"Point","coordinates":[-77.011747,38.87122]},"properties":{"name":"MDXL Flats","address":"1530 1st Street Southwest, Washington, District of Columbia 20024","status":"Completed 2015 to Date","agency":"DHCD OP","aff":101,"total":101,"ward":"Ward 6","end":"2024-04-25","ami":[21,80,0,0,0]}},{"type":"Feature","geometry":{"type":"Point","coordinates":[-77.009932,38.866625]},"properties":{"name":"1900 Half Street SW","address":"1900 Half Street Southwest, Washington, District of Columbia 20536","status":"Completed 2015 to Date","agency":"OP","aff":11,"total":11,"ward":"Ward 6","end":"2020-07-28","ami":[0,0,0,11,0]}},{"type":"Feature","geometry":{"type":"Point","coordinates":[-77.000677,38.909522]},"properties":{"name":"Building A2 (Margarite) - Union Market Terminal Stage 2 PUD","address":"1280 Union St NE, Washington, District of Columbia 20002","status":"Completed 2015 to Date","agency":"DHCD OP","aff":29,"total":260,"ward":"Ward 5","end":"2023-04-12","ami":[0,15,0,14,0]}},{"type":"Feature","geometry":{"type":"Point","coordinates":[-77.012383,38.869077]},"properties":{"name":"Buzzard Point Parcel B Senior (Audi Field/DC United PUD)","address":"100 Potomac Avenue Southwest, Washington, District of Columbia 20024","status":"Pipeline","agency":"DMPED DCHFA DHCD OP","aff":69,"total":414,"ward":"Ward 6","end":"2027-11-30","ami":[69,0,0,0,0]}},{"type":"Feature","geometry":{"type":"Point","coordinates":[-77.013499,38.924699]},"properties":{"name":"McMillan Multifamily Phase 2 - Parcel 2","address":"2500 1st Street Northwest, Washington, District of Columbia 20001","status":"Pipeline","agency":"DMPED OP","aff":27,"total":247,"ward":"Ward 1","end":"2029-11-01","ami":[0,2,0,25,0]}},{"type":"Feature","geometry":{"type":"Point","coordinates":[-77.00429,38.874214]},"properties":{"name":"The Yards - Parcel I (Vela)","address":"1300 Yards Place Southeast, Washington, District of Columbia 20003","status":"Completed 2015 to Date","agency":"OP","aff":75,"total":379,"ward":"Ward 8","end":"2023-07-14","ami":[0,75,0,0,0]}},{"type":"Feature","geometry":{"type":"Point","coordinates":[-77.008085,38.833455]},"properties":{"name":"Flats at South Capitol - 3840-3848 South Capitol Street","address":"3848 South Capitol Street Southeast, Washington, District of Columbia 20032","status":"Under Construction","agency":"DCHFA DHCD OP","aff":106,"total":106,"ward":"Ward 8","end":"2026-02-01","ami":[22,72,12,0,0]}},{"type":"Feature","geometry":{"type":"Point","coordinates":[-77.009369,38.912412]},"properties":{"name":"4 R Street Northwest","address":"4 R Street Northwest, Washington, District of Columbia 20001","status":"Completed 2015 to Date","agency":"DHCD","aff":1,"total":5,"ward":"Ward 5","end":"2020-10-06","ami":[0,0,0,1,0]}},{"type":"Feature","geometry":{"type":"Point","coordinates":[-76.986181,38.88308]},"properties":{"name":"Beckert's Park (Capitol Hill Apartments on 14th)","address":"1350 E Street Southeast, Washington, District of Columbia 20003","status":"Completed 2015 to Date","agency":"DHCD","aff":42,"total":325,"ward":"Ward 6","end":"2021-02-26","ami":[0,6,36,0,0]}},{"type":"Feature","geometry":{"type":"Point","coordinates":[-77.027339,38.972702]},"properties":{"name":"WRAMC - V/U-A/B (The Brooks and The Vale)","address":"6800 Georgia Avenue Northwest, Washington, District of Columbia 20307","status":"Completed 2015 to Date","agency":"DMPED DHCD","aff":38,"total":390,"ward":"Ward 4","end":"2021-09-01","ami":[0,3,0,35,0]}},{"type":"Feature","geometry":{"type":"Point","coordinates":[-77.008194,38.946474]},"properties":{"name":"1 Hawaii Avenue NE","address":"1 Hawaii Avenue Northeast, Washington, District of Columbia 20011","status":"Completed 2015 to Date","agency":"DCHFA DHCD OP","aff":70,"total":70,"ward":"Ward 5","end":"2026-01-29","ami":[8,28,16,18,0]}},{"type":"Feature","geometry":{"type":"Point","coordinates":[-77.021633,38.877269]},"properties":{"name":"The Tides and Amaris (Parcel 8 and 9) - The Wharf  Phase II","address":"35 Parker Row Southwest, Washington, District of Columbia 20024","status":"Completed 2015 to Date","agency":"DMPED DHCD OP","aff":62,"total":351,"ward":"Ward 6","end":"2022-07-15","ami":[36,0,26,0,74]}},{"type":"Feature","geometry":{"type":"Point","coordinates":[-77.025115,38.904447]},"properties":{"name":"7th and L Street NW - The Lurgan","address":"915 L Street Northwest, Washington, District of Columbia 20001","status":"Completed 2015 to Date","agency":"OP","aff":4,"total":203,"ward":"Ward 2","end":"2018-06-01","ami":[0,0,0,4,0]}},{"type":"Feature","geometry":{"type":"Point","coordinates":[-76.981614,38.903316]},"properties":{"name":"1028 Bladensburg Rd NE","address":"1028 Bladensburg Road Northeast, Washington, District of Columbia 20002","status":"Completed 2015 to Date","agency":"DHCD","aff":3,"total":43,"ward":"Ward 5","end":"2021-09-01","ami":[0,1,2,0,0]}},{"type":"Feature","geometry":{"type":"Point","coordinates":[-77.015238,38.918881]},"properties":{"name":"205 V St NW","address":"205 v Street Northwest, Washington, District of Columbia 20001","status":"Completed 2015 to Date","agency":"DHCD","aff":1,"total":18,"ward":"Ward 1","end":"2020-09-10","ami":[0,0,1,0,0]}},{"type":"Feature","geometry":{"type":"Point","coordinates":[-76.979871,38.90198]},"properties":{"name":"Flats at Atlas Phase II","address":"1676 Maryland Avenue Northeast, Washington, District of Columbia 20002","status":"Completed 2015 to Date","agency":"DHCD","aff":24,"total":316,"ward":"Ward 5","end":"2020-12-21","ami":[0,0,24,0,0]}},{"type":"Feature","geometry":{"type":"Point","coordinates":[-76.994605,38.929794]},"properties":{"name":"3201 8th Street NE","address":"3201 8th Street Northeast, Washington, District of Columbia 20017","status":"Completed 2015 to Date","agency":"DHCD OP","aff":46,"total":377,"ward":"Ward 5","end":"2022-08-03","ami":[3,6,31,6,0]}},{"type":"Feature","geometry":{"type":"Point","coordinates":[-77.002865,38.908599]},"properties":{"name":"Washington Gateway Phase III - The 202 (South Residential Tower)","address":"202 Florida Avenue Northeast, Washington, District of Columbia 20002","status":"Completed 2015 to Date","agency":"DHCD OP","aff":23,"total":254,"ward":"Ward 5","end":"2024-01-17","ami":[0,0,5,18,0]}},{"type":"Feature","geometry":{"type":"Point","coordinates":[-76.924181,38.904145]},"properties":{"name":"1100 Eastern Ave NE","address":"1100 Eastern Avenue Northeast, Washington, District of Columbia 20019","status":"Completed 2015 to Date","agency":"DCHA DCHFA DHCD","aff":63,"total":63,"ward":"Ward 7","end":"2021-12-30","ami":[13,50,0,0,0]}},{"type":"Feature","geometry":{"type":"Point","coordinates":[-76.953192,38.890116]},"properties":{"name":"3500 East Capitol Street NE Solstice Phase II","address":"3534 East Capitol Street Northeast, Washington, District of Columbia 20019","status":"Completed 2015 to Date","agency":"DCHA DHCD","aff":95,"total":95,"ward":"Ward 7","end":"2021-04-06","ami":[5,90,0,0,0]}},{"type":"Feature","geometry":{"type":"Point","coordinates":[-76.955916,38.884411]},"properties":{"name":"Mary's House","address":"401 Anacostia Road Southeast, Washington, District of Columbia 20019","status":"Completed 2015 to Date","agency":"DCHA DHCD","aff":15,"total":15,"ward":"Ward 7","end":"2025-01-21","ami":[3,10,2,0,0]}},{"type":"Feature","geometry":{"type":"Point","coordinates":[-77.025937,38.938431]},"properties":{"name":"Petworth Station Feb 2018","address":"930 Randolph Street Northwest, Washington, District of Columbia 20011","status":"Completed 2015 to Date","agency":"DCHFA DHCD","aff":84,"total":84,"ward":"Ward 4","end":"2020-11-18","ami":[0,10,74,0,0]}},{"type":"Feature","geometry":{"type":"Point","coordinates":[-77.031153,38.912376]},"properties":{"name":"SOME - Anna Cooper House / Scattered Site III","address":"1338 R Street Northwest, Washington, District of Columbia 20009","status":"Completed 2015 to Date","agency":"DCHFA DHCD","aff":47,"total":47,"ward":"Ward 2","end":"2021-09-30","ami":[47,0,0,0,0]}},{"type":"Feature","geometry":{"type":"Point","coordinates":[-76.979863,38.93263]},"properties":{"name":"3418 18th Street NE","address":"3418 18th Street Northeast, Washington, District of Columbia 20018","status":"Completed 2015 to Date","agency":"DHCD","aff":1,"total":4,"ward":"Ward 5","end":"2026-06-05","ami":[0,0,0,1,0]}},{"type":"Feature","geometry":{"type":"Point","coordinates":[-77.009426,38.910514]},"properties":{"name":"1532 North Capitol NW","address":"1532 North Capitol Street Northwest, Washington, District of Columbia 20001","status":"Completed 2015 to Date","agency":"DHCD","aff":1,"total":13,"ward":"Ward 5","end":"2020-12-16","ami":[0,0,1,0,0]}},{"type":"Feature","geometry":{"type":"Point","coordinates":[-76.99641,38.92835]},"properties":{"name":"Portrait Square","address":"3058 7th Street Northeast, Washington, District of Columbia 20017","status":"Completed 2015 to Date","agency":"DHCD OP","aff":3,"total":22,"ward":"Ward 5","end":"2019-12-19","ami":[0,2,0,1,0]}},{"type":"Feature","geometry":{"type":"Point","coordinates":[-77.02835,38.95549]},"properties":{"name":"1203 Jefferson St NW","address":"1203 Jefferson Street Northwest, Washington, District of Columbia 20011","status":"Pipeline","agency":"DHCD","aff":2,"total":20,"ward":"Ward 2","end":null,"ami":[0,1,1,0,0]}},{"type":"Feature","geometry":{"type":"Point","coordinates":[-77.033987,38.937759]},"properties":{"name":"1416 Quincy St NW","address":"1416 Quincy Street Northwest, Washington, District of Columbia 20011","status":"Completed 2015 to Date","agency":"DHCD","aff":2,"total":15,"ward":"Ward 4","end":"2020-07-01","ami":[0,0,2,0,0]}},{"type":"Feature","geometry":{"type":"Point","coordinates":[-77.033608,38.937742]},"properties":{"name":"1408-1410 Quincy St NW","address":"1410 Quincy Street Northwest, Washington, District of Columbia 20011","status":"Completed 2015 to Date","agency":"DHCD","aff":1,"total":19,"ward":"Ward 4","end":"2020-12-22","ami":[0,0,1,0,0]}},{"type":"Feature","geometry":{"type":"Point","coordinates":[-77.03974,38.915795]},"properties":{"name":"1729 T St NW","address":"1729 T Street Northwest, Washington, District of Columbia 20009","status":"Completed 2015 to Date","agency":"DHCD","aff":1,"total":5,"ward":"Ward 2","end":"2021-09-14","ami":[0,0,1,0,0]}},{"type":"Feature","geometry":{"type":"Point","coordinates":[-76.982565,38.926349]},"properties":{"name":"1544 Rhode Island Ave NE","address":"1544 Rhode Island Avenue Northeast, Washington, District of Columbia 20018","status":"Completed 2015 to Date","agency":"DHCD","aff":3,"total":40,"ward":"Ward 5","end":"2026-03-01","ami":[0,0,3,0,0]}},{"type":"Feature","geometry":{"type":"Point","coordinates":[-76.991678,38.862546]},"properties":{"name":"1212 Talbert St SE","address":"1212 Talbert Street Southeast, Washington, District of Columbia 20020","status":"Completed 2015 to Date","agency":"DHCD","aff":1,"total":12,"ward":"Ward 8","end":"2020-08-20","ami":[0,0,1,0,0]}},{"type":"Feature","geometry":{"type":"Point","coordinates":[-77.034748,38.934624]},"properties":{"name":"Rhode Island Condos","address":"1447 Oak Street Northwest, Washington, District of Columbia 20010","status":"Completed 2015 to Date","agency":"DHCD","aff":2,"total":26,"ward":"Ward 1","end":"2021-12-01","ami":[0,0,2,0,0]}},{"type":"Feature","geometry":{"type":"Point","coordinates":[-76.980438,38.869697]},"properties":{"name":"1704 R St SE","address":"1704 R Street Southeast, Washington, District of Columbia 20020","status":"Completed 2015 to Date","agency":"DHCD","aff":1,"total":9,"ward":"Ward 8","end":"2019-09-30","ami":[0,0,1,0,0]}},{"type":"Feature","geometry":{"type":"Point","coordinates":[-76.975057,38.929323]},"properties":{"name":"2027 Rhode Island Ave NE","address":"2027 Rhode Island Avenue Northeast, Washington, District of Columbia 20018","status":"Completed 2015 to Date","agency":"DHCD","aff":5,"total":48,"ward":"Ward 5","end":"2022-03-21","ami":[0,0,0,5,0]}},{"type":"Feature","geometry":{"type":"Point","coordinates":[-77.020661,38.91528]},"properties":{"name":"The Shaw","address":"618 T Street Northwest, Washington, District of Columbia 20001","status":"Completed 2015 to Date","agency":"DHCD","aff":5,"total":69,"ward":"Ward 6","end":"2020-03-24","ami":[0,0,5,0,0]}},{"type":"Feature","geometry":{"type":"Point","coordinates":[-77.023189,38.956558]},"properties":{"name":"WSH 7K","address":"721 Kennedy Street Northwest, Washington, District of Columbia 20011","status":"Completed 2015 to Date","agency":"DHCD","aff":1,"total":10,"ward":"Ward 4","end":"2020-05-22","ami":[0,0,0,1,0]}},{"type":"Feature","geometry":{"type":"Point","coordinates":[-76.967098,38.933151]},"properties":{"name":"2911 Rhode Island Ave NE","address":"2911 Rhode Island Avenue Northeast, Washington, District of Columbia 20018","status":"Pipeline","agency":"DCHFA DHCD","aff":101,"total":101,"ward":"Ward 5","end":"2027-02-28","ami":[21,68,0,12,0]}},{"type":"Feature","geometry":{"type":"Point","coordinates":[-76.987578,38.924711]},"properties":{"name":"Rhode Island Ave","address":"2711 13th Street Northeast, Washington, District of Columbia 20017","status":"Pipeline","agency":"DHCD","aff":4,"total":60,"ward":"Ward 5","end":null,"ami":[0,0,4,0,0]}},{"type":"Feature","geometry":{"type":"Point","coordinates":[-77.032483,38.918995]},"properties":{"name":"1400 W ST NW","address":"1400 W Street Northwest, Washington, District of Columbia 20009","status":"Completed 2015 to Date","agency":"DHCD","aff":20,"total":235,"ward":"Ward 1","end":"2021-11-23","ami":[0,0,20,0,0]}},{"type":"Feature","geometry":{"type":"Point","coordinates":[-77.001607,38.822244]},"properties":{"name":"Livingston Road Senior Apartments","address":"4656 Livingston Road Southeast, Washington, District of Columbia 20032","status":"Completed 2015 to Date","agency":"DCHFA DHCD","aff":152,"total":152,"ward":"Ward 8","end":"2021-05-05","ami":[0,0,152,0,0]}},{"type":"Feature","geometry":{"type":"Point","coordinates":[-77.026049,38.941225]},"properties":{"name":"SOME Scattered Site IV - 4111 Kansas Ave NW","address":"4111 Kansas Avenue Northwest, Washington, District of Columbia 20011","status":"Completed 2015 to Date","agency":"DHCD Amazon Housing Equity Fund","aff":40,"total":40,"ward":"Ward 4","end":"2022-05-31","ami":[0,0,0,40,0]}},{"type":"Feature","geometry":{"type":"Point","coordinates":[-77.001337,38.958002]},"properties":{"name":"Riggs Park Place - Fort Totten Phase 1 (Townhome)","address":"325 Riggs Road Northeast, Washington, District of Columbia 20011","status":"Completed 2015 to Date","agency":"DMPED","aff":5,"total":90,"ward":"Ward 4","end":"2023-03-31","ami":[0,3,0,2,0]}},{"type":"Feature","geometry":{"type":"Point","coordinates":[-77.035191,38.926854]},"properties":{"name":"Maycroft Redevelopment Project","address":"1474 Columbia Road Northwest, Washington, District of Columbia 20009","status":"Completed 2015 to Date","agency":"DHCD","aff":0,"total":0,"ward":"Ward 1","end":"2016-10-28","ami":[0,0,0,0,0]}},{"type":"Feature","geometry":{"type":"Point","coordinates":[-77.000894,38.92385]},"properties":{"name":"2612 4th St NE","address":"2612 4th Street Northeast, Washington, District of Columbia 20002","status":"Completed 2015 to Date","agency":"DHCD","aff":1,"total":2,"ward":"Ward 5","end":"2020-06-18","ami":[0,0,0,1,0]}},{"type":"Feature","geometry":{"type":"Point","coordinates":[-77.022788,38.927568]},"properties":{"name":"2905-2909 Georgia Ave NW","address":"2905 Georgia Avenue Northwest, Washington, District of Columbia 20001","status":"Completed 2015 to Date","agency":"DHCD","aff":2,"total":18,"ward":"Ward 1","end":"2021-05-01","ami":[0,1,0,1,0]}},{"type":"Feature","geometry":{"type":"Point","coordinates":[-76.935975,38.910857]},"properties":{"name":"Kenilworth 166 - Kenilworth Courts Phase 1","address":"1516 Kenilworth Avenue Northeast, Washington, District of Columbia 20019","status":"Completed 2015 to Date","agency":"DCHA DCHFA DHCD","aff":166,"total":166,"ward":"Ward 7","end":"2024-08-29","ami":[40,126,0,0,0]}},{"type":"Feature","geometry":{"type":"Point","coordinates":[-77.02461,38.91925]},"properties":{"name":"Atlantic Plumbing","address":"945 Florida Avenue NW, Washington, District of Columbia 20001","status":"Completed 2015 to Date","agency":"DHCD","aff":21,"total":161,"ward":"Ward 1","end":"2019-12-12","ami":[0,0,0,21,0]}},{"type":"Feature","geometry":{"type":"Point","coordinates":[-77.011823,38.864502]},"properties":{"name":"88 V St SW","address":"88 v Street Southwest, Washington, District of Columbia 20024","status":"Completed 2015 to Date","agency":"DHCD","aff":8,"total":107,"ward":"Ward 6","end":"2020-10-30","ami":[0,0,0,8,0]}},{"type":"Feature","geometry":{"type":"Point","coordinates":[-76.969825,38.870192]},"properties":{"name":"26th Place Flats","address":"1614 26th Pl SE, Washington, District of Columbia 20020","status":"Completed 2015 to Date","agency":"DHCD","aff":2,"total":16,"ward":"Ward 7","end":"2020-06-25","ami":[0,1,0,1,0]}},{"type":"Feature","geometry":{"type":"Point","coordinates":[-76.91864,38.894404]},"properties":{"name":"Turner Flats at Beulah Crossing","address":"5701 Dix Street Northeast, Washington, District of Columbia 20019","status":"Under Construction","agency":"DHCD","aff":6,"total":49,"ward":"Ward 7","end":"2026-04-01","ami":[0,3,0,3,0]}},{"type":"Feature","geometry":{"type":"Point","coordinates":[-77.040482,38.920601]},"properties":{"name":"1731 Kalorama Rd NW","address":"1731 Kalorama Road Northwest, Washington, District of Columbia 20009","status":"Completed 2015 to Date","agency":"DHCD","aff":4,"total":28,"ward":"Ward 1","end":"2021-12-21","ami":[0,0,0,4,0]}},{"type":"Feature","geometry":{"type":"Point","coordinates":[-77.031702,38.912785]},"properties":{"name":"The Liz","address":"1701 14th Street Northwest, Washington, District of Columbia 20009","status":"Completed 2015 to Date","agency":"DHCD","aff":12,"total":78,"ward":"Ward 2","end":"2020-01-24","ami":[0,1,11,0,0]}},{"type":"Feature","geometry":{"type":"Point","coordinates":[-76.992917,38.900422]},"properties":{"name":"Ashton Park","address":"920 H Street Northeast, Washington, District of Columbia 20002","status":"Completed 2015 to Date","agency":"DHCD","aff":2,"total":10,"ward":"Ward 6","end":"2021-09-01","ami":[0,1,1,0,0]}},{"type":"Feature","geometry":{"type":"Point","coordinates":[-77.051384,38.924071]},"properties":{"name":"SOME Scattered Site IV - 2607 Connecticut Ave NW","address":"2607 Connecticut Avenue Northwest, Washington, District of Columbia 20009","status":"Under Construction","agency":"DHCD CDFI Fund","aff":22,"total":22,"ward":"Ward 3","end":"2026-02-01","ami":[2,20,0,0,0]}},{"type":"Feature","geometry":{"type":"Point","coordinates":[-77.033976,38.920232]},"properties":{"name":"1460 Belmont St NW","address":"1460 Belmont St NW, Washington, District of Columbia 20009","status":"Completed 2015 to Date","agency":"DHCD","aff":2,"total":14,"ward":"Ward 1","end":"2024-08-07","ami":[0,0,0,2,0]}},{"type":"Feature","geometry":{"type":"Point","coordinates":[-77.039457,38.920802]},"properties":{"name":"1724 Kalorama Rd Apartments","address":"1724 Kalorama Road Northwest, Washington, District of Columbia 20009","status":"Completed 2015 to Date","agency":"DHCD","aff":5,"total":58,"ward":"Ward 1","end":"2026-05-05","ami":[0,1,0,4,0]}},{"type":"Feature","geometry":{"type":"Point","coordinates":[-77.016058,38.97375]},"properties":{"name":"218 Vine St NW - 4%","address":"218 Vine Street Northwest, Washington, District of Columbia 20012","status":"Completed 2015 to Date","agency":"DCHFA DHCD","aff":92,"total":92,"ward":"Ward 4","end":"2022-09-29","ami":[26,53,13,0,0]}},{"type":"Feature","geometry":{"type":"Point","coordinates":[-77.010016,38.910949]},"properties":{"name":"The Barnett Aden","address":"10 Q Street Northwest, Washington, District of Columbia 20001","status":"Pipeline","agency":"DHCD","aff":27,"total":27,"ward":"Ward 5","end":"2027-06-01","ami":[6,8,0,13,0]}},{"type":"Feature","geometry":{"type":"Point","coordinates":[-76.98319,38.865651]},"properties":{"name":"Homes Within Reach","address":"1928 15th Street Southeast, Washington, District of Columbia 20020","status":"Completed 2015 to Date","agency":"DHCD","aff":2,"total":2,"ward":"Ward 8","end":"2021-04-07","ami":[0,2,0,0,0]}},{"type":"Feature","geometry":{"type":"Point","coordinates":[-77.006873,38.831871]},"properties":{"name":"17 Mississippi Ave SE","address":"17 Mississippi Avenue Southeast, Washington, District of Columbia 20032","status":"Completed 2015 to Date","agency":"DCHFA DHCD","aff":41,"total":41,"ward":"Ward 8","end":"2023-03-31","ami":[9,32,0,0,0]}},{"type":"Feature","geometry":{"type":"Point","coordinates":[-76.993252,38.861818]},"properties":{"name":"2442 MLK","address":"2442 Martin Luther King Jr Avenue Southeast, Washington, District of Columbia 20020","status":"Completed 2015 to Date","agency":"DCHFA DHCD","aff":112,"total":112,"ward":"Ward 8","end":"2022-11-22","ami":[6,106,0,0,0]}},{"type":"Feature","geometry":{"type":"Point","coordinates":[-77.019039,38.974383]},"properties":{"name":"Cedar St Apartments","address":"410 Cedar Street Northwest, Washington, District of Columbia 20012","status":"Completed 2015 to Date","agency":"DHCD","aff":30,"total":30,"ward":"Ward 4","end":"2018-12-07","ami":[3,0,23,4,0]}},{"type":"Feature","geometry":{"type":"Point","coordinates":[-76.988157,38.843114]},"properties":{"name":"Savannah Apartments II","address":"1301 Savannah Street Southeast, Washington, District of Columbia 20032","status":"Completed 2015 to Date","agency":"DCHFA DHCD","aff":65,"total":65,"ward":"Ward 8","end":"2022-06-28","ami":[7,51,7,0,0]}},{"type":"Feature","geometry":{"type":"Point","coordinates":[-77.037488,38.925661]},"properties":{"name":"1630 Columbia RD NW","address":"1630 Columbia Road Northwest, Washington, District of Columbia 20009","status":"Completed 2015 to Date","agency":"DHCD","aff":15,"total":106,"ward":"Ward 1","end":"2021-10-23","ami":[0,1,14,0,0]}},{"type":"Feature","geometry":{"type":"Point","coordinates":[-77.008726,38.913115]},"properties":{"name":"1715 North Capitol Street NE","address":"1715 North Capitol Street Northeast, Washington, District of Columbia 20002","status":"Completed 2015 to Date","agency":"DHCD","aff":1,"total":7,"ward":"Ward 5","end":"2021-06-01","ami":[0,0,1,0,0]}},{"type":"Feature","geometry":{"type":"Point","coordinates":[-77.028417,38.957091]},"properties":{"name":"1202 Longfellow","address":"1202 Longfellow Street Northwest, Washington, District of Columbia 20011","status":"Completed 2015 to Date","agency":"DHCD","aff":2,"total":11,"ward":"Ward 4","end":"2022-02-15","ami":[0,1,1,0,0]}},{"type":"Feature","geometry":{"type":"Point","coordinates":[-76.981103,38.885659]},"properties":{"name":"Eastern Branch Boys and Girls Club","address":"261 17th Street Southeast, Washington, District of Columbia 20003","status":"Pipeline","agency":"DMPED OP","aff":11,"total":34,"ward":"Ward 6","end":"2027-04-15","ami":[0,5,0,6,23]}},{"type":"Feature","geometry":{"type":"Point","coordinates":[-77.035632,38.937678]},"properties":{"name":"1445 Spring Rd NW Renovation","address":"1445 Spring Road Northwest, Washington, District of Columbia 20010","status":"Completed 2015 to Date","agency":"DHCD","aff":13,"total":13,"ward":"Ward 4","end":"2022-12-13","ami":[6,3,0,4,0]}},{"type":"Feature","geometry":{"type":"Point","coordinates":[-77.030821,38.97401]},"properties":{"name":"WRAMC - Abrams Hall Assisted Living (Building 14N)","address":"1320 Main Drive Northwest, Washington, District of Columbia 20012","status":"Completed 2015 to Date","agency":"DMPED DHCD","aff":54,"total":54,"ward":"Ward 4","end":"2022-04-04","ami":[54,0,0,0,0]}},{"type":"Feature","geometry":{"type":"Point","coordinates":[-77.019626,38.906382]},"properties":{"name":"1200 5th St NW","address":"1201 6th Street Northwest, Washington, District of Columbia 20002","status":"Pipeline","agency":"DHCD OP","aff":41,"total":361,"ward":"Ward 6","end":"2028-12-01","ami":[0,3,38,0,0]}},{"type":"Feature","geometry":{"type":"Point","coordinates":[-77.027496,38.936219]},"properties":{"name":"The Robeson - Spring Flats Family - Affordable","address":"1001 Spring Road Northwest, Washington, District of Columbia 20010","status":"Completed 2015 to Date","agency":"DMPED DCHFA DHCD","aff":58,"total":87,"ward":"Ward 4","end":"2022-06-23","ami":[9,49,0,0,0]}},{"type":"Feature","geometry":{"type":"Point","coordinates":[-77.03241,38.936294]},"properties":{"name":"3601 14th ST NW","address":"3601 14th Street Northwest, Washington, District of Columbia 20010","status":"Completed 2015 to Date","agency":"DHCD","aff":1,"total":10,"ward":"Ward 1","end":"2023-03-27","ami":[0,1,0,0,0]}},{"type":"Feature","geometry":{"type":"Point","coordinates":[-76.990792,38.935999]},"properties":{"name":"1201 Perry ST NE","address":"1201 Perry Street Northeast, Washington, District of Columbia 20017","status":"Completed 2015 to Date","agency":"DHCD","aff":3,"total":27,"ward":"Ward 5","end":"2021-01-12","ami":[0,0,3,0,0]}},{"type":"Feature","geometry":{"type":"Point","coordinates":[-77.026758,38.907806]},"properties":{"name":"1313 11th ST NW","address":"1313 11th Street Northwest, Washington, District of Columbia 20001","status":"Completed 2015 to Date","agency":"DHCD","aff":1,"total":9,"ward":"Ward 2","end":"2021-05-05","ami":[0,0,0,1,0]}},{"type":"Feature","geometry":{"type":"Point","coordinates":[-76.935757,38.912923]},"properties":{"name":"The Residences at Kenilworth Park","address":"1650 Kenilworth Avenue Northeast, Washington, District of Columbia 20019","status":"Completed 2015 to Date","agency":"DCHFA DHCD","aff":157,"total":157,"ward":"Ward 7","end":"2022-12-08","ami":[0,0,157,0,0]}},{"type":"Feature","geometry":{"type":"Point","coordinates":[-77.016494,38.882063]},"properties":{"name":"The Kiley","address":"600 4th Street Southwest, Washington, District of Columbia 20024","status":"Completed 2015 to Date","agency":"DHCD","aff":19,"total":315,"ward":"Ward 6","end":"2021-03-29","ami":[0,10,0,9,0]}},{"type":"Feature","geometry":{"type":"Point","coordinates":[-76.993592,38.923703]},"properties":{"name":"2607 Reed St. NE","address":"2607 Reed Street Northeast, Washington, District of Columbia 20018","status":"Completed 2015 to Date","agency":"DHCD","aff":26,"total":353,"ward":"Ward 5","end":"2021-09-07","ami":[0,1,25,0,0]}},{"type":"Feature","geometry":{"type":"Point","coordinates":[-76.998801,38.910075]},"properties":{"name":"Union Market Gateway - 1348 4th St NE","address":"1348 4th Street NE, Washington, District of Columbia 20002","status":"Pipeline","agency":"OP","aff":50,"total":379,"ward":"Ward 5","end":"2027-06-01","ami":[0,8,42,0,0]}},{"type":"Feature","geometry":{"type":"Point","coordinates":[-77.023053,38.929638]},"properties":{"name":"3117 Georgia Ave NW","address":"3117 Georgia Avenue Northwest, Washington, District of Columbia 20010","status":"Completed 2015 to Date","agency":"DHCD","aff":1,"total":10,"ward":"Ward 1","end":"2021-07-01","ami":[0,0,0,1,0]}},{"type":"Feature","geometry":{"type":"Point","coordinates":[-77.032671,38.920809]},"properties":{"name":"1417 Belmont ST NW","address":"1417 Belmont Street Northwest, Washington, District of Columbia 20009","status":"Completed 2015 to Date","agency":"DHCD","aff":4,"total":43,"ward":"Ward 1","end":"2024-03-29","ami":[0,1,3,0,0]}},{"type":"Feature","geometry":{"type":"Point","coordinates":[-77.025394,38.918327]},"properties":{"name":"923 V St NW","address":"923 V Street Northwest, Washington, District of Columbia 20001","status":"Completed 2015 to Date","agency":"DHCD","aff":2,"total":19,"ward":"Ward 1","end":"2022-03-24","ami":[0,1,0,1,0]}},{"type":"Feature","geometry":{"type":"Point","coordinates":[-77.009361,38.912156]},"properties":{"name":"1634 North Capitol St NW","address":"1634 North Capitol Street Northwest, Washington, District of Columbia 20002","status":"Under Construction","agency":"DHCD","aff":0,"total":97,"ward":"Ward 5","end":"2026-02-01","ami":[0,0,0,0,0]}},{"type":"Feature","geometry":{"type":"Point","coordinates":[-76.989651,38.901928]},"properties":{"name":"OFF Twelfth","address":"919 12th Street Northeast, Washington, District of Columbia 20002","status":"Completed 2015 to Date","agency":"DHCD","aff":2,"total":24,"ward":"Ward 6","end":"2023-12-15","ami":[0,0,2,0,0]}},{"type":"Feature","geometry":{"type":"Point","coordinates":[-77.024801,38.956035]},"properties":{"name":"818 Kennedy St NW","address":"818 Kennedy Street Northwest, Washington, District of Columbia 20011","status":"Completed 2015 to Date","agency":"DHCD","aff":1,"total":12,"ward":"Ward 4","end":"2022-05-10","ami":[0,0,0,1,0]}},{"type":"Feature","geometry":{"type":"Point","coordinates":[-76.991359,38.934257]},"properties":{"name":"3624 12th St NE","address":"3624 12th Street Northeast, Washington, District of Columbia 20017","status":"Pipeline","agency":"DHCD","aff":1,"total":5,"ward":"Ward 5","end":"2027-12-10","ami":[0,1,0,0,0]}},{"type":"Feature","geometry":{"type":"Point","coordinates":[-76.985557,38.909809]},"properties":{"name":"1732 Montello Ave NE","address":"1732 Montello Avenue Northeast, Washington, District of Columbia 20002","status":"Completed 2015 to Date","agency":"DHCD","aff":1,"total":7,"ward":"Ward 5","end":"2022-08-17","ami":[0,0,0,1,0]}},{"type":"Feature","geometry":{"type":"Point","coordinates":[-77.028258,38.930902]},"properties":{"name":"3300-3316 11th ST NW","address":"3300 11th Street Northwest, Washington, District of Columbia 20010","status":"Pipeline","agency":"DHCD","aff":1,"total":14,"ward":"Ward 1","end":null,"ami":[0,1,0,0,0]}},{"type":"Feature","geometry":{"type":"Point","coordinates":[-77.026353,38.943838]},"properties":{"name":"4328 Georgia Ave NW","address":"4328 Georgia Avenue Northwest, Washington, District of Columbia 20011","status":"Completed 2015 to Date","agency":"DHCD","aff":2,"total":14,"ward":"Ward 4","end":"2025-02-04","ami":[0,1,0,1,0]}},{"type":"Feature","geometry":{"type":"Point","coordinates":[-76.98294,38.901327]},"properties":{"name":"818 Bladensburg Rd NE","address":"818 Bladensburg Road Northeast, Washington, District of Columbia 20002","status":"Completed 2015 to Date","agency":"DHCD","aff":3,"total":32,"ward":"Ward 5","end":"2023-03-07","ami":[0,0,3,0,0]}},{"type":"Feature","geometry":{"type":"Point","coordinates":[-77.008465,38.906701]},"properties":{"name":"2 Patterson","address":"2 Patterson Street Northeast, Washington, District of Columbia 20002","status":"Pipeline","agency":"DMPED","aff":325,"total":577,"ward":"Ward 6","end":"2029-12-01","ami":[48,147,0,130,0]}},{"type":"Feature","geometry":{"type":"Point","coordinates":[-76.979178,38.932894]},"properties":{"name":"1803 1/2 Monroe St NE","address":"1803 1/2 Monroe St NE, Washington, District of Columbia 20018","status":"Completed 2015 to Date","agency":"DHCD","aff":1,"total":6,"ward":"Ward 5","end":"2022-06-28","ami":[0,1,0,0,0]}},{"type":"Feature","geometry":{"type":"Point","coordinates":[-76.99257,38.934909]},"properties":{"name":"Mary House","address":"1005 Bunker Hill Road Northeast, Washington, District of Columbia 20018","status":"Completed 2015 to Date","agency":"DHCD","aff":2,"total":18,"ward":"Ward 5","end":"2025-05-29","ami":[0,0,2,0,0]}},{"type":"Feature","geometry":{"type":"Point","coordinates":[-77.025449,38.9403]},"properties":{"name":"4014 Georgia Ave NW","address":"4014 Georgia Avenue Northwest, Washington, District of Columbia 20011","status":"Completed 2015 to Date","agency":"DHCD","aff":1,"total":10,"ward":"Ward 4","end":"2022-06-13","ami":[0,1,0,0,0]}},{"type":"Feature","geometry":{"type":"Point","coordinates":[-76.968062,38.868321]},"properties":{"name":"1735 28th St SE","address":"1735 28th Street Southeast, Washington, District of Columbia 20020","status":"Completed 2015 to Date","agency":"DHCD","aff":1,"total":8,"ward":"Ward 7","end":"2023-01-20","ami":[0,0,0,1,0]}},{"type":"Feature","geometry":{"type":"Point","coordinates":[-76.977354,38.901753]},"properties":{"name":"1810 I St NE","address":"1810 I Street Northeast, Washington, District of Columbia 20002","status":"Completed 2015 to Date","agency":"DHCD","aff":1,"total":14,"ward":"Ward 5","end":"2024-04-18","ami":[0,1,0,0,0]}},{"type":"Feature","geometry":{"type":"Point","coordinates":[-76.984705,38.924167]},"properties":{"name":"1400 Montana Ave NE","address":"1400 Montana Avenue Northeast, Washington, District of Columbia 20018","status":"Completed 2015 to Date","agency":"DHCD","aff":9,"total":108,"ward":"Ward 5","end":"2022-08-12","ami":[0,0,9,0,0]}},{"type":"Feature","geometry":{"type":"Point","coordinates":[-76.99995,38.920368]},"properties":{"name":"Rialto","address":"410 Rhode Island Avenue Northeast, Washington, District of Columbia 20002","status":"Completed 2015 to Date","agency":"DHCD","aff":5,"total":74,"ward":"Ward 5","end":"2022-04-12","ami":[0,0,5,0,0]}},{"type":"Feature","geometry":{"type":"Point","coordinates":[-77.02367,38.918635]},"properties":{"name":"9th and W","address":"2131 9th Street Northwest, Washington, District of Columbia 20001","status":"Completed 2015 to Date","agency":"DHCD","aff":26,"total":312,"ward":"Ward 1","end":"2023-03-16","ami":[0,1,25,0,0]}},{"type":"Feature","geometry":{"type":"Point","coordinates":[-76.970436,38.87457]},"properties":{"name":"Penn Flats 16","address":"2505 Burns Street Southeast, Washington, District of Columbia 20020","status":"Completed 2015 to Date","agency":"DHCD","aff":2,"total":16,"ward":"Ward 7","end":"2022-12-29","ami":[0,0,2,0,0]}},{"type":"Feature","geometry":{"type":"Point","coordinates":[-77.010337,38.867802]},"properties":{"name":"Verge - 1800 Half St SW","address":"1800 Half Street Southwest, Washington, District of Columbia 20024","status":"Completed 2015 to Date","agency":"DHCD","aff":27,"total":344,"ward":"Ward 6","end":"2022-08-17","ami":[0,1,26,0,0]}},{"type":"Feature","geometry":{"type":"Point","coordinates":[-77.026557,38.956074]},"properties":{"name":"916 Kennedy St NW","address":"916 Kennedy Street Northwest, Washington, District of Columbia 20011","status":"Pipeline","agency":"DHCD","aff":1,"total":11,"ward":"Ward 4","end":"2026-12-17","ami":[0,0,0,1,0]}},{"type":"Feature","geometry":{"type":"Point","coordinates":[-77.028135,38.976574]},"properties":{"name":"WRAMC - The Hartley (Building IJ)","address":"7150 12th Street Northwest, Washington, District of Columbia 20012","status":"Completed 2015 to Date","agency":"DMPED","aff":32,"total":323,"ward":"Ward 4","end":"2023-01-12","ami":[0,2,0,30,0]}},{"type":"Feature","geometry":{"type":"Point","coordinates":[-77.028475,38.936182]},"properties":{"name":"The Appleton - Spring Flats Senior 4 % - fka Hebrew Home","address":"1125 Spring Road Northwest, Washington, District of Columbia 20010","status":"Completed 2015 to Date","agency":"DCHFA DHCD","aff":43,"total":43,"ward":"Ward 4","end":"2021-11-23","ami":[16,27,0,0,0]}},{"type":"Feature","geometry":{"type":"Point","coordinates":[-76.99464,38.827357]},"properties":{"name":"Park Southern Apartments - Summer 2018","address":"800 Southern Avenue Southeast, Washington, District of Columbia 20032","status":"Completed 2015 to Date","agency":"DCHFA DHCD","aff":336,"total":358,"ward":"Ward 8","end":"2023-04-01","ami":[10,132,171,23,0]}},{"type":"Feature","geometry":{"type":"Point","coordinates":[-76.976774,38.898543]},"properties":{"name":"740 19th St NE","address":"740 19th Street Northeast, Washington, District of Columbia 20002","status":"Completed 2015 to Date","agency":"DHCD","aff":1,"total":10,"ward":"Ward 6","end":"2022-07-11","ami":[0,1,0,0,0]}},{"type":"Feature","geometry":{"type":"Point","coordinates":[-76.990965,38.934154]},"properties":{"name":"3619 12th St NE","address":"3619 12th Street Northeast, Washington, District of Columbia 20017","status":"Completed 2015 to Date","agency":"DHCD","aff":2,"total":14,"ward":"Ward 5","end":"2023-02-15","ami":[0,1,0,1,0]}},{"type":"Feature","geometry":{"type":"Point","coordinates":[-77.026716,38.907914]},"properties":{"name":"1317 11th St NW","address":"1317 11th Street Northwest, Washington, District of Columbia 20001","status":"Completed 2015 to Date","agency":"DHCD","aff":1,"total":9,"ward":"Ward 2","end":"2021-12-15","ami":[0,0,0,1,0]}},{"type":"Feature","geometry":{"type":"Point","coordinates":[-77.02262,38.956811]},"properties":{"name":"5508 7th St NW","address":"5508 7th Street Northwest, Washington, District of Columbia 20011","status":"Completed 2015 to Date","agency":"DHCD","aff":3,"total":30,"ward":"Ward 4","end":"2022-12-02","ami":[0,0,3,0,0]}},{"type":"Feature","geometry":{"type":"Point","coordinates":[-77.020525,38.934494]},"properties":{"name":"3569 Warder St NW","address":"3569 Warder Street Northwest, Washington, District of Columbia 20010","status":"Completed 2015 to Date","agency":"DHCD","aff":1,"total":5,"ward":"Ward 1","end":"2021-06-18","ami":[0,0,0,1,0]}},{"type":"Feature","geometry":{"type":"Point","coordinates":[-76.987629,38.854206]},"properties":{"name":"2411-2433 Elvans Road SE","address":"2433 Elvans Road Southeast, Washington, District of Columbia 20020","status":"Completed 2015 to Date","agency":"DHCD","aff":1,"total":12,"ward":"Ward 8","end":"2022-10-13","ami":[0,0,0,1,0]}},{"type":"Feature","geometry":{"type":"Point","coordinates":[-76.988394,38.859914]},"properties":{"name":"Douglass Townhomes","address":"2501 West Street Southeast, Washington, District of Columbia 20020","status":"Completed 2015 to Date","agency":"DCHFA DHCD","aff":1,"total":6,"ward":"Ward 8","end":"2021-09-24","ami":[0,0,0,1,0]}},{"type":"Feature","geometry":{"type":"Point","coordinates":[-76.985114,38.909643]},"properties":{"name":"1723 Montello Ave NE","address":"1723 Montello Avenue Northeast, Washington, District of Columbia 20002","status":"Completed 2015 to Date","agency":"DHCD","aff":1,"total":8,"ward":"Ward 5","end":"2022-01-05","ami":[0,0,1,0,0]}},{"type":"Feature","geometry":{"type":"Point","coordinates":[-76.97351,38.849313]},"properties":{"name":"Woodberry Village","address":"2224 Savannah Terrace Southeast, Washington, District of Columbia 20020","status":"Completed 2015 to Date","agency":"DCHFA DHCD","aff":190,"total":190,"ward":"Ward 8","end":"2023-01-04","ami":[0,124,66,0,0]}},{"type":"Feature","geometry":{"type":"Point","coordinates":[-76.991284,38.854956]},"properties":{"name":"Skyline Apartments (formerly Forest Ridge and The Vistas)","address":"2549 Elvans Road Southeast, Washington, District of Columbia 20020","status":"Completed 2015 to Date","agency":"DCHFA DHCD","aff":395,"total":395,"ward":"Ward 8","end":"2021-04-27","ami":[0,395,0,0,0]}},{"type":"Feature","geometry":{"type":"Point","coordinates":[-76.992167,38.922049]},"properties":{"name":"1001 Bryant Street NE","address":"1001 Bryant Street Northeast, Washington, District of Columbia 20018","status":"Completed 2015 to Date","agency":"DHCD","aff":1,"total":15,"ward":"Ward 5","end":"2022-04-06","ami":[0,0,1,0,0]}},{"type":"Feature","geometry":{"type":"Point","coordinates":[-76.975706,38.870042]},"properties":{"name":"1618 21st Place SE","address":"1618 21st Place Southeast, Washington, District of Columbia 20020","status":"Under Construction","agency":"DHCD","aff":2,"total":15,"ward":"Ward 8","end":"2026-03-01","ami":[0,1,1,0,0]}},{"type":"Feature","geometry":{"type":"Point","coordinates":[-77.030448,38.95757]},"properties":{"name":"1307 Longfellow St NW","address":"1307 Longfellow Street Northwest, Washington, District of Columbia 20011","status":"Completed 2015 to Date","agency":"DHCD","aff":1,"total":12,"ward":"Ward 4","end":"2024-06-12","ami":[0,0,1,0,0]}},{"type":"Feature","geometry":{"type":"Point","coordinates":[-76.979277,38.90297]},"properties":{"name":"1010 17th St NE","address":"1010 17th Street Northeast, Washington, District of Columbia 20002","status":"Completed 2015 to Date","agency":"DHCD","aff":1,"total":15,"ward":"Ward 5","end":"2024-07-31","ami":[0,1,0,0,0]}},{"type":"Feature","geometry":{"type":"Point","coordinates":[-77.009382,38.909901]},"properties":{"name":"1504 North Capitol St NW","address":"1504 North Capitol Street Northwest, Washington, District of Columbia 20002","status":"Completed 2015 to Date","agency":"DHCD","aff":1,"total":8,"ward":"Ward 5","end":"2022-05-11","ami":[0,0,0,1,0]}},{"type":"Feature","geometry":{"type":"Point","coordinates":[-76.986452,38.855461]},"properties":{"name":"Townes at Stanton Square","address":"2912 Stanton Road Southeast, Washington, District of Columbia 20020","status":"Completed 2015 to Date","agency":"DHCD","aff":5,"total":42,"ward":"Ward 8","end":"2021-10-22","ami":[0,2,0,3,0]}},{"type":"Feature","geometry":{"type":"Point","coordinates":[-77.000237,38.924234]},"properties":{"name":"Flats on Fourth","address":"2641 4th Street Northeast, Washington, District of Columbia 20002","status":"Completed 2015 to Date","agency":"DHCD","aff":1,"total":2,"ward":"Ward 5","end":"2023-01-30","ami":[0,0,1,0,0]}},{"type":"Feature","geometry":{"type":"Point","coordinates":[-76.97679,38.916768]},"properties":{"name":"New City","address":"1901 New York Avenue Northeast, Washington, District of Columbia 20002","status":"Pipeline","agency":"DHCD","aff":16,"total":212,"ward":"Ward 5","end":"2029-01-01","ami":[0,0,16,0,0]}},{"type":"Feature","geometry":{"type":"Point","coordinates":[-76.983039,38.866136]},"properties":{"name":"1916 15th St SE","address":"1916 15th Street Southeast, Washington, District of Columbia 20020","status":"Completed 2015 to Date","agency":"DHCD","aff":4,"total":27,"ward":"Ward 8","end":"2023-12-21","ami":[0,0,4,0,0]}},{"type":"Feature","geometry":{"type":"Point","coordinates":[-76.99873,38.826582]},"properties":{"name":"Cascade Park 2019 - 4%","address":"4281 6th Street Southeast, Washington, District of Columbia 20032","status":"Completed 2015 to Date","agency":"DCHFA DHCD","aff":59,"total":59,"ward":"Ward 8","end":"2019-12-19","ami":[9,31,15,4,0]}},{"type":"Feature","geometry":{"type":"Point","coordinates":[-77.031881,38.924475]},"properties":{"name":"Faircliff Plaza East","address":"2641 14th Street Northwest, Washington, District of Columbia 20011","status":"Completed 2015 to Date","agency":"DCHFA DHCD","aff":125,"total":125,"ward":"Ward 1","end":"2024-11-21","ami":[9,36,80,0,0]}},{"type":"Feature","geometry":{"type":"Point","coordinates":[-77.008644,38.91004]},"properties":{"name":"SOME North Capitol Street 2019","address":"1515 North Capitol Street Northeast, Washington, District of Columbia 20002","status":"Completed 2015 to Date","agency":"DHCD","aff":0,"total":3,"ward":"Ward 5","end":"2023-11-09","ami":[0,0,0,0,0]}},{"type":"Feature","geometry":{"type":"Point","coordinates":[-76.991962,38.863221]},"properties":{"name":"The Clara On MLK","address":"2323 Martin Luther King Jr Avenue Southeast, Washington, District of Columbia 20020","status":"Completed 2015 to Date","agency":"DHCD","aff":81,"total":81,"ward":"Ward 8","end":"2024-08-19","ami":[20,61,0,0,0]}},{"type":"Feature","geometry":{"type":"Point","coordinates":[-77.013148,38.951823]},"properties":{"name":"The Hampshire - 2019","address":"5000 New Hampshire Avenue Northwest, Washington, District of Columbia 20011","status":"Completed 2015 to Date","agency":"DHCD","aff":56,"total":56,"ward":"Ward 4","end":"2019-03-28","ami":[8,16,20,12,0]}},{"type":"Feature","geometry":{"type":"Point","coordinates":[-76.978955,38.847968]},"properties":{"name":"Henson Ridge Rental Phase I - Rehab","address":"1804 Alabama Avenue Southeast, Washington, District of Columbia 20020","status":"Pipeline","agency":"DCHA DCHFA","aff":124,"total":124,"ward":"Ward 8","end":"2027-01-31","ami":[68,0,56,0,0]}},{"type":"Feature","geometry":{"type":"Point","coordinates":[-77.031918,38.927334]},"properties":{"name":"Columbia Heights Village Preservation","address":"1314 Columbia Road Northwest, Washington, District of Columbia 20009","status":"Pipeline","agency":"DCHFA","aff":406,"total":406,"ward":"Ward 1","end":"2027-06-01","ami":[0,0,406,0,0]}},{"type":"Feature","geometry":{"type":"Point","coordinates":[-76.981527,38.921405]},"properties":{"name":"MELVO (Montana Five)","address":"1621 Montana Avenue Northeast, Washington, District of Columbia 20018","status":"Pipeline","agency":"DCHA DCHFA DHCD","aff":0,"total":0,"ward":"Ward 5","end":"2027-06-01","ami":[0,0,0,0,0]}},{"type":"Feature","geometry":{"type":"Point","coordinates":[-77.008294,38.905198]},"properties":{"name":"DCHA Headquarters - Phase 2","address":"1133 North Capitol Street Northeast, Washington, District of Columbia 20002","status":"Pipeline","agency":"DCHA","aff":72,"total":360,"ward":"Ward 6","end":"2028-06-01","ami":[36,0,36,0,0]}},{"type":"Feature","geometry":{"type":"Point","coordinates":[-77.008294,38.905198]},"properties":{"name":"DCHA Headquarters - Phase 3","address":"1133 North Capitol Street Northeast, Washington, District of Columbia 20002","status":"Pipeline","agency":"DCHA","aff":76,"total":380,"ward":"Ward 6","end":"2031-01-01","ami":[38,0,38,0,0]}},{"type":"Feature","geometry":{"type":"Point","coordinates":[-76.991328,38.922511]},"properties":{"name":"1005 Rhode Island Ave NE","address":"1005 Rhode Island Avenue Northeast, Washington, District of Columbia 20018","status":"Under Construction","agency":"DHCD","aff":1,"total":8,"ward":"Ward 5","end":"2026-07-22","ami":[0,1,0,0,0]}},{"type":"Feature","geometry":{"type":"Point","coordinates":[-77.034949,38.913779]},"properties":{"name":"Capitol Rose","address":"1732 15th Street Northwest, Washington, District of Columbia 20009","status":"Completed 2015 to Date","agency":"DHCD","aff":13,"total":158,"ward":"Ward 2","end":"2023-08-24","ami":[0,0,13,0,0]}},{"type":"Feature","geometry":{"type":"Point","coordinates":[-77.02556,38.940641]},"properties":{"name":"4036 Georgia Ave NW","address":"4036 Georgia Avenue Northwest, Washington, District of Columbia 20011","status":"Under Construction","agency":"DHCD","aff":2,"total":24,"ward":"Ward 4","end":"2026-02-01","ami":[0,1,1,0,0]}},{"type":"Feature","geometry":{"type":"Point","coordinates":[-76.974059,38.871539]},"properties":{"name":"2215 Minnesota Ave SE","address":"2215 Minnesota Avenue Southeast, Washington, District of Columbia 20020","status":"Completed 2015 to Date","agency":"DHCD","aff":2,"total":19,"ward":"Ward 8","end":"2023-03-01","ami":[0,0,2,0,0]}},{"type":"Feature","geometry":{"type":"Point","coordinates":[-77.022348,38.925582]},"properties":{"name":"Howard Manor Renovation","address":"654 Girard Street Northwest, Washington, District of Columbia 20001","status":"Completed 2015 to Date","agency":"Amazon Housing Equity Fund","aff":80,"total":80,"ward":"Ward 1","end":"2024-03-20","ami":[0,0,80,0,0]}},{"type":"Feature","geometry":{"type":"Point","coordinates":[-76.959884,38.870242]},"properties":{"name":"Residences at Penn Branch (Shops at Penn Branch Multifamily)","address":"1550 Branch Avenue Southeast, Washington, District of Columbia 20020","status":"Pipeline","agency":"DCHFA Amazon Housing Equity Fund","aff":170,"total":189,"ward":"Ward 7","end":null,"ami":[10,0,104,56,0]}},{"type":"Feature","geometry":{"type":"Point","coordinates":[-76.974478,38.904083]},"properties":{"name":"Carver Terrace Preservation","address":"2026 Maryland Avenue Northeast, Washington, District of Columbia 20002","status":"Pipeline","agency":"DCHFA Amazon Housing Equity Fund","aff":312,"total":312,"ward":"Ward 5","end":"2028-03-01","ami":[0,0,312,0,0]}},{"type":"Feature","geometry":{"type":"Point","coordinates":[-76.91337,38.895111]},"properties":{"name":"SOME Scattered Site IV - Deanwood","address":"415 61st Street Northeast, Washington, District of Columbia 20019","status":"Pipeline","agency":"CDFI Fund","aff":154,"total":154,"ward":"Ward 7","end":"2028-06-01","ami":[0,0,154,0,0]}},{"type":"Feature","geometry":{"type":"Point","coordinates":[-76.989295,38.882209]},"properties":{"name":"The Rushmore (HANTA)","address":"1220 Pennsylvania Avenue Southeast, Washington, District of Columbia 20003","status":"Under Construction","agency":"DHCD","aff":43,"total":43,"ward":"Ward 6","end":"2026-02-01","ami":[0,0,0,43,0]}},{"type":"Feature","geometry":{"type":"Point","coordinates":[-76.980143,38.898074]},"properties":{"name":"Gales Street HIP","address":"1661 Gales Street Northeast, Washington, District of Columbia 20002","status":"Completed 2015 to Date","agency":"DCHFA","aff":0,"total":2,"ward":"Ward 7","end":"2021-04-12","ami":[0,0,0,0,2]}},{"type":"Feature","geometry":{"type":"Point","coordinates":[-76.98966,38.858322]},"properties":{"name":"Washington View Apartments","address":"2629 Stanton Road Southeast, Washington, District of Columbia 20020","status":"Completed 2015 to Date","agency":"Amazon Housing Equity Fund","aff":353,"total":353,"ward":"Ward 8","end":"2023-12-27","ami":[0,176,88,89,0]}},{"type":"Feature","geometry":{"type":"Point","coordinates":[-76.930768,38.909291]},"properties":{"name":"1430 Eastern Avenue NE","address":"1430 Eastern Avenue Northeast, Washington, District of Columbia 20019","status":"Under Construction","agency":"DHCD","aff":2,"total":16,"ward":"Ward 7","end":"2026-03-22","ami":[0,0,2,0,0]}},{"type":"Feature","geometry":{"type":"Point","coordinates":[-76.924723,38.903495]},"properties":{"name":"945 52nd  Street NE","address":"945 52nd Street Northeast, Washington, District of Columbia 20019","status":"Under Construction","agency":"DHCD","aff":1,"total":12,"ward":"Ward 7","end":"2026-09-04","ami":[0,0,1,0,0]}},{"type":"Feature","geometry":{"type":"Point","coordinates":[-77.082635,38.953884]},"properties":{"name":"4912 Wisconsin Ave NW","address":"4912 Wisconsin Avenue Northwest, Washington, District of Columbia 20016","status":"Under Construction","agency":"DHCD","aff":2,"total":18,"ward":"Ward 3","end":"2026-02-01","ami":[0,1,1,0,0]}},{"type":"Feature","geometry":{"type":"Point","coordinates":[-76.99066,38.861883]},"properties":{"name":"Talbert-Morris Residences","address":"1258 Talbert Street Southeast, Washington, District of Columbia 20020","status":"Pipeline","agency":"DHCD","aff":1,"total":12,"ward":"Ward 8","end":null,"ami":[0,0,0,1,0]}},{"type":"Feature","geometry":{"type":"Point","coordinates":[-77.026696,38.948715]},"properties":{"name":"4811 Georgia Ave NW","address":"4811 Georgia Avenue Northwest, Washington, District of Columbia 20011","status":"Under Construction","agency":"DHCD","aff":1,"total":10,"ward":"Ward 4","end":"2026-06-01","ami":[0,1,0,0,0]}},{"type":"Feature","geometry":{"type":"Point","coordinates":[-77.018269,38.878999]},"properties":{"name":"Westminster Presbyterian Church Redevelopment - 400 I St SW","address":"400 I Street Southwest, Washington, District of Columbia 20024","status":"Pipeline","agency":"OP","aff":123,"total":222,"ward":"Ward 6","end":null,"ami":[0,0,123,0,0]}},{"type":"Feature","geometry":{"type":"Point","coordinates":[-77.012605,38.900771]},"properties":{"name":"Alta 801","address":"801 New Jersey Avenue Northwest, Washington, District of Columbia 20001","status":"Completed 2015 to Date","agency":"DHCD","aff":27,"total":327,"ward":"Ward 6","end":"2022-12-29","ami":[0,0,27,0,0]}},{"type":"Feature","geometry":{"type":"Point","coordinates":[-77.019017,38.956266]},"properties":{"name":"414 Kennedy St NW","address":"414 Kennedy Street Northwest, Washington, District of Columbia 20011","status":"Under Construction","agency":"DHCD","aff":2,"total":22,"ward":"Ward 4","end":"2026-02-01","ami":[0,0,0,2,0]}},{"type":"Feature","geometry":{"type":"Point","coordinates":[-76.964592,38.852087]},"properties":{"name":"3044 30th St SE","address":"3044 30th Street Southeast, Washington, District of Columbia 20020","status":"Completed 2015 to Date","agency":"DHCD","aff":2,"total":16,"ward":"Ward 8","end":"2024-05-31","ami":[0,0,2,0,0]}},{"type":"Feature","geometry":{"type":"Point","coordinates":[-77.015989,38.975329]},"properties":{"name":"218 Cedar St NW","address":"218 Cedar Street Northwest, Washington, District of Columbia 20012","status":"Completed 2015 to Date","agency":"DHCD","aff":4,"total":36,"ward":"Ward 4","end":"2024-07-25","ami":[0,0,4,0,0]}},{"type":"Feature","geometry":{"type":"Point","coordinates":[-76.980118,38.905564]},"properties":{"name":"1200 Bladensburg Rd NE","address":"1200 Bladensburg Road Northeast, Washington, District of Columbia 20002","status":"Under Construction","agency":"DHCD","aff":3,"total":37,"ward":"Ward 5","end":"2026-03-01","ami":[0,0,3,0,0]}},{"type":"Feature","geometry":{"type":"Point","coordinates":[-76.982441,38.8661]},"properties":{"name":"1525 Good Hope Rd SE","address":"1525 Good Hope Road Southeast, Washington, District of Columbia 20020","status":"Pipeline","agency":"DHCD","aff":2,"total":14,"ward":"Ward 8","end":null,"ami":[0,1,1,0,0]}},{"type":"Feature","geometry":{"type":"Point","coordinates":[-76.974,38.873908]},"properties":{"name":"2230 Nicholson St SE","address":"2230 Nicholson Street Southeast, Washington, District of Columbia 20020","status":"Completed 2015 to Date","agency":"DHCD","aff":1,"total":12,"ward":"Ward 7","end":"2023-10-16","ami":[0,1,0,0,0]}},{"type":"Feature","geometry":{"type":"Point","coordinates":[-77.020481,38.956632]},"properties":{"name":"513 Kennedy St NW","address":"513 Kennedy Street Northwest, Washington, District of Columbia 20011","status":"Under Construction","agency":"DHCD","aff":1,"total":10,"ward":"Ward 4","end":"2026-04-01","ami":[0,0,1,0,0]}},{"type":"Feature","geometry":{"type":"Point","coordinates":[-76.981033,38.866723]},"properties":{"name":"1913 17th St SE","address":"1913 17th Street Southeast, Washington, District of Columbia 20020","status":"Completed 2015 to Date","agency":"DHCD","aff":2,"total":18,"ward":"Ward 8","end":"2025-01-29","ami":[0,0,2,0,0]}},{"type":"Feature","geometry":{"type":"Point","coordinates":[-76.976256,38.872769]},"properties":{"name":"1517 Young St SE","address":"1517 Young Street Southeast, Washington, District of Columbia 20020","status":"Completed 2015 to Date","agency":"DHCD","aff":2,"total":20,"ward":"Ward 8","end":"2024-06-18","ami":[0,0,2,0,0]}},{"type":"Feature","geometry":{"type":"Point","coordinates":[-76.983836,38.887806]},"properties":{"name":"1444 Independence Ave SE","address":"1444 Independence Avenue Southeast, Washington, District of Columbia 20003","status":"Completed 2015 to Date","agency":"DHCD","aff":1,"total":7,"ward":"Ward 6","end":"2023-09-21","ami":[0,0,1,0,0]}},{"type":"Feature","geometry":{"type":"Point","coordinates":[-77.016842,38.956741]},"properties":{"name":"313 - 317 Kennedy St NW","address":"313 Kennedy Street Northwest, Washington, District of Columbia 20011","status":"Completed 2015 to Date","agency":"DHCD","aff":2,"total":24,"ward":"Ward 4","end":"2025-09-02","ami":[0,0,0,2,0]}},{"type":"Feature","geometry":{"type":"Point","coordinates":[-77.027345,38.919915]},"properties":{"name":"2220 11th St NW","address":"2220 11th Street Northwest, Washington, District of Columbia 20001","status":"Completed 2015 to Date","agency":"DHCD","aff":4,"total":60,"ward":"Ward 1","end":"2023-02-24","ami":[0,1,3,0,0]}},{"type":"Feature","geometry":{"type":"Point","coordinates":[-76.981943,38.866347]},"properties":{"name":"1600 Good Hope Rd SE","address":"1600 Good Hope Road Southeast, Washington, District of Columbia 20020","status":"Completed 2015 to Date","agency":"DHCD","aff":3,"total":35,"ward":"Ward 8","end":"2025-03-13","ami":[0,1,2,0,0]}},{"type":"Feature","geometry":{"type":"Point","coordinates":[-77.001524,38.956564]},"properties":{"name":"Riggs Crossing Senior Residences - Fort Totten Phase 2 (Multifamily Senior)","address":"5543 South Dakota Avenue Northeast, Washington, District of Columbia 20011","status":"Completed 2015 to Date","agency":"DMPED DCHFA DHCD","aff":93,"total":93,"ward":"Ward 4","end":"2025-04-14","ami":[52,41,0,0,0]}},{"type":"Feature","geometry":{"type":"Point","coordinates":[-76.991305,38.832294]},"properties":{"name":"The Gregory Apartments","address":"852 Barnaby Street Southeast, Washington, District of Columbia 20032","status":"Completed 2015 to Date","agency":"DCHFA DHCD","aff":124,"total":124,"ward":"Ward 8","end":"2016-01-14","ami":[41,41,42,0,0]}},{"type":"Feature","geometry":{"type":"Point","coordinates":[-77.014751,38.901438]},"properties":{"name":"Liberty Place Apartments","address":"881 3rd St NW, Washington, District of Columbia 20001","status":"Completed 2015 to Date","agency":"DMPED DHCD","aff":71,"total":344,"ward":"Ward 6","end":"2022-01-18","ami":[14,53,4,0,0]}},{"type":"Feature","geometry":{"type":"Point","coordinates":[-77.02722,38.958062]},"properties":{"name":"924 Madison Street NW - Berean Baptist","address":"924 Madison Street Northwest, Washington, District of Columbia 20011","status":"Pipeline","agency":"DHCD OP","aff":6,"total":30,"ward":"Ward 4","end":"2028-12-01","ami":[0,0,6,0,0]}},{"type":"Feature","geometry":{"type":"Point","coordinates":[-77.026835,38.95647]},"properties":{"name":"927 Kennedy St NW","address":"927 Kennedy St NW, Washington, District of Columbia 20011","status":"Completed 2015 to Date","agency":"DHCD","aff":2,"total":12,"ward":"Ward 4","end":"2022-03-07","ami":[0,1,0,1,0]}},{"type":"Feature","geometry":{"type":"Point","coordinates":[-77.026768,38.957621]},"properties":{"name":"Brightwood Gardens","address":"931 Longfellow Street Northwest, Washington, District of Columbia 20011","status":"Completed 2015 to Date","agency":"DHCD","aff":51,"total":51,"ward":"Ward 4","end":"2022-11-30","ami":[6,33,0,12,0]}},{"type":"Feature","geometry":{"type":"Point","coordinates":[-77.025644,38.880511]},"properties":{"name":"The Channel (Parcel 2, Wharf Phase I)","address":"950 Maine Avenue Southwest, Washington, District of Columbia 20024","status":"Completed 2015 to Date","agency":"DMPED OP","aff":104,"total":501,"ward":"Ward 6","end":"2017-10-12","ami":[54,0,50,0,49]}},{"type":"Feature","geometry":{"type":"Point","coordinates":[-77.008621,38.878881]},"properties":{"name":"950 South Cap Street SE","address":"950 South Capitol Street Southeast, Washington, District of Columbia 20003","status":"Completed 2015 to Date","agency":"OP","aff":24,"total":24,"ward":"Ward 6","end":"2020-07-22","ami":[0,0,0,24,0]}},{"type":"Feature","geometry":{"type":"Point","coordinates":[-76.977863,38.902694]},"properties":{"name":"1001 18th Street NE","address":"1001 18th Street Northeast, Washington, District of Columbia 20002","status":"Under Construction","agency":"DHCD","aff":1,"total":19,"ward":"Ward 5","end":"2026-03-01","ami":[0,1,0,0,0]}},{"type":"Feature","geometry":{"type":"Point","coordinates":[-76.987961,38.895636]},"properties":{"name":"Kingsman (the), 429 13th Street NE","address":"429 13th Street Northeast, Washington, District of Columbia 20002","status":"Completed 2015 to Date","agency":"DHCD","aff":2,"total":20,"ward":"Ward 6","end":"2025-12-08","ami":[0,1,1,0,0]}},{"type":"Feature","geometry":{"type":"Point","coordinates":[-76.979284,38.903272]},"properties":{"name":"1022 17th Street NE","address":"1022 17th Street Northeast, Washington, District of Columbia 20002","status":"Under Construction","agency":"DHCD","aff":1,"total":14,"ward":"Ward 5","end":"2026-03-01","ami":[0,1,0,0,0]}},{"type":"Feature","geometry":{"type":"Point","coordinates":[-76.991985,38.903797]},"properties":{"name":"1020 Florida Ave. NE","address":"1020 Florida Avenue Northeast, Washington, District of Columbia 20002","status":"Completed 2015 to Date","agency":"DHCD","aff":1,"total":10,"ward":"Ward 5","end":"2023-08-07","ami":[0,0,1,0,0]}},{"type":"Feature","geometry":{"type":"Point","coordinates":[-77.007804,38.910523]},"properties":{"name":"38 Porter St. NE","address":"38 Porter Street Northeast, Washington, District of Columbia 20002","status":"Pipeline","agency":"DHCD","aff":1,"total":19,"ward":"Ward 5","end":null,"ami":[0,0,1,0,0]}},{"type":"Feature","geometry":{"type":"Point","coordinates":[-76.990993,38.929756]},"properties":{"name":"3200 12th St. NE","address":"3200 12th Street Northeast, Washington, District of Columbia 20017","status":"Under Construction","agency":"DHCD","aff":2,"total":24,"ward":"Ward 5","end":"2026-03-01","ami":[0,0,2,0,0]}},{"type":"Feature","geometry":{"type":"Point","coordinates":[-77.080885,38.922952]},"properties":{"name":"2504 41st St. NW","address":"2504 41st Street Northwest, Washington, District of Columbia 20007","status":"Under Construction","agency":"DHCD","aff":0,"total":8,"ward":"Ward 3","end":"2026-02-01","ami":[0,0,0,0,0]}},{"type":"Feature","geometry":{"type":"Point","coordinates":[-76.991193,38.930294]},"properties":{"name":"1031 Kearny St. NE","address":"1031 Kearny Street Northeast, Washington, District of Columbia 20017","status":"Completed 2015 to Date","agency":"DHCD","aff":2,"total":22,"ward":"Ward 5","end":"2024-12-26","ami":[0,0,2,0,0]}},{"type":"Feature","geometry":{"type":"Point","coordinates":[-76.986055,38.901273]},"properties":{"name":"1358 Florida Ave. NE","address":"1358 Florida Avenue Northeast, Washington, District of Columbia 20002","status":"Completed 2015 to Date","agency":"DHCD","aff":3,"total":39,"ward":"Ward 5","end":"2025-07-18","ami":[0,0,0,3,0]}},{"type":"Feature","geometry":{"type":"Point","coordinates":[-77.025081,38.955981]},"properties":{"name":"826 Kennedy St. NW","address":"826 Kennedy Street Northwest, Washington, District of Columbia 20011","status":"Completed 2015 to Date","agency":"DHCD","aff":1,"total":17,"ward":"Ward 4","end":"2024-07-08","ami":[0,0,1,0,0]}},{"type":"Feature","geometry":{"type":"Point","coordinates":[-76.965947,38.874784]},"properties":{"name":"2908 N St. SE","address":"2908 N Street Southeast, Washington, District of Columbia 20019","status":"Under Construction","agency":"DHCD","aff":2,"total":9,"ward":"Ward 7","end":"2026-02-01","ami":[0,1,1,0,0]}},{"type":"Feature","geometry":{"type":"Point","coordinates":[-77.027379,38.949523]},"properties":{"name":"4840 Georgia Ave. NW","address":"4840 Georgia Avenue Northwest, Washington, District of Columbia 20011","status":"Under Construction","agency":"DHCD","aff":3,"total":34,"ward":"Ward 4","end":"2026-02-27","ami":[0,1,2,0,0]}},{"type":"Feature","geometry":{"type":"Point","coordinates":[-76.99962,38.907074]},"properties":{"name":"400 Florida Ave. NE","address":"400 Florida Avenue Northeast, Washington, District of Columbia 20002","status":"Completed 2015 to Date","agency":"DHCD OP","aff":15,"total":110,"ward":"Ward 5","end":"2022-05-18","ami":[0,7,0,8,0]}},{"type":"Feature","geometry":{"type":"Point","coordinates":[-77.031969,38.926221]},"properties":{"name":"Carl F. West Estates","address":"2801 14th Street Northwest, Washington, District of Columbia 20009","status":"Completed 2015 to Date","agency":"DCHFA DHCD","aff":179,"total":179,"ward":"Ward 1","end":"2025-09-24","ami":[43,119,0,17,0]}},{"type":"Feature","geometry":{"type":"Point","coordinates":[-76.971235,38.848375]},"properties":{"name":"Terrace Manor Apartments 2019 RFP","address":"3301 23rd Street Southeast, Washington, District of Columbia 20020","status":"Completed 2015 to Date","agency":"DCHFA DHCD OP","aff":130,"total":130,"ward":"Ward 8","end":"2024-07-29","ami":[14,42,74,0,0]}},{"type":"Feature","geometry":{"type":"Point","coordinates":[-76.981314,38.864008]},"properties":{"name":"Villages of East River Apartments","address":"1635 V Street Southeast, Washington, District of Columbia 20020","status":"Under Construction","agency":"DCHFA DHCD","aff":202,"total":202,"ward":"Ward 8","end":"2026-02-01","ami":[41,80,81,0,0]}},{"type":"Feature","geometry":{"type":"Point","coordinates":[-77.001112,38.824575]},"properties":{"name":"Worthington Woods Apartments","address":"4518 3rd Street Southeast, Washington, District of Columbia 20032","status":"Completed 2015 to Date","agency":"DCHFA DHCD","aff":394,"total":394,"ward":"Ward 8","end":"2025-04-04","ami":[40,83,271,0,0]}},{"type":"Feature","geometry":{"type":"Point","coordinates":[-77.027617,38.97692]},"properties":{"name":"WRAMC - The Kite House (Building O)","address":"7175 12th Street Northwest, Washington, District of Columbia 20012","status":"Completed 2015 to Date","agency":"DMPED","aff":9,"total":109,"ward":"Ward 4","end":"2023-07-05","ami":[0,0,0,9,0]}},{"type":"Feature","geometry":{"type":"Point","coordinates":[-77.027563,38.976028]},"properties":{"name":"WRAMC - 1155 Dahlia Street (Building P)","address":"1155 Dahlia Street Northwest, Washington, District of Columbia 20012","status":"Completed 2015 to Date","agency":"DMPED DHCD","aff":38,"total":248,"ward":"Ward 4","end":"2023-03-02","ami":[0,0,0,38,0]}},{"type":"Feature","geometry":{"type":"Point","coordinates":[-76.983406,38.85185]},"properties":{"name":"Hyacinth's Way - Bruce Place SE at Jasper Place SE PUD","address":"3100 Bruce Place Southeast, Washington, District of Columbia 20020","status":"Pipeline","agency":"OP","aff":71,"total":71,"ward":"Ward 8","end":"2027-06-01","ami":[36,0,35,0,0]}},{"type":"Feature","geometry":{"type":"Point","coordinates":[-77.040293,38.921087]},"properties":{"name":"Jubilee Ontario Place - Ontario KEB","address":"2400 Ontario Road Northwest, Washington, District of Columbia 20009","status":"Completed 2015 to Date","agency":"DCHFA DHCD","aff":52,"total":52,"ward":"Ward 1","end":"2026-01-16","ami":[29,23,0,0,0]}},{"type":"Feature","geometry":{"type":"Point","coordinates":[-76.973231,38.873127]},"properties":{"name":"2305 Nicholson St. SE","address":"2305 Nicholson Street Southeast, Washington, District of Columbia 20020","status":"Completed 2015 to Date","agency":"DHCD","aff":1,"total":19,"ward":"Ward 8","end":"2024-08-16","ami":[0,0,1,0,0]}},{"type":"Feature","geometry":{"type":"Point","coordinates":[-77.020492,38.915891]},"properties":{"name":"611 Florida Ave. NW","address":"611 Florida Avenue Northwest, Washington, District of Columbia 20001","status":"Completed 2015 to Date","agency":"DHCD","aff":1,"total":7,"ward":"Ward 1","end":"2023-01-31","ami":[0,0,1,0,0]}},{"type":"Feature","geometry":{"type":"Point","coordinates":[-77.096007,38.917527]},"properties":{"name":"Fitzgerald of Palisades","address":"4865 Macarthur Boulevard Northwest, Washington, District of Columbia 20007","status":"Completed 2015 to Date","agency":"DHCD","aff":6,"total":130,"ward":"Ward 3","end":"2025-06-02","ami":[0,2,4,0,0]}},{"type":"Feature","geometry":{"type":"Point","coordinates":[-77.033032,38.939575]},"properties":{"name":"14th Street Condos","address":"3934 14th Street Northwest, Washington, District of Columbia 20011","status":"Completed 2015 to Date","agency":"DHCD","aff":1,"total":17,"ward":"Ward 4","end":"2024-04-03","ami":[0,0,1,0,0]}},{"type":"Feature","geometry":{"type":"Point","coordinates":[-76.997077,38.909029]},"properties":{"name":"Union Market PUD North Building","address":"1325 5th Street Northeast, Washington, District of Columbia 20002","status":"Completed 2015 to Date","agency":"DHCD OP","aff":24,"total":300,"ward":"Ward 5","end":"2023-08-03","ami":[0,7,17,0,0]}},{"type":"Feature","geometry":{"type":"Point","coordinates":[-77.027837,38.920081]},"properties":{"name":"2237 12th St NW","address":"2237 12th Street Northwest, Washington, District of Columbia 20009","status":"Completed 2015 to Date","agency":"DHCD","aff":1,"total":10,"ward":"Ward 1","end":"2021-08-20","ami":[0,1,0,0,0]}},{"type":"Feature","geometry":{"type":"Point","coordinates":[-77.027854,38.920153]},"properties":{"name":"2241-2243 12th Street Northwest","address":"2243 12th Street Northwest, Washington, District of Columbia 20009","status":"Completed 2015 to Date","agency":"DHCD","aff":1,"total":9,"ward":"Ward 1","end":"2021-08-20","ami":[0,0,1,0,0]}},{"type":"Feature","geometry":{"type":"Point","coordinates":[-76.991466,38.933707]},"properties":{"name":"1036 Newton Street NE","address":"1036 Newton Street NE, Washington, District of Columbia 20017","status":"Completed 2015 to Date","agency":"DHCD","aff":1,"total":10,"ward":"Ward 5","end":"2024-05-09","ami":[0,0,1,0,0]}},{"type":"Feature","geometry":{"type":"Point","coordinates":[-76.99204,38.922824]},"properties":{"name":"1002 Rhode Island Avenue Northeast","address":"1002 Rhode Island Avenue Northeast, Washington, District of Columbia 20018","status":"Completed 2015 to Date","agency":"DHCD","aff":1,"total":8,"ward":"Ward 5","end":"2024-04-29","ami":[0,0,0,1,0]}},{"type":"Feature","geometry":{"type":"Point","coordinates":[-77.01605,38.974147]},"properties":{"name":"225 Vine Street Northwest","address":"225 Vine Street Northwest, Washington, District of Columbia 20012","status":"Completed 2015 to Date","agency":"DHCD","aff":3,"total":28,"ward":"Ward 4","end":"2023-08-28","ami":[0,1,2,0,0]}},{"type":"Feature","geometry":{"type":"Point","coordinates":[-77.026567,38.944621]},"properties":{"name":"4412 Georgia Avenue Northwest","address":"4412 Georgia Avenue Northwest, Washington, District of Columbia 20011","status":"Under Construction","agency":"DHCD","aff":2,"total":18,"ward":"Ward 4","end":"2026-02-01","ami":[0,0,2,0,0]}},{"type":"Feature","geometry":{"type":"Point","coordinates":[-76.976178,38.869875]},"properties":{"name":"21st Place Flats","address":"1625 21st Place Southeast, Washington, District of Columbia 20020","status":"Under Construction","agency":"DHCD","aff":2,"total":20,"ward":"Ward 8","end":"2026-04-01","ami":[0,0,2,0,0]}},{"type":"Feature","geometry":{"type":"Point","coordinates":[-77.024538,38.916822]},"properties":{"name":"Grimke Elementary School Phase 1 - The Fold","address":"912 U Street Northwest, Washington, District of Columbia 20001","status":"Completed 2015 to Date","agency":"DMPED DHCD","aff":9,"total":30,"ward":"Ward 1","end":"2021-12-23","ami":[0,5,0,4,0]}},{"type":"Feature","geometry":{"type":"Point","coordinates":[-76.999486,38.838234]},"properties":{"name":"426 Woodcrest Drive Southeast","address":"426 Woodcrest Drive Southeast, Washington, District of Columbia 20032","status":"Under Construction","agency":"DHCD","aff":3,"total":30,"ward":"Ward 8","end":"2026-03-01","ami":[0,0,0,3,0]}},{"type":"Feature","geometry":{"type":"Point","coordinates":[-77.037316,38.908471]},"properties":{"name":"1650 O Street Northwest (1328 16th St NW)","address":"1328 16th Street Northwest, Washington, District of Columbia 20036","status":"Completed 2015 to Date","agency":"DHCD","aff":8,"total":78,"ward":"Ward 2","end":"2024-08-16","ami":[0,1,7,0,0]}},{"type":"Feature","geometry":{"type":"Point","coordinates":[-76.977719,38.901169]},"properties":{"name":"840 18th Street NE","address":"840 18th Street NE, Washington, District of Columbia 20002","status":"Under Construction","agency":"DHCD","aff":3,"total":38,"ward":"Ward 5","end":"2026-03-01","ami":[0,0,3,0,0]}},{"type":"Feature","geometry":{"type":"Point","coordinates":[-77.026716,38.917401]},"properties":{"name":"2005 11th Street Northwest","address":"2005 11th Street Northwest, Washington, District of Columbia 20001","status":"Completed 2015 to Date","agency":"DHCD","aff":3,"total":39,"ward":"Ward 1","end":"2024-11-21","ami":[0,0,3,0,0]}},{"type":"Feature","geometry":{"type":"Point","coordinates":[-76.96627,38.923642]},"properties":{"name":"2601 30th Street Northeast","address":"2601 30th Street Northeast, Washington, District of Columbia 20018","status":"Completed 2015 to Date","agency":"DHCD","aff":1,"total":13,"ward":"Ward 5","end":"2024-09-24","ami":[0,0,1,0,0]}},{"type":"Feature","geometry":{"type":"Point","coordinates":[-76.986149,38.844987]},"properties":{"name":"Malcolm X School Site","address":"1351 Alabama Avenue Southeast, Washington, District of Columbia 20032","status":"Pipeline","agency":"DMPED OP","aff":180,"total":180,"ward":"Ward 8","end":"2027-06-09","ami":[45,75,60,0,0]}},{"type":"Feature","geometry":{"type":"Point","coordinates":[-77.032644,38.972833]},"properties":{"name":"WRAMC - SOME Karin House (Building 17)","address":"1395 Aspen Street Northwest, Washington, District of Columbia 20012","status":"Completed 2015 to Date","agency":"DMPED","aff":40,"total":40,"ward":"Ward 4","end":"2022-03-18","ami":[40,0,0,0,0]}},{"type":"Feature","geometry":{"type":"Point","coordinates":[-76.968001,38.869084]},"properties":{"name":"1711 28th Street Apartments","address":"1711 28th Street Southeast, Washington, District of Columbia 20020","status":"Completed 2015 to Date","agency":"DHCD","aff":14,"total":14,"ward":"Ward 7","end":"2019-10-23","ami":[7,3,0,4,0]}},{"type":"Feature","geometry":{"type":"Point","coordinates":[-76.969346,38.85589]},"properties":{"name":"2483 Alabama Avenue Apartments","address":"2483 Alabama Avenue Southeast, Washington, District of Columbia 20020","status":"Completed 2015 to Date","agency":"DCHFA DHCD","aff":86,"total":86,"ward":"Ward 8","end":"2025-02-03","ami":[18,59,9,0,0]}},{"type":"Feature","geometry":{"type":"Point","coordinates":[-76.934642,38.903091]},"properties":{"name":"Deanwood Station","address":"4726 Sheriff Road Northeast, Washington, District of Columbia 20019","status":"Pipeline","agency":"DHCD OP","aff":28,"total":45,"ward":"Ward 7","end":null,"ami":[0,2,2,24,0]}},{"type":"Feature","geometry":{"type":"Point","coordinates":[-76.929371,38.899436]},"properties":{"name":"H.R. Crawford Gardens","address":"737 50th Street Northeast, Washington, District of Columbia 20019","status":"Completed 2015 to Date","agency":"DCHFA DHCD","aff":76,"total":76,"ward":"Ward 7","end":"2025-08-20","ami":[16,60,0,0,0]}},{"type":"Feature","geometry":{"type":"Point","coordinates":[-76.972999,38.847545]},"properties":{"name":"Ridgecrest Village Apartments - Ph 1","address":"2200 Savannah Street Southeast, Washington, District of Columbia 20020","status":"Completed 2015 to Date","agency":"DCHFA DHCD","aff":140,"total":140,"ward":"Ward 8","end":"2019-02-25","ami":[28,35,57,20,0]}},{"type":"Feature","geometry":{"type":"Point","coordinates":[-77.020693,38.913923]},"properties":{"name":"S Street Village","address":"614 S Street Northwest, Washington, District of Columbia 20001","status":"Pipeline","agency":"DCHFA OP Amazon Housing Equity Fund","aff":90,"total":90,"ward":"Ward 2","end":"2027-04-01","ami":[0,0,90,0,0]}},{"type":"Feature","geometry":{"type":"Point","coordinates":[-77.02351,38.940613]},"properties":{"name":"Small Rental Preservation Project - Phase II","address":"4040 8th Street Northwest, Washington, District of Columbia 20011","status":"Under Construction","agency":"DHCD","aff":43,"total":43,"ward":"Ward 4","end":"2026-10-11","ami":[10,18,12,3,0]}},{"type":"Feature","geometry":{"type":"Point","coordinates":[-77.000936,38.829231]},"properties":{"name":"Southern Hills Apartments Phase 1","address":"4201 4th Street Southeast, Washington, District of Columbia 20032","status":"Pipeline","agency":"DCHFA DHCD","aff":81,"total":81,"ward":"Ward 8","end":null,"ami":[34,29,18,0,0]}},{"type":"Feature","geometry":{"type":"Point","coordinates":[-77.01902,38.956728]},"properties":{"name":"429 - 431 Kennedy Street NW","address":"429 Kennedy Street Northwest, Washington, District of Columbia 20011","status":"Completed 2015 to Date","agency":"DHCD","aff":4,"total":37,"ward":"Ward 4","end":"2024-10-15","ami":[0,1,3,0,0]}},{"type":"Feature","geometry":{"type":"Point","coordinates":[-76.974947,38.90229]},"properties":{"name":"2001 I Street NE","address":"2001 I Street Northeast, Washington, District of Columbia 20002","status":"Completed 2015 to Date","agency":"DHCD","aff":1,"total":11,"ward":"Ward 5","end":"2023-08-21","ami":[0,0,1,0,0]}},{"type":"Feature","geometry":{"type":"Point","coordinates":[-77.010862,38.956356]},"properties":{"name":"22 Kennedy St. Condos","address":"22 Kennedy Street Northwest, Washington, District of Columbia 20011","status":"Completed 2015 to Date","agency":"DHCD","aff":6,"total":50,"ward":"Ward 4","end":"2025-03-26","ami":[0,1,0,5,0]}},{"type":"Feature","geometry":{"type":"Point","coordinates":[-76.973073,38.885143]},"properties":{"name":"Hill East Phase II - Bundle 1 - Parcels A, F-2, G-2","address":"1900 Massachusetts Avenue Southeast, Washington, District of Columbia 20003","status":"Pipeline","agency":"DMPED","aff":152,"total":457,"ward":"Ward 7","end":"2032-10-16","ami":[77,63,12,0,152]}},{"type":"Feature","geometry":{"type":"Point","coordinates":[-76.995379,38.847117]},"properties":{"name":"STE - Parcels 7, 8, & 9","address":"2730 Martin Luther King Jr Avenue Southeast, Washington, District of Columbia 20032","status":"Pipeline","agency":"DMPED","aff":283,"total":307,"ward":"Ward 8","end":"2027-12-01","ami":[50,139,0,94,12]}},{"type":"Feature","geometry":{"type":"Point","coordinates":[-77.021198,38.909875]},"properties":{"name":"7th and P St NW","address":"631 P Street Northwest, Washington, District of Columbia 20001","status":"Pipeline","agency":"DMPED OP","aff":29,"total":230,"ward":"Ward 2","end":"2027-12-31","ami":[3,7,0,19,0]}},{"type":"Feature","geometry":{"type":"Point","coordinates":[-76.990205,38.846195]},"properties":{"name":"STE - St. Elizabeths Parcel 15","address":"1110 Oak Drive Southeast, Washington, District of Columbia 20020","status":"Pipeline","agency":"DMPED","aff":151,"total":288,"ward":"Ward 8","end":"2027-06-01","ami":[33,87,0,31,0]}},{"type":"Feature","geometry":{"type":"Point","coordinates":[-76.988407,38.848273]},"properties":{"name":"STE - Parcel 13","address":"1100 Alabama Avenue Southeast, Washington, District of Columbia 20032","status":"Pipeline","agency":"DMPED","aff":126,"total":421,"ward":"Ward 8","end":"2028-01-01","ami":[32,94,0,0,0]}},{"type":"Feature","geometry":{"type":"Point","coordinates":[-76.933605,38.883999]},"properties":{"name":"Fletcher-Johnson","address":"4650 Benning Road Southeast, Washington, District of Columbia 20019","status":"Pipeline","agency":"DMPED OP","aff":225,"total":260,"ward":"Ward 7","end":"2029-10-15","ami":[19,191,0,15,0]}},{"type":"Feature","geometry":{"type":"Point","coordinates":[-76.927791,38.898998]},"properties":{"name":"726 51st St NE","address":"726 51st Street Northeast, Washington, District of Columbia 20019","status":"Pipeline","agency":"DHCD","aff":6,"total":46,"ward":"Ward 7","end":null,"ami":[0,1,5,0,0]}},{"type":"Feature","geometry":{"type":"Point","coordinates":[-76.991266,38.900001]},"properties":{"name":"1101 H St. NE","address":"1101 H Street Northeast, Washington, District of Columbia 20002","status":"Under Construction","agency":"DHCD","aff":4,"total":54,"ward":"Ward 6","end":"2026-02-01","ami":[0,1,0,3,0]}},{"type":"Feature","geometry":{"type":"Point","coordinates":[-77.032517,38.917577]},"properties":{"name":"Reeves Center Redevelopment","address":"2000 14th Street Northwest, Washington, District of Columbia 20005","status":"Pipeline","agency":"DMPED","aff":62,"total":208,"ward":"Ward 1","end":"2028-09-30","ami":[15,47,0,0,0]}},{"type":"Feature","geometry":{"type":"Point","coordinates":[-77.039457,38.920802]},"properties":{"name":"EucKal - 1724 Kalorama Rd","address":"1724 Kalorama Road Northwest, Washington, District of Columbia 20009","status":"Completed 2015 to Date","agency":"DCHFA DHCD","aff":25,"total":25,"ward":"Ward 1","end":"2026-02-09","ami":[9,16,0,0,0]}},{"type":"Feature","geometry":{"type":"Point","coordinates":[-77.034416,38.923354]},"properties":{"name":"EucKal - 1460 Euclid St","address":"1460 Euclid Street Northwest, Washington, District of Columbia 20009","status":"Completed 2015 to Date","agency":"DCHFA DHCD","aff":25,"total":25,"ward":"Ward 1","end":"2018-12-11","ami":[25,0,0,0,0]}},{"type":"Feature","geometry":{"type":"Point","coordinates":[-77.016058,38.97375]},"properties":{"name":"218 Vine Street - 9%","address":"218 Vine Street Northwest, Washington, District of Columbia 20012","status":"Completed 2015 to Date","agency":"DHCD","aff":37,"total":37,"ward":"Ward 4","end":"2022-09-29","ami":[0,37,0,0,0]}},{"type":"Feature","geometry":{"type":"Point","coordinates":[-76.99988,38.827032]},"properties":{"name":"Cascade Park 2019 - 9%","address":"4232 4th Street Southeast, Washington, District of Columbia 20032","status":"Completed 2015 to Date","agency":"DHCD","aff":73,"total":73,"ward":"Ward 8","end":"2019-12-19","ami":[19,35,10,9,0]}},{"type":"Feature","geometry":{"type":"Point","coordinates":[-77.078395,38.940592]},"properties":{"name":"City Ridge (former Fannie Mae) - Pkg 04","address":"20 Ridge Square Northwest, Washington, District of Columbia 20016","status":"Completed 2015 to Date","agency":"DHCD","aff":37,"total":447,"ward":"Ward 3","end":"2022-08-30","ami":[0,3,34,0,0]}},{"type":"Feature","geometry":{"type":"Point","coordinates":[-77.077253,38.94171]},"properties":{"name":"Upton Place - 4000 Wisconsin Ave NW","address":"4000 Wisconsin Avenue Northwest, Washington, District of Columbia 20016","status":"Completed 2015 to Date","agency":"DHCD","aff":65,"total":689,"ward":"Ward 3","end":"2024-02-01","ami":[0,7,58,0,0]}},{"type":"Feature","geometry":{"type":"Point","coordinates":[-77.058153,38.934327]},"properties":{"name":"3400 - 3408 Connecticut Ave. NW","address":"3408 Connecticut Avenue Northwest, Washington, District of Columbia 20008","status":"Completed 2015 to Date","agency":"DHCD","aff":3,"total":32,"ward":"Ward 3","end":"2025-07-01","ami":[0,0,3,0,0]}},{"type":"Feature","geometry":{"type":"Point","coordinates":[-77.062194,38.942718]},"properties":{"name":"The Claire - 4111-4113 Connecticut Ave","address":"4111 Connecticut Avenue Northwest, Washington, District of Columbia 20008","status":"Completed 2015 to Date","agency":"DHCD","aff":2,"total":25,"ward":"Ward 3","end":"2023-04-28","ami":[0,0,2,0,0]}},{"type":"Feature","geometry":{"type":"Point","coordinates":[-76.98148,38.899132]},"properties":{"name":"721 16th St NE","address":"721 16th Street Northeast, Washington, District of Columbia 20002","status":"Completed 2015 to Date","agency":"DHCD","aff":1,"total":8,"ward":"Ward 7","end":"2023-07-26","ami":[0,0,1,0,0]}},{"type":"Feature","geometry":{"type":"Point","coordinates":[-77.026533,38.944376]},"properties":{"name":"4406 Georgia Ave NW","address":"4406 Georgia Avenue Northwest, Washington, District of Columbia 20011","status":"Under Construction","agency":"DHCD","aff":7,"total":66,"ward":"Ward 4","end":"2026-02-01","ami":[0,1,6,0,0]}},{"type":"Feature","geometry":{"type":"Point","coordinates":[-76.973073,38.885143]},"properties":{"name":"Hill East Phase II - Bundle 2","address":"1900 Massachusetts Avenue Southeast, Washington, District of Columbia 20003","status":"Pipeline","agency":"DMPED","aff":741,"total":1246,"ward":"Ward 7","end":"2030-12-01","ami":[203,204,0,334,0]}},{"type":"Feature","geometry":{"type":"Point","coordinates":[-77.032988,38.946735]},"properties":{"name":"Dance Loft PUD - 4618 14th Street NW","address":"4618 14th Street Northwest, Washington, District of Columbia 20011","status":"Pipeline","agency":"OP","aff":90,"total":101,"ward":"Ward 4","end":"2027-06-01","ami":[22,23,45,0,0]}},{"type":"Feature","geometry":{"type":"Point","coordinates":[-76.994243,38.924088]},"properties":{"name":"Reed Street NE PUD","address":"2640 Reed Street Northeast, Washington, District of Columbia 20018","status":"Pipeline","agency":"OP","aff":105,"total":686,"ward":"Ward 5","end":"2028-12-01","ami":[6,6,84,9,0]}},{"type":"Feature","geometry":{"type":"Point","coordinates":[-77.02411,38.880552]},"properties":{"name":"801 Maine Ave SW PUD","address":"800 9th Street Southwest, Washington, District of Columbia 20024","status":"Pipeline","agency":"OP","aff":75,"total":498,"ward":"Ward 6","end":"2028-12-01","ami":[0,8,67,0,0]}},{"type":"Feature","geometry":{"type":"Point","coordinates":[-77.011459,38.870286]},"properties":{"name":"Vermeer - 113 Potomac Ave SW","address":"113 Potomac Avenue Southwest, Washington, District of Columbia 20024","status":"Completed 2015 to Date","agency":"DHCD","aff":41,"total":501,"ward":"Ward 6","end":"2024-12-29","ami":[0,0,41,0,0]}},{"type":"Feature","geometry":{"type":"Point","coordinates":[-76.992494,38.904016]},"properties":{"name":"Florida Ave. Flats, 1006 Florida Ave. NE","address":"1006 Florida Avenue Northeast, Washington, District of Columbia 20002","status":"Completed 2015 to Date","agency":"DHCD","aff":1,"total":10,"ward":"Ward 5","end":"2024-05-01","ami":[0,0,0,1,0]}},{"type":"Feature","geometry":{"type":"Point","coordinates":[-76.980972,38.861569]},"properties":{"name":"2336 Green Street SE","address":"2336 Green Street Southeast, Washington, District of Columbia 20020","status":"Under Construction","agency":"DHCD","aff":2,"total":14,"ward":"Ward 8","end":"2026-02-01","ami":[0,0,2,0,0]}},{"type":"Feature","geometry":{"type":"Point","coordinates":[-76.972817,38.930345]},"properties":{"name":"2365 Rhode Island Ave. NE","address":"2365 Rhode Island Avenue Northeast, Washington, District of Columbia 20018","status":"Pipeline","agency":"DHCD","aff":4,"total":40,"ward":"Ward 5","end":null,"ami":[0,0,0,4,0]}},{"type":"Feature","geometry":{"type":"Point","coordinates":[-76.979832,38.90327]},"properties":{"name":"1019 17th Place NE","address":"1019 17th Place Northeast, Washington, District of Columbia 20002","status":"Completed 2015 to Date","agency":"DHCD","aff":1,"total":11,"ward":"Ward 5","end":"2022-04-27","ami":[0,0,0,1,0]}},{"type":"Feature","geometry":{"type":"Point","coordinates":[-76.99102,38.922571]},"properties":{"name":"1009 Rhode Island Ave. NE","address":"1009 Rhode Island Avenue Northeast, Washington, District of Columbia 20018","status":"Completed 2015 to Date","agency":"DHCD","aff":1,"total":8,"ward":"Ward 5","end":"2023-11-09","ami":[0,0,1,0,0]}},{"type":"Feature","geometry":{"type":"Point","coordinates":[-77.029164,38.958125]},"properties":{"name":"1212 Madison Street NW","address":"1212 Madison Street Northwest, Washington, District of Columbia 20011","status":"Under Construction","agency":"DHCD","aff":1,"total":11,"ward":"Ward 4","end":"2026-03-01","ami":[0,0,0,1,0]}},{"type":"Feature","geometry":{"type":"Point","coordinates":[-77.027687,38.935954]},"properties":{"name":"The Rows at Spring Flats","address":"1015 Spring Road Northwest, Washington, District of Columbia 20010","status":"Completed 2015 to Date","agency":"DMPED DHCD","aff":0,"total":10,"ward":"Ward 4","end":"2023-01-17","ami":[0,0,0,0,3]}},{"type":"Feature","geometry":{"type":"Point","coordinates":[-77.082639,38.96267]},"properties":{"name":"Lisner Home Senior Residential","address":"5455 Western Avenue Northwest, Washington, District of Columbia 20015","status":"Completed 2015 to Date","agency":"DCHFA DHCD OP","aff":93,"total":93,"ward":"Ward 3","end":"2025-05-13","ami":[52,41,0,0,0]}},{"type":"Feature","geometry":{"type":"Point","coordinates":[-77.084554,38.959738]},"properties":{"name":"Friendship Center Redevelopment - 5333 Wisconsin Ave","address":"5333 Wisconsin Avenue Northwest, Washington, District of Columbia 20015","status":"Pipeline","agency":"OP","aff":55,"total":317,"ward":"Ward 3","end":null,"ami":[2,26,27,0,0]}},{"type":"Feature","geometry":{"type":"Point","coordinates":[-77.067295,38.917119]},"properties":{"name":"GU Harris Building Redevelopment - 3300 Whitehaven NW","address":"3300 Whitehaven Street, Washington, District of Columbia 20007","status":"Pipeline","agency":"DHCD OP","aff":41,"total":268,"ward":"Ward 2","end":"2028-06-01","ami":[0,2,39,0,0]}},{"type":"Feature","geometry":{"type":"Point","coordinates":[-77.083075,38.956669]},"properties":{"name":"Fox 5 Redevelopment - 5151 Wisconsin","address":"5151 Wisconsin Avenue Northwest, Washington, District of Columbia 20016","status":"Pipeline","agency":"DHCD","aff":23,"total":210,"ward":"Ward 3","end":"2027-08-01","ami":[0,0,23,0,0]}},{"type":"Feature","geometry":{"type":"Point","coordinates":[-76.985818,38.866692]},"properties":{"name":"Hope View Apartments","address":"1337 Good Hope Road Southeast, Washington, District of Columbia 20020","status":"Under Construction","agency":"DHCD","aff":42,"total":42,"ward":"Ward 8","end":"2026-07-02","ami":[16,15,0,11,0]}},{"type":"Feature","geometry":{"type":"Point","coordinates":[-77.02373,38.956182]},"properties":{"name":"732 Kennedy St NW","address":"732 Kennedy Street Northwest, Washington, District of Columbia 20011","status":"Completed 2015 to Date","agency":"DHCD","aff":1,"total":15,"ward":"Ward 4","end":"2025-10-01","ami":[0,0,1,0,0]}},{"type":"Feature","geometry":{"type":"Point","coordinates":[-76.983009,38.890145]},"properties":{"name":"1516 East Capitol Street NE","address":"1516 East Capitol Street Northeast, Washington, District of Columbia 20003","status":"Completed 2015 to Date","agency":"DHCD","aff":2,"total":12,"ward":"Ward 7","end":"2026-01-07","ami":[0,0,0,2,0]}},{"type":"Feature","geometry":{"type":"Point","coordinates":[-77.001024,38.908068]},"properties":{"name":"The Gantry  (Building B) - Union Market Terminal Stage 1 Consolidated PUD","address":"325 Morse Street Northeast, Washington, District of Columbia 20002","status":"Completed 2015 to Date","agency":"DHCD OP","aff":11,"total":100,"ward":"Ward 5","end":"2021-07-29","ami":[0,6,0,5,0]}},{"type":"Feature","geometry":{"type":"Point","coordinates":[-76.99988,38.909589]},"properties":{"name":"Building D (Theory) - Union Market Terminal Stage 2 PUD","address":"300 Neal Place Northeast, Washington, District of Columbia 20002","status":"Completed 2015 to Date","agency":"DHCD OP","aff":17,"total":159,"ward":"Ward 5","end":"2023-07-14","ami":[0,9,0,8,0]}},{"type":"Feature","geometry":{"type":"Point","coordinates":[-77.022706,38.913128]},"properties":{"name":"1707 8th St NW PUD","address":"1707 8th Street Northwest, Washington, District of Columbia 20001","status":"Pipeline","agency":"OP","aff":48,"total":317,"ward":"Ward 2","end":"2027-03-01","ami":[0,2,46,0,0]}},{"type":"Feature","geometry":{"type":"Point","coordinates":[-76.969157,38.873582]},"properties":{"name":"Park27 - Minnesota and 27th","address":"1325 27th Street Southeast, Washington, District of Columbia 20020","status":"Completed 2015 to Date","agency":"DHCD","aff":26,"total":26,"ward":"Ward 7","end":"2022-08-30","ami":[0,12,6,8,0]}},{"type":"Feature","geometry":{"type":"Point","coordinates":[-77.010414,38.902926]},"properties":{"name":"Northwest One - Phase II","address":"33 K Street Northwest, Washington, District of Columbia 20001","status":"Completed 2015 to Date","agency":"DMPED DCHA DCHFA DHCD","aff":212,"total":212,"ward":"Ward 6","end":"2025-01-14","ami":[83,0,129,0,0]}},{"type":"Feature","geometry":{"type":"Point","coordinates":[-77.018057,38.916072]},"properties":{"name":"421 T St NW","address":"421 T Street Northwest, Washington, District of Columbia 20001","status":"Under Construction","agency":"DHCD","aff":2,"total":7,"ward":"Ward 1","end":"2026-03-15","ami":[0,0,0,2,0]}},{"type":"Feature","geometry":{"type":"Point","coordinates":[-77.07774,38.939937]},"properties":{"name":"City Ridge (former Fannie Mae) - Pkg 03","address":"30 Ridge Square Northwest, Washington, District of Columbia 20016","status":"Completed 2015 to Date","agency":"DHCD","aff":19,"total":243,"ward":"Ward 3","end":"2022-05-24","ami":[0,1,18,0,0]}},{"type":"Feature","geometry":{"type":"Point","coordinates":[-77.0033,38.90219]},"properties":{"name":"201 K Street NE","address":"201 K Street Northeast, Washington, District of Columbia 20002","status":"Under Construction","agency":"DHCD","aff":5,"total":49,"ward":"Ward 6","end":"2026-02-01","ami":[0,0,5,0,0]}},{"type":"Feature","geometry":{"type":"Point","coordinates":[-77.032467,38.939324]},"properties":{"name":"3923 14th Street NW","address":"3923 14th Street Northwest, Washington, District of Columbia 20011","status":"Completed 2015 to Date","agency":"DHCD","aff":1,"total":7,"ward":"Ward 4","end":"2025-08-01","ami":[0,1,0,0,0]}},{"type":"Feature","geometry":{"type":"Point","coordinates":[-76.97341,38.90543]},"properties":{"name":"Atelier Gardens Condominium (2117 M St. NE)","address":"2117 M Street Northeast, Washington, District of Columbia 20002","status":"Under Construction","agency":"DHCD","aff":1,"total":17,"ward":"Ward 5","end":"2026-02-01","ami":[0,0,1,0,0]}},{"type":"Feature","geometry":{"type":"Point","coordinates":[-76.995513,38.883021]},"properties":{"name":"712 E Street SE","address":"712 E Street Southeast, Washington, District of Columbia 20003","status":"Completed 2015 to Date","agency":"DHCD","aff":2,"total":13,"ward":"Ward 6","end":"2026-06-01","ami":[0,0,0,2,0]}},{"type":"Feature","geometry":{"type":"Point","coordinates":[-76.975886,38.922132]},"properties":{"name":"2425 20th St. NE","address":"2425 20th Street Northeast, Washington, District of Columbia 20018","status":"Under Construction","agency":"DHCD","aff":3,"total":24,"ward":"Ward 5","end":"2026-03-01","ami":[0,0,3,0,0]}},{"type":"Feature","geometry":{"type":"Point","coordinates":[-77.013622,38.973545]},"properties":{"name":"6896 Laurel St. NW (6830 Laurel)","address":"6896 Laurel Street Northwest, Washington, District of Columbia 20012","status":"Completed 2015 to Date","agency":"DHCD","aff":34,"total":353,"ward":"Ward 4","end":"2024-09-20","ami":[0,0,34,0,0]}},{"type":"Feature","geometry":{"type":"Point","coordinates":[-76.996903,38.909562]},"properties":{"name":"6th Street and Florida Ave NE - JBG Smith/Gallaudet PUD (Parcel 4)","address":"1331 5th Street NE, Washington, District of Columbia 20002","status":"Pipeline","agency":"OP","aff":65,"total":647,"ward":"Ward 5","end":"2028-06-01","ami":[0,46,0,19,0]}},{"type":"Feature","geometry":{"type":"Point","coordinates":[-76.976592,38.885136]},"properties":{"name":"Hill East Phase I - Park Kennedy (Parcel G-1)","address":"1901 C Street Southeast, Washington, District of Columbia 20003","status":"Completed 2015 to Date","agency":"DMPED DHCD","aff":31,"total":262,"ward":"Ward 7","end":"2020-12-17","ami":[15,0,16,0,0]}},{"type":"Feature","geometry":{"type":"Point","coordinates":[-77.004975,38.874284]},"properties":{"name":"The Yards - Parcel H","address":"1331 Yards Place Southeast, Washington, District of Columbia 20003","status":"Completed 2015 to Date","agency":"OP","aff":96,"total":478,"ward":"Ward 8","end":"2025-09-01","ami":[0,96,0,0,0]}},{"type":"Feature","geometry":{"type":"Point","coordinates":[-77.012749,38.864909]},"properties":{"name":"The Stacks Building B - The Byron","address":"101 V Street Southwest, Washington, District of Columbia 20593","status":"Completed 2015 to Date","agency":"DHCD","aff":32,"total":384,"ward":"Ward 6","end":"2025-01-07","ami":[0,0,32,0,0]}},{"type":"Feature","geometry":{"type":"Point","coordinates":[-77.013456,38.865485]},"properties":{"name":"The Stacks Building A - Everly","address":"2000 2nd Street Southwest, Washington, District of Columbia 20024","status":"Completed 2015 to Date","agency":"DHCD","aff":32,"total":384,"ward":"Ward 6","end":"2025-03-01","ami":[0,0,32,0,0]}},{"type":"Feature","geometry":{"type":"Point","coordinates":[-77.012445,38.86511]},"properties":{"name":"The Stacks Building C - Colette","address":"2099 1st Street SW, Washington, District of Columbia 20024","status":"Completed 2015 to Date","agency":"DHCD","aff":26,"total":327,"ward":"Ward 6","end":"2025-05-28","ami":[0,1,25,0,0]}},{"type":"Feature","geometry":{"type":"Point","coordinates":[-76.981009,38.926443]},"properties":{"name":"1617 Rhode Island Ave NE","address":"1617 Rhode Island Avenue Northeast, Washington, District of Columbia 20018","status":"Completed 2015 to Date","agency":"DHCD","aff":2,"total":16,"ward":"Ward 5","end":"2022-08-24","ami":[0,0,2,0,0]}},{"type":"Feature","geometry":{"type":"Point","coordinates":[-77.027239,38.975538]},"properties":{"name":"WRAMC - The Reynard (QRS)","address":"1100 Dahlia Street Northwest, Washington, District of Columbia 20012","status":"Completed 2015 to Date","agency":"DMPED","aff":26,"total":337,"ward":"Ward 4","end":"2024-09-25","ami":[0,0,0,26,0]}},{"type":"Feature","geometry":{"type":"Point","coordinates":[-77.031305,38.972474]},"properties":{"name":"WRAMC - Aspen Square (Parcel WXY)","address":"1341 Aspen Street Northwest, Washington, District of Columbia 20012","status":"Completed 2015 to Date","agency":"DMPED","aff":4,"total":50,"ward":"Ward 4","end":"2026-01-05","ami":[0,0,0,4,0]}},{"type":"Feature","geometry":{"type":"Point","coordinates":[-76.973351,38.848501]},"properties":{"name":"Ridgecrest Phase II","address":"2112 Ridgecrest Court Southeast, Washington, District of Columbia 20020","status":"Completed 2015 to Date","agency":"DCHFA DHCD","aff":128,"total":128,"ward":"Ward 8","end":"2019-02-25","ami":[26,27,49,26,0]}},{"type":"Feature","geometry":{"type":"Point","coordinates":[-77.032746,38.927065]},"properties":{"name":"Harvard Court Apartments - Columbia Heights Village Expansion","address":"2900 14th Street Northwest, Washington, District of Columbia 20009","status":"Pipeline","agency":"DCHFA DHCD","aff":109,"total":109,"ward":"Ward 1","end":"2027-07-29","ami":[22,87,0,0,0]}},{"type":"Feature","geometry":{"type":"Point","coordinates":[-77.013436,38.956863]},"properties":{"name":"145 Kennedy Street","address":"145 Kennedy Street Northwest, Washington, District of Columbia 20011","status":"Pipeline","agency":"DHCD OP","aff":30,"total":61,"ward":"Ward 4","end":"2028-02-11","ami":[8,1,4,17,0]}},{"type":"Feature","geometry":{"type":"Point","coordinates":[-76.923243,38.903419]},"properties":{"name":"950 Eastern Ave NE","address":"950 Eastern Avenue Northeast, Washington, District of Columbia 20019","status":"Pipeline","agency":"DCHFA DHCD","aff":16,"total":65,"ward":"Ward 7","end":"2027-09-01","ami":[13,3,0,0,0]}},{"type":"Feature","geometry":{"type":"Point","coordinates":[-77.010683,38.923047]},"properties":{"name":"McMillan Senior Apartments - Parcel 4","address":"2507 1st Street Northwest, Washington, District of Columbia 20001","status":"Pipeline","agency":"DMPED DCHFA DHCD","aff":0,"total":221,"ward":"Ward 5","end":null,"ami":[0,0,0,0,0]}},{"type":"Feature","geometry":{"type":"Point","coordinates":[-76.94028,38.892308]},"properties":{"name":"WCI Benning Apartments","address":"4256 Benning Road Northeast, Washington, District of Columbia 20019","status":"Completed 2015 to Date","agency":"DHCD","aff":14,"total":27,"ward":"Ward 7","end":"2022-10-27","ami":[0,0,0,14,0]}},{"type":"Feature","geometry":{"type":"Point","coordinates":[-77.039739,38.920587]},"properties":{"name":"2319 Ontario Road NW","address":"2321 Ontario Road Northwest, Washington, District of Columbia 20009","status":"Completed 2015 to Date","agency":"DHCD","aff":1,"total":11,"ward":"Ward 1","end":"2024-09-12","ami":[0,0,0,1,0]}},{"type":"Feature","geometry":{"type":"Point","coordinates":[-76.987707,38.877723]},"properties":{"name":"1310-1312 L Street SE","address":"1310 L Street Southeast, Washington, District of Columbia 20003","status":"Completed 2015 to Date","agency":"DHCD","aff":1,"total":15,"ward":"Ward 6","end":"2024-12-16","ami":[0,0,1,0,0]}},{"type":"Feature","geometry":{"type":"Point","coordinates":[-77.022896,38.924812]},"properties":{"name":"2620 Georgia Ave NW","address":"2620 Georgia Avenue Northwest, Washington, District of Columbia 20001","status":"Under Construction","agency":"DHCD","aff":1,"total":10,"ward":"Ward 1","end":"2026-02-01","ami":[0,0,0,1,0]}},{"type":"Feature","geometry":{"type":"Point","coordinates":[-76.939845,38.902653]},"properties":{"name":"4311 Sheriff Road NE","address":"4311 Sheriff Road Northeast, Washington, District of Columbia 20019","status":"Completed 2015 to Date","agency":"DHCD","aff":1,"total":11,"ward":"Ward 7","end":"2025-01-31","ami":[0,0,1,0,0]}},{"type":"Feature","geometry":{"type":"Point","coordinates":[-77.038176,38.91283]},"properties":{"name":"1641 R St NW","address":"1641 R Street Northwest, Washington, District of Columbia 20009","status":"Completed 2015 to Date","agency":"DHCD","aff":1,"total":10,"ward":"Ward 2","end":"2025-05-01","ami":[0,1,0,0,0]}},{"type":"Feature","geometry":{"type":"Point","coordinates":[-77.042856,38.922155]},"properties":{"name":"1800 Columbia Road NW (Adams Morgan/SunTrust Plaza)","address":"1800 Columbia Road Northwest, Washington, District of Columbia 20009","status":"Pipeline","agency":"DHCD","aff":50,"total":50,"ward":"Ward 1","end":"2029-06-01","ami":[0,0,50,0,0]}},{"type":"Feature","geometry":{"type":"Point","coordinates":[-76.972594,38.905442]},"properties":{"name":"2213 M St NE","address":"2213 M Street Northeast, Washington, District of Columbia 20002","status":"Completed 2015 to Date","agency":"DHCD","aff":2,"total":14,"ward":"Ward 5","end":"2023-11-03","ami":[0,0,0,2,0]}},{"type":"Feature","geometry":{"type":"Point","coordinates":[-77.027806,38.88569]},"properties":{"name":"Cotton Annex (300 12th St SW)","address":"300 12th Street Southwest, Washington, District of Columbia 20024","status":"Completed 2015 to Date","agency":"DHCD","aff":46,"total":562,"ward":"Ward 6","end":"2024-12-16","ami":[0,1,45,0,0]}},{"type":"Feature","geometry":{"type":"Point","coordinates":[-77.026631,38.956072]},"properties":{"name":"918 Kennedy Apartments","address":"918 Kennedy Street Northwest, Washington, District of Columbia 20011","status":"Pipeline","agency":"DHCD","aff":1,"total":10,"ward":"Ward 4","end":null,"ami":[0,1,0,0,0]}},{"type":"Feature","geometry":{"type":"Point","coordinates":[-76.987875,38.878228]},"properties":{"name":"1307 K Street SE","address":"1307 K Street Southeast, Washington, District of Columbia 20003","status":"Completed 2015 to Date","agency":"DHCD","aff":1,"total":10,"ward":"Ward 6","end":"2024-07-24","ami":[0,0,0,1,0]}},{"type":"Feature","geometry":{"type":"Point","coordinates":[-76.980552,38.899335]},"properties":{"name":"1627 Benning Road NE","address":"1627 Benning Road Northeast, Washington, District of Columbia 20002","status":"Completed 2015 to Date","agency":"DHCD","aff":1,"total":18,"ward":"Ward 7","end":"2024-12-20","ami":[0,0,1,0,0]}},{"type":"Feature","geometry":{"type":"Point","coordinates":[-76.983951,38.85707]},"properties":{"name":"Overlook at Anacostia, 2303 Elvans Road SE","address":"2303 Elvans Road Southeast, Washington, District of Columbia 20020","status":"Completed 2015 to Date","agency":"DHCD","aff":1,"total":8,"ward":"Ward 8","end":"2022-10-05","ami":[0,0,0,1,0]}},{"type":"Feature","geometry":{"type":"Point","coordinates":[-76.972695,38.85574]},"properties":{"name":"2838 Langston Place SE","address":"2838 Langston Place Southeast, Washington, District of Columbia 20020","status":"Completed 2015 to Date","agency":"DHCD","aff":1,"total":8,"ward":"Ward 8","end":"2024-08-06","ami":[0,0,1,0,0]}},{"type":"Feature","geometry":{"type":"Point","coordinates":[-77.031875,38.923976]},"properties":{"name":"Novel 14th (2601 14th Street NW)","address":"2601 14th Street Northwest, Washington, District of Columbia 20011","status":"Completed 2015 to Date","agency":"DHCD","aff":15,"total":197,"ward":"Ward 1","end":"2024-12-11","ami":[0,1,14,0,0]}},{"type":"Feature","geometry":{"type":"Point","coordinates":[-76.99529,38.880104]},"properties":{"name":"733 8th Street SE","address":"733 8th Street Southeast, Washington, District of Columbia 20003","status":"Completed 2015 to Date","agency":"DHCD","aff":1,"total":10,"ward":"Ward 6","end":"2024-10-25","ami":[0,0,1,0,0]}},{"type":"Feature","geometry":{"type":"Point","coordinates":[-77.024239,38.938865]},"properties":{"name":"827-829 Randolph Street NW","address":"827 Randolph Street Northwest, Washington, District of Columbia 20011","status":"Under Construction","agency":"DHCD","aff":2,"total":14,"ward":"Ward 4","end":"2026-02-01","ami":[0,0,2,0,0]}},{"type":"Feature","geometry":{"type":"Point","coordinates":[-76.999954,38.865065]},"properties":{"name":"The Douglass (632 Howard Road SE) - Bridge District Phase I","address":"632 Howard Road Southeast, Washington, District of Columbia 20020","status":"Completed 2015 to Date","agency":"DHCD OP","aff":78,"total":757,"ward":"Ward 8","end":"2025-05-23","ami":[0,15,63,0,0]}},{"type":"Feature","geometry":{"type":"Point","coordinates":[-76.990663,38.931312]},"properties":{"name":"3319 12th St. NE","address":"3319 12th Street Northeast, Washington, District of Columbia 20017","status":"Under Construction","agency":"DHCD","aff":1,"total":8,"ward":"Ward 5","end":"2026-02-01","ami":[0,1,0,0,0]}},{"type":"Feature","geometry":{"type":"Point","coordinates":[-77.029038,38.916716]},"properties":{"name":"1250 U Street NW","address":"1250 U Street Northwest, Washington, District of Columbia 20009","status":"Pipeline","agency":"OP","aff":19,"total":146,"ward":"Ward 1","end":"2027-03-01","ami":[0,1,16,2,0]}},{"type":"Feature","geometry":{"type":"Point","coordinates":[-77.000784,38.906265]},"properties":{"name":"1232 4th Street NE PUD","address":"1232 4th Street Northeast, Washington, District of Columbia 20002","status":"Pipeline","agency":"OP","aff":98,"total":98,"ward":"Ward 6","end":"2027-06-01","ami":[19,0,79,0,0]}},{"type":"Feature","geometry":{"type":"Point","coordinates":[-76.98742,38.86741]},"properties":{"name":"1234 Good Hope Road Parcels","address":"1234 Good Hope Road Southeast, Washington, District of Columbia 20020","status":"Pipeline","agency":"DMPED","aff":120,"total":139,"ward":"Ward 8","end":"2028-12-15","ami":[20,100,0,0,0]}},{"type":"Feature","geometry":{"type":"Point","coordinates":[-77.01056,38.909893]},"properties":{"name":"Lebanon Village at Langston-Slater","address":"45 P Street Northwest, Washington, District of Columbia 20001","status":"Pipeline","agency":"DMPED","aff":31,"total":52,"ward":"Ward 5","end":"2029-04-30","ami":[5,14,3,9,0]}},{"type":"Feature","geometry":{"type":"Point","coordinates":[-77.026865,38.931049]},"properties":{"name":"La Union Buena Vista","address":"3308 Sherman Avenue Northwest, Washington, District of Columbia 20010","status":"Completed 2015 to Date","agency":"DHCD","aff":34,"total":34,"ward":"Ward 1","end":"2022-11-23","ami":[2,12,17,3,0]}},{"type":"Feature","geometry":{"type":"Point","coordinates":[-76.970322,38.85374]},"properties":{"name":"Yoke Alabama Ave","address":"2474 Alabama Avenue Southeast, Washington, District of Columbia 20020","status":"Completed 2015 to Date","agency":"DHCD","aff":8,"total":8,"ward":"Ward 8","end":"2022-11-16","ami":[0,0,0,8,0]}},{"type":"Feature","geometry":{"type":"Point","coordinates":[-77.009824,38.960425]},"properties":{"name":"11 Nicholson St NW","address":"11 Nicholson Street Northwest, Washington, District of Columbia 20011","status":"Completed 2015 to Date","agency":"DHCD","aff":18,"total":20,"ward":"Ward 4","end":"2022-12-15","ami":[4,14,0,0,0]}},{"type":"Feature","geometry":{"type":"Point","coordinates":[-77.030596,38.933081]},"properties":{"name":"Wesley Holmead","address":"3435 Holmead Place Northwest, Washington, District of Columbia 20010","status":"Completed 2015 to Date","agency":"DHCD Amazon Housing Equity Fund","aff":96,"total":100,"ward":"Ward 1","end":"2023-01-12","ami":[16,38,30,12,0]}},{"type":"Feature","geometry":{"type":"Point","coordinates":[-77.022103,38.956543]},"properties":{"name":"5501-5503 7th Street NW","address":"5501 7th Street Northwest, Washington, District of Columbia 20011","status":"Pipeline","agency":"DHCD","aff":3,"total":21,"ward":"Ward 4","end":null,"ami":[0,3,0,0,0]}},{"type":"Feature","geometry":{"type":"Point","coordinates":[-76.987359,38.880752]},"properties":{"name":"1341 Pennsylvania Avenue SE","address":"1341 Pennsylvania Avenue Southeast, Washington, District of Columbia 20003","status":"Under Construction","agency":"DHCD","aff":1,"total":9,"ward":"Ward 6","end":"2026-03-01","ami":[0,0,0,1,0]}},{"type":"Feature","geometry":{"type":"Point","coordinates":[-77.020109,38.956663]},"properties":{"name":"501 Kennedy Street NW","address":"501 Kennedy Street Northwest, Washington, District of Columbia 20011","status":"Completed 2015 to Date","agency":"DHCD","aff":2,"total":25,"ward":"Ward 4","end":"2025-10-26","ami":[0,1,1,0,0]}},{"type":"Feature","geometry":{"type":"Point","coordinates":[-76.97875,38.902728]},"properties":{"name":"1001-1005 17th Street NE","address":"1001 17th Street Northeast, Washington, District of Columbia 20002","status":"Under Construction","agency":"DHCD","aff":3,"total":31,"ward":"Ward 5","end":"2026-03-05","ami":[0,1,2,0,0]}},{"type":"Feature","geometry":{"type":"Point","coordinates":[-76.983071,38.884654]},"properties":{"name":"330 15th Street SE","address":"330 15th Street Southeast, Washington, District of Columbia 20003","status":"Under Construction","agency":"DHCD","aff":1,"total":12,"ward":"Ward 7","end":"2026-02-01","ami":[0,0,0,1,0]}},{"type":"Feature","geometry":{"type":"Point","coordinates":[-76.977714,38.900644]},"properties":{"name":"816-818 18th St. NE","address":"816 18th Street NE, Washington, District of Columbia 20002","status":"Under Construction","agency":"DHCD","aff":1,"total":12,"ward":"Ward 5","end":"2026-04-17","ami":[0,0,1,0,0]}},{"type":"Feature","geometry":{"type":"Point","coordinates":[-76.975488,38.901241]},"properties":{"name":"838-842 20th Street NE","address":"838 20th Street Northeast, Washington, District of Columbia 20002","status":"Under Construction","agency":"DHCD","aff":2,"total":27,"ward":"Ward 5","end":"2026-02-01","ami":[0,0,2,0,0]}},{"type":"Feature","geometry":{"type":"Point","coordinates":[-77.026716,38.908296]},"properties":{"name":"1335 11th Street NW","address":"1335 11th Street Northwest, Washington, District of Columbia 20001","status":"Completed 2015 to Date","agency":"DHCD","aff":2,"total":22,"ward":"Ward 2","end":"2025-07-29","ami":[0,0,2,0,0]}},{"type":"Feature","geometry":{"type":"Point","coordinates":[-76.99587,38.902252]},"properties":{"name":"701 K St NE Cooperative","address":"701 K Street Northeast, Washington, District of Columbia 20002","status":"Completed 2015 to Date","agency":"DHCD","aff":12,"total":18,"ward":"Ward 6","end":"2023-01-04","ami":[1,11,0,0,0]}},{"type":"Feature","geometry":{"type":"Point","coordinates":[-77.024352,38.93853]},"properties":{"name":"Augusta Apartments (3831 Georgia Ave. NW)","address":"3831 Georgia Avenue Northwest, Washington, District of Columbia 20011","status":"Completed 2015 to Date","agency":"DHCD","aff":2,"total":15,"ward":"Ward 4","end":"2023-04-03","ami":[0,0,2,0,0]}},{"type":"Feature","geometry":{"type":"Point","coordinates":[-76.998329,38.909752]},"properties":{"name":"Union Market 1329-1345 4th Street NE","address":"1329 4th Street Northeast, Washington, District of Columbia 20002","status":"Pipeline","agency":"OP","aff":53,"total":350,"ward":"Ward 5","end":"2028-12-01","ami":[0,0,53,0,0]}},{"type":"Feature","geometry":{"type":"Point","coordinates":[-76.997234,38.826836]},"properties":{"name":"Belmont Crossing Phase 2","address":"4386 7th Street Southeast, Washington, District of Columbia 20032","status":"Pipeline","agency":"DHCD","aff":229,"total":229,"ward":"Ward 8","end":"2027-01-31","ami":[82,102,0,45,0]}},{"type":"Feature","geometry":{"type":"Point","coordinates":[-77.01756,38.977177]},"properties":{"name":"Takoma Metro Station (HANTA)","address":"7044 Eastern Avenue Northwest, Washington, District of Columbia 20012","status":"Pipeline","agency":"OP","aff":144,"total":434,"ward":"Ward 4","end":"2028-01-01","ami":[10,0,60,74,0]}},{"type":"Feature","geometry":{"type":"Point","coordinates":[-77.000791,38.864639]},"properties":{"name":"Bridge District Phase 2","address":"633 Howard Road Southeast, Washington, District of Columbia 20020","status":"Pipeline","agency":"DHCD","aff":109,"total":825,"ward":"Ward 8","end":"2027-12-01","ami":[0,24,85,0,0]}},{"type":"Feature","geometry":{"type":"Point","coordinates":[-77.004208,38.910909]},"properties":{"name":"The Gale Eckington - TOPA New Covenant","address":"151 Q Street Northeast, Washington, District of Columbia 20002","status":"Completed 2015 to Date","agency":"Amazon Housing Equity Fund ; Washington Housing Initiative","aff":350,"total":350,"ward":"Ward 5","end":"2022-12-16","ami":[0,0,48,302,0]}},{"type":"Feature","geometry":{"type":"Point","coordinates":[-77.023394,38.919855]},"properties":{"name":"Howard East Towers","address":"2250 8th Street Northwest, Washington, District of Columbia 20001","status":"Pipeline","agency":"DHCD","aff":42,"total":504,"ward":"Ward 1","end":"2027-05-01","ami":[0,0,42,0,0]}},{"type":"Feature","geometry":{"type":"Point","coordinates":[-77.022127,38.91913]},"properties":{"name":"Howard/Quadrangle Development (McDonald's)","address":"2200 Georgia Avenue Northwest, Washington, District of Columbia 20001","status":"Pipeline","agency":"DHCD","aff":35,"total":437,"ward":"Ward 1","end":null,"ami":[0,2,33,0,0]}},{"type":"Feature","geometry":{"type":"Point","coordinates":[-76.969452,38.872546]},"properties":{"name":"2617 Pennsylvania Avenue SE","address":"2617 Pennsylvania Avenue Southeast, Washington, District of Columbia 20020","status":"Under Construction","agency":"DHCD","aff":5,"total":50,"ward":"Ward 7","end":"2026-02-13","ami":[0,5,0,0,0]}},{"type":"Feature","geometry":{"type":"Point","coordinates":[-77.019024,38.931587]},"properties":{"name":"423 Lamont Street NW","address":"423 Lamont Street Northwest, Washington, District of Columbia 20010","status":"Completed 2015 to Date","agency":"DHCD","aff":1,"total":4,"ward":"Ward 1","end":"2024-08-23","ami":[0,0,0,1,0]}},{"type":"Feature","geometry":{"type":"Point","coordinates":[-76.995394,38.858241]},"properties":{"name":"2628 Martin Luther King Jr. Ave SE","address":"2628 Martin Luther King Jr Avenue Southeast, Washington, District of Columbia 20020","status":"Pipeline","agency":"DHCD","aff":1,"total":10,"ward":"Ward 8","end":null,"ami":[0,1,0,0,0]}},{"type":"Feature","geometry":{"type":"Point","coordinates":[-77.03825,38.931642]},"properties":{"name":"3215 Mt. Pleasant Street NW","address":"3215 Mount Pleasant Street Northwest, Washington, District of Columbia 20010","status":"Completed 2015 to Date","agency":"DHCD","aff":2,"total":14,"ward":"Ward 1","end":"2026-07-17","ami":[0,0,2,0,0]}},{"type":"Feature","geometry":{"type":"Point","coordinates":[-76.987951,38.895493]},"properties":{"name":"423 13th Street NE","address":"423 13th Street Northeast, Washington, District of Columbia 20002","status":"Completed 2015 to Date","agency":"DHCD","aff":1,"total":11,"ward":"Ward 6","end":"2024-12-09","ami":[0,1,0,0,0]}},{"type":"Feature","geometry":{"type":"Point","coordinates":[-77.016446,38.974078]},"properties":{"name":"325 Vine Street NW (HANTA)","address":"325 Vine Street Northwest, Washington, District of Columbia 20012","status":"Under Construction","agency":"DHCD Amazon Housing Equity Fund","aff":100,"total":172,"ward":"Ward 4","end":"2026-02-15","ami":[0,0,20,80,0]}},{"type":"Feature","geometry":{"type":"Point","coordinates":[-76.971594,38.851254]},"properties":{"name":"2405 Alabama Avenue SE","address":"2405 Alabama Avenue Southeast, Washington, District of Columbia 20020","status":"Under Construction","agency":"DHCD","aff":2,"total":16,"ward":"Ward 8","end":"2026-03-14","ami":[0,1,1,0,0]}},{"type":"Feature","geometry":{"type":"Point","coordinates":[-77.034343,38.923942]},"properties":{"name":"2610 University Place NW","address":"2610 University Place Northwest, Washington, District of Columbia 20009","status":"Completed 2015 to Date","agency":"DHCD","aff":1,"total":10,"ward":"Ward 1","end":"2025-03-11","ami":[0,1,0,0,0]}},{"type":"Feature","geometry":{"type":"Point","coordinates":[-76.975219,38.87021]},"properties":{"name":"1613-1617 22nd St. SE","address":"1613 22nd Street Southeast, Washington, District of Columbia 20020","status":"Pipeline","agency":"DHCD","aff":2,"total":18,"ward":"Ward 8","end":null,"ami":[0,2,0,0,0]}},{"type":"Feature","geometry":{"type":"Point","coordinates":[-77.02399,38.879279]},"properties":{"name":"Incanto (Parcel 4A, The Wharf Phase I)","address":"770 Maine Avenue Southwest, Washington, District of Columbia 20024","status":"Completed 2015 to Date","agency":"DMPED","aff":27,"total":148,"ward":"Ward 6","end":"2017-10-12","ami":[8,0,19,0,20]}},{"type":"Feature","geometry":{"type":"Point","coordinates":[-76.975976,38.902847]},"properties":{"name":"929 19th Street NE","address":"929 19th Street Northeast, Washington, District of Columbia 20002","status":"Pipeline","agency":"DHCD","aff":1,"total":12,"ward":"Ward 5","end":null,"ami":[0,0,0,1,0]}},{"type":"Feature","geometry":{"type":"Point","coordinates":[-77.024363,38.941716]},"properties":{"name":"824 Upshur Street NW","address":"824 Upshur Street Northwest, Washington, District of Columbia 20011","status":"Under Construction","agency":"DHCD","aff":3,"total":30,"ward":"Ward 4","end":"2026-03-27","ami":[0,1,2,0,0]}},{"type":"Feature","geometry":{"type":"Point","coordinates":[-77.026735,38.907968]},"properties":{"name":"1319 11th Street NW","address":"1319 11th Street Northwest, Washington, District of Columbia 20001","status":"Under Construction","agency":"DHCD","aff":1,"total":9,"ward":"Ward 2","end":"2026-03-01","ami":[0,0,1,0,0]}},{"type":"Feature","geometry":{"type":"Point","coordinates":[-76.987832,38.880944]},"properties":{"name":"1313 Pennsylvania Residences","address":"1313 Pennsylvania Avenue Southeast, Washington, District of Columbia 20003","status":"Completed 2015 to Date","agency":"DHCD","aff":1,"total":6,"ward":"Ward 6","end":"2024-09-10","ami":[0,0,0,1,0]}},{"type":"Feature","geometry":{"type":"Point","coordinates":[-77.026822,38.949314]},"properties":{"name":"4825 Georgia Ave NW","address":"4825 Georgia Avenue Northwest, Washington, District of Columbia 20011","status":"Under Construction","agency":"DHCD","aff":1,"total":11,"ward":"Ward 4","end":"2026-02-01","ami":[0,1,0,0,0]}},{"type":"Feature","geometry":{"type":"Point","coordinates":[-76.976868,38.901074]},"properties":{"name":"1812 H Place NE","address":"1812 H Place Northeast, Washington, District of Columbia 20002","status":"Completed 2015 to Date","agency":"DHCD","aff":3,"total":41,"ward":"Ward 5","end":"2025-12-19","ami":[0,0,3,0,0]}},{"type":"Feature","geometry":{"type":"Point","coordinates":[-76.990674,38.931116]},"properties":{"name":"3315 12th Street NE","address":"3315 12th Street Northeast, Washington, District of Columbia 20017","status":"Under Construction","agency":"DHCD","aff":1,"total":9,"ward":"Ward 5","end":"2026-03-19","ami":[0,0,0,1,0]}},{"type":"Feature","geometry":{"type":"Point","coordinates":[-77.03241,38.934243]},"properties":{"name":"3469 14th St. Residences","address":"3469 14th Street Northwest, Washington, District of Columbia 20010","status":"Under Construction","agency":"DHCD","aff":1,"total":10,"ward":"Ward 1","end":"2026-02-28","ami":[0,0,1,0,0]}},{"type":"Feature","geometry":{"type":"Point","coordinates":[-77.026427,38.944217]},"properties":{"name":"4402 Georgia Residences","address":"4402 Georgia Avenue Northwest, Washington, District of Columbia 20011","status":"Under Construction","agency":"DHCD","aff":1,"total":12,"ward":"Ward 4","end":"2026-03-01","ami":[0,0,0,1,0]}},{"type":"Feature","geometry":{"type":"Point","coordinates":[-77.026993,38.970172]},"properties":{"name":"6605 Georgia Residences","address":"6605 Georgia Avenue Northwest, Washington, District of Columbia 20012","status":"Under Construction","agency":"DHCD","aff":1,"total":13,"ward":"Ward 4","end":"2026-02-01","ami":[0,0,0,1,0]}},{"type":"Feature","geometry":{"type":"Point","coordinates":[-77.041056,38.922349]},"properties":{"name":"2377 Champlain Street NW","address":"2377 Champlain Street Northwest, Washington, District of Columbia 20009","status":"Under Construction","agency":"DHCD","aff":8,"total":87,"ward":"Ward 1","end":"2026-04-25","ami":[0,7,1,0,0]}},{"type":"Feature","geometry":{"type":"Point","coordinates":[-77.000446,38.908711]},"properties":{"name":"Building C2 - Union Market Terminal Stage 2 PUD Modification","address":"350 Morse Street Northeast, Washington, District of Columbia 20002","status":"Pipeline","agency":"OP","aff":26,"total":232,"ward":"Ward 5","end":"2027-06-01","ami":[0,13,13,0,0]}},{"type":"Feature","geometry":{"type":"Point","coordinates":[-77.036892,38.929693]},"properties":{"name":"Mount Pleasant Preservation Project - Sarbin Towers, Park Marconi, Richman Towers","address":"3132 16th Street Northwest, Washington, District of Columbia 20010","status":"Completed 2015 to Date","agency":"Amazon Housing Equity Fund","aff":165,"total":165,"ward":"Ward 1","end":"2022-10-07","ami":[0,70,0,95,0]}},{"type":"Feature","geometry":{"type":"Point","coordinates":[-76.949957,38.899137]},"properties":{"name":"Parkside Parcel 8 - Parkside PUD Block F","address":"630 Kenilworth Terrace Northeast, Washington, District of Columbia 20019","status":"Completed 2015 to Date","agency":"OP","aff":0,"total":112,"ward":"Ward 7","end":"2024-06-05","ami":[0,0,0,0,23]}},{"type":"Feature","geometry":{"type":"Point","coordinates":[-77.01185,38.923802]},"properties":{"name":"McMillan Townhomes - Parcel 5","address":"2601 1st Street Northwest, Washington, District of Columbia 20001","status":"Under Construction","agency":"DMPED DHCD","aff":22,"total":146,"ward":"Ward 5","end":"2026-02-09","ami":[0,9,0,13,0]}},{"type":"Feature","geometry":{"type":"Point","coordinates":[-77.025696,38.923454]},"properties":{"name":"Baldwin House Cooperative\t","address":"2570 Sherman Avenue Northwest, Washington, District of Columbia 20001","status":"Completed 2015 to Date","agency":"DHCD","aff":6,"total":8,"ward":"Ward 1","end":"2023-05-31","ami":[2,2,0,2,0]}},{"type":"Feature","geometry":{"type":"Point","coordinates":[-77.04876,38.916458]},"properties":{"name":"The Bobbi (fka The Amelia & Paul Apartments) - Acquisition/Critical Repairs","address":"2151 California Street Northwest, Washington, District of Columbia 20008","status":"Completed 2015 to Date","agency":"DHCD","aff":12,"total":23,"ward":"Ward 2","end":"2023-05-25","ami":[0,0,0,12,0]}},{"type":"Feature","geometry":{"type":"Point","coordinates":[-77.031515,38.929978]},"properties":{"name":"Kenyon House","address":"1349 Kenyon Street Northwest, Washington, District of Columbia 20010","status":"Completed 2015 to Date","agency":"DHCD","aff":25,"total":49,"ward":"Ward 1","end":"2023-05-31","ami":[0,10,0,15,0]}},{"type":"Feature","geometry":{"type":"Point","coordinates":[-77.075432,38.965583]},"properties":{"name":"Chevy Chase Library and Community Center","address":"5625 Connecticut Avenue Northwest, Washington, District of Columbia 20015","status":"Pipeline","agency":"DMPED","aff":0,"total":0,"ward":"Ward 3","end":"2028-01-01","ami":[0,0,0,0,0]}},{"type":"Feature","geometry":{"type":"Point","coordinates":[-77.00244,38.90281]},"properties":{"name":"Loree Grand - New Covenant (WHC/Amazon)","address":"250 K Street Northeast, Washington, District of Columbia 20002","status":"Completed 2015 to Date","agency":"Amazon Housing Equity Fund ; Washington Housing Initiative","aff":159,"total":159,"ward":"Ward 6","end":"2022-12-21","ami":[0,0,0,159,0]}},{"type":"Feature","geometry":{"type":"Point","coordinates":[-76.998485,38.861559]},"properties":{"name":"Barry Farm Building 1A (The Edmonson)","address":"1100 Sumner Road Southeast, Washington, District of Columbia 20020","status":"Under Construction","agency":"DMPED DCHFA DHCD","aff":139,"total":139,"ward":"Ward 8","end":"2026-12-01","ami":[18,32,59,30,0]}},{"type":"Feature","geometry":{"type":"Point","coordinates":[-77.034191,38.926166]},"properties":{"name":"1446 Harvard Street NW","address":"1446 Harvard Street Northwest, Washington, District of Columbia 20009","status":"Under Construction","agency":"DHCD","aff":1,"total":9,"ward":"Ward 1","end":"2026-03-01","ami":[0,1,0,0,0]}},{"type":"Feature","geometry":{"type":"Point","coordinates":[-76.98104,38.904178]},"properties":{"name":"1100 Bladensburg Condos","address":"1100 Bladensburg Road Northeast, Washington, District of Columbia 20002","status":"Completed 2015 to Date","agency":"DHCD","aff":1,"total":10,"ward":"Ward 5","end":"2023-07-11","ami":[0,0,1,0,0]}},{"type":"Feature","geometry":{"type":"Point","coordinates":[-76.968251,38.854959]},"properties":{"name":"Gainesville Flats","address":"2823 Gainesville Street Southeast, Washington, District of Columbia 20020","status":"Under Construction","agency":"DHCD","aff":1,"total":12,"ward":"Ward 8","end":"2026-02-01","ami":[0,1,0,0,0]}},{"type":"Feature","geometry":{"type":"Point","coordinates":[-76.986847,38.899993]},"properties":{"name":"Bearden Arts","address":"1341 H Street Northeast, Washington, District of Columbia 20002","status":"Under Construction","agency":"DHCD","aff":2,"total":20,"ward":"Ward 6","end":"2026-02-01","ami":[0,0,0,2,0]}},{"type":"Feature","geometry":{"type":"Point","coordinates":[-77.032455,38.938313]},"properties":{"name":"3829-3831 14th Street NW","address":"3829 14th Street Northwest, Washington, District of Columbia 20011","status":"Pipeline","agency":"DHCD","aff":2,"total":20,"ward":"Ward 4","end":null,"ami":[0,0,2,0,0]}},{"type":"Feature","geometry":{"type":"Point","coordinates":[-76.987454,38.880773]},"properties":{"name":"1337 Pennsylvania Avenue SE","address":"1337 Pennsylvania Avenue Southeast, Washington, District of Columbia 20003","status":"Under Construction","agency":"DHCD","aff":2,"total":18,"ward":"Ward 6","end":"2026-03-08","ami":[0,0,0,2,0]}},{"type":"Feature","geometry":{"type":"Point","coordinates":[-77.002605,38.901957]},"properties":{"name":"232 Parker St. Residences","address":"232 Parker Street Northeast, Washington, District of Columbia 20002","status":"Pipeline","agency":"DHCD","aff":1,"total":8,"ward":"Ward 6","end":null,"ami":[0,0,0,1,0]}},{"type":"Feature","geometry":{"type":"Point","coordinates":[-77.029203,38.976709]},"properties":{"name":"WRAMC - Parcel L","address":"7155 13th Street Northwest, Washington, District of Columbia 20011","status":"Pipeline","agency":"DMPED","aff":31,"total":292,"ward":"Ward 4","end":"2027-01-01","ami":[0,0,0,31,0]}},{"type":"Feature","geometry":{"type":"Point","coordinates":[-77.028435,38.903967]},"properties":{"name":"1201 L St NW","address":"1201 L Street Northwest, Washington, District of Columbia 20005","status":"Pipeline","agency":"Amazon Housing Equity Fund","aff":145,"total":145,"ward":"Ward 2","end":null,"ami":[20,0,17,108,0]}},{"type":"Feature","geometry":{"type":"Point","coordinates":[-76.995684,38.933064]},"properties":{"name":"701 Michigan Ave NE","address":"701 Michigan Avenue Northeast, Washington, District of Columbia 20017","status":"Pipeline","agency":"DHCD OP","aff":21,"total":116,"ward":"Ward 5","end":"2029-01-01","ami":[0,21,0,0,0]}},{"type":"Feature","geometry":{"type":"Point","coordinates":[-76.997879,38.923122]},"properties":{"name":"Edgewood 611/Edgewood Gardens","address":"611 Edgewood Street Northeast, Washington, District of Columbia 20017","status":"Completed 2015 to Date","agency":"DCHFA DHCD","aff":300,"total":300,"ward":"Ward 5","end":"2025-08-12","ami":[0,103,127,70,0]}},{"type":"Feature","geometry":{"type":"Point","coordinates":[-76.929883,38.908323]},"properties":{"name":"4915 Quarles Street NE","address":"4915 Quarles Street Northeast, Washington, District of Columbia 20019","status":"Pipeline","agency":"DHCD","aff":3,"total":36,"ward":"Ward 7","end":null,"ami":[0,3,0,0,0]}},{"type":"Feature","geometry":{"type":"Point","coordinates":[-76.929803,38.899011]},"properties":{"name":"726 50th Street NE","address":"726 50th Street Northeast, Washington, District of Columbia 20019","status":"Pipeline","agency":"DHCD","aff":2,"total":10,"ward":"Ward 7","end":"2027-01-08","ami":[0,0,2,0,0]}},{"type":"Feature","geometry":{"type":"Point","coordinates":[-77.024466,38.932137]},"properties":{"name":"723 Morton Street NW","address":"723 Morton Street Northwest, Washington, District of Columbia 20010","status":"Under Construction","agency":"DHCD","aff":1,"total":4,"ward":"Ward 1","end":"2026-03-01","ami":[0,0,0,1,0]}},{"type":"Feature","geometry":{"type":"Point","coordinates":[-76.923754,38.88282]},"properties":{"name":"The Heights Townhouses","address":"5409 D Street Southeast, Washington, District of Columbia 20019","status":"Under Construction","agency":"DHCD","aff":3,"total":33,"ward":"Ward 7","end":"2026-04-03","ami":[0,0,0,3,0]}},{"type":"Feature","geometry":{"type":"Point","coordinates":[-77.023441,38.932438]},"properties":{"name":"3411 Georgia Avenue NW","address":"3411 Georgia Avenue Northwest, Washington, District of Columbia 20010","status":"Pipeline","agency":"DHCD","aff":1,"total":14,"ward":"Ward 1","end":null,"ami":[0,0,0,1,0]}},{"type":"Feature","geometry":{"type":"Point","coordinates":[-77.04757,38.906408]},"properties":{"name":"2121 Ward Place NW","address":"2121 Ward Place Northwest, Washington, District of Columbia 20037","status":"Completed 2015 to Date","agency":"DHCD","aff":3,"total":44,"ward":"Ward 2","end":"2025-09-19","ami":[0,0,3,0,0]}},{"type":"Feature","geometry":{"type":"Point","coordinates":[-77.055692,38.923637]},"properties":{"name":"Wardman Park Building B","address":"2601 Calvert Street Northwest, Washington, District of Columbia 20008","status":"Completed 2015 to Date","agency":"DHCD","aff":47,"total":577,"ward":"Ward 3","end":"2025-10-02","ami":[0,2,45,0,0]}},{"type":"Feature","geometry":{"type":"Point","coordinates":[-77.054688,38.924781]},"properties":{"name":"Wardman Park Building A","address":"2650 Woodley Road Northwest, Washington, District of Columbia 20008","status":"Completed 2015 to Date","agency":"DHCD","aff":25,"total":290,"ward":"Ward 3","end":"2025-08-26","ami":[0,1,24,0,0]}},{"type":"Feature","geometry":{"type":"Point","coordinates":[-76.978034,38.854899]},"properties":{"name":"1821 Gainesville Residences","address":"1821 Gainesville Street Southeast, Washington, District of Columbia 20020","status":"Pipeline","agency":"DHCD","aff":1,"total":8,"ward":"Ward 8","end":null,"ami":[0,1,0,0,0]}},{"type":"Feature","geometry":{"type":"Point","coordinates":[-77.003043,38.902765]},"properties":{"name":"Union Place","address":"200 K Street Northeast, Washington, District of Columbia 20002","status":"Completed 2015 to Date","agency":null,"aff":58,"total":525,"ward":"Ward 6","end":"2019-04-03","ami":[0,0,0,58,0]}},{"type":"Feature","geometry":{"type":"Point","coordinates":[-76.995871,38.932137]},"properties":{"name":"Monroe Street Market - Everton (Block E)","address":"701 Monroe Street Northeast, Washington, District of Columbia 20017","status":"Completed 2015 to Date","agency":null,"aff":10,"total":158,"ward":"Ward 5","end":"2020-12-24","ami":[0,0,0,10,0]}},{"type":"Feature","geometry":{"type":"Point","coordinates":[-76.990704,38.903214]},"properties":{"name":"1124-1126 Florida Avenue NE","address":"1124 Florida Avenue Northeast, Washington, District of Columbia 20002","status":"Completed 2015 to Date","agency":"DHCD","aff":4,"total":46,"ward":"Ward 5","end":"2025-09-05","ami":[0,1,0,3,0]}},{"type":"Feature","geometry":{"type":"Point","coordinates":[-77.033839,38.910571]},"properties":{"name":"1455-1469 Church Street NW","address":"1455 Church Street Northwest, Washington, District of Columbia 20005","status":"Under Construction","agency":"DHCD","aff":5,"total":65,"ward":"Ward 2","end":"2026-10-17","ami":[0,0,0,5,0]}},{"type":"Feature","geometry":{"type":"Point","coordinates":[-76.978666,38.900534]},"properties":{"name":"801 17th Street NE - Modera H Street","address":"801 17th Street Northeast, Washington, District of Columbia 20002","status":"Completed 2015 to Date","agency":"DHCD","aff":32,"total":325,"ward":"Ward 5","end":"2025-08-01","ami":[0,16,16,0,0]}},{"type":"Feature","geometry":{"type":"Point","coordinates":[-76.967946,38.855363]},"properties":{"name":"2812 Gainesville Street SE","address":"2812 Gainesville Street Southeast, Washington, District of Columbia 20020","status":"Under Construction","agency":"DHCD","aff":1,"total":8,"ward":"Ward 8","end":"2026-07-25","ami":[0,0,1,0,0]}},{"type":"Feature","geometry":{"type":"Point","coordinates":[-77.027282,38.977844]},"properties":{"name":"WRAMC - Pacels A-G (The Veranda)","address":"1108 Fern Street Northwest, Washington, District of Columbia 20012","status":"Pipeline","agency":"DMPED","aff":12,"total":141,"ward":"Ward 4","end":"2027-01-01","ami":[0,0,0,12,0]}},{"type":"Feature","geometry":{"type":"Point","coordinates":[-77.010304,38.868882]},"properties":{"name":"1700 Half Street SW","address":"1700 Half Street Southwest, Washington, District of Columbia 20024","status":"Pipeline","agency":"DHCD","aff":43,"total":434,"ward":"Ward 6","end":"2028-06-01","ami":[0,0,43,0,0]}},{"type":"Feature","geometry":{"type":"Point","coordinates":[-77.009397,38.874495]},"properties":{"name":"1301 South Capitol Street SW","address":"1301 South Capitol Street Southwest, Washington, District of Columbia 20003","status":"Pipeline","agency":"DHCD","aff":6,"total":49,"ward":"Ward 6","end":"2027-06-01","ami":[0,1,5,0,0]}},{"type":"Feature","geometry":{"type":"Point","coordinates":[-77.072752,38.93588]},"properties":{"name":"3427 Wisconsin Ave NW","address":"3427 Wisconsin Avenue Northwest, Washington, District of Columbia 20016","status":"Under Construction","agency":"DHCD OP","aff":3,"total":23,"ward":"Ward 3","end":"2026-08-28","ami":[0,0,3,0,0]}},{"type":"Feature","geometry":{"type":"Point","coordinates":[-76.998749,38.83832]},"properties":{"name":"Meadowbrook Run/Trenton Park Redevelopment","address":"3639 6th Street Southeast, Washington, District of Columbia 20032","status":"Pipeline","agency":"OP","aff":267,"total":339,"ward":"Ward 8","end":"2029-06-01","ami":[0,0,129,138,0]}},{"type":"Feature","geometry":{"type":"Point","coordinates":[-76.989785,38.899954]},"properties":{"name":"1207 H Street NE (Autozone)","address":"1207 H Street Northeast, Washington, District of Columbia 20002","status":"Pipeline","agency":"DHCD OP","aff":40,"total":200,"ward":"Ward 6","end":"2028-06-01","ami":[0,0,40,0,0]}},{"type":"Feature","geometry":{"type":"Point","coordinates":[-76.974485,38.930366]},"properties":{"name":"2026 Jackson Street NE - New Macedonia Baptist Church","address":"2026 Jackson Street Northeast, Washington, District of Columbia 20018","status":"Pipeline","agency":"DHCD OP","aff":6,"total":35,"ward":"Ward 5","end":null,"ami":[0,0,6,0,0]}},{"type":"Feature","geometry":{"type":"Point","coordinates":[-76.99808,38.920285]},"properties":{"name":"605 Rhode Island Ave - Phase 2 (HANTA)","address":"519 Rhode Island Avenue Northeast, Washington, District of Columbia 20002","status":"Pipeline","agency":"DHCD OP","aff":70,"total":202,"ward":"Ward 5","end":"2028-12-01","ami":[0,0,31,39,0]}},{"type":"Feature","geometry":{"type":"Point","coordinates":[-77.075967,38.924433]},"properties":{"name":"Tunlaw Apartments","address":"2626 Tunlaw Road Northwest, Washington, District of Columbia 20007","status":"Completed 2015 to Date","agency":"DHCD","aff":65,"total":65,"ward":"Ward 3","end":"2024-03-14","ami":[0,0,0,65,0]}},{"type":"Feature","geometry":{"type":"Point","coordinates":[-76.993782,38.930139]},"properties":{"name":"3250 9th Street NE","address":"3250 9th Street Northeast, Washington, District of Columbia 20017","status":"Pipeline","agency":"DHCD OP","aff":6,"total":30,"ward":"Ward 5","end":"2029-01-01","ami":[0,0,6,0,0]}},{"type":"Feature","geometry":{"type":"Point","coordinates":[-76.995273,38.899975]},"properties":{"name":"777 H Street NE","address":"777 H Street Northeast, Washington, District of Columbia 20002","status":"Pipeline","agency":"DHCD OP","aff":6,"total":30,"ward":"Ward 6","end":"2028-01-01","ami":[0,0,6,0,0]}},{"type":"Feature","geometry":{"type":"Point","coordinates":[-76.930912,38.876486]},"properties":{"name":"Delta Commons (Partner Arms 4)","address":"5078 Benning Road Southeast, Washington, District of Columbia 20019","status":"Completed 2015 to Date","agency":"DCHA DHCD","aff":36,"total":36,"ward":"Ward 7","end":"2015-10-06","ami":[12,0,24,0,0]}},{"type":"Feature","geometry":{"type":"Point","coordinates":[-76.983443,38.900697]},"properties":{"name":"Delta Towers","address":"808 Bladensburg Road Northeast, Washington, District of Columbia 20002","status":"Completed 2015 to Date","agency":"DCHFA DHCD","aff":179,"total":179,"ward":"Ward 5","end":"2021-01-25","ami":[179,0,0,0,0]}},{"type":"Feature","geometry":{"type":"Point","coordinates":[-76.912248,38.89486]},"properties":{"name":"Eden Place - Phase I","address":"414 Eastern Avenue Northeast, Washington, District of Columbia 20019","status":"Completed 2015 to Date","agency":"DMPED DHCD","aff":29,"total":29,"ward":"Ward 7","end":"2017-04-07","ami":[6,0,3,20,0]}},{"type":"Feature","geometry":{"type":"Point","coordinates":[-76.912202,38.894834]},"properties":{"name":"Eden Place - Phase II","address":"400 Eastern Ave NE, Washington, District of Columbia 20019","status":"Pipeline","agency":"DMPED","aff":5,"total":14,"ward":"Ward 7","end":"2027-01-01","ami":[0,2,0,3,9]}},{"type":"Feature","geometry":{"type":"Point","coordinates":[-76.996628,38.924615]},"properties":{"name":"Edgewood Terrace I","address":"625 Edgewood Street Northeast, Washington, District of Columbia 20017","status":"Completed 2015 to Date","agency":"DCHFA","aff":292,"total":382,"ward":"Ward 5","end":"2016-10-28","ami":[0,0,202,90,0]}},{"type":"Feature","geometry":{"type":"Point","coordinates":[-77.025176,38.93953]},"properties":{"name":"Fahrenheit Condominiums","address":"3930 Georgia Ave NW, Washington, District of Columbia 20011","status":"Completed 2015 to Date","agency":"DHCD","aff":3,"total":38,"ward":"Ward 4","end":"2016-02-29","ami":[0,0,0,3,0]}},{"type":"Feature","geometry":{"type":"Point","coordinates":[-76.958081,38.930163]},"properties":{"name":"Fort Lincoln City Homes","address":"3043 Bladensburg Road Northeast, Washington, District of Columbia 20018","status":"Pipeline","agency":"DMPED","aff":5,"total":51,"ward":"Ward 5","end":"2027-02-01","ami":[0,5,0,0,0]}},{"type":"Feature","geometry":{"type":"Point","coordinates":[-76.951543,38.924857]},"properties":{"name":"Fort Lincoln Multifamily - Reserves at Dakota Crossing and The Jamison at Dakota Crossing","address":"3750 Jamison Street Northeast, Washington, District of Columbia 20018","status":"Completed 2015 to Date","agency":"DMPED DHCD OP","aff":38,"total":354,"ward":"Ward 5","end":"2019-07-31","ami":[0,20,0,18,0]}},{"type":"Feature","geometry":{"type":"Point","coordinates":[-76.978505,38.855409]},"properties":{"name":"Gainesville Court","address":"1808 Gainesville Street Southeast, Washington, District of Columbia 20020","status":"Completed 2015 to Date","agency":"DHCD","aff":12,"total":19,"ward":"Ward 8","end":"2016-09-14","ami":[0,6,5,1,7]}},{"type":"Feature","geometry":{"type":"Point","coordinates":[-77.000469,38.907645]},"properties":{"name":"The Edison at Union Market","address":"1240 4th Street Northeast, Washington, District of Columbia 20002","status":"Completed 2015 to Date","agency":"DMPED OP","aff":38,"total":187,"ward":"Ward 5","end":"2017-09-27","ami":[0,0,0,38,0]}},{"type":"Feature","geometry":{"type":"Point","coordinates":[-77.022702,38.879155]},"properties":{"name":"807 Maine Ave SW PUD","address":"807 Maine Avenue Southwest, Washington, District of Columbia 20024","status":"Pipeline","agency":"OP","aff":27,"total":195,"ward":"Ward 6","end":"2028-06-01","ami":[0,3,24,0,0]}},{"type":"Feature","geometry":{"type":"Point","coordinates":[-76.999307,38.922752]},"properties":{"name":"Edgewood Commons V","address":"435 Edgewood Street Northeast, Washington, District of Columbia 20017","status":"Completed 2015 to Date","agency":"DCHFA DHCD","aff":150,"total":150,"ward":"Ward 5","end":"2026-03-02","ami":[96,54,0,0,0]}},{"type":"Feature","geometry":{"type":"Point","coordinates":[-77.033798,38.972093]},"properties":{"name":"Aspen Street Cooperative","address":"1400 Aspen Street Northwest, Washington, District of Columbia 20012","status":"Completed 2015 to Date","agency":"DHCD","aff":30,"total":30,"ward":"Ward 4","end":"2020-02-19","ami":[0,15,15,0,0]}},{"type":"Feature","geometry":{"type":"Point","coordinates":[-76.98119,38.86173]},"properties":{"name":"2326 & 2368 Green Street SE","address":"2326 Green Street Southeast, Washington, District of Columbia 20020","status":"Under Construction","agency":"DHCD","aff":1,"total":10,"ward":"Ward 8","end":"2026-02-15","ami":[0,0,1,0,0]}},{"type":"Feature","geometry":{"type":"Point","coordinates":[-77.022155,38.915345]},"properties":{"name":"1840 7th St NW","address":"1840 7th Street Northwest, Washington, District of Columbia 20001","status":"Under Construction","agency":"DHCD","aff":14,"total":204,"ward":"Ward 1","end":"2026-02-01","ami":[0,0,14,0,0]}},{"type":"Feature","geometry":{"type":"Point","coordinates":[-77.06388,38.905778]},"properties":{"name":"3220 Prospect Street NW","address":"3220 Prospect Street Northwest, Washington, District of Columbia 20007","status":"Completed 2015 to Date","agency":"DHCD","aff":9,"total":115,"ward":"Ward 2","end":"2024-08-13","ami":[0,0,9,0,0]}},{"type":"Feature","geometry":{"type":"Point","coordinates":[-77.010749,38.905392]},"properties":{"name":"Sursum Corda Phase 2, Northeast Building","address":"50 M Street Northwest, Washington, District of Columbia 20001","status":"Pipeline","agency":"DCHFA OP","aff":116,"total":750,"ward":"Ward 6","end":"2029-09-01","ami":[0,116,0,0,0]}},{"type":"Feature","geometry":{"type":"Point","coordinates":[-76.972393,38.930602]},"properties":{"name":"2385 Rhode Island Ave. NE","address":"2385 Rhode Island Avenue Northeast, Washington, District of Columbia 20018","status":"Completed 2015 to Date","agency":"DHCD","aff":2,"total":20,"ward":"Ward 5","end":"2024-11-08","ami":[0,0,2,0,0]}},{"type":"Feature","geometry":{"type":"Point","coordinates":[-76.987047,38.912899]},"properties":{"name":"Corcoran Flats (1495 Gallaudet Street NE)","address":"1495 Gallaudet Street Northeast, Washington, District of Columbia 20002","status":"Completed 2015 to Date","agency":"DHCD","aff":1,"total":10,"ward":"Ward 5","end":"2018-04-11","ami":[0,1,0,0,0]}},{"type":"Feature","geometry":{"type":"Point","coordinates":[-77.000848,38.920438]},"properties":{"name":"The Chaplain","address":"340 Adams Street Northeast, Washington, District of Columbia 20002","status":"Completed 2015 to Date","agency":"DHCD","aff":2,"total":17,"ward":"Ward 5","end":"2015-10-30","ami":[0,1,0,1,0]}},{"type":"Feature","geometry":{"type":"Point","coordinates":[-76.99739,38.900412]},"properties":{"name":"The Apollo","address":"600 H Street Northeast, Washington, District of Columbia 20002","status":"Completed 2015 to Date","agency":"DHCD OP","aff":35,"total":431,"ward":"Ward 6","end":"2016-09-22","ami":[0,3,0,32,0]}},{"type":"Feature","geometry":{"type":"Point","coordinates":[-76.994516,38.92297]},"properties":{"name":"Brookland Press","address":"806 Channing Place Northeast, Washington, District of Columbia 20018","status":"Completed 2015 to Date","agency":"DHCD","aff":12,"total":139,"ward":"Ward 5","end":"2017-09-08","ami":[0,0,0,12,0]}},{"type":"Feature","geometry":{"type":"Point","coordinates":[-77.03703,38.929994]},"properties":{"name":"The Vintage","address":"3146 16th St NW, Washington, District of Columbia 20010","status":"Completed 2015 to Date","agency":"DHCD","aff":8,"total":85,"ward":"Ward 1","end":"2017-09-28","ami":[0,4,0,4,0]}},{"type":"Feature","geometry":{"type":"Point","coordinates":[-77.026555,38.90581]},"properties":{"name":"10Eleven","address":"1011 M Street Northwest, Washington, District of Columbia 20001","status":"Completed 2015 to Date","agency":"DHCD","aff":7,"total":71,"ward":"Ward 2","end":"2017-03-28","ami":[0,0,0,7,0]}},{"type":"Feature","geometry":{"type":"Point","coordinates":[-76.987032,38.90164]},"properties":{"name":"The Hendrix","address":"1326 Florida Avenue Northeast, Washington, District of Columbia 20002","status":"Completed 2015 to Date","agency":"DHCD","aff":4,"total":45,"ward":"Ward 5","end":"2017-01-12","ami":[0,2,0,2,0]}},{"type":"Feature","geometry":{"type":"Point","coordinates":[-77.03159,38.91647]},"properties":{"name":"Elysium Fourteen (1925 14th Street, NW)","address":"1925 14th St NW, Washington, District of Columbia 20009","status":"Completed 2015 to Date","agency":"DHCD","aff":4,"total":56,"ward":"Ward 1","end":"2017-01-11","ami":[0,0,0,4,0]}},{"type":"Feature","geometry":{"type":"Point","coordinates":[-76.990877,38.899991]},"properties":{"name":"1115 H Street NE (Woolworth Condo)","address":"1115 H Street Northeast, Washington, District of Columbia 20002","status":"Completed 2015 to Date","agency":"DMPED DHCD","aff":4,"total":16,"ward":"Ward 6","end":"2015-06-02","ami":[0,2,0,2,0]}},{"type":"Feature","geometry":{"type":"Point","coordinates":[-77.024192,38.906944]},"properties":{"name":"The Colonel","address":"1250 9th Street Northwest, Washington, District of Columbia 20001","status":"Completed 2015 to Date","agency":"DHCD","aff":6,"total":67,"ward":"Ward 2","end":"2015-04-01","ami":[0,3,0,3,0]}},{"type":"Feature","geometry":{"type":"Point","coordinates":[-76.987587,38.878612]},"properties":{"name":"1314 K Street SE Cooperative","address":"1314 K Street Southeast, Washington, District of Columbia 20003","status":"Completed 2015 to Date","agency":"DHCD","aff":12,"total":12,"ward":"Ward 6","end":"2017-07-31","ami":[0,0,0,12,0]}},{"type":"Feature","geometry":{"type":"Point","coordinates":[-77.032337,38.908296]},"properties":{"name":"The Bentley","address":"1328 14th Street Northwest, Washington, District of Columbia 20005","status":"Completed 2015 to Date","agency":"DHCD","aff":4,"total":50,"ward":"Ward 2","end":"2015-01-27","ami":[0,0,0,4,0]}},{"type":"Feature","geometry":{"type":"Point","coordinates":[-76.985771,38.899616]},"properties":{"name":"The Maryland","address":"1350 Maryland Ave NE, Washington, District of Columbia 20002","status":"Completed 2015 to Date","agency":"DHCD","aff":7,"total":84,"ward":"Ward 6","end":"2016-01-05","ami":[0,0,0,7,0]}},{"type":"Feature","geometry":{"type":"Point","coordinates":[-76.981971,38.925941]},"properties":{"name":"1515 Rhode Island Ave NE","address":"1515 Rhode Island Avenue Northeast, Washington, District of Columbia 20018","status":"Completed 2015 to Date","agency":"DHCD","aff":2,"total":20,"ward":"Ward 5","end":"2019-01-07","ami":[0,1,0,1,0]}},{"type":"Feature","geometry":{"type":"Point","coordinates":[-77.045338,38.923486]},"properties":{"name":"1919 Calvert St NW Tenants Association","address":"1919 Calvert Street Northwest, Washington, District of Columbia 20009","status":"Completed 2015 to Date","agency":"DHCD","aff":14,"total":14,"ward":"Ward 1","end":"2015-12-04","ami":[5,9,0,0,0]}},{"type":"Feature","geometry":{"type":"Point","coordinates":[-77.022612,38.916249]},"properties":{"name":"The Shay East","address":"1921 8th Street Northwest, Washington, District of Columbia 20001","status":"Completed 2015 to Date","agency":"DHCD","aff":7,"total":91,"ward":"Ward 1","end":"2015-06-19","ami":[0,0,0,7,0]}},{"type":"Feature","geometry":{"type":"Point","coordinates":[-77.023216,38.916547]},"properties":{"name":"The Shay West","address":"1924 8th St NW, Washington, District of Columbia 20001","status":"Completed 2015 to Date","agency":"DHCD","aff":12,"total":156,"ward":"Ward 1","end":"2015-09-13","ami":[0,0,0,12,0]}},{"type":"Feature","geometry":{"type":"Point","coordinates":[-77.023091,38.917542]},"properties":{"name":"Atlantic Plumbing","address":"2030 8th Street Northwest, Washington, District of Columbia 20001","status":"Completed 2015 to Date","agency":"DHCD","aff":6,"total":65,"ward":"Ward 1","end":"2015-04-01","ami":[0,0,0,6,0]}},{"type":"Feature","geometry":{"type":"Point","coordinates":[-77.006418,38.831505]},"properties":{"name":"22 Atlantic Cooperative Association, Inc. (Acq)","address":"22 Atlantic Street Southeast, Washington, District of Columbia 20032","status":"Completed 2015 to Date","agency":"DHCD","aff":15,"total":15,"ward":"Ward 8","end":"2022-08-22","ami":[7,5,3,0,0]}},{"type":"Feature","geometry":{"type":"Point","coordinates":[-77.000098,38.920716]},"properties":{"name":"2321 4th Street (Rhode Island Avenue Gateway PUD)","address":"2321 4th Street Northeast, Washington, District of Columbia 20002","status":"Completed 2015 to Date","agency":"DCHA DCHFA DHCD","aff":116,"total":116,"ward":"Ward 5","end":"2016-06-01","ami":[20,0,96,0,0]}},{"type":"Feature","geometry":{"type":"Point","coordinates":[-77.015698,38.975292]},"properties":{"name":"Takoma Central","address":"255 Carroll Street Northwest, Washington, District of Columbia 20012","status":"Completed 2015 to Date","agency":"DHCD","aff":9,"total":77,"ward":"Ward 4","end":"2015-09-03","ami":[0,5,0,4,0]}},{"type":"Feature","geometry":{"type":"Point","coordinates":[-77.023377,38.92775]},"properties":{"name":"2920 Georgia Ave NW","address":"2920 Georgia Avenue Northwest, Washington, District of Columbia 20001","status":"Completed 2015 to Date","agency":"DHCD","aff":2,"total":26,"ward":"Ward 1","end":"2015-01-07","ami":[0,1,0,1,0]}},{"type":"Feature","geometry":{"type":"Point","coordinates":[-77.001754,38.900013]},"properties":{"name":"301 H Street NE","address":"301 H St NE, Washington, District of Columbia 20002","status":"Completed 2015 to Date","agency":"DHCD","aff":3,"total":30,"ward":"Ward 6","end":"2016-04-27","ami":[0,0,0,3,0]}},{"type":"Feature","geometry":{"type":"Point","coordinates":[-76.966588,38.920429]},"properties":{"name":"30th Place Crescent Townhomes","address":"2192 Half Moon Place NE, Washington, District of Columbia 20018","status":"Completed 2015 to Date","agency":"DHCD","aff":5,"total":26,"ward":"Ward 5","end":"2016-07-22","ami":[0,0,0,5,0]}},{"type":"Feature","geometry":{"type":"Point","coordinates":[-76.946296,38.894216]},"properties":{"name":"4000 Benning (St. Stephens)","address":"4000 Benning Road Northeast, Washington, District of Columbia 20019","status":"Completed 2015 to Date","agency":"DCHA DCHFA DHCD","aff":71,"total":71,"ward":"Ward 7","end":"2017-12-22","ami":[18,53,0,0,0]}},{"type":"Feature","geometry":{"type":"Point","coordinates":[-77.027695,38.939903]},"properties":{"name":"Thompson Place","address":"4000 Kansas Avenue Northwest, Washington, District of Columbia 20011","status":"Completed 2015 to Date","agency":"DHCD","aff":19,"total":19,"ward":"Ward 4","end":"2018-04-10","ami":[0,0,19,0,0]}},{"type":"Feature","geometry":{"type":"Point","coordinates":[-76.983912,38.883914]},"properties":{"name":"Kingston Condominum","address":"401 15th Street Southeast, Washington, District of Columbia 20003","status":"Completed 2015 to Date","agency":"DHCD","aff":2,"total":13,"ward":"Ward 6","end":"2015-03-31","ami":[0,1,0,1,0]}},{"type":"Feature","geometry":{"type":"Point","coordinates":[-76.986286,38.834078]},"properties":{"name":"4300 12th Street SE","address":"4300 12th Street Southeast, Washington, District of Columbia 20032","status":"Completed 2015 to Date","agency":"DCHA DHCD","aff":26,"total":26,"ward":"Ward 8","end":"2019-08-19","ami":[26,0,0,0,0]}},{"type":"Feature","geometry":{"type":"Point","coordinates":[-77.064622,38.946876]},"properties":{"name":"Park Van Ness","address":"4455 Connecticut Ave NW, Washington, District of Columbia 20008","status":"Completed 2015 to Date","agency":"DHCD","aff":26,"total":297,"ward":"Ward 3","end":"2016-05-25","ami":[0,0,0,26,0]}},{"type":"Feature","geometry":{"type":"Point","coordinates":[-76.926654,38.899438]},"properties":{"name":"5201 Hayes Street (Deanwood Hills)","address":"5201 Hayes Street Northeast, Washington, District of Columbia 20019","status":"Completed 2015 to Date","agency":"DMPED DCHFA DHCD OP","aff":150,"total":150,"ward":"Ward 7","end":"2018-08-31","ami":[40,10,100,0,0]}},{"type":"Feature","geometry":{"type":"Point","coordinates":[-77.030172,38.959503]},"properties":{"name":"5741 Colorado Avenue NW Tenant Association","address":"5741 Colorado Avenue Northwest, Washington, District of Columbia 20011","status":"Completed 2015 to Date","agency":"DHCD","aff":28,"total":28,"ward":"Ward 4","end":"2016-09-28","ami":[2,19,7,0,0]}},{"type":"Feature","geometry":{"type":"Point","coordinates":[-76.911936,38.893882]},"properties":{"name":"62nd Street Apartments (w/ PADD) - Phase II (aka Eastbrooke Apartments )","address":"323 62nd Street Northeast, Washington, District of Columbia 20019","status":"Completed 2015 to Date","agency":"DCHFA DHCD","aff":39,"total":39,"ward":"Ward 7","end":"2015-09-24","ami":[0,0,39,0,0]}},{"type":"Feature","geometry":{"type":"Point","coordinates":[-77.026522,38.974284]},"properties":{"name":"6925-6929 Georgia Avenue","address":"6925 Georgia Avenue Northwest, Washington, District of Columbia 20012","status":"Completed 2015 to Date","agency":"DMPED DCHA DHCD","aff":27,"total":27,"ward":"Ward 4","end":"2015-10-24","ami":[8,12,0,7,0]}},{"type":"Feature","geometry":{"type":"Point","coordinates":[-77.023198,38.908287]},"properties":{"name":"Intersect at O - 8th/O Street NW","address":"1336 8th St NW, Washington, District of Columbia 20001","status":"Completed 2015 to Date","agency":"DMPED DHCD OP","aff":24,"total":79,"ward":"Ward 6","end":"2023-01-30","ami":[0,12,0,12,0]}},{"type":"Feature","geometry":{"type":"Point","coordinates":[-76.971287,38.863929]},"properties":{"name":"Altamont Place","address":"2335 Altamont Place Southeast, Washington, District of Columbia 20020","status":"Completed 2015 to Date","agency":"DCHA DHCD","aff":36,"total":36,"ward":"Ward 8","end":"2017-10-16","ami":[36,0,0,0,0]}},{"type":"Feature","geometry":{"type":"Point","coordinates":[-76.989519,38.839932]},"properties":{"name":"Archer Park (Wing I)","address":"1200 Mississippi Ave SE, Washington, District of Columbia 20032","status":"Completed 2015 to Date","agency":"DCHFA DHCD OP","aff":190,"total":190,"ward":"Ward 8","end":"2017-11-30","ami":[10,0,180,0,0]}},{"type":"Feature","geometry":{"type":"Point","coordinates":[-76.999983,38.831219]},"properties":{"name":"Highland Dwellings","address":"400 Atlantic Street Southeast, Washington, District of Columbia 20032","status":"Completed 2015 to Date","agency":"DCHA DCHFA","aff":208,"total":208,"ward":"Ward 8","end":"2017-09-30","ami":[208,0,0,0,0]}},{"type":"Feature","geometry":{"type":"Point","coordinates":[-76.976495,38.885749]},"properties":{"name":"Hill East Phase I - The Ethel (Parcel F-1)","address":"1900 C Street Southeast, Washington, District of Columbia 20003","status":"Completed 2015 to Date","agency":"DMPED DHCD OP","aff":100,"total":100,"ward":"Ward 7","end":"2023-01-27","ami":[100,0,0,0,0]}},{"type":"Feature","geometry":{"type":"Point","coordinates":[-76.995404,38.88586]},"properties":{"name":"Hine Junior High School (North LIHTC Residential)","address":"777 C St SE, Washington, District of Columbia 20003","status":"Completed 2015 to Date","agency":"DMPED DCHFA OP","aff":46,"total":224,"ward":"Ward 6","end":"2017-12-12","ami":[5,0,29,12,0]}},{"type":"Feature","geometry":{"type":"Point","coordinates":[-77.02706,38.927911]},"properties":{"name":"Hope and a Home Scattered Sites II","address":"3003 11th St NW, Washington, District of Columbia 20001","status":"Completed 2015 to Date","agency":"DHCD","aff":14,"total":14,"ward":"Ward 1","end":"2017-01-11","ami":[14,0,0,0,0]}},{"type":"Feature","geometry":{"type":"Point","coordinates":[-77.014132,38.89812]},"properties":{"name":"Capitol Crossing","address":"200 G Street Northwest, Washington, District of Columbia 20001","status":"Pipeline","agency":"DMPED OP","aff":50,"total":166,"ward":"Ward 2","end":"2029-06-01","ami":[0,0,0,50,0]}},{"type":"Feature","geometry":{"type":"Point","coordinates":[-76.993228,38.921553]},"properties":{"name":"Israel Manor Senior Residences","address":"2401 Washington Place Northeast, Washington, District of Columbia 20018","status":"Completed 2015 to Date","agency":"DHCD","aff":47,"total":47,"ward":"Ward 5","end":"2016-05-12","ami":[30,10,7,0,0]}},{"type":"Feature","geometry":{"type":"Point","coordinates":[-77.034409,38.936542]},"properties":{"name":"Kara House","address":"1498 Spring Place Northwest, Washington, District of Columbia 20010","status":"Completed 2015 to Date","agency":"DHCD","aff":10,"total":10,"ward":"Ward 1","end":"2016-11-02","ami":[2,7,0,1,0]}},{"type":"Feature","geometry":{"type":"Point","coordinates":[-76.935975,38.910857]},"properties":{"name":"Kenilworth Courts Phase 2 and 3","address":"1516 Kenilworth Avenue Northeast, Washington, District of Columbia 20019","status":"Pipeline","agency":"DCHA OP","aff":256,"total":363,"ward":"Ward 7","end":"2030-01-01","ami":[0,172,84,0,0]}},{"type":"Feature","geometry":{"type":"Point","coordinates":[-76.966102,38.924051]},"properties":{"name":"Langdon Lofts","address":"2615 Bladensburg Rd NE, Washington, District of Columbia 20018","status":"Completed 2015 to Date","agency":"DCHA DCHFA DHCD","aff":33,"total":33,"ward":"Ward 5","end":"2017-10-06","ami":[5,0,28,0,0]}},{"type":"Feature","geometry":{"type":"Point","coordinates":[-77.02218,38.913459]},"properties":{"name":"Lincoln Westmoreland","address":"1730 7th Street Northwest, Washington, District of Columbia 20001","status":"Completed 2015 to Date","agency":"DCHFA","aff":108,"total":108,"ward":"Ward 6","end":"2016-01-29","ami":[0,108,0,0,0]}},{"type":"Feature","geometry":{"type":"Point","coordinates":[-76.972311,38.855043]},"properties":{"name":"Maplewood Courts","address":"2306 Hartford Street Southeast, Washington, District of Columbia 20020","status":"Completed 2015 to Date","agency":"DHCD","aff":94,"total":94,"ward":"Ward 8","end":"2019-06-06","ami":[10,84,0,0,0]}},{"type":"Feature","geometry":{"type":"Point","coordinates":[-77.018763,38.976114]},"properties":{"name":"Metro Village","address":"7051 Spring Place Northwest, Washington, District of Columbia 20012","status":"Completed 2015 to Date","agency":"DCHFA DHCD","aff":120,"total":150,"ward":"Ward 4","end":"2016-06-22","ami":[0,0,120,0,0]}},{"type":"Feature","geometry":{"type":"Point","coordinates":[-76.950865,38.901179]},"properties":{"name":"MetroTowns @ Parkside","address":"3614 Grant Place Northeast, Washington, District of Columbia 20019","status":"Completed 2015 to Date","agency":"DCHA DHCD","aff":102,"total":125,"ward":"Ward 7","end":"2015-09-24","ami":[42,8,0,52,0]}},{"type":"Feature","geometry":{"type":"Point","coordinates":[-77.029979,38.920253]},"properties":{"name":"Miriam's House (N Street Village)","address":"1300 Florida Ave NW, Washington, District of Columbia 20009","status":"Completed 2015 to Date","agency":"DCHA DHCD","aff":25,"total":25,"ward":"Ward 1","end":"2016-04-11","ami":[25,0,0,0,0]}},{"type":"Feature","geometry":{"type":"Point","coordinates":[-77.025127,38.905901]},"properties":{"name":"NCCLT Scattered Sites","address":"927 M Street Northwest, Washington, District of Columbia 20001","status":"Completed 2015 to Date","agency":"DHCD","aff":6,"total":6,"ward":"Ward 6","end":"2018-07-27","ami":[6,0,0,0,0]}},{"type":"Feature","geometry":{"type":"Point","coordinates":[-77.008644,38.903002]},"properties":{"name":"North Capitol Commons","address":"1005 North Capitol Street Northeast, Washington, District of Columbia 20002","status":"Completed 2015 to Date","agency":"DMPED DCHA DCHFA DHCD","aff":124,"total":124,"ward":"Ward 6","end":"2017-03-31","ami":[17,13,94,0,0]}},{"type":"Feature","geometry":{"type":"Point","coordinates":[-77.009903,38.903546]},"properties":{"name":"Northwest One - Phase 1","address":"2 L Street Northwest, Washington, District of Columbia 20001","status":"Completed 2015 to Date","agency":"DMPED DCHA DCHFA DHCD","aff":150,"total":220,"ward":"Ward 6","end":"2022-07-15","ami":[77,0,73,0,0]}},{"type":"Feature","geometry":{"type":"Point","coordinates":[-76.986075,38.905419]},"properties":{"name":"Owen House","address":"1256 Owen Place Northeast, Washington, District of Columbia 20002","status":"Completed 2015 to Date","agency":"DCHA DHCD","aff":4,"total":4,"ward":"Ward 5","end":"2015-10-08","ami":[4,0,0,0,0]}},{"type":"Feature","geometry":{"type":"Point","coordinates":[-77.02156,38.912853]},"properties":{"name":"Parcel 42","address":"1707 7th Street NW, Washington, District of Columbia 20001","status":"Completed 2015 to Date","agency":"DMPED DHCD","aff":108,"total":110,"ward":"Ward 6","end":"2024-02-01","ami":[9,41,52,6,0]}},{"type":"Feature","geometry":{"type":"Point","coordinates":[-77.02258,38.932663]},"properties":{"name":"Park Morton - Onsite Phase 1","address":"610 Park Road Northwest, Washington, District of Columbia 20010","status":"Completed 2015 to Date","agency":"DMPED DCHFA DHCD OP","aff":142,"total":142,"ward":"Ward 1","end":"2025-08-01","ami":[31,24,48,39,0]}},{"type":"Feature","geometry":{"type":"Point","coordinates":[-76.986811,38.850688]},"properties":{"name":"Parkway Overlook","address":"2841 Robinson Place Southeast, Washington, District of Columbia 20020","status":"Completed 2015 to Date","agency":"DCHA DCHFA DHCD","aff":220,"total":220,"ward":"Ward 8","end":"2019-04-23","ami":[11,209,0,0,0]}},{"type":"Feature","geometry":{"type":"Point","coordinates":[-77.027222,38.95645]},"properties":{"name":"Partner Arms 1","address":"935 Kennedy Street Northwest, Washington, District of Columbia 20011","status":"Completed 2015 to Date","agency":"DCHA DHCD","aff":14,"total":14,"ward":"Ward 4","end":"2016-02-05","ami":[14,0,0,0,0]}},{"type":"Feature","geometry":{"type":"Point","coordinates":[-77.02432,38.911757]},"properties":{"name":"Phyllis Wheatley","address":"901 Rhode Island Ave NW, Washington, District of Columbia 20001","status":"Completed 2015 to Date","agency":"DCHA DHCD","aff":84,"total":84,"ward":"Ward 6","end":"2016-12-31","ami":[84,0,0,0,0]}},{"type":"Feature","geometry":{"type":"Point","coordinates":[-76.910744,38.893148]},"properties":{"name":"Pleasant Park Cooperative, Inc.","address":"323 63rd Street Northeast, Washington, District of Columbia 20019","status":"Completed 2015 to Date","agency":"DHCD","aff":40,"total":41,"ward":"Ward 7","end":"2016-10-11","ami":[14,19,3,4,1]}},{"type":"Feature","geometry":{"type":"Point","coordinates":[-77.000274,38.917199]},"properties":{"name":"RAP, Inc. Community Based Residential Facility (fka The Summit)","address":"1959 4th Street Northeast, Washington, District of Columbia 20002","status":"Completed 2015 to Date","agency":"DHCD","aff":38,"total":38,"ward":"Ward 5","end":"2016-05-31","ami":[38,0,0,0,0]}},{"type":"Feature","geometry":{"type":"Point","coordinates":[-76.988039,38.900521]},"properties":{"name":"RL Christian","address":"1300 H St NE, Washington, District of Columbia 20002","status":"Completed 2015 to Date","agency":"DMPED DHCD","aff":33,"total":33,"ward":"Ward 6","end":"2019-01-18","ami":[4,29,0,0,0]}},{"type":"Feature","geometry":{"type":"Point","coordinates":[-76.980481,38.895657]},"properties":{"name":"Rosedale Townhomes / 17 Solar (Rosedale Property Disposition)","address":"417 17th St NE, Washington, District of Columbia 20002","status":"Completed 2015 to Date","agency":"DHCD","aff":12,"total":26,"ward":"Ward 6","end":"2016-03-01","ami":[0,3,6,3,0]}},{"type":"Feature","geometry":{"type":"Point","coordinates":[-76.991679,38.846303]},"properties":{"name":"Saint Elizabeths East Campus Redevelopment Phase I","address":"1201 Oak Drive Southeast, Washington, District of Columbia 20032","status":"Completed 2015 to Date","agency":"DMPED DHCD","aff":202,"total":252,"ward":"Ward 8","end":"2021-01-22","ami":[19,183,0,0,0]}},{"type":"Feature","geometry":{"type":"Point","coordinates":[-76.993043,38.85824]},"properties":{"name":"Sheridan Station - Phase III","address":"2620 Sheridan Road Southeast, Washington, District of Columbia 20020","status":"Completed 2015 to Date","agency":"DMPED DCHA DCHFA DHCD","aff":133,"total":133,"ward":"Ward 8","end":"2015-03-31","ami":[40,0,93,0,0]}},{"type":"Feature","geometry":{"type":"Point","coordinates":[-77.024829,38.919551]},"properties":{"name":"The Wren","address":"965 Florida Avenue Northwest, Washington, District of Columbia 20001","status":"Completed 2015 to Date","agency":"DMPED OP","aff":132,"total":433,"ward":"Ward 1","end":"2020-05-07","ami":[33,99,0,0,0]}},{"type":"Feature","geometry":{"type":"Point","coordinates":[-76.967731,38.861793]},"properties":{"name":"Skyland Town Center - Block 4","address":"2218 Town Center Dr SE, Washington, District of Columbia 20020","status":"Pipeline","agency":"DMPED OP","aff":82,"total":201,"ward":"Ward 7","end":"2027-08-01","ami":[12,66,0,4,0]}},{"type":"Feature","geometry":{"type":"Point","coordinates":[-76.938013,38.890963]},"properties":{"name":"The Conway Center","address":"4430 Benning Road Northeast, Washington, District of Columbia 20019","status":"Completed 2015 to Date","agency":"DCHA DCHFA DHCD","aff":178,"total":182,"ward":"Ward 7","end":"2017-09-29","ami":[162,16,0,0,0]}},{"type":"Feature","geometry":{"type":"Point","coordinates":[-77.008026,38.830933]},"properties":{"name":"South Capitol Multi-Family Building","address":"4001 South Capitol Street Southwest, Washington, District of Columbia 20032","status":"Completed 2015 to Date","agency":"DCHA DCHFA DHCD","aff":195,"total":195,"ward":"Ward 8","end":"2020-10-13","ami":[78,78,39,0,0]}},{"type":"Feature","geometry":{"type":"Point","coordinates":[-76.997288,38.877271]},"properties":{"name":"The Bixby","address":"601 L Street Southeast, Washington, District of Columbia 20003","status":"Completed 2015 to Date","agency":"DMPED DCHA DCHFA DHCD","aff":39,"total":195,"ward":"Ward 6","end":"2017-03-01","ami":[39,0,0,0,0]}},{"type":"Feature","geometry":{"type":"Point","coordinates":[-77.032755,38.907545]},"properties":{"name":"The Norwood","address":"1417 N Street Northwest, Washington, District of Columbia 20005","status":"Completed 2015 to Date","agency":"DHCD","aff":81,"total":84,"ward":"Ward 2","end":"2016-03-25","ami":[0,55,0,26,3]}},{"type":"Feature","geometry":{"type":"Point","coordinates":[-77.011627,38.902789]},"properties":{"name":"The SeVerna Phase II (The SeVerna II LLC/Golden Rule Apartments Inc.)","address":"43 K Street Northwest, Washington, District of Columbia 20001","status":"Completed 2015 to Date","agency":"DMPED DCHA DCHFA DHCD","aff":101,"total":133,"ward":"Ward 6","end":"2015-01-06","ami":[0,21,80,0,32]}},{"type":"Feature","geometry":{"type":"Point","coordinates":[-77.000775,38.874297]},"properties":{"name":"The Yards N Building","address":"1331 4th St SE, Washington, District of Columbia 20003","status":"Completed 2015 to Date","agency":"DMPED DCHFA DHCD","aff":66,"total":328,"ward":"Ward 6","end":"2016-02-29","ami":[0,0,66,0,0]}},{"type":"Feature","geometry":{"type":"Point","coordinates":[-76.984234,38.844232]},"properties":{"name":"Tobias Henson Apts.","address":"1443 Savannah St SE, Washington, District of Columbia 20032","status":"Completed 2015 to Date","agency":"DHCD","aff":64,"total":64,"ward":"Ward 8","end":"2016-03-02","ami":[0,56,8,0,0]}},{"type":"Feature","geometry":{"type":"Point","coordinates":[-76.985177,38.902394]},"properties":{"name":"Trinidad Properties (w/ PADD)","address":"1214 Staples Street Northeast, Washington, District of Columbia 20002","status":"Completed 2015 to Date","agency":"DHCD","aff":9,"total":9,"ward":"Ward 5","end":"2016-09-30","ami":[0,0,9,0,0]}},{"type":"Feature","geometry":{"type":"Point","coordinates":[-77.008434,38.831652]},"properties":{"name":"Trinity Plaza (Retail Worker Housing Demo Initiative)","address":"21 Atlantic Street Southwest, Washington, District of Columbia 20032","status":"Completed 2015 to Date","agency":"DCHFA DHCD","aff":49,"total":49,"ward":"Ward 8","end":"2015-05-22","ami":[17,27,0,5,0]}},{"type":"Feature","geometry":{"type":"Point","coordinates":[-77.009379,38.910232]},"properties":{"name":"Cycle House","address":"1520 North Capitol Street Northwest, Washington, District of Columbia 20002","status":"Completed 2015 to Date","agency":"DMPED DHCD","aff":18,"total":18,"ward":"Ward 6","end":"2025-12-10","ami":[2,4,12,0,0]}},{"type":"Feature","geometry":{"type":"Point","coordinates":[-77.009436,38.906403]},"properties":{"name":"Tyler House Apartments","address":"1200 North Capitol Street Northwest, Washington, District of Columbia 20002","status":"Completed 2015 to Date","agency":"DCHFA","aff":284,"total":284,"ward":"Ward 6","end":"2015-01-31","ami":[0,0,284,0,0]}},{"type":"Feature","geometry":{"type":"Point","coordinates":[-76.950868,38.922332]},"properties":{"name":"Villages at Dakota Crossing Phase III","address":"3814 Fort Lincoln Drive Northeast, Washington, District of Columbia 20018","status":"Completed 2015 to Date","agency":"DMPED","aff":24,"total":167,"ward":"Ward 5","end":"2016-04-30","ami":[0,0,0,24,0]}},{"type":"Feature","geometry":{"type":"Point","coordinates":[-77.033056,38.967357]},"properties":{"name":"Vizcaya Apartments","address":"1388 Tuckerman Street Northwest, Washington, District of Columbia 20011","status":"Completed 2015 to Date","agency":"DHCD","aff":17,"total":17,"ward":"Ward 4","end":"2016-09-30","ami":[0,0,17,0,0]}},{"type":"Feature","geometry":{"type":"Point","coordinates":[-77.049831,38.905731]},"properties":{"name":"West End Parcels (Square 50 - West End Affordable)","address":"1211 23rd Street Northwest, Washington, District of Columbia 20037","status":"Completed 2015 to Date","agency":"DMPED DCHA DCHFA DHCD OP","aff":55,"total":61,"ward":"Ward 2","end":"2017-04-24","ami":[3,0,52,0,0]}},{"type":"Feature","geometry":{"type":"Point","coordinates":[-77.022998,38.92974]},"properties":{"name":"Kenyon House Family Tenants Association","address":"660 Kenyon Street Northwest, Washington, District of Columbia 20010","status":"Completed 2015 to Date","agency":"DHCD","aff":8,"total":8,"ward":"Ward 1","end":"2016-08-27","ami":[0,7,0,1,0]}},{"type":"Feature","geometry":{"type":"Point","coordinates":[-76.984809,38.915552]},"properties":{"name":"Hecht's Warehouse District","address":"1401 New York Ave NE, Washington, District of Columbia 20002","status":"Completed 2015 to Date","agency":"DMPED DHCD OP","aff":37,"total":343,"ward":"Ward 5","end":"2015-11-03","ami":[0,10,10,17,0]}},{"type":"Feature","geometry":{"type":"Point","coordinates":[-76.997129,38.858553]},"properties":{"name":"Parkchester Apartments","address":"2704 Wade Road Southeast, Washington, District of Columbia 20020","status":"Completed 2015 to Date","agency":"DHCD","aff":94,"total":94,"ward":"Ward 8","end":"2018-03-16","ami":[94,0,0,0,0]}},{"type":"Feature","geometry":{"type":"Point","coordinates":[-76.95052,38.898628]},"properties":{"name":"The Grove at Parkside - Parkside PUD Block E","address":"600 Kenilworth Terrace Northeast, Washington, District of Columbia 20019","status":"Completed 2015 to Date","agency":"DCHA DCHFA DHCD OP","aff":186,"total":186,"ward":"Ward 7","end":"2016-12-30","ami":[10,0,176,0,0]}},{"type":"Feature","geometry":{"type":"Point","coordinates":[-76.939768,38.881936]},"properties":{"name":"Benning Heights Apartments","address":"4802 Alabama Avenue Southeast, Washington, District of Columbia 20019","status":"Completed 2015 to Date","agency":"DCHFA DHCD","aff":148,"total":148,"ward":"Ward 7","end":"2019-09-17","ami":[60,60,28,0,0]}},{"type":"Feature","geometry":{"type":"Point","coordinates":[-76.982544,38.926721]},"properties":{"name":"Girard Street Community Partners","address":"1545 Girard Street Northeast, Washington, District of Columbia 20018","status":"Completed 2015 to Date","agency":"DCHA DHCD","aff":25,"total":25,"ward":"Ward 5","end":"2016-06-03","ami":[25,0,0,0,0]}},{"type":"Feature","geometry":{"type":"Point","coordinates":[-77.031141,38.973462]},"properties":{"name":"WRAMC - HELP Walter Reed","address":"1324 Main Drive Northwest, Washington, District of Columbia 20306","status":"Completed 2015 to Date","agency":"DMPED DCHA DHCD","aff":77,"total":77,"ward":"Ward 4","end":"2019-10-16","ami":[75,2,0,0,0]}},{"type":"Feature","geometry":{"type":"Point","coordinates":[-77.040996,38.921516]},"properties":{"name":"The Morgan","address":"2337 Champlain Street Northwest, Washington, District of Columbia 20009","status":"Completed 2015 to Date","agency":"DHCD","aff":4,"total":40,"ward":"Ward 1","end":"2016-10-03","ami":[0,2,0,2,0]}},{"type":"Feature","geometry":{"type":"Point","coordinates":[-77.026024,38.93208]},"properties":{"name":"Morton Street Mews","address":"777 Morton Street Northwest, Washington, District of Columbia 20010","status":"Completed 2015 to Date","agency":"DHCD","aff":2,"total":12,"ward":"Ward 1","end":"2016-04-06","ami":[0,1,0,1,0]}},{"type":"Feature","geometry":{"type":"Point","coordinates":[-77.023817,38.934403]},"properties":{"name":"The V at Georgia Ave","address":"3559 Georgia Ave NW, Washington, District of Columbia 20010","status":"Completed 2015 to Date","agency":"DHCD","aff":2,"total":20,"ward":"Ward 1","end":"2023-12-01","ami":[0,0,0,2,0]}},{"type":"Feature","geometry":{"type":"Point","coordinates":[-77.035632,38.928063]},"properties":{"name":"The Apex","address":"3035 15th St NW, Washington, District of Columbia 20009","status":"Completed 2015 to Date","agency":"DHCD","aff":2,"total":20,"ward":"Ward 1","end":"2016-10-03","ami":[0,1,0,1,0]}},{"type":"Feature","geometry":{"type":"Point","coordinates":[-77.019418,38.883417]},"properties":{"name":"Old Engine Co. 13","address":"555 E Street Southwest, Washington, District of Columbia 20024","status":"Completed 2015 to Date","agency":"DMPED DCHFA DHCD","aff":58,"total":194,"ward":"Ward 6","end":"2020-08-19","ami":[14,44,0,0,0]}},{"type":"Feature","geometry":{"type":"Point","coordinates":[-77.00416,38.872809]},"properties":{"name":"DC Water Parcels - F1, G1, G2","address":"125 O Street Southeast, Washington, District of Columbia 20003","status":"Pipeline","agency":"DMPED OP","aff":279,"total":927,"ward":"Ward 6","end":"2030-12-29","ami":[140,0,139,0,0]}},{"type":"Feature","geometry":{"type":"Point","coordinates":[-77.024325,38.938405]},"properties":{"name":"3825 Georgia Avenue","address":"3825 Georgia Avenue Northwest, Washington, District of Columbia 20011","status":"Completed 2015 to Date","agency":"DMPED","aff":7,"total":32,"ward":"Ward 4","end":"2017-04-14","ami":[4,0,3,0,0]}},{"type":"Feature","geometry":{"type":"Point","coordinates":[-77.02545,38.916238]},"properties":{"name":"Grimke Elementary School Phase 2","address":"1923 Vermont Ave NW, Washington, District of Columbia","status":"Completed 2015 to Date","agency":"DMPED DHCD","aff":12,"total":38,"ward":"Ward 1","end":"2025-10-01","ami":[3,9,0,0,0]}},{"type":"Feature","geometry":{"type":"Point","coordinates":[-77.023419,38.928817]},"properties":{"name":"NCI - Park Morton - Bruce Monroe","address":"3012 Georgia Avenue Northwest, Washington, District of Columbia 20001","status":"Pipeline","agency":"DMPED OP","aff":209,"total":273,"ward":"Ward 1","end":"2033-05-01","ami":[90,43,34,42,0]}},{"type":"Feature","geometry":{"type":"Point","coordinates":[-77.031596,38.919976]},"properties":{"name":"1350 Florida Avenue, NW","address":"1350 Florida Avenue Northwest, Washington, District of Columbia 20009","status":"Completed 2015 to Date","agency":"DHCD","aff":4,"total":30,"ward":"Ward 1","end":"2015-04-01","ami":[0,0,0,4,0]}},{"type":"Feature","geometry":{"type":"Point","coordinates":[-76.983368,38.879845]},"properties":{"name":"The One-Five","address":"1500 Pennsylvania Avenue Southeast, Washington, District of Columbia 20003","status":"Completed 2015 to Date","agency":"DHCD","aff":5,"total":41,"ward":"Ward 6","end":"2017-01-05","ami":[0,3,0,2,0]}},{"type":"Feature","geometry":{"type":"Point","coordinates":[-77.002268,38.918923]},"properties":{"name":"Kensington Place","address":"2126 3rd St NE, Washington, District of Columbia 20002","status":"Completed 2015 to Date","agency":"DHCD","aff":2,"total":16,"ward":"Ward 5","end":"2017-01-05","ami":[0,1,0,1,0]}},{"type":"Feature","geometry":{"type":"Point","coordinates":[-77.040276,38.907445]},"properties":{"name":"1745 N Street NW","address":"1745 N Street Northwest, Washington, District of Columbia 20036","status":"Completed 2015 to Date","agency":"DHCD","aff":3,"total":39,"ward":"Ward 2","end":"2019-01-18","ami":[0,0,0,3,0]}},{"type":"Feature","geometry":{"type":"Point","coordinates":[-77.04003,38.92382]},"properties":{"name":"Ontario Court","address":"2525 Ontario Rd NW, Washington, District of Columbia 20009","status":"Completed 2015 to Date","agency":"DCHFA","aff":27,"total":27,"ward":"Ward 1","end":"2016-07-31","ami":[14,5,8,0,0]}},{"type":"Feature","geometry":{"type":"Point","coordinates":[-77.0222,38.913029]},"properties":{"name":"Channing Phillips Homes","address":"1710 7th Street Northwest, Washington, District of Columbia 20001","status":"Completed 2015 to Date","agency":"DCHFA","aff":56,"total":56,"ward":"Ward 6","end":"2016-08-25","ami":[0,0,56,0,0]}},{"type":"Feature","geometry":{"type":"Point","coordinates":[-77.035476,38.967166]},"properties":{"name":"Luzon Tenant Association","address":"6323 Luzon Avenue Northwest, Washington, District of Columbia 20011","status":"Completed 2015 to Date","agency":"DHCD","aff":43,"total":43,"ward":"Ward 4","end":"2018-01-27","ami":[0,11,30,2,0]}},{"type":"Feature","geometry":{"type":"Point","coordinates":[-77.024722,38.954901]},"properties":{"name":"The Homestead Apartments","address":"812 Jefferson Street NW, Washington, District of Columbia 20011","status":"Completed 2015 to Date","agency":"DCHFA DHCD","aff":45,"total":55,"ward":"Ward 4","end":"2017-12-13","ami":[0,0,45,0,0]}},{"type":"Feature","geometry":{"type":"Point","coordinates":[-77.026331,38.957623]},"properties":{"name":"Barlee Tenant Association","address":"909 Longfellow Street Northwest, Washington, District of Columbia 20011","status":"Completed 2015 to Date","agency":"DHCD","aff":37,"total":37,"ward":"Ward 4","end":"2018-02-07","ami":[0,25,12,0,0]}},{"type":"Feature","geometry":{"type":"Point","coordinates":[-76.989979,38.881076]},"properties":{"name":"Cambridge Row","address":"1209 G Street Southeast, Washington, District of Columbia 20003","status":"Completed 2015 to Date","agency":"DHCD","aff":1,"total":12,"ward":"Ward 6","end":"2016-04-15","ami":[0,1,0,0,0]}},{"type":"Feature","geometry":{"type":"Point","coordinates":[-76.975736,38.869306]},"properties":{"name":"2109 R Street, SE","address":"2109 R Street Southeast, Washington, District of Columbia 20020","status":"Completed 2015 to Date","agency":"DHCD","aff":2,"total":18,"ward":"Ward 8","end":"2019-03-29","ami":[0,1,0,1,0]}},{"type":"Feature","geometry":{"type":"Point","coordinates":[-76.999114,38.899977]},"properties":{"name":"501 H Street, NE","address":"501 H Street Northeast, Washington, District of Columbia 20002","status":"Completed 2015 to Date","agency":"DHCD OP","aff":3,"total":28,"ward":"Ward 6","end":"2017-11-16","ami":[0,3,0,0,0]}},{"type":"Feature","geometry":{"type":"Point","coordinates":[-77.042477,38.909892]},"properties":{"name":"Patterson House","address":"15 Dupont Circle Northwest, Washington, District of Columbia 20036","status":"Completed 2015 to Date","agency":"DHCD","aff":7,"total":92,"ward":"Ward 2","end":"2017-07-01","ami":[0,0,0,7,0]}},{"type":"Feature","geometry":{"type":"Point","coordinates":[-77.040049,38.9184]},"properties":{"name":"Reed Row","address":"2101 Champlain Street Northwest, Washington, District of Columbia 20009","status":"Completed 2015 to Date","agency":"DHCD","aff":15,"total":132,"ward":"Ward 1","end":"2017-04-25","ami":[0,0,0,15,0]}},{"type":"Feature","geometry":{"type":"Point","coordinates":[-77.031607,38.912055]},"properties":{"name":"The Corcoran","address":"1350 Corcoran Street Northwest, Washington, District of Columbia 20009","status":"Completed 2015 to Date","agency":"DHCD","aff":3,"total":28,"ward":"Ward 2","end":"2015-08-25","ami":[0,0,0,3,0]}},{"type":"Feature","geometry":{"type":"Point","coordinates":[-77.033434,38.917881]},"properties":{"name":"Portner Flats","address":"1440 V Street Northwest, Washington, District of Columbia 20009","status":"Completed 2015 to Date","agency":"DCHFA DHCD OP","aff":48,"total":48,"ward":"Ward 1","end":"2018-07-30","ami":[0,48,0,0,0]}},{"type":"Feature","geometry":{"type":"Point","coordinates":[-76.987202,38.855784]},"properties":{"name":"Pomeroy Gardens","address":"2400 Pomeroy Road Southeast, Washington, District of Columbia 20020","status":"Completed 2015 to Date","agency":"DCHFA DHCD","aff":60,"total":60,"ward":"Ward 8","end":"2018-01-31","ami":[0,0,60,0,0]}},{"type":"Feature","geometry":{"type":"Point","coordinates":[-77.03939,38.92398]},"properties":{"name":"Glenn Arms","address":"2524 17th Street Northwest, Washington, District of Columbia 20009","status":"Completed 2015 to Date","agency":"DHCD","aff":57,"total":57,"ward":"Ward 1","end":"2017-12-31","ami":[45,2,10,0,0]}},{"type":"Feature","geometry":{"type":"Point","coordinates":[-76.97106,38.856966]},"properties":{"name":"Ainger Place","address":"2412 Ainger Place Southeast, Washington, District of Columbia 20020","status":"Completed 2015 to Date","agency":"DCHA DCHFA DHCD","aff":72,"total":72,"ward":"Ward 8","end":"2020-07-09","ami":[18,54,0,0,0]}},{"type":"Feature","geometry":{"type":"Point","coordinates":[-76.966937,38.868852]},"properties":{"name":"28th Place, SE","address":"1715 28th Place Southeast, Washington, District of Columbia 20020","status":"Completed 2015 to Date","agency":"DHCD","aff":14,"total":14,"ward":"Ward 7","end":"2020-07-23","ami":[0,5,0,9,0]}},{"type":"Feature","geometry":{"type":"Point","coordinates":[-76.953192,38.890116]},"properties":{"name":"The Solstice","address":"3534 East Capitol Street Northeast, Washington, District of Columbia 20019","status":"Completed 2015 to Date","agency":"DCHA DCHFA DHCD","aff":137,"total":137,"ward":"Ward 7","end":"2019-08-21","ami":[15,122,0,0,0]}},{"type":"Feature","geometry":{"type":"Point","coordinates":[-77.034397,38.937675]},"properties":{"name":"SOME- Spring Road","address":"1435 Spring Road Northwest, Washington, District of Columbia 20010","status":"Completed 2015 to Date","agency":"DCHA DCHFA DHCD","aff":37,"total":37,"ward":"Ward 1","end":"2018-12-27","ami":[36,0,1,0,0]}},{"type":"Feature","geometry":{"type":"Point","coordinates":[-76.98426,38.895904]},"properties":{"name":"1431 E Street NE Renovation","address":"1431 E Street Northeast, Washington, District of Columbia 20002","status":"Completed 2015 to Date","agency":"DCHA DHCD","aff":10,"total":10,"ward":"Ward 6","end":"2019-09-18","ami":[1,0,3,6,0]}},{"type":"Feature","geometry":{"type":"Point","coordinates":[-76.954082,38.88784]},"properties":{"name":"Milestone Senior/Meadow Green Court","address":"3605 Minnesota Avenue Southeast, Washington, District of Columbia 20019","status":"Completed 2015 to Date","agency":"DCHA DHCD","aff":60,"total":60,"ward":"Ward 7","end":"2017-11-16","ami":[15,45,0,0,0]}},{"type":"Feature","geometry":{"type":"Point","coordinates":[-76.966374,38.934325]},"properties":{"name":"Hedin House","address":"2900 Newton Street Northeast, Washington, District of Columbia 20018","status":"Completed 2015 to Date","agency":"DHCD","aff":48,"total":48,"ward":"Ward 5","end":"2019-11-15","ami":[0,0,48,0,0]}},{"type":"Feature","geometry":{"type":"Point","coordinates":[-77.038722,38.924489]},"properties":{"name":"Sarah's Circle","address":"2551 17th Street Northwest, Washington, District of Columbia 20009","status":"Completed 2015 to Date","agency":"DCHA DHCD","aff":49,"total":49,"ward":"Ward 1","end":"2018-06-29","ami":[49,0,0,0,0]}},{"type":"Feature","geometry":{"type":"Point","coordinates":[-76.991688,38.934644]},"properties":{"name":"Otis Place Apartments","address":"1032 Otis Street Northeast, Washington, District of Columbia 20017","status":"Completed 2015 to Date","agency":"DHCD","aff":1,"total":16,"ward":"Ward 5","end":"2017-11-28","ami":[0,1,0,0,0]}},{"type":"Feature","geometry":{"type":"Point","coordinates":[-77.03228,38.937427]},"properties":{"name":"Quincy at Fourteenth","address":"1380 Quincy Street Northwest, Washington, District of Columbia 20011","status":"Completed 2015 to Date","agency":"DHCD","aff":2,"total":20,"ward":"Ward 4","end":"2016-04-11","ami":[0,1,0,1,0]}},{"type":"Feature","geometry":{"type":"Point","coordinates":[-76.941327,38.890971]},"properties":{"name":"Fort Chaplin Park Apartments","address":"4212 East Capitol Street Northeast, Washington, District of Columbia 20019","status":"Completed 2015 to Date","agency":"DCHFA DHCD","aff":549,"total":549,"ward":"Ward 7","end":"2019-02-15","ami":[0,0,549,0,0]}},{"type":"Feature","geometry":{"type":"Point","coordinates":[-76.99373,38.900043]},"properties":{"name":"Avec","address":"901 H Street Northeast, Washington, District of Columbia 20002","status":"Completed 2015 to Date","agency":"DHCD OP","aff":32,"total":419,"ward":"Ward 6","end":"2020-01-01","ami":[0,0,0,32,0]}},{"type":"Feature","geometry":{"type":"Point","coordinates":[-77.024781,38.93111]},"properties":{"name":"713 Lamont St NW - Arcade Sunshine Building 1","address":"713 Lamont Street Northwest, Washington, District of Columbia 20010","status":"Completed 2015 to Date","agency":"DHCD","aff":15,"total":143,"ward":"Ward 1","end":"2019-03-20","ami":[0,8,0,7,0]}},{"type":"Feature","geometry":{"type":"Point","coordinates":[-77.036966,38.904081]},"properties":{"name":"The Adele","address":"1108 16th Street Northwest, Washington, District of Columbia 20036","status":"Completed 2015 to Date","agency":"DHCD","aff":1,"total":15,"ward":"Ward 2","end":"2018-08-27","ami":[0,0,0,1,0]}},{"type":"Feature","geometry":{"type":"Point","coordinates":[-76.989562,38.902284]},"properties":{"name":"The Havana","address":"1219 K Street Northeast, Washington, District of Columbia 20002","status":"Completed 2015 to Date","agency":"DHCD","aff":4,"total":49,"ward":"Ward 6","end":"2019-11-08","ami":[0,2,0,2,0]}},{"type":"Feature","geometry":{"type":"Point","coordinates":[-76.983871,38.85982]},"properties":{"name":"2200-2210 Hunter Place, SE","address":"2200 Hunter Place Southeast, Washington, District of Columbia 20020","status":"Completed 2015 to Date","agency":"DHCD","aff":10,"total":12,"ward":"Ward 8","end":"2020-12-09","ami":[0,2,0,8,0]}},{"type":"Feature","geometry":{"type":"Point","coordinates":[-76.978336,38.865226]},"properties":{"name":"1847-9 Good Hope Rd SE Renovation TOPA","address":"1847 Good Hope Road Southeast, Washington, District of Columbia 20020","status":"Completed 2015 to Date","agency":"DHCD","aff":18,"total":18,"ward":"Ward 8","end":"2017-08-29","ami":[10,5,0,3,0]}},{"type":"Feature","geometry":{"type":"Point","coordinates":[-76.988084,38.883696]},"properties":{"name":"Buchanan Park Townhomes","address":"404 13th Street Southeast, Washington, District of Columbia 20003","status":"Completed 2015 to Date","agency":"DHCD","aff":3,"total":32,"ward":"Ward 6","end":"2017-05-26","ami":[0,2,0,1,0]}},{"type":"Feature","geometry":{"type":"Point","coordinates":[-77.02351,38.940613]},"properties":{"name":"4040 8th St NW TOPA","address":"4040 8th Street Northwest, Washington, District of Columbia 20011","status":"Completed 2015 to Date","agency":"DHCD","aff":19,"total":19,"ward":"Ward 4","end":"2017-05-23","ami":[5,3,7,4,0]}},{"type":"Feature","geometry":{"type":"Point","coordinates":[-77.027438,38.971406]},"properties":{"name":"Takoma Place TOPA","address":"6650 Georgia Avenue Northwest, Washington, District of Columbia 20012","status":"Completed 2015 to Date","agency":"DHCD","aff":105,"total":105,"ward":"Ward 4","end":"2017-09-28","ami":[0,0,105,0,0]}},{"type":"Feature","geometry":{"type":"Point","coordinates":[-77.035632,38.937678]},"properties":{"name":"HOPE Cooperative","address":"1445 Spring Road Northwest, Washington, District of Columbia 20010","status":"Completed 2015 to Date","agency":"DHCD","aff":13,"total":13,"ward":"Ward 4","end":"2017-10-03","ami":[6,3,0,4,0]}},{"type":"Feature","geometry":{"type":"Point","coordinates":[-76.955912,38.885458]},"properties":{"name":"Residence at Minnesota Gardens Cooperative, Inc","address":"3501 Minnesota Avenue SE, Washington, District of Columbia 20019","status":"Completed 2015 to Date","agency":"DHCD","aff":48,"total":48,"ward":"Ward 7","end":"2017-01-26","ami":[0,36,0,12,0]}},{"type":"Feature","geometry":{"type":"Point","coordinates":[-77.026945,38.981009]},"properties":{"name":"7440 Georgia Ave NW TOPA","address":"7440 Georgia Avenue Northwest, Washington, District of Columbia 20012","status":"Completed 2015 to Date","agency":"DHCD","aff":21,"total":21,"ward":"Ward 4","end":"2017-08-24","ami":[0,10,8,3,0]}},{"type":"Feature","geometry":{"type":"Point","coordinates":[-77.021683,38.957289]},"properties":{"name":"The Kingston","address":"614 Longfellow Street Northwest, Washington, District of Columbia 20011","status":"Completed 2015 to Date","agency":"DHCD","aff":23,"total":23,"ward":"Ward 4","end":"2017-07-03","ami":[0,15,0,8,0]}},{"type":"Feature","geometry":{"type":"Point","coordinates":[-76.971341,38.854257]},"properties":{"name":"Hanover Court TOPA","address":"2412 Hartford Street Southeast, Washington, District of Columbia 20020","status":"Completed 2015 to Date","agency":"DHCD","aff":82,"total":82,"ward":"Ward 8","end":"2017-05-17","ami":[9,41,32,0,0]}},{"type":"Feature","geometry":{"type":"Point","coordinates":[-77.023253,38.915391]},"properties":{"name":"8th and T Street, NW","address":"812 T Street Northwest, Washington, District of Columbia 20001","status":"Completed 2015 to Date","agency":"DHCD","aff":4,"total":6,"ward":"Ward 1","end":"2019-09-03","ami":[0,0,4,0,0]}},{"type":"Feature","geometry":{"type":"Point","coordinates":[-77.034757,38.934283]},"properties":{"name":"Oak Street Apartments","address":"1456 Oak Street Northwest, Washington, District of Columbia 20010","status":"Completed 2015 to Date","agency":"DCHA","aff":51,"total":51,"ward":"Ward 1","end":"2015-06-30","ami":[51,0,0,0,0]}},{"type":"Feature","geometry":{"type":"Point","coordinates":[-76.990689,38.925159]},"properties":{"name":"Brooks Row","address":"2724 12th Street Northeast, Washington, District of Columbia 20018","status":"Completed 2015 to Date","agency":"DHCD","aff":2,"total":12,"ward":"Ward 5","end":"2016-12-14","ami":[0,1,0,1,0]}},{"type":"Feature","geometry":{"type":"Point","coordinates":[-77.015741,38.87674]},"properties":{"name":"301 M","address":"301 M Street Southwest, Washington, District of Columbia 20024","status":"Completed 2015 to Date","agency":"DHCD OP","aff":15,"total":187,"ward":"Ward 6","end":"2018-07-23","ami":[0,0,0,15,0]}},{"type":"Feature","geometry":{"type":"Point","coordinates":[-76.999742,38.908619]},"properties":{"name":"Union Market Apartments","address":"1270 4th Street Northeast, Washington, District of Columbia 20002","status":"Completed 2015 to Date","agency":"DHCD OP","aff":38,"total":432,"ward":"Ward 5","end":"2019-09-27","ami":[0,11,0,27,0]}},{"type":"Feature","geometry":{"type":"Point","coordinates":[-77.006255,38.875219]},"properties":{"name":"F1rst (Ballpark Square)","address":"1263 1st Street Southeast, Washington, District of Columbia 20003","status":"Completed 2015 to Date","agency":"DHCD","aff":50,"total":325,"ward":"Ward 6","end":"2017-03-08","ami":[0,0,0,50,0]}},{"type":"Feature","geometry":{"type":"Point","coordinates":[-77.003071,38.901743]},"properties":{"name":"Pullman Place","address":"911 2nd Street Northeast, Washington, District of Columbia 20002","status":"Completed 2015 to Date","agency":"DHCD","aff":3,"total":45,"ward":"Ward 6","end":"2017-05-24","ami":[0,2,0,1,0]}},{"type":"Feature","geometry":{"type":"Point","coordinates":[-77.036882,38.925042]},"properties":{"name":"Il Palazzo","address":"2700 16th Street Northwest, Washington, District of Columbia 20009","status":"Completed 2015 to Date","agency":"DHCD OP","aff":8,"total":134,"ward":"Ward 1","end":"2019-03-22","ami":[0,0,0,8,0]}},{"type":"Feature","geometry":{"type":"Point","coordinates":[-76.976974,38.898765]},"properties":{"name":"Tourus","address":"1827 Benning Road Northeast, Washington, District of Columbia 20002","status":"Completed 2015 to Date","agency":"DHCD","aff":2,"total":18,"ward":"Ward 6","end":"2016-12-22","ami":[0,1,0,1,0]}},{"type":"Feature","geometry":{"type":"Point","coordinates":[-77.020786,38.956199]},"properties":{"name":"528 Kennedy St NW","address":"528 Kennedy Street Northwest, Washington, District of Columbia 20011","status":"Completed 2015 to Date","agency":"DHCD","aff":1,"total":10,"ward":"Ward 4","end":"2017-12-01","ami":[0,1,0,0,0]}},{"type":"Feature","geometry":{"type":"Point","coordinates":[-76.998877,38.948112]},"properties":{"name":"Totten Mews","address":"602 Totten Place Northeast, Washington, District of Columbia 20017","status":"Completed 2015 to Date","agency":"DHCD OP","aff":5,"total":40,"ward":"Ward 5","end":"2017-05-24","ami":[0,2,0,3,0]}},{"type":"Feature","geometry":{"type":"Point","coordinates":[-76.996594,38.90039]},"properties":{"name":"646 H St NE","address":"646 H Street Northeast, Washington, District of Columbia 20002","status":"Completed 2015 to Date","agency":"DHCD","aff":2,"total":21,"ward":"Ward 6","end":"2020-03-19","ami":[0,0,0,2,0]}},{"type":"Feature","geometry":{"type":"Point","coordinates":[-77.042082,38.923307]},"properties":{"name":"1777 Columbia Rd NW","address":"1777 Columbia Road Northwest, Washington, District of Columbia 20009","status":"Completed 2015 to Date","agency":"DHCD","aff":10,"total":84,"ward":"Ward 1","end":"2018-09-14","ami":[0,0,4,6,0]}},{"type":"Feature","geometry":{"type":"Point","coordinates":[-77.001265,38.899978]},"properties":{"name":"315 H St NE","address":"315 H Street Northeast, Washington, District of Columbia 20002","status":"Completed 2015 to Date","agency":"DHCD OP","aff":9,"total":113,"ward":"Ward 6","end":"2018-12-24","ami":[0,1,1,7,0]}},{"type":"Feature","geometry":{"type":"Point","coordinates":[-77.021867,38.878914]},"properties":{"name":"Riverside Baptist Church Development (The Banks)","address":"900 7th Street Southwest, Washington, District of Columbia 20024","status":"Completed 2015 to Date","agency":"DHCD OP","aff":21,"total":173,"ward":"Ward 6","end":"2018-11-29","ami":[0,9,0,12,0]}},{"type":"Feature","geometry":{"type":"Point","coordinates":[-77.000264,38.874295]},"properties":{"name":"The Yards Parcel O-2","address":"1346 4th Street Southeast, Washington, District of Columbia 20003","status":"Completed 2015 to Date","agency":"DCHFA DHCD","aff":39,"total":191,"ward":"Ward 6","end":"2019-03-06","ami":[0,39,0,0,0]}},{"type":"Feature","geometry":{"type":"Point","coordinates":[-77.019367,38.878194]},"properties":{"name":"Modern on M, North","address":"480 K Street Southwest, Washington, District of Columbia 20024","status":"Completed 2015 to Date","agency":"DHCD OP","aff":5,"total":147,"ward":"Ward 6","end":"2019-08-06","ami":[0,0,0,5,0]}},{"type":"Feature","geometry":{"type":"Point","coordinates":[-77.019373,38.87674]},"properties":{"name":"Modern on M, South","address":"465 M Street Southwest, Washington, District of Columbia 20024","status":"Completed 2015 to Date","agency":"DHCD OP","aff":4,"total":133,"ward":"Ward 6","end":"2018-10-10","ami":[0,0,0,4,0]}},{"type":"Feature","geometry":{"type":"Point","coordinates":[-76.991674,38.840585]},"properties":{"name":"Archer Park (Brownstein Commons) (IZ)","address":"3400 10th Place Southeast, Washington, District of Columbia 20032","status":"Completed 2015 to Date","agency":"DHCD","aff":8,"total":74,"ward":"Ward 8","end":"2018-06-22","ami":[0,4,0,4,0]}},{"type":"Feature","geometry":{"type":"Point","coordinates":[-77.055326,38.900257]},"properties":{"name":"Boathouse","address":"2601 Virginia Avenue Northwest, Washington, District of Columbia 20037","status":"Completed 2015 to Date","agency":"DHCD","aff":18,"total":250,"ward":"Ward 2","end":"2020-03-11","ami":[0,0,18,0,0]}},{"type":"Feature","geometry":{"type":"Point","coordinates":[-76.990647,38.930145]},"properties":{"name":"Jackson Place Flats","address":"3221 12th Street Northeast, Washington, District of Columbia 20017","status":"Completed 2015 to Date","agency":"DHCD","aff":3,"total":34,"ward":"Ward 5","end":"2017-10-10","ami":[0,2,0,1,0]}},{"type":"Feature","geometry":{"type":"Point","coordinates":[-77.032377,38.964702]},"properties":{"name":"Fort Stevens Place Apartments","address":"1339 Fort Stevens Drive Northwest, Washington, District of Columbia 20011","status":"Completed 2015 to Date","agency":"DHCD","aff":59,"total":59,"ward":"Ward 4","end":"2018-12-18","ami":[7,0,52,0,0]}},{"type":"Feature","geometry":{"type":"Point","coordinates":[-76.92157,38.902044]},"properties":{"name":"Hilltop Apartments (Acquisition)","address":"908 Eastern Avenue Northeast, Washington, District of Columbia 20019","status":"Completed 2015 to Date","agency":"DHCD","aff":96,"total":102,"ward":"Ward 7","end":"2017-09-15","ami":[0,0,72,24,0]}},{"type":"Feature","geometry":{"type":"Point","coordinates":[-77.027606,38.904477]},"properties":{"name":"Mass Place","address":"1111 Massachusetts Avenue Northwest, Washington, District of Columbia 20005","status":"Completed 2015 to Date","agency":"DCHFA DHCD","aff":160,"total":160,"ward":"Ward 2","end":"2017-08-31","ami":[0,0,160,0,0]}},{"type":"Feature","geometry":{"type":"Point","coordinates":[-76.953339,38.885426]},"properties":{"name":"WDC1 - TOPA","address":"305 37th Street Southeast, Washington, District of Columbia 20019","status":"Completed 2015 to Date","agency":"DHCD","aff":202,"total":202,"ward":"Ward 7","end":"2017-08-28","ami":[0,101,101,0,0]}},{"type":"Feature","geometry":{"type":"Point","coordinates":[-77.023875,38.935065]},"properties":{"name":"3619 Georgia Ave NW","address":"3619 Georgia Avenue Northwest, Washington, District of Columbia 20010","status":"Completed 2015 to Date","agency":"DHCD","aff":2,"total":27,"ward":"Ward 1","end":"2021-10-21","ami":[0,0,0,2,0]}},{"type":"Feature","geometry":{"type":"Point","coordinates":[-77.00723,38.91038]},"properties":{"name":"The Lexicon","address":"50 Florida Avenue Northeast, Washington, District of Columbia 20002","status":"Completed 2015 to Date","agency":"DHCD OP","aff":16,"total":182,"ward":"Ward 5","end":"2020-02-10","ami":[0,0,0,16,0]}},{"type":"Feature","geometry":{"type":"Point","coordinates":[-77.008396,38.875036]},"properties":{"name":"1244 South Capitol St SE","address":"1221 Van Street Southeast, Washington, District of Columbia 20003","status":"Completed 2015 to Date","agency":"DHCD","aff":23,"total":291,"ward":"Ward 6","end":"2018-05-10","ami":[0,0,0,23,0]}},{"type":"Feature","geometry":{"type":"Point","coordinates":[-77.027355,38.912056]},"properties":{"name":"1628 11th St NW","address":"1628 11th Street Northwest, Washington, District of Columbia 20001","status":"Completed 2015 to Date","agency":"DHCD","aff":2,"total":32,"ward":"Ward 2","end":"2018-03-13","ami":[0,1,0,1,0]}},{"type":"Feature","geometry":{"type":"Point","coordinates":[-76.988733,38.854441]},"properties":{"name":"Elvans Rd Townhomes","address":"2461 Elvans Road Southeast, Washington, District of Columbia 20020","status":"Completed 2015 to Date","agency":"DCHFA","aff":0,"total":5,"ward":"Ward 8","end":"2018-06-01","ami":[0,0,0,0,5]}},{"type":"Feature","geometry":{"type":"Point","coordinates":[-76.992084,38.856916]},"properties":{"name":"City View","address":"2850 Douglas Place Southeast, Washington, District of Columbia 20020","status":"Completed 2015 to Date","agency":"DHCD","aff":52,"total":58,"ward":"Ward 8","end":"2019-12-13","ami":[6,32,14,0,0]}},{"type":"Feature","geometry":{"type":"Point","coordinates":[-76.980395,38.905211]},"properties":{"name":"1164 Bladensburg Road NE","address":"1164 Bladensburg Road Northeast, Washington, District of Columbia 20002","status":"Completed 2015 to Date","agency":"DCHA DHCD","aff":65,"total":65,"ward":"Ward 5","end":"2019-08-28","ami":[14,51,0,0,0]}},{"type":"Feature","geometry":{"type":"Point","coordinates":[-77.030397,38.973819]},"properties":{"name":"WRAMC - Abrams Hall Senior Apartments (Building 14M)","address":"1322 Main Drive Northwest, Washington, District of Columbia 20012","status":"Completed 2015 to Date","agency":"DMPED DHCD","aff":80,"total":80,"ward":"Ward 4","end":"2019-12-15","ami":[16,64,0,0,0]}},{"type":"Feature","geometry":{"type":"Point","coordinates":[-76.965886,38.924254]},"properties":{"name":"Diane's House","address":"2619 Bladensburg Road Northeast, Washington, District of Columbia 20018","status":"Completed 2015 to Date","agency":"DHCD","aff":42,"total":42,"ward":"Ward 5","end":"2020-06-04","ami":[39,3,0,0,0]}},{"type":"Feature","geometry":{"type":"Point","coordinates":[-77.001529,38.907884]},"properties":{"name":"i5 (fka The Highline) at Union Market","address":"320 Florida Avenue Northeast, Washington, District of Columbia 20002","status":"Completed 2015 to Date","agency":"DHCD OP","aff":20,"total":324,"ward":"Ward 5","end":"2019-05-21","ami":[0,7,0,13,0]}},{"type":"Feature","geometry":{"type":"Point","coordinates":[-77.024935,38.921084]},"properties":{"name":"Sherman Avenue Apartments","address":"2323 Sherman Avenue Northwest, Washington, District of Columbia 20001","status":"Completed 2015 to Date","agency":"DHCD OP","aff":27,"total":319,"ward":"Ward 1","end":"2018-09-21","ami":[0,0,4,23,0]}},{"type":"Feature","geometry":{"type":"Point","coordinates":[-76.999089,38.894273]},"properties":{"name":"504 C St NE","address":"504 C St NE, Washington, District of Columbia 20002","status":"Completed 2015 to Date","agency":"DHCD","aff":1,"total":5,"ward":"Ward 6","end":"2018-06-08","ami":[0,0,0,1,0]}},{"type":"Feature","geometry":{"type":"Point","coordinates":[-77.001681,38.907434]},"properties":{"name":"NoMa/Union Market Affordable - 301 Florida Ave NE","address":"301 Florida Ave NE, Washington, District of Columbia 20002","status":"Completed 2015 to Date","agency":"DCHFA DHCD OP","aff":115,"total":115,"ward":"Ward 6","end":"2026-06-17","ami":[58,57,0,0,0]}},{"type":"Feature","geometry":{"type":"Point","coordinates":[-77.02367,38.92947]},"properties":{"name":"3110 & 3112 Georgia Ave. NW","address":"3110 Georgia Ave NW, Washington, District of Columbia 20010","status":"Completed 2015 to Date","agency":"DHCD","aff":1,"total":16,"ward":"Ward 1","end":"2020-04-28","ami":[0,1,0,0,0]}},{"type":"Feature","geometry":{"type":"Point","coordinates":[-77.041208,38.910255]},"properties":{"name":"St. Thomas","address":"1772 Church Street Northwest, Washington, District of Columbia 20036","status":"Completed 2015 to Date","agency":"DHCD","aff":4,"total":51,"ward":"Ward 2","end":"2019-04-03","ami":[0,0,3,1,0]}},{"type":"Feature","geometry":{"type":"Point","coordinates":[-77.023572,38.908433]},"properties":{"name":"The Perla","address":"810 O St NW, Washington, District of Columbia 20001","status":"Completed 2015 to Date","agency":"DHCD OP","aff":6,"total":66,"ward":"Ward 6","end":"2019-12-17","ami":[0,4,0,2,0]}},{"type":"Feature","geometry":{"type":"Point","coordinates":[-77.011861,38.870974]},"properties":{"name":"1550 1st St SW","address":"1550 1st St SW, Washington, District of Columbia 20024","status":"Completed 2015 to Date","agency":"DCHA DCHFA DHCD OP","aff":76,"total":76,"ward":"Ward 6","end":"2021-12-10","ami":[16,60,0,0,0]}},{"type":"Feature","geometry":{"type":"Point","coordinates":[-77.020207,38.900248]},"properties":{"name":"Wah Luck House","address":"800 6th St NW, Washington, District of Columbia 20001","status":"Completed 2015 to Date","agency":"DHCD","aff":152,"total":152,"ward":"Ward 2","end":"2019-06-20","ami":[0,0,152,0,0]}},{"type":"Feature","geometry":{"type":"Point","coordinates":[-77.000076,38.827823]},"properties":{"name":"Atlantic Gardens","address":"4216 4th Street Southeast, Washington, District of Columbia 20032","status":"Completed 2015 to Date","agency":"DCHFA DHCD","aff":108,"total":108,"ward":"Ward 8","end":"2017-11-30","ami":[44,64,0,0,0]}},{"type":"Feature","geometry":{"type":"Point","coordinates":[-76.991317,38.934036]},"properties":{"name":"3614 12th St NE","address":"3614 12th Street Northeast, Washington, District of Columbia 20017","status":"Completed 2015 to Date","agency":"DHCD","aff":1,"total":11,"ward":"Ward 5","end":"2019-09-23","ami":[0,0,0,1,0]}},{"type":"Feature","geometry":{"type":"Point","coordinates":[-77.03059,38.922816]},"properties":{"name":"Clifton Street","address":"1315 Clifton St NW, Washington, District of Columbia 20009","status":"Completed 2015 to Date","agency":"DHCD OP","aff":17,"total":156,"ward":"Ward 1","end":"2019-06-27","ami":[0,13,0,4,0]}},{"type":"Feature","geometry":{"type":"Point","coordinates":[-77.002499,38.877245]},"properties":{"name":"The Harlow (Square 769N)","address":"1100 2nd Place Southeast, Washington, District of Columbia 20003","status":"Completed 2015 to Date","agency":"DCHA DHCD","aff":36,"total":179,"ward":"Ward 6","end":"2019-03-15","ami":[9,27,0,0,0]}},{"type":"Feature","geometry":{"type":"Point","coordinates":[-76.928033,38.885782]},"properties":{"name":"Maya Angelou Cooperative","address":"5100 Bass Place Southeast, Washington, District of Columbia 20019","status":"Completed 2015 to Date","agency":"DHCD","aff":9,"total":9,"ward":"Ward 7","end":"2016-07-09","ami":[0,0,0,9,0]}},{"type":"Feature","geometry":{"type":"Point","coordinates":[-77.002835,38.828418]},"properties":{"name":"Atlantic Terrace","address":"4315 3rd Street Southeast, Washington, District of Columbia 20032","status":"Completed 2015 to Date","agency":"DCHFA DHCD","aff":195,"total":195,"ward":"Ward 8","end":"2017-11-30","ami":[78,117,0,0,0]}},{"type":"Feature","geometry":{"type":"Point","coordinates":[-77.031728,38.907595]},"properties":{"name":"N Street Village","address":"1301 14th St NW, Washington, District of Columbia 20005","status":"Completed 2015 to Date","agency":"DCHA DCHFA DHCD","aff":95,"total":95,"ward":"Ward 2","end":"2016-12-31","ami":[44,12,39,0,0]}},{"type":"Feature","geometry":{"type":"Point","coordinates":[-77.015444,38.902768]},"properties":{"name":"Plaza West","address":"307 K Street Northwest, Washington, District of Columbia 20001","status":"Completed 2015 to Date","agency":"DMPED DCHA DCHFA DHCD","aff":223,"total":223,"ward":"Ward 6","end":"2018-06-27","ami":[35,108,80,0,0]}},{"type":"Feature","geometry":{"type":"Point","coordinates":[-77.023214,38.957123]},"properties":{"name":"Manna Brightwood TOPA Pool","address":"734 Longfellow Street Northwest, Washington, District of Columbia 20011","status":"Completed 2015 to Date","agency":"DHCD","aff":60,"total":60,"ward":"Ward 4","end":"2016-09-28","ami":[0,7,53,0,0]}},{"type":"Feature","geometry":{"type":"Point","coordinates":[-77.003061,38.836703]},"properties":{"name":"United 2nd Street Tenant Association","address":"3723 2nd Street Southeast, Washington, District of Columbia 20032","status":"Completed 2015 to Date","agency":"DHCD","aff":25,"total":25,"ward":"Ward 8","end":"2019-05-01","ami":[1,13,0,11,0]}},{"type":"Feature","geometry":{"type":"Point","coordinates":[-76.929219,38.886716]},"properties":{"name":"B Street (5026 B Street, SE)","address":"5026 B Street, SE, Washington, District of Columbia 20019","status":"Completed 2015 to Date","agency":"DHCD","aff":1,"total":12,"ward":"Ward 7","end":"2015-08-07","ami":[0,1,0,0,0]}},{"type":"Feature","geometry":{"type":"Point","coordinates":[-77.03227,38.919383]},"properties":{"name":"Lumen Condominiums","address":"2202 14th Street NW, Washington, District of Columbia 20009","status":"Completed 2015 to Date","agency":"DHCD","aff":2,"total":18,"ward":"Ward 1","end":"2016-04-20","ami":[0,0,0,2,0]}},{"type":"Feature","geometry":{"type":"Point","coordinates":[-77.027032,38.966339]},"properties":{"name":"919 Sheridan LLC","address":"919 Sheridan Street, NW, Washington, District of Columbia 20011","status":"Completed 2015 to Date","agency":"DHCD","aff":2,"total":14,"ward":"Ward 4","end":"2018-04-20","ami":[0,1,0,1,0]}},{"type":"Feature","geometry":{"type":"Point","coordinates":[-77.027306,38.910697]},"properties":{"name":"Holm","address":"1101 Rhode Island Avenue Northwest, Washington, District of Columbia 20005","status":"Completed 2015 to Date","agency":"DHCD","aff":3,"total":38,"ward":"Ward 2","end":"2015-08-03","ami":[0,2,0,1,0]}},{"type":"Feature","geometry":{"type":"Point","coordinates":[-76.986245,38.90138]},"properties":{"name":"The Corey","address":"1111 Orren St NE, Washington, District of Columbia 20002","status":"Completed 2015 to Date","agency":"DHCD","aff":6,"total":49,"ward":"Ward 5","end":"2016-10-05","ami":[0,3,0,3,0]}},{"type":"Feature","geometry":{"type":"Point","coordinates":[-76.981981,38.879222]},"properties":{"name":"1600 Pennsylvania Avenue SE","address":"1600 Pennsylvania Avenue Southeast, Washington, District of Columbia 20003","status":"Completed 2015 to Date","agency":"DHCD","aff":8,"total":77,"ward":"Ward 6","end":"2015-07-22","ami":[0,4,0,4,0]}},{"type":"Feature","geometry":{"type":"Point","coordinates":[-77.025131,38.907093]},"properties":{"name":"Bailey Flats on Blagden","address":"926 N Street Northwest, Washington, District of Columbia 20001","status":"Completed 2015 to Date","agency":"DHCD","aff":2,"total":15,"ward":"Ward 2","end":"2016-06-30","ami":[0,1,0,1,0]}},{"type":"Feature","geometry":{"type":"Point","coordinates":[-76.98309,38.890728]},"properties":{"name":"1511 A Street NE","address":"1511 A Street Northeast, Washington, District of Columbia 20002","status":"Completed 2015 to Date","agency":"DHCD","aff":1,"total":6,"ward":"Ward 6","end":"2023-04-28","ami":[0,0,0,1,0]}},{"type":"Feature","geometry":{"type":"Point","coordinates":[-77.032704,38.921391]},"properties":{"name":"Chapin Row","address":"1412 Chapin Street Northwest, Washington, District of Columbia 20009","status":"Completed 2015 to Date","agency":"DHCD OP","aff":48,"total":74,"ward":"Ward 1","end":"2015-06-18","ami":[0,2,44,2,0]}},{"type":"Feature","geometry":{"type":"Point","coordinates":[-77.043135,38.923427]},"properties":{"name":"The Adamo","address":"1827 Adams Mill Road Northwest, Washington, District of Columbia 20009","status":"Completed 2015 to Date","agency":"DHCD","aff":3,"total":40,"ward":"Ward 1","end":"2015-11-17","ami":[0,2,0,1,0]}},{"type":"Feature","geometry":{"type":"Point","coordinates":[-77.080846,38.94998]},"properties":{"name":"Tenley View","address":"4600 Wisconsin Avenue Northwest, Washington, District of Columbia 20016","status":"Completed 2015 to Date","agency":"DHCD OP","aff":6,"total":60,"ward":"Ward 3","end":"2015-11-10","ami":[0,0,0,6,0]}},{"type":"Feature","geometry":{"type":"Point","coordinates":[-77.029186,38.907805]},"properties":{"name":"Logan 13","address":"1311 13th Street Northwest, Washington, District of Columbia 20005","status":"Completed 2015 to Date","agency":"DHCD","aff":5,"total":67,"ward":"Ward 2","end":"2017-03-06","ami":[0,3,0,2,0]}},{"type":"Feature","geometry":{"type":"Point","coordinates":[-77.039235,38.924657]},"properties":{"name":"Ontario 17","address":"1700 Columbia Road Northwest, Washington, District of Columbia 20009","status":"Completed 2015 to Date","agency":"DHCD","aff":9,"total":78,"ward":"Ward 1","end":"2015-10-06","ami":[0,0,0,9,0]}},{"type":"Feature","geometry":{"type":"Point","coordinates":[-77.023077,38.9184]},"properties":{"name":"Atlantic Plumbing (2112 8th Street NW)","address":"2112 8th St NW, Washington, District of Columbia 20001","status":"Completed 2015 to Date","agency":"DHCD","aff":29,"total":310,"ward":"Ward 1","end":"2015-08-06","ami":[0,0,0,29,0]}},{"type":"Feature","geometry":{"type":"Point","coordinates":[-77.023149,38.930201]},"properties":{"name":"Georgia Gibson","address":"3205 Georgia Avenue Northwest, Washington, District of Columbia 20010","status":"Completed 2015 to Date","agency":"DHCD","aff":5,"total":46,"ward":"Ward 1","end":"2015-06-04","ami":[0,3,0,2,0]}},{"type":"Feature","geometry":{"type":"Point","coordinates":[-77.041442,38.921608]},"properties":{"name":"Eden (2360 Champlain Street NW)","address":"2360 Champlain Street Northwest, Washington, District of Columbia 20009","status":"Completed 2015 to Date","agency":"DHCD","aff":2,"total":20,"ward":"Ward 1","end":"2015-05-21","ami":[0,1,0,1,0]}},{"type":"Feature","geometry":{"type":"Point","coordinates":[-77.032234,38.908979]},"properties":{"name":"Mai Place","address":"1400 14th St NW, Washington, District of Columbia 20005","status":"Completed 2015 to Date","agency":"DHCD","aff":4,"total":30,"ward":"Ward 2","end":"2017-04-25","ami":[0,0,0,4,0]}},{"type":"Feature","geometry":{"type":"Point","coordinates":[-77.014681,38.876128]},"properties":{"name":"St. Matthew's Redevelopment","address":"222 M St SW, Washington, District of Columbia 20024","status":"Completed 2015 to Date","agency":"DHCD OP","aff":23,"total":221,"ward":"Ward 6","end":"2019-04-23","ami":[0,0,0,23,0]}},{"type":"Feature","geometry":{"type":"Point","coordinates":[-76.993718,38.930543]},"properties":{"name":"Brookland Station","address":"3300 9th Street Northeast, Washington, District of Columbia 20017","status":"Completed 2015 to Date","agency":"DHCD","aff":1,"total":16,"ward":"Ward 5","end":"2016-09-19","ami":[0,1,0,0,0]}},{"type":"Feature","geometry":{"type":"Point","coordinates":[-77.020886,38.933429]},"properties":{"name":"The Warder","address":"3542 Warder Street Northwest, Washington, District of Columbia 20010","status":"Completed 2015 to Date","agency":"DHCD","aff":1,"total":13,"ward":"Ward 1","end":"2016-07-11","ami":[0,1,0,0,0]}},{"type":"Feature","geometry":{"type":"Point","coordinates":[-76.973972,38.871574]},"properties":{"name":"2217 Minnesota Ave SE","address":"2217 Minnesota Avenue Southeast, Washington, District of Columbia 20020","status":"Completed 2015 to Date","agency":"DHCD","aff":2,"total":19,"ward":"Ward 8","end":"2023-01-19","ami":[0,0,2,0,0]}},{"type":"Feature","geometry":{"type":"Point","coordinates":[-76.997315,38.844752]},"properties":{"name":"3006 Martin Luther King Jr Ave SE","address":"3006 Martin Luther King Jr Avenue Southeast, Washington, District of Columbia 20032","status":"Pipeline","agency":"DHCD","aff":2,"total":20,"ward":"Ward 8","end":null,"ami":[0,0,2,0,0]}},{"type":"Feature","geometry":{"type":"Point","coordinates":[-76.983349,38.886132]},"properties":{"name":"256 15th St SE","address":"256 15th Street Southeast, Washington, District of Columbia 20003","status":"Completed 2015 to Date","agency":"DHCD","aff":1,"total":8,"ward":"Ward 6","end":"2022-12-27","ami":[0,0,0,1,0]}},{"type":"Feature","geometry":{"type":"Point","coordinates":[-77.028283,38.9608]},"properties":{"name":"5816 Georgia Ave NW","address":"5816 Georgia Avenue Northwest, Washington, District of Columbia 20011","status":"Completed 2015 to Date","agency":"DHCD","aff":4,"total":49,"ward":"Ward 4","end":"2023-08-08","ami":[0,1,0,3,0]}},{"type":"Feature","geometry":{"type":"Point","coordinates":[-77.011643,38.908036]},"properties":{"name":"79 Hanover Pl NW","address":"79 Hanover Place NW, Washington, District of Columbia 20001","status":"Pipeline","agency":"DHCD","aff":1,"total":14,"ward":"Ward 5","end":null,"ami":[0,1,0,0,0]}},{"type":"Feature","geometry":{"type":"Point","coordinates":[-76.990781,38.935858]},"properties":{"name":"3743 12th St NE","address":"3743 12th Street Northeast, Washington, District of Columbia 20017","status":"Completed 2015 to Date","agency":"DHCD","aff":2,"total":27,"ward":"Ward 5","end":"2023-08-29","ami":[0,0,2,0,0]}},{"type":"Feature","geometry":{"type":"Point","coordinates":[-77.011339,38.956415]},"properties":{"name":"30 Kennedy St NW","address":"30 Kennedy Street Northwest, Washington, District of Columbia 20011","status":"Completed 2015 to Date","agency":"DHCD","aff":1,"total":16,"ward":"Ward 4","end":"2024-01-08","ami":[0,0,1,0,0]}},{"type":"Feature","geometry":{"type":"Point","coordinates":[-77.023406,38.925972]},"properties":{"name":"714 Girard St NW","address":"714 Girard Street Northwest, Washington, District of Columbia 20001","status":"Completed 2015 to Date","agency":"DHCD","aff":1,"total":8,"ward":"Ward 1","end":"2023-08-16","ami":[0,1,0,0,0]}},{"type":"Feature","geometry":{"type":"Point","coordinates":[-77.015492,38.913333]},"properties":{"name":"Hart Wardman Condos","address":"304 Florida Avenue Northwest, Washington, District of Columbia 20001","status":"Completed 2015 to Date","agency":"DHCD","aff":1,"total":14,"ward":"Ward 5","end":"2023-12-29","ami":[0,0,1,0,0]}},{"type":"Feature","geometry":{"type":"Point","coordinates":[-77.03383,38.937572]},"properties":{"name":"1419 Spring Rd NW","address":"1419 Spring Road Northwest, Washington, District of Columbia 20010","status":"Completed 2015 to Date","agency":"DHCD","aff":2,"total":15,"ward":"Ward 4","end":"2024-03-12","ami":[0,0,0,2,0]}},{"type":"Feature","geometry":{"type":"Point","coordinates":[-77.026969,38.980631]},"properties":{"name":"Shepherd Park Apartments","address":"7428 Georgia Avenue Northwest, Washington, District of Columbia 20012","status":"Completed 2015 to Date","agency":"DCHFA DHCD","aff":64,"total":66,"ward":"Ward 4","end":"2024-10-31","ami":[13,44,7,0,0]}},{"type":"Feature","geometry":{"type":"Point","coordinates":[-77.005732,38.944923]},"properties":{"name":"93 Hawaii Ave NE","address":"93 Hawaii Avenue Northeast, Washington, District of Columbia 20011","status":"Pipeline","agency":"DHCD","aff":18,"total":136,"ward":"Ward 5","end":null,"ami":[0,0,2,16,0]}},{"type":"Feature","geometry":{"type":"Point","coordinates":[-76.980905,38.864002]},"properties":{"name":"Anatra Condominium","address":"1639 V Street Southeast, Washington, District of Columbia 20020","status":"Pipeline","agency":"DHCD","aff":1,"total":3,"ward":"Ward 8","end":null,"ami":[0,0,0,1,0]}},{"type":"Feature","geometry":{"type":"Point","coordinates":[-76.991065,38.844495]},"properties":{"name":"District Towns at St. Elizabeths East","address":"1123 Sycamore Drive Southeast, Washington, District of Columbia 20020","status":"Completed 2015 to Date","agency":"DMPED DHCD","aff":27,"total":88,"ward":"Ward 8","end":"2022-04-25","ami":[0,14,0,13,0]}},{"type":"Feature","geometry":{"type":"Point","coordinates":[-76.973815,38.905455]},"properties":{"name":"2105 M St NE","address":"2105 M Street Northeast, Washington, District of Columbia 20002","status":"Pipeline","agency":"DHCD","aff":2,"total":13,"ward":"Ward 5","end":"2027-05-01","ami":[0,0,0,2,0]}},{"type":"Feature","geometry":{"type":"Point","coordinates":[-76.991593,38.922441]},"properties":{"name":"1001 Rhode Island Ave NE","address":"1001 Rhode Island Avenue Northeast, Washington, District of Columbia 20018","status":"Completed 2015 to Date","agency":"DHCD","aff":2,"total":18,"ward":"Ward 5","end":"2025-02-26","ami":[0,0,0,2,0]}},{"type":"Feature","geometry":{"type":"Point","coordinates":[-76.999846,38.927713]},"properties":{"name":"Brookland Grove","address":"3071 4th Street Northeast, Washington, District of Columbia 20002","status":"Completed 2015 to Date","agency":"DHCD","aff":9,"total":60,"ward":"Ward 5","end":"2023-06-01","ami":[0,3,3,3,0]}},{"type":"Feature","geometry":{"type":"Point","coordinates":[-77.025879,38.931029]},"properties":{"name":"Arcade Sunshine - Building 2","address":"785 Lamont Street Northwest, Washington, District of Columbia 20010","status":"Completed 2015 to Date","agency":"DHCD","aff":1,"total":15,"ward":"Ward 1","end":"2020-06-29","ami":[0,0,1,0,0]}},{"type":"Feature","geometry":{"type":"Point","coordinates":[-76.996153,38.82857]},"properties":{"name":"Belmont Crossing Phase IA","address":"4272 7th Street Southeast, Washington, District of Columbia 20032","status":"Completed 2015 to Date","agency":"DCHFA DHCD","aff":169,"total":169,"ward":"Ward 8","end":"2025-05-13","ami":[34,135,0,0,0]}},{"type":"Feature","geometry":{"type":"Point","coordinates":[-76.98087,38.899309]},"properties":{"name":"The Paxton - Benning Road","address":"1603 Benning Road Northeast, Washington, District of Columbia 20002","status":"Completed 2015 to Date","agency":"DCHFA DHCD","aff":148,"total":148,"ward":"Ward 6","end":"2024-06-26","ami":[15,133,0,0,0]}},{"type":"Feature","geometry":{"type":"Point","coordinates":[-77.009452,38.909494]},"properties":{"name":"14 P St. NW","address":"14 P Street Northwest, Washington, District of Columbia 20007","status":"Completed 2015 to Date","agency":"DHCD","aff":1,"total":16,"ward":"Ward 5","end":"2023-12-21","ami":[0,0,1,0,0]}},{"type":"Feature","geometry":{"type":"Point","coordinates":[-77.021788,38.956663]},"properties":{"name":"623 Kennedy St. NW","address":"623 Kennedy Street Northwest, Washington, District of Columbia 20011","status":"Completed 2015 to Date","agency":"DHCD","aff":1,"total":10,"ward":"Ward 4","end":"2024-08-02","ami":[0,0,0,1,0]}},{"type":"Feature","geometry":{"type":"Point","coordinates":[-76.967888,38.861247]},"properties":{"name":"Crest at Skyland Town Center","address":"2219 Town Center Drive SE, Washington, District of Columbia 20020","status":"Completed 2015 to Date","agency":"DMPED DHCD","aff":53,"total":263,"ward":"Ward 7","end":"2021-03-31","ami":[0,0,0,53,26]}},{"type":"Feature","geometry":{"type":"Point","coordinates":[-77.026438,38.944495]},"properties":{"name":"4408 Georgia Ave. NW","address":"4408 Georgia Avenue Northwest, Washington, District of Columbia 20011","status":"Completed 2015 to Date","agency":"DHCD","aff":2,"total":19,"ward":"Ward 4","end":"2022-09-01","ami":[0,1,1,0,0]}},{"type":"Feature","geometry":{"type":"Point","coordinates":[-77.022884,38.924328]},"properties":{"name":"705 Euclid St. NW","address":"705 Euclid Street Northwest, Washington, District of Columbia 20001","status":"Completed 2015 to Date","agency":"DHCD","aff":1,"total":7,"ward":"Ward 1","end":"2021-05-12","ami":[0,0,1,0,0]}},{"type":"Feature","geometry":{"type":"Point","coordinates":[-77.000346,38.954788]},"properties":{"name":"Art Place at Fort Totten Phase 2 (IZ and ADUs)","address":"5300 South Dakota Avenue Northeast, Washington, District of Columbia 20011","status":"Under Construction","agency":"DHCD","aff":33,"total":294,"ward":"Ward 5","end":"2026-05-01","ami":[0,0,33,0,0]}},{"type":"Feature","geometry":{"type":"Point","coordinates":[-76.959524,38.926927]},"properties":{"name":"Banneker Town Homes/Banneker Ridge at Fort Lincoln","address":"3111 Fort Lincoln Drive Northeast, Washington, District of Columbia 20018","status":"Completed 2015 to Date","agency":"DMPED DHCD","aff":5,"total":42,"ward":"Ward 5","end":"2016-04-05","ami":[0,3,0,2,0]}},{"type":"Feature","geometry":{"type":"Point","coordinates":[-76.997203,38.860992]},"properties":{"name":"Barry Farm - Onsite Building 1B (The Asberry)","address":"1200 Sumner Road Southeast, Washington, District of Columbia 20020","status":"Completed 2015 to Date","agency":"DMPED DCHFA DHCD OP","aff":108,"total":108,"ward":"Ward 8","end":"2024-09-30","ami":[33,44,21,10,0]}},{"type":"Feature","geometry":{"type":"Point","coordinates":[-77.007775,38.956321]},"properties":{"name":"Blair Road Project","address":"5422 Blair Road Northeast, Washington, District of Columbia 20011","status":"Completed 2015 to Date","agency":"DCHA DHCD","aff":8,"total":8,"ward":"Ward 4","end":"2016-09-01","ami":[8,0,0,0,0]}},{"type":"Feature","geometry":{"type":"Point","coordinates":[-76.991959,38.859538]},"properties":{"name":"Bowen Flats","address":"2620 Bowen Road Southeast, Washington, District of Columbia 20020","status":"Completed 2015 to Date","agency":"DCHFA DHCD","aff":41,"total":41,"ward":"Ward 8","end":"2017-06-30","ami":[0,9,32,0,0]}},{"type":"Feature","geometry":{"type":"Point","coordinates":[-76.979842,38.863096]},"properties":{"name":"Buxton Condominium","address":"1720 W Street Southeast, Washington, District of Columbia 20020","status":"Completed 2015 to Date","agency":"DHCD","aff":24,"total":24,"ward":"Ward 8","end":"2015-06-30","ami":[0,10,0,14,0]}},{"type":"Feature","geometry":{"type":"Point","coordinates":[-76.990601,38.863353]},"properties":{"name":"Maple View Flats (Big K)","address":"2228 Martin Luther King Jr Avenue Southeast, Washington, District of Columbia 20020","status":"Completed 2015 to Date","agency":"DCHFA DHCD","aff":114,"total":114,"ward":"Ward 8","end":"2019-02-27","ami":[0,17,97,0,0]}},{"type":"Feature","geometry":{"type":"Point","coordinates":[-77.016302,38.872298]},"properties":{"name":"Channel Square","address":"325 P Street Southwest, Washington, District of Columbia 20024","status":"Completed 2015 to Date","agency":"DHCD","aff":147,"total":223,"ward":"Ward 6","end":"2016-07-27","ami":[0,0,0,147,0]}},{"type":"Feature","geometry":{"type":"Point","coordinates":[-76.992548,38.860224]},"properties":{"name":"City Homes at Sheridan Station 2c","address":"2500 Sayles Place Southeast, Washington, District of Columbia 20020","status":"Completed 2015 to Date","agency":"DCHA","aff":20,"total":20,"ward":"Ward 8","end":"2016-01-01","ami":[0,0,20,0,0]}},{"type":"Feature","geometry":{"type":"Point","coordinates":[-77.033138,38.960607]},"properties":{"name":"Concord Apartments","address":"5807 14th Street Northwest, Washington, District of Columbia 20011","status":"Completed 2015 to Date","agency":"DHCD","aff":78,"total":78,"ward":"Ward 4","end":"2016-09-30","ami":[0,0,78,0,0]}},{"type":"Feature","geometry":{"type":"Point","coordinates":[-77.030218,38.948468]},"properties":{"name":"Cornerstone Community Supportive Housing","address":"4800 Arkansas Avenue Northwest, Washington, District of Columbia 20011","status":"Completed 2015 to Date","agency":"DCHA DHCD","aff":7,"total":7,"ward":"Ward 4","end":"2016-09-16","ami":[5,2,0,0,0]}},{"type":"Feature","geometry":{"type":"Point","coordinates":[-77.008294,38.905198]},"properties":{"name":"DCHA Headquarters - Phase 1","address":"1133 North Capitol Street Northeast, Washington, District of Columbia 20002","status":"Completed 2015 to Date","agency":"DCHA","aff":86,"total":430,"ward":"Ward 6","end":"2024-09-09","ami":[43,0,43,0,0]}},{"type":"Feature","geometry":{"type":"Point","coordinates":[-77.021552,38.956096]},"properties":{"name":"The Grid on Kennedy, 608 Kennedy St. NW","address":"608 Kennedy Street Northwest, Washington, District of Columbia 20011","status":"Under Construction","agency":"DHCD","aff":9,"total":77,"ward":"Ward 4","end":"2026-03-01","ami":[0,0,9,0,0]}},{"type":"Feature","geometry":{"type":"Point","coordinates":[-77.014535,38.94372]},"properties":{"name":"4310 2nd St. NW","address":"4310 2nd Street NW, Washington, District of Columbia 20011","status":"Under Construction","agency":"DHCD","aff":1,"total":4,"ward":"Ward 4","end":"2026-02-15","ami":[0,0,0,1,0]}},{"type":"Feature","geometry":{"type":"Point","coordinates":[-76.930819,38.907427]},"properties":{"name":"4916 Nash St. NE","address":"4916 Nash Street Northeast, Washington, District of Columbia 20019","status":"Pipeline","agency":"DHCD","aff":1,"total":8,"ward":"Ward 7","end":null,"ami":[0,1,0,0,0]}},{"type":"Feature","geometry":{"type":"Point","coordinates":[-76.931024,38.907427]},"properties":{"name":"4912 Nash St. NE","address":"4912 Nash Street Northeast, Washington, District of Columbia 20019","status":"Pipeline","agency":"DHCD","aff":1,"total":8,"ward":"Ward 7","end":null,"ami":[0,1,0,0,0]}},{"type":"Feature","geometry":{"type":"Point","coordinates":[-77.018031,38.93801]},"properties":{"name":"423 Quincy St. NW","address":"423 Quincy Street Northwest, Washington, District of Columbia 20011","status":"Completed 2015 to Date","agency":"DHCD","aff":1,"total":4,"ward":"Ward 4","end":"2022-11-22","ami":[0,0,0,1,0]}},{"type":"Feature","geometry":{"type":"Point","coordinates":[-77.025436,38.940255]},"properties":{"name":"4012 Georgia Ave. NW","address":"4012 Georgia Avenue Northwest, Washington, District of Columbia 20011","status":"Completed 2015 to Date","agency":"DHCD","aff":1,"total":10,"ward":"Ward 4","end":"2023-05-18","ami":[0,1,0,0,0]}}]}