{"type":"FeatureCollection","features":[{"type":"Feature","geometry":{"type":"Polygon","coordinates":[[[-76.99672,38.83373],[-76.99677,38.83381],[-76.99677,38.83382],[-76.99679,38.83385],[-76.99698,38.83417],[-76.99699,38.83418],[-76.99702,38.83425],[-76.99699,38.83427],[-76.9969,38.83433],[-76.99694,38.83441],[-76.99699,38.83455],[-76.99698,38.83457],[-76.99725,38.83461],[-76.99725,38.83462],[-76.99727,38.83465],[-76.9974,38.83489],[-76.99744,38.83497],[-76.99746,38.835],[-77.00029,38.83315],[-77.0004,38.83307],[-77.00042,38.83306],[-77.00053,38.83301],[-77.00057,38.83325],[-77.00057,38.83414],[-77.00057,38.83415],[-77.00058,38.83415],[-77.00075,38.83403],[-77.00268,38.83276],[-77.00268,38.83171],[-77.00268,38.83157],[-77.00313,38.83128],[-77.00338,38.83111],[-77.00343,38.83108],[-77.00346,38.83106],[-77.00348,38.83104],[-77.0035,38.83102],[-77.00352,38.831],[-77.00353,38.83098],[-77.00354,38.83097],[-77.00336,38.83097],[-77.00276,38.83097],[-77.00175,38.83097],[-77.00123,38.83097],[-77.00082,38.83097],[-77.00057,38.83097],[-77.00057,38.83127],[-77.0005,38.83128],[-77.00041,38.83131],[-77.00019,38.83144],[-76.99925,38.83207],[-76.99672,38.83373]]]},"properties":{"zone":"R-3","label":"R-3","desc":"Allows for attached rowhouses on small lots and row dwellings mingled with detached, semi-detached, and groupings of three or more row dwellings"}},{"type":"Feature","geometry":{"type":"Polygon","coordinates":[[[-76.95752,38.8876],[-76.95751,38.88865],[-76.95751,38.8887],[-76.95751,38.88873],[-76.95751,38.88886],[-76.95751,38.88891],[-76.95753,38.8889],[-76.95761,38.88885],[-76.95795,38.8885],[-76.95792,38.8885],[-76.9579,38.8885],[-76.95802,38.88838],[-76.95797,38.88838],[-76.9583,38.88805],[-76.95831,38.88804],[-76.9584,38.888],[-76.95844,38.88796],[-76.95867,38.88772],[-76.9588,38.8876],[-76.9588,38.88759],[-76.95882,38.88754],[-76.95889,38.88748],[-76.95897,38.8874],[-76.95905,38.88732],[-76.95913,38.88723],[-76.95913,38.88722],[-76.95914,38.88722],[-76.95913,38.8872],[-76.95913,38.88719],[-76.95916,38.88716],[-76.95943,38.88689],[-76.95951,38.88681],[-76.95909,38.88681],[-76.9591,38.88673],[-76.9591,38.88646],[-76.9591,38.88644],[-76.95856,38.88644],[-76.95856,38.88641],[-76.95856,38.88614],[-76.95856,38.88602],[-76.95751,38.88602],[-76.95708,38.88602],[-76.95708,38.88614],[-76.95708,38.88641],[-76.95708,38.88643],[-76.95722,38.88643],[-76.95722,38.88646],[-76.95722,38.88673],[-76.95722,38.8868],[-76.95607,38.8868],[-76.95523,38.88681],[-76.95535,38.88664],[-76.95534,38.88663],[-76.95519,38.88658],[-76.95476,38.88643],[-76.95464,38.88639],[-76.95464,38.88644],[-76.95463,38.8866],[-76.95464,38.88675],[-76.95464,38.88681],[-76.95464,38.88683],[-76.95392,38.88683],[-76.95393,38.88681],[-76.95395,38.88676],[-76.95396,38.88673],[-76.95397,38.8867],[-76.95398,38.88667],[-76.95398,38.88665],[-76.95399,38.88662],[-76.954,38.88659],[-76.954,38.88656],[-76.95402,38.88644],[-76.95406,38.88614],[-76.95409,38.88596],[-76.95409,38.88594],[-76.95411,38.8859],[-76.95411,38.88589],[-76.95401,38.88588],[-76.95357,38.88583],[-76.95341,38.88672],[-76.95308,38.887],[-76.95291,38.8873],[-76.95331,38.88744],[-76.95346,38.8875],[-76.95341,38.88759],[-76.95357,38.88759],[-76.95467,38.88759],[-76.95566,38.88759],[-76.95566,38.88746],[-76.95566,38.88725],[-76.95565,38.88725],[-76.95565,38.8872],[-76.95565,38.88717],[-76.95566,38.88717],[-76.95608,38.88717],[-76.95652,38.88717],[-76.95652,38.88721],[-76.95652,38.88726],[-76.95648,38.88726],[-76.95648,38.88747],[-76.95648,38.88759],[-76.95688,38.88759],[-76.95752,38.8876]]]},"properties":{"zone":"R-3","label":"R-3","desc":"Allows for attached rowhouses on small lots and row dwellings mingled with detached, semi-detached, and groupings of three or more row dwellings"}},{"type":"Feature","geometry":{"type":"Polygon","coordinates":[[[-77.06612,38.9558],[-77.06603,38.9559],[-77.06599,38.95595],[-77.06594,38.956],[-77.0659,38.95605],[-77.06588,38.95607],[-77.06585,38.9561],[-77.0658,38.95615],[-77.06575,38.95619],[-77.0657,38.95624],[-77.06565,38.95628],[-77.06559,38.95633],[-77.06554,38.95637],[-77.06526,38.95659],[-77.06522,38.95662],[-77.06518,38.95666],[-77.06514,38.9567],[-77.0651,38.95674],[-77.06507,38.95678],[-77.06504,38.95682],[-77.065,38.95687],[-77.06498,38.95691],[-77.06495,38.95695],[-77.06492,38.957],[-77.06483,38.95722],[-77.06483,38.95723],[-77.06482,38.95724],[-77.0648,38.9573],[-77.06491,38.95731],[-77.06497,38.95733],[-77.06504,38.95734],[-77.06511,38.95735],[-77.06517,38.95736],[-77.06523,38.95737],[-77.06524,38.95737],[-77.0653,38.95738],[-77.06537,38.95739],[-77.06543,38.9574],[-77.0655,38.95741],[-77.06557,38.95742],[-77.06558,38.95742],[-77.06563,38.95743],[-77.06566,38.95744],[-77.0657,38.95744],[-77.06576,38.95745],[-77.06583,38.95746],[-77.06589,38.95747],[-77.06596,38.95748],[-77.06602,38.95749],[-77.06609,38.95749],[-77.06615,38.9575],[-77.06622,38.95751],[-77.06625,38.95751],[-77.06628,38.95751],[-77.06632,38.95751],[-77.06635,38.95751],[-77.06637,38.95751],[-77.06638,38.95751],[-77.06641,38.95751],[-77.06644,38.9575],[-77.06648,38.9575],[-77.06651,38.95749],[-77.06654,38.95748],[-77.06656,38.95747],[-77.06659,38.95746],[-77.06661,38.95745],[-77.06664,38.95744],[-77.06666,38.95743],[-77.06669,38.95742],[-77.06671,38.95741],[-77.06674,38.9574],[-77.06676,38.95739],[-77.06679,38.95737],[-77.06682,38.95735],[-77.06685,38.95733],[-77.06689,38.95731],[-77.06692,38.95729],[-77.06695,38.95726],[-77.06698,38.95723],[-77.067,38.95721],[-77.06703,38.95718],[-77.06705,38.95715],[-77.06708,38.95712],[-77.06711,38.95709],[-77.06713,38.95705],[-77.06716,38.95702],[-77.06719,38.95698],[-77.0672,38.95697],[-77.06722,38.95695],[-77.06725,38.95692],[-77.06728,38.95688],[-77.06731,38.95685],[-77.06734,38.95681],[-77.06737,38.95678],[-77.06753,38.95658],[-77.0676,38.95651],[-77.0672,38.9563],[-77.06718,38.95629],[-77.06687,38.95613],[-77.06679,38.95609],[-77.06671,38.95605],[-77.0667,38.95604],[-77.0663,38.95582],[-77.06629,38.95582],[-77.06626,38.9558],[-77.06626,38.95579],[-77.06622,38.95577],[-77.06619,38.95574],[-77.06618,38.95574],[-77.06612,38.9558]]]},"properties":{"zone":"R-1B","label":"R-1B","desc":"Provides areas predominantly developed with detached houses on moderately sized lots."}},{"type":"Feature","geometry":{"type":"Polygon","coordinates":[[[-76.96575,38.85035],[-76.96564,38.85038],[-76.96557,38.85041],[-76.96551,38.85044],[-76.96546,38.85048],[-76.96537,38.85058],[-76.96534,38.85062],[-76.96531,38.85069],[-76.9653,38.85073],[-76.9653,38.85081],[-76.96531,38.85088],[-76.96534,38.85096],[-76.96536,38.85099],[-76.96539,38.85103],[-76.96547,38.85111],[-76.96554,38.85118],[-76.9656,38.85126],[-76.96565,38.85135],[-76.96567,38.85141],[-76.96568,38.85148],[-76.96568,38.8515],[-76.96569,38.85162],[-76.96569,38.85232],[-76.96569,38.85241],[-76.96569,38.85371],[-76.96569,38.85373],[-76.96587,38.85375],[-76.96602,38.85392],[-76.9661,38.854],[-76.96617,38.85406],[-76.9663,38.85415],[-76.96643,38.85423],[-76.96653,38.85428],[-76.96668,38.85434],[-76.96679,38.85438],[-76.96699,38.85442],[-76.96714,38.85444],[-76.96725,38.85445],[-76.96735,38.85446],[-76.96911,38.85446],[-76.9691,38.85383],[-76.9691,38.85304],[-76.9691,38.85295],[-76.9691,38.85284],[-76.9691,38.85279],[-76.96909,38.85275],[-76.96907,38.85268],[-76.96906,38.85266],[-76.96905,38.85262],[-76.96904,38.85261],[-76.96902,38.85257],[-76.969,38.85254],[-76.96893,38.85246],[-76.9689,38.85242],[-76.96889,38.8524],[-76.96878,38.85226],[-76.96877,38.85226],[-76.96869,38.85215],[-76.96864,38.8521],[-76.96859,38.85205],[-76.96852,38.85201],[-76.96849,38.85199],[-76.96843,38.85197],[-76.96837,38.85195],[-76.96835,38.85195],[-76.96828,38.85194],[-76.96822,38.85193],[-76.96795,38.85193],[-76.96795,38.85132],[-76.96692,38.85131],[-76.96689,38.85131],[-76.96687,38.85131],[-76.96686,38.8513],[-76.96684,38.85129],[-76.96682,38.85128],[-76.9668,38.85126],[-76.96679,38.85125],[-76.96678,38.85123],[-76.96677,38.8512],[-76.96673,38.8511],[-76.96665,38.85094],[-76.96662,38.85088],[-76.96652,38.85074],[-76.96645,38.85065],[-76.96631,38.85052],[-76.96623,38.85046],[-76.96616,38.85042],[-76.96605,38.85037],[-76.96602,38.85036],[-76.96594,38.85035],[-76.96581,38.85034],[-76.96575,38.85035]]]},"properties":{"zone":"R-3","label":"R-3","desc":"Allows for attached rowhouses on small lots and row dwellings mingled with detached, semi-detached, and groupings of three or more row dwellings"}},{"type":"Feature","geometry":{"type":"Polygon","coordinates":[[[-77.06056,38.94221],[-77.06056,38.94223],[-77.06056,38.94261],[-77.06056,38.94263],[-77.0607,38.94263],[-77.06177,38.94262],[-77.06177,38.94206],[-77.06149,38.94206],[-77.06148,38.94206],[-77.06147,38.94201],[-77.06147,38.942],[-77.06146,38.94199],[-77.06146,38.94198],[-77.06143,38.94194],[-77.0612,38.94154],[-77.06119,38.94154],[-77.06117,38.94154],[-77.06117,38.94153],[-77.06116,38.94152],[-77.06116,38.94151],[-77.06116,38.9415],[-77.06115,38.94149],[-77.06115,38.94147],[-77.06115,38.94146],[-77.06115,38.94134],[-77.06115,38.94121],[-77.06115,38.94113],[-77.06115,38.94097],[-77.06071,38.94097],[-77.06051,38.94097],[-77.06051,38.9408],[-77.06051,38.94041],[-77.05964,38.94042],[-77.0585,38.94042],[-77.05854,38.94048],[-77.05858,38.94059],[-77.05863,38.9408],[-77.05863,38.94097],[-77.05863,38.9411],[-77.05863,38.94126],[-77.05863,38.94153],[-77.05863,38.94154],[-77.05863,38.94176],[-77.05864,38.94199],[-77.05864,38.942],[-77.05864,38.94206],[-77.0591,38.94206],[-77.05949,38.94206],[-77.06,38.94206],[-77.06012,38.94206],[-77.06023,38.94206],[-77.06029,38.94206],[-77.06055,38.94206],[-77.06056,38.94221]]]},"properties":{"zone":"R-2","label":"R-2","desc":"Provide areas predominantly developed with semi-detached houses on moderately-sized lots that also contain some detached dwellings"}},{"type":"Feature","geometry":{"type":"Polygon","coordinates":[[[-77.05224,38.91887],[-77.05229,38.9189],[-77.05229,38.91891],[-77.0523,38.91891],[-77.05234,38.91892],[-77.05237,38.91893],[-77.0524,38.91894],[-77.05242,38.91894],[-77.05243,38.91894],[-77.05254,38.91895],[-77.05262,38.91895],[-77.05266,38.91895],[-77.05272,38.91894],[-77.05277,38.91894],[-77.05284,38.91892],[-77.05285,38.91892],[-77.05293,38.91889],[-77.05294,38.91889],[-77.05296,38.91888],[-77.05297,38.91887],[-77.05298,38.91887],[-77.053,38.91888],[-77.053,38.91889],[-77.05301,38.9189],[-77.05302,38.91891],[-77.05303,38.91891],[-77.05304,38.91891],[-77.05305,38.91892],[-77.05306,38.91892],[-77.05307,38.91892],[-77.05308,38.91892],[-77.05309,38.91892],[-77.0531,38.91893],[-77.05312,38.91893],[-77.05314,38.91893],[-77.05315,38.91893],[-77.05326,38.91893],[-77.05332,38.91893],[-77.0534,38.91893],[-77.05352,38.91891],[-77.05363,38.91889],[-77.05384,38.91882],[-77.05398,38.91878],[-77.05415,38.91873],[-77.05428,38.91867],[-77.05437,38.91862],[-77.05445,38.91857],[-77.05461,38.91843],[-77.05489,38.9182],[-77.05511,38.91802],[-77.05526,38.91789],[-77.05535,38.91795],[-77.05543,38.91802],[-77.05564,38.91798],[-77.05584,38.91794],[-77.05605,38.9179],[-77.05625,38.91786],[-77.05646,38.91783],[-77.05649,38.91785],[-77.05651,38.91787],[-77.05652,38.91786],[-77.05658,38.91782],[-77.05664,38.91777],[-77.05673,38.91769],[-77.05675,38.91767],[-77.05681,38.91762],[-77.05689,38.91755],[-77.05697,38.91748],[-77.05705,38.91741],[-77.05715,38.91733],[-77.05724,38.91724],[-77.05734,38.91715],[-77.05736,38.91711],[-77.05736,38.91707],[-77.05731,38.91703],[-77.05725,38.91698],[-77.05722,38.91696],[-77.05693,38.91674],[-77.05686,38.91669],[-77.05682,38.91666],[-77.05677,38.91663],[-77.05668,38.91656],[-77.05648,38.91641],[-77.05618,38.9162],[-77.05618,38.91619],[-77.05615,38.91617],[-77.05579,38.91591],[-77.05542,38.91564],[-77.05538,38.91561],[-77.05525,38.91552],[-77.05516,38.91545],[-77.05515,38.91544],[-77.05504,38.91536],[-77.05498,38.91531],[-77.05491,38.91526],[-77.05481,38.91519],[-77.05474,38.91514],[-77.05464,38.91507],[-77.05449,38.91496],[-77.05441,38.9149],[-77.05424,38.91477],[-77.05413,38.91469],[-77.05395,38.91457],[-77.05388,38.91452],[-77.05369,38.91437],[-77.05358,38.91429],[-77.05343,38.91419],[-77.05339,38.91416],[-77.0533,38.91409],[-77.05323,38.91404],[-77.05316,38.91399],[-77.05313,38.91396],[-77.05298,38.91386],[-77.05278,38.91371],[-77.05278,38.9137],[-77.05267,38.91363],[-77.0526,38.91358],[-77.05258,38.91356],[-77.05236,38.9134],[-77.05227,38.91333],[-77.05222,38.9133],[-77.0522,38.91331],[-77.05219,38.91332],[-77.05218,38.91333],[-77.05217,38.91334],[-77.05216,38.91334],[-77.05215,38.91335],[-77.05214,38.91335],[-77.05212,38.91335],[-77.05211,38.91336],[-77.05209,38.91336],[-77.05205,38.91336],[-77.05186,38.91336],[-77.05157,38.91336],[-77.05139,38.91336],[-77.05116,38.91336],[-77.05094,38.91336],[-77.05072,38.91336],[-77.05052,38.91336],[-77.05049,38.91336],[-77.05043,38.91336],[-77.05016,38.91336],[-77.04994,38.91336],[-77.04967,38.91336],[-77.04938,38.91336],[-77.04921,38.91336],[-77.04889,38.91336],[-77.04887,38.91336],[-77.04879,38.91336],[-77.04879,38.91342],[-77.04879,38.91347],[-77.04879,38.91361],[-77.04879,38.91367],[-77.04879,38.91376],[-77.04879,38.91383],[-77.04879,38.91402],[-77.04879,38.9141],[-77.04889,38.9141],[-77.0489,38.9141],[-77.04907,38.9141],[-77.04908,38.91423],[-77.04908,38.91461],[-77.04916,38.91477],[-77.04919,38.91484],[-77.04922,38.91484],[-77.04945,38.91484],[-77.0497,38.91484],[-77.04997,38.91484],[-77.05015,38.91484],[-77.05016,38.91484],[-77.05019,38.91484],[-77.05046,38.91483],[-77.05052,38.91484],[-77.05063,38.91484],[-77.05063,38.91491],[-77.05062,38.91508],[-77.05062,38.91519],[-77.05062,38.9152],[-77.05062,38.91526],[-77.05062,38.91531],[-77.05062,38.91555],[-77.05063,38.91556],[-77.05063,38.91562],[-77.05063,38.91563],[-77.05062,38.91571],[-77.05062,38.91572],[-77.05062,38.91606],[-77.05062,38.91622],[-77.05062,38.9163],[-77.05062,38.91633],[-77.05062,38.91637],[-77.05062,38.91664],[-77.05062,38.91671],[-77.05055,38.91672],[-77.05053,38.91672],[-77.05049,38.91674],[-77.05018,38.91683],[-77.04969,38.91698],[-77.04936,38.91709],[-77.04929,38.91711],[-77.04924,38.91713],[-77.04917,38.91715],[-77.04873,38.91729],[-77.04847,38.91736],[-77.04843,38.91737],[-77.04817,38.91746],[-77.0481,38.91748],[-77.04782,38.91756],[-77.04777,38.91758],[-77.0478,38.91764],[-77.04801,38.91805],[-77.04817,38.918],[-77.04834,38.91795],[-77.0485,38.9179],[-77.04857,38.91788],[-77.04866,38.91785],[-77.04883,38.9178],[-77.04901,38.91816],[-77.04904,38.91821],[-77.04907,38.91828],[-77.04919,38.91825],[-77.04936,38.91819],[-77.04941,38.91818],[-77.04944,38.91826],[-77.04947,38.91831],[-77.04967,38.91871],[-77.0498,38.91867],[-77.04999,38.91895],[-77.05001,38.91894],[-77.05008,38.91892],[-77.05015,38.9189],[-77.05021,38.91889],[-77.05028,38.91888],[-77.05035,38.91888],[-77.0508,38.91888],[-77.05085,38.91888],[-77.05135,38.91888],[-77.05152,38.91888],[-77.05162,38.91888],[-77.05209,38.91888],[-77.05217,38.91882],[-77.05219,38.91883],[-77.05224,38.91887]]]},"properties":{"zone":"R-1B","label":"R-1B","desc":"Provides areas predominantly developed with detached houses on moderately sized lots."}},{"type":"Feature","geometry":{"type":"Polygon","coordinates":[[[-77.03318,38.9665],[-77.03319,38.9665],[-77.03322,38.9665],[-77.03342,38.9665],[-77.03342,38.9664],[-77.03342,38.96628],[-77.03342,38.96624],[-77.03342,38.96615],[-77.03342,38.96608],[-77.03342,38.96606],[-77.03342,38.96579],[-77.03342,38.96572],[-77.03342,38.96552],[-77.03342,38.96547],[-77.03342,38.96544],[-77.03342,38.96535],[-77.03342,38.96513],[-77.03323,38.96513],[-77.03319,38.96513],[-77.03308,38.96513],[-77.03305,38.96513],[-77.033,38.96514],[-77.0329,38.96514],[-77.03286,38.96514],[-77.03281,38.96515],[-77.03276,38.96515],[-77.03272,38.96515],[-77.0326,38.96516],[-77.03259,38.96516],[-77.03258,38.96516],[-77.03257,38.96516],[-77.03256,38.96516],[-77.03255,38.96516],[-77.03254,38.96515],[-77.03253,38.96515],[-77.03246,38.96514],[-77.03243,38.96514],[-77.03231,38.96512],[-77.03229,38.96512],[-77.03216,38.9651],[-77.03208,38.96509],[-77.03203,38.96509],[-77.03192,38.96507],[-77.0318,38.96505],[-77.03168,38.96504],[-77.03156,38.96502],[-77.03154,38.96502],[-77.03146,38.96501],[-77.03137,38.965],[-77.03134,38.96499],[-77.03132,38.96499],[-77.03123,38.96497],[-77.03115,38.96496],[-77.03111,38.96496],[-77.03099,38.96494],[-77.03087,38.96493],[-77.03086,38.96492],[-77.03084,38.96492],[-77.03083,38.96493],[-77.03074,38.96495],[-77.03061,38.965],[-77.03058,38.96501],[-77.03052,38.96503],[-77.03041,38.96507],[-77.0304,38.96507],[-77.03038,38.96507],[-77.03036,38.96507],[-77.03032,38.96507],[-77.03007,38.96507],[-77.03003,38.96507],[-77.03,38.96507],[-77.02994,38.96507],[-77.02992,38.96507],[-77.02991,38.96507],[-77.0299,38.96507],[-77.02989,38.96507],[-77.02987,38.96507],[-77.02983,38.96507],[-77.02978,38.96507],[-77.02973,38.96507],[-77.02973,38.96514],[-77.02973,38.96523],[-77.02972,38.9654],[-77.02972,38.96542],[-77.02971,38.96544],[-77.02969,38.96572],[-77.02969,38.96579],[-77.02969,38.96606],[-77.02969,38.96614],[-77.02969,38.96622],[-77.02969,38.9665],[-77.02985,38.9665],[-77.03,38.9665],[-77.03027,38.9665],[-77.03046,38.9665],[-77.03086,38.9665],[-77.03137,38.9665],[-77.03193,38.9665],[-77.0323,38.9665],[-77.03252,38.9665],[-77.03292,38.9665],[-77.03305,38.9665],[-77.03318,38.9665]]]},"properties":{"zone":"R-3","label":"R-3","desc":"Allows for attached rowhouses on small lots and row dwellings mingled with detached, semi-detached, and groupings of three or more row dwellings"}},{"type":"Feature","geometry":{"type":"Polygon","coordinates":[[[-77.03512,38.97111],[-77.03526,38.97111],[-77.03533,38.97111],[-77.03541,38.97111],[-77.03555,38.97111],[-77.03561,38.97111],[-77.03562,38.97111],[-77.03563,38.9711],[-77.03563,38.97109],[-77.03563,38.97099],[-77.03563,38.97089],[-77.03563,38.97082],[-77.03564,38.97073],[-77.03564,38.97065],[-77.03564,38.9705],[-77.03564,38.97038],[-77.03564,38.97035],[-77.03564,38.97034],[-77.03564,38.9703],[-77.03564,38.97012],[-77.03564,38.97006],[-77.03563,38.97004],[-77.03563,38.96999],[-77.03563,38.96993],[-77.03565,38.96993],[-77.03567,38.96993],[-77.03567,38.96987],[-77.03567,38.96985],[-77.03567,38.96983],[-77.03567,38.96982],[-77.03567,38.96981],[-77.03567,38.9698],[-77.03567,38.96979],[-77.03567,38.96978],[-77.03567,38.96977],[-77.03567,38.96975],[-77.03567,38.96974],[-77.03568,38.96973],[-77.03568,38.96972],[-77.03568,38.96971],[-77.03568,38.96969],[-77.03568,38.96965],[-77.03568,38.9696],[-77.03568,38.96949],[-77.03561,38.96949],[-77.03554,38.96949],[-77.03545,38.96949],[-77.03524,38.96949],[-77.0352,38.96949],[-77.03506,38.96949],[-77.03498,38.96949],[-77.03485,38.96949],[-77.03466,38.96949],[-77.03448,38.96949],[-77.03446,38.96949],[-77.03445,38.96949],[-77.03444,38.9695],[-77.03437,38.96956],[-77.03437,38.96957],[-77.03427,38.96967],[-77.03425,38.96969],[-77.03423,38.96971],[-77.03421,38.96973],[-77.03415,38.9698],[-77.03414,38.9698],[-77.03414,38.96981],[-77.03414,38.96983],[-77.03413,38.96984],[-77.03414,38.96992],[-77.03414,38.96993],[-77.03402,38.96993],[-77.034,38.96993],[-77.034,38.97005],[-77.034,38.97006],[-77.034,38.97024],[-77.034,38.97033],[-77.034,38.97035],[-77.034,38.9705],[-77.034,38.97063],[-77.034,38.97065],[-77.034,38.97073],[-77.034,38.97082],[-77.034,38.97093],[-77.034,38.97095],[-77.034,38.97097],[-77.034,38.971],[-77.034,38.97101],[-77.034,38.97108],[-77.03401,38.9711],[-77.03402,38.97111],[-77.03403,38.97111],[-77.03407,38.97111],[-77.03408,38.97111],[-77.03428,38.97111],[-77.03429,38.97111],[-77.03433,38.97111],[-77.0345,38.97111],[-77.03461,38.97111],[-77.03469,38.97111],[-77.03479,38.97111],[-77.03493,38.97111],[-77.03512,38.97111]]]},"properties":{"zone":"R-2","label":"R-2","desc":"Provide areas predominantly developed with semi-detached houses on moderately-sized lots that also contain some detached dwellings"}},{"type":"Feature","geometry":{"type":"Polygon","coordinates":[[[-77.06517,38.95073],[-77.06517,38.95081],[-77.06517,38.95096],[-77.06517,38.95127],[-77.06517,38.95131],[-77.06517,38.95178],[-77.06517,38.95186],[-77.06517,38.95194],[-77.06518,38.95261],[-77.06518,38.95267],[-77.06518,38.9528],[-77.06517,38.95324],[-77.06517,38.95331],[-77.06526,38.95331],[-77.06543,38.95331],[-77.06569,38.95331],[-77.06595,38.95331],[-77.06613,38.95331],[-77.0662,38.95331],[-77.06627,38.95331],[-77.06646,38.95331],[-77.06672,38.95331],[-77.06698,38.95331],[-77.0672,38.95331],[-77.0672,38.95323],[-77.0672,38.95319],[-77.0672,38.95258],[-77.06726,38.95217],[-77.06727,38.95211],[-77.06728,38.95203],[-77.06727,38.95203],[-77.06676,38.95199],[-77.06678,38.95191],[-77.06686,38.95165],[-77.06686,38.95164],[-77.06686,38.95163],[-77.06686,38.95162],[-77.06686,38.95161],[-77.06686,38.9516],[-77.06686,38.95159],[-77.06683,38.95154],[-77.06672,38.95136],[-77.0667,38.95132],[-77.06668,38.95129],[-77.06668,38.95128],[-77.06665,38.95123],[-77.06663,38.9512],[-77.06663,38.95119],[-77.06662,38.95119],[-77.06662,38.95118],[-77.06662,38.95117],[-77.06661,38.95116],[-77.06661,38.95115],[-77.06661,38.95114],[-77.06661,38.9511],[-77.06661,38.95107],[-77.06661,38.95106],[-77.06661,38.95103],[-77.06661,38.95101],[-77.06661,38.95099],[-77.06661,38.95097],[-77.06661,38.95096],[-77.06661,38.95094],[-77.06661,38.95092],[-77.06661,38.9509],[-77.06661,38.95088],[-77.06661,38.95085],[-77.06661,38.95081],[-77.06661,38.95073],[-77.0662,38.95073],[-77.06585,38.95073],[-77.06578,38.95073],[-77.06571,38.95073],[-77.06526,38.95073],[-77.06517,38.95073]]]},"properties":{"zone":"R-1A","label":"R-1A","desc":"Provides areas predominantly developed with detached houses on large lots."}},{"type":"Feature","geometry":{"type":"Polygon","coordinates":[[[-76.96645,38.84829],[-76.96646,38.8483],[-76.9673,38.84836],[-76.96738,38.84836],[-76.96755,38.84837],[-76.96771,38.84838],[-76.96787,38.84839],[-76.96813,38.84839],[-76.96827,38.84838],[-76.96851,38.84837],[-76.96867,38.84836],[-76.96884,38.84835],[-76.96898,38.84833],[-76.96909,38.84832],[-76.96919,38.84831],[-76.96926,38.8483],[-76.96937,38.84828],[-76.96943,38.84827],[-76.96966,38.84823],[-76.9699,38.8482],[-76.96998,38.84818],[-76.97009,38.84817],[-76.97017,38.84815],[-76.97019,38.84815],[-76.9702,38.84815],[-76.97041,38.84811],[-76.97063,38.84807],[-76.97075,38.84805],[-76.97076,38.84805],[-76.97078,38.84804],[-76.97089,38.84803],[-76.97089,38.84802],[-76.97089,38.84801],[-76.97089,38.84798],[-76.97089,38.84796],[-76.97089,38.84794],[-76.97088,38.84792],[-76.97088,38.8479],[-76.97088,38.84788],[-76.97088,38.84787],[-76.97088,38.84785],[-76.97088,38.84784],[-76.97088,38.84783],[-76.97088,38.84781],[-76.97088,38.8478],[-76.97088,38.84778],[-76.97088,38.84777],[-76.97088,38.84775],[-76.97088,38.84774],[-76.97088,38.84772],[-76.97089,38.84771],[-76.97089,38.84769],[-76.9709,38.84767],[-76.9709,38.84766],[-76.97091,38.84764],[-76.97092,38.84762],[-76.97092,38.84761],[-76.97093,38.8476],[-76.97094,38.84758],[-76.97095,38.84757],[-76.97096,38.84756],[-76.97097,38.84754],[-76.97098,38.84753],[-76.97099,38.84752],[-76.971,38.84751],[-76.97101,38.8475],[-76.97102,38.84748],[-76.97103,38.84747],[-76.97121,38.84733],[-76.97135,38.84722],[-76.97146,38.84714],[-76.97159,38.84716],[-76.97166,38.84715],[-76.97175,38.84715],[-76.97186,38.84715],[-76.97207,38.84714],[-76.97206,38.84701],[-76.9724,38.847],[-76.97266,38.84699],[-76.97271,38.84699],[-76.97277,38.84699],[-76.97282,38.84699],[-76.97282,38.84698],[-76.97282,38.84697],[-76.97282,38.84696],[-76.97282,38.84695],[-76.97282,38.84694],[-76.97282,38.84691],[-76.97282,38.8469],[-76.97282,38.84689],[-76.97282,38.84688],[-76.97282,38.84687],[-76.97282,38.84686],[-76.97282,38.84684],[-76.97281,38.84683],[-76.97281,38.84682],[-76.97281,38.8468],[-76.97281,38.84679],[-76.97281,38.8466],[-76.9728,38.84644],[-76.97279,38.84622],[-76.97279,38.84614],[-76.97279,38.84612],[-76.97278,38.84597],[-76.97278,38.84582],[-76.97277,38.84565],[-76.97277,38.84552],[-76.97277,38.84547],[-76.97276,38.84529],[-76.97275,38.84513],[-76.97275,38.84512],[-76.97275,38.84511],[-76.97275,38.8451],[-76.97275,38.84509],[-76.97275,38.84508],[-76.97274,38.84507],[-76.97274,38.84506],[-76.97274,38.84505],[-76.97273,38.84503],[-76.97273,38.84502],[-76.97273,38.84501],[-76.97273,38.845],[-76.97272,38.84499],[-76.97272,38.84498],[-76.97272,38.84497],[-76.97271,38.84496],[-76.97271,38.84495],[-76.97271,38.84494],[-76.9727,38.84494],[-76.9727,38.84493],[-76.9727,38.84492],[-76.97269,38.84491],[-76.97268,38.8449],[-76.97268,38.84489],[-76.97267,38.84489],[-76.97267,38.84488],[-76.97266,38.84487],[-76.97266,38.84486],[-76.97265,38.84486],[-76.97265,38.84485],[-76.97264,38.84485],[-76.97264,38.84484],[-76.97263,38.84484],[-76.97263,38.84483],[-76.97262,38.84482],[-76.97261,38.84481],[-76.9726,38.84481],[-76.9726,38.8448],[-76.97259,38.84479],[-76.97258,38.84479],[-76.97258,38.84478],[-76.97257,38.84477],[-76.97256,38.84476],[-76.97255,38.84476],[-76.97255,38.84475],[-76.97254,38.84474],[-76.97236,38.8446],[-76.97215,38.84443],[-76.97196,38.84429],[-76.97195,38.84428],[-76.97185,38.84421],[-76.97185,38.8442],[-76.97177,38.84415],[-76.97089,38.84483],[-76.97072,38.84497],[-76.96958,38.84585],[-76.96958,38.84586],[-76.96646,38.84829],[-76.96645,38.84829]]]},"properties":{"zone":"R-2","label":"R-2","desc":"Provide areas predominantly developed with semi-detached houses on moderately-sized lots that also contain some detached dwellings"}},{"type":"Feature","geometry":{"type":"Polygon","coordinates":[[[-77.03626,38.9923],[-77.03632,38.99234],[-77.03633,38.99235],[-77.03637,38.99238],[-77.0364,38.99241],[-77.03642,38.99242],[-77.03643,38.99243],[-77.03646,38.99246],[-77.03651,38.99249],[-77.03655,38.99252],[-77.03659,38.99255],[-77.0367,38.99264],[-77.03693,38.99282],[-77.03721,38.99304],[-77.03722,38.99304],[-77.03773,38.99344],[-77.03809,38.99373],[-77.03839,38.99396],[-77.04087,38.99589],[-77.04097,38.99597],[-77.04097,38.99596],[-77.0411,38.99587],[-77.04154,38.99552],[-77.04266,38.99465],[-77.04429,38.99337],[-77.0443,38.99337],[-77.0443,38.99336],[-77.04432,38.99335],[-77.04528,38.9926],[-77.0469,38.99133],[-77.0471,38.99118],[-77.04709,38.99117],[-77.04667,38.99014],[-77.04668,38.99014],[-77.04704,38.99002],[-77.04736,38.98991],[-77.04732,38.9898],[-77.04715,38.98931],[-77.04785,38.98927],[-77.04813,38.98926],[-77.04848,38.98925],[-77.04849,38.98925],[-77.04851,38.98925],[-77.04843,38.98894],[-77.04842,38.98892],[-77.04842,38.9889],[-77.04841,38.98887],[-77.0484,38.98884],[-77.04839,38.98882],[-77.04838,38.98881],[-77.04838,38.9888],[-77.04838,38.98879],[-77.04838,38.98877],[-77.04837,38.98875],[-77.04837,38.98874],[-77.04837,38.98872],[-77.04836,38.98871],[-77.04836,38.98869],[-77.04835,38.98867],[-77.04835,38.98866],[-77.04834,38.98865],[-77.04833,38.98863],[-77.04832,38.9886],[-77.04831,38.98859],[-77.04831,38.98858],[-77.04829,38.98856],[-77.04829,38.98855],[-77.04828,38.98854],[-77.04826,38.98852],[-77.04825,38.98851],[-77.04824,38.9885],[-77.04823,38.98848],[-77.04822,38.98848],[-77.04821,38.98847],[-77.04819,38.98845],[-77.04817,38.98843],[-77.04816,38.98842],[-77.04815,38.98842],[-77.04813,38.9884],[-77.04811,38.98839],[-77.0481,38.98838],[-77.04796,38.98829],[-77.04793,38.98827],[-77.0479,38.98826],[-77.04788,38.98824],[-77.04785,38.98822],[-77.04783,38.9882],[-77.0478,38.98818],[-77.04778,38.98816],[-77.04776,38.98814],[-77.04774,38.98811],[-77.04771,38.98809],[-77.0477,38.98807],[-77.04768,38.98805],[-77.04767,38.98802],[-77.04765,38.988],[-77.04764,38.98798],[-77.04763,38.98795],[-77.04763,38.98792],[-77.04762,38.9879],[-77.04762,38.98787],[-77.04762,38.98785],[-77.04762,38.98782],[-77.04762,38.98779],[-77.04762,38.98776],[-77.04762,38.98773],[-77.04762,38.9877],[-77.04762,38.98767],[-77.04762,38.98764],[-77.04763,38.98761],[-77.04763,38.98758],[-77.04763,38.98755],[-77.04763,38.98752],[-77.04763,38.98751],[-77.04763,38.9875],[-77.04763,38.98747],[-77.04763,38.98746],[-77.04763,38.98745],[-77.04762,38.98743],[-77.04761,38.9874],[-77.04761,38.98739],[-77.04761,38.98738],[-77.0476,38.98735],[-77.04759,38.98733],[-77.04758,38.98732],[-77.04757,38.98731],[-77.04756,38.98728],[-77.04754,38.98725],[-77.04752,38.98722],[-77.0475,38.9872],[-77.04747,38.98717],[-77.04745,38.98715],[-77.04742,38.98713],[-77.04739,38.9871],[-77.04736,38.98708],[-77.04733,38.98706],[-77.0473,38.98705],[-77.04729,38.98705],[-77.04728,38.98704],[-77.04725,38.98703],[-77.04723,38.98702],[-77.04722,38.98702],[-77.0472,38.98701],[-77.04718,38.987],[-77.04715,38.98699],[-77.04714,38.98699],[-77.04713,38.98699],[-77.0471,38.98698],[-77.04708,38.98697],[-77.04702,38.98695],[-77.04696,38.98693],[-77.04692,38.98692],[-77.04688,38.9869],[-77.04686,38.98689],[-77.04684,38.98688],[-77.0468,38.98686],[-77.04676,38.98683],[-77.04673,38.98681],[-77.0467,38.98678],[-77.04666,38.98675],[-77.04664,38.98672],[-77.04661,38.98669],[-77.04659,38.98666],[-77.04653,38.98657],[-77.04651,38.98654],[-77.04648,38.9865],[-77.04645,38.98647],[-77.04643,38.98644],[-77.0464,38.9864],[-77.04636,38.98637],[-77.04633,38.98634],[-77.0463,38.98631],[-77.04626,38.98629],[-77.04622,38.98626],[-77.04605,38.98615],[-77.04601,38.98613],[-77.04597,38.98611],[-77.04592,38.98609],[-77.04588,38.98607],[-77.04584,38.98605],[-77.0458,38.98603],[-77.04575,38.98601],[-77.04571,38.98599],[-77.04567,38.98597],[-77.04562,38.98596],[-77.04551,38.98591],[-77.0454,38.98587],[-77.04534,38.98585],[-77.04533,38.98584],[-77.04532,38.98584],[-77.04528,38.98583],[-77.04525,38.98581],[-77.04521,38.9858],[-77.04518,38.98578],[-77.04514,38.98576],[-77.04511,38.98574],[-77.04508,38.98572],[-77.04505,38.9857],[-77.04501,38.98568],[-77.04498,38.98566],[-77.04494,38.98563],[-77.04491,38.9856],[-77.04487,38.98556],[-77.04484,38.98553],[-77.0448,38.98549],[-77.04477,38.98546],[-77.04475,38.98542],[-77.04472,38.98538],[-77.0447,38.98534],[-77.04468,38.9853],[-77.04466,38.98526],[-77.04464,38.98522],[-77.04461,38.98519],[-77.04458,38.98516],[-77.04455,38.98512],[-77.04452,38.98509],[-77.04448,38.98506],[-77.04444,38.98504],[-77.0444,38.98501],[-77.04436,38.98499],[-77.04433,38.98497],[-77.04429,38.98496],[-77.04425,38.98494],[-77.04422,38.98493],[-77.04418,38.98492],[-77.04414,38.98491],[-77.0441,38.98491],[-77.04406,38.9849],[-77.04401,38.9849],[-77.04397,38.9849],[-77.04385,38.9849],[-77.04373,38.9849],[-77.04337,38.98491],[-77.04302,38.98492],[-77.04301,38.98492],[-77.043,38.98492],[-77.04298,38.98492],[-77.04297,38.98492],[-77.04296,38.98492],[-77.04293,38.98492],[-77.04291,38.98492],[-77.0429,38.98492],[-77.04289,38.98492],[-77.04287,38.98492],[-77.04286,38.98492],[-77.04285,38.98492],[-77.04282,38.98491],[-77.04281,38.98491],[-77.0428,38.98491],[-77.04279,38.98499],[-77.04277,38.98515],[-77.04273,38.98549],[-77.04273,38.98552],[-77.04272,38.98556],[-77.04271,38.98565],[-77.04268,38.98584],[-77.04268,38.98588],[-77.04267,38.98591],[-77.04267,38.98594],[-77.04266,38.98597],[-77.04266,38.986],[-77.04266,38.98604],[-77.04265,38.98605],[-77.04265,38.98607],[-77.04263,38.98613],[-77.04259,38.98618],[-77.04255,38.98622],[-77.04251,38.98627],[-77.04245,38.9863],[-77.04239,38.98633],[-77.04233,38.98636],[-77.04226,38.98638],[-77.04219,38.98639],[-77.04212,38.98639],[-77.04205,38.98639],[-77.04198,38.98638],[-77.04191,38.98636],[-77.04185,38.98633],[-77.04179,38.9863],[-77.04173,38.98627],[-77.04168,38.98622],[-77.04164,38.98618],[-77.04161,38.98614],[-77.0416,38.98613],[-77.04158,38.98611],[-77.04156,38.98607],[-77.04152,38.98603],[-77.04145,38.98593],[-77.04141,38.98589],[-77.04137,38.98584],[-77.04131,38.98577],[-77.04111,38.98552],[-77.0411,38.98551],[-77.04107,38.98547],[-77.04106,38.98546],[-77.04104,38.98543],[-77.04097,38.98537],[-77.04089,38.98532],[-77.04088,38.98531],[-77.04087,38.98531],[-77.04087,38.9853],[-77.04086,38.9853],[-77.04085,38.98529],[-77.04084,38.98529],[-77.04083,38.98529],[-77.04083,38.98528],[-77.04082,38.98528],[-77.04081,38.98528],[-77.04081,38.98527],[-77.04079,38.98527],[-77.04078,38.98526],[-77.04077,38.98526],[-77.04076,38.98525],[-77.04074,38.98525],[-77.04073,38.98524],[-77.04072,38.98524],[-77.0407,38.98523],[-77.04069,38.98523],[-77.04068,38.98523],[-77.04067,38.98523],[-77.04066,38.98522],[-77.04065,38.98522],[-77.04064,38.98522],[-77.04063,38.98522],[-77.04063,38.98521],[-77.04062,38.98521],[-77.04061,38.98521],[-77.0406,38.98521],[-77.04059,38.9852],[-77.04058,38.9852],[-77.04057,38.9852],[-77.04056,38.9852],[-77.04055,38.9852],[-77.04055,38.98519],[-77.04054,38.98519],[-77.04052,38.98519],[-77.0405,38.98518],[-77.04049,38.98518],[-77.04048,38.98518],[-77.04047,38.98518],[-77.04046,38.98518],[-77.04045,38.98518],[-77.04044,38.98518],[-77.04044,38.98517],[-77.04043,38.98517],[-77.04042,38.98517],[-77.0404,38.98517],[-77.04038,38.98517],[-77.04037,38.98517],[-77.04036,38.98517],[-77.04035,38.98517],[-77.04034,38.98517],[-77.04032,38.98517],[-77.04031,38.98517],[-77.04028,38.98517],[-77.04027,38.98517],[-77.04026,38.98517],[-77.04025,38.98517],[-77.04024,38.98517],[-77.04023,38.98517],[-77.04022,38.98517],[-77.04021,38.98517],[-77.0402,38.98517],[-77.04019,38.98517],[-77.04018,38.98516],[-77.04017,38.98516],[-77.04016,38.98516],[-77.04015,38.98516],[-77.04004,38.98515],[-77.04003,38.98513],[-77.03991,38.98497],[-77.03986,38.98491],[-77.03982,38.98486],[-77.03973,38.98474],[-77.03958,38.98454],[-77.03943,38.98434],[-77.03925,38.98409],[-77.03924,38.98407],[-77.03922,38.98405],[-77.03919,38.98402],[-77.03915,38.98398],[-77.03923,38.98394],[-77.03959,38.98377],[-77.03989,38.98364],[-77.04004,38.98357],[-77.04005,38.98357],[-77.04001,38.98353],[-77.03997,38.9835],[-77.03987,38.98343],[-77.03985,38.98342],[-77.03958,38.98317],[-77.03951,38.9831],[-77.03947,38.98306],[-77.03946,38.98306],[-77.03944,38.98304],[-77.03943,38.98303],[-77.03942,38.98302],[-77.03941,38.98301],[-77.0394,38.983],[-77.03944,38.98298],[-77.03945,38.98297],[-77.03946,38.98297],[-77.03944,38.98295],[-77.03941,38.98293],[-77.03941,38.98292],[-77.0393,38.98282],[-77.03906,38.9826],[-77.03904,38.98258],[-77.03904,38.98254],[-77.03901,38.98232],[-77.03897,38.98182],[-77.03895,38.98164],[-77.03893,38.98138],[-77.03898,38.98132],[-77.03903,38.98127],[-77.03905,38.98124],[-77.03907,38.98123],[-77.0392,38.98108],[-77.03921,38.98108],[-77.03903,38.98106],[-77.0385,38.98101],[-77.03849,38.98108],[-77.03843,38.98107],[-77.0379,38.98102],[-77.0378,38.98101],[-77.03766,38.981],[-77.03737,38.98097],[-77.03719,38.98095],[-77.03648,38.98087],[-77.03637,38.98087],[-77.03635,38.98087],[-77.03635,38.98136],[-77.03634,38.98229],[-77.03634,38.98322],[-77.03634,38.98416],[-77.03635,38.98567],[-77.03647,38.98569],[-77.03669,38.98574],[-77.03713,38.98582],[-77.03717,38.98582],[-77.03718,38.98592],[-77.03717,38.98593],[-77.03717,38.98595],[-77.03717,38.98598],[-77.03717,38.98641],[-77.03717,38.98663],[-77.03717,38.98687],[-77.03726,38.98706],[-77.03732,38.98717],[-77.03735,38.98724],[-77.03736,38.98726],[-77.03737,38.98728],[-77.03738,38.9873],[-77.03738,38.98731],[-77.03739,38.9873],[-77.03743,38.98729],[-77.0375,38.98727],[-77.03756,38.98725],[-77.03763,38.98723],[-77.03769,38.98721],[-77.03776,38.98719],[-77.03783,38.98717],[-77.03789,38.98716],[-77.03796,38.98714],[-77.03797,38.98713],[-77.03798,38.98713],[-77.03799,38.98713],[-77.038,38.98713],[-77.038,38.98712],[-77.038,38.98713],[-77.03801,38.98713],[-77.03802,38.98714],[-77.03804,38.98715],[-77.03805,38.98716],[-77.03806,38.98717],[-77.03806,38.98718],[-77.03819,38.98728],[-77.03824,38.98733],[-77.03829,38.98737],[-77.03844,38.98749],[-77.0385,38.98755],[-77.03851,38.98755],[-77.03866,38.98765],[-77.03886,38.98779],[-77.03888,38.9878],[-77.03894,38.98784],[-77.03902,38.9879],[-77.03914,38.9882],[-77.03914,38.98822],[-77.03942,38.9882],[-77.03945,38.9882],[-77.03947,38.9882],[-77.03948,38.98821],[-77.0395,38.98822],[-77.03951,38.98822],[-77.03975,38.98838],[-77.03976,38.98839],[-77.03976,38.9884],[-77.03979,38.9884],[-77.03995,38.9885],[-77.04017,38.98864],[-77.04026,38.9887],[-77.04008,38.98885],[-77.03999,38.98893],[-77.03991,38.989],[-77.0398,38.98909],[-77.03979,38.9891],[-77.03978,38.98911],[-77.03976,38.98912],[-77.03975,38.98913],[-77.03974,38.98914],[-77.03972,38.98915],[-77.03971,38.98916],[-77.0397,38.98917],[-77.03968,38.98918],[-77.03967,38.98919],[-77.03965,38.98919],[-77.03963,38.9892],[-77.03963,38.98921],[-77.03961,38.98922],[-77.0396,38.98922],[-77.03958,38.98923],[-77.03957,38.98924],[-77.03956,38.98924],[-77.03955,38.98924],[-77.03954,38.98925],[-77.03953,38.98925],[-77.03953,38.98926],[-77.03951,38.98927],[-77.0395,38.98927],[-77.03949,38.98928],[-77.03948,38.98928],[-77.03946,38.9893],[-77.03945,38.9893],[-77.03945,38.98931],[-77.03936,38.98938],[-77.0393,38.98943],[-77.03925,38.98947],[-77.03924,38.98948],[-77.03923,38.98948],[-77.03881,38.98979],[-77.03839,38.99009],[-77.03801,38.99036],[-77.03797,38.99038],[-77.03793,38.99041],[-77.03788,38.99043],[-77.03784,38.99046],[-77.03779,38.99048],[-77.03774,38.99051],[-77.03769,38.99053],[-77.03764,38.99055],[-77.03759,38.99057],[-77.03754,38.99058],[-77.03749,38.9906],[-77.03744,38.99061],[-77.03738,38.99062],[-77.03733,38.99063],[-77.03728,38.99064],[-77.03722,38.99065],[-77.03717,38.99065],[-77.03712,38.99066],[-77.03706,38.99066],[-77.03701,38.99067],[-77.03692,38.99067],[-77.03684,38.99067],[-77.03676,38.99067],[-77.03668,38.99068],[-77.03659,38.99068],[-77.03651,38.99068],[-77.03646,38.99068],[-77.03642,38.99068],[-77.03632,38.99068],[-77.03632,38.99204],[-77.03632,38.99228],[-77.03626,38.9923]]]},"properties":{"zone":"R-1A","label":"R-1A","desc":"Provides areas predominantly developed with detached houses on large lots."}},{"type":"Feature","geometry":{"type":"Polygon","coordinates":[[[-76.95934,38.89601],[-76.95959,38.89602],[-76.9596,38.89602],[-76.95961,38.89602],[-76.95962,38.89602],[-76.95964,38.89602],[-76.95965,38.89602],[-76.95966,38.89602],[-76.95967,38.89601],[-76.95976,38.89599],[-76.95973,38.89594],[-76.9597,38.89587],[-76.95967,38.89582],[-76.95965,38.89577],[-76.95963,38.89571],[-76.95961,38.89566],[-76.95959,38.8956],[-76.95957,38.89555],[-76.95956,38.89549],[-76.95954,38.89543],[-76.95953,38.89538],[-76.95952,38.89532],[-76.95952,38.89528],[-76.95951,38.89523],[-76.95951,38.89519],[-76.95951,38.89515],[-76.95951,38.8951],[-76.95951,38.89506],[-76.95951,38.89501],[-76.95951,38.89497],[-76.95951,38.89493],[-76.95951,38.89488],[-76.95951,38.89485],[-76.95953,38.89478],[-76.95953,38.89475],[-76.95954,38.89472],[-76.95954,38.89469],[-76.95956,38.89462],[-76.95958,38.89456],[-76.9596,38.89449],[-76.95963,38.89442],[-76.95965,38.89436],[-76.95968,38.89429],[-76.95971,38.89424],[-76.95974,38.89419],[-76.95975,38.89415],[-76.95977,38.89412],[-76.9598,38.89407],[-76.95983,38.89403],[-76.95986,38.89399],[-76.95989,38.89395],[-76.95992,38.89391],[-76.95995,38.89387],[-76.95999,38.89383],[-76.96002,38.89379],[-76.96006,38.89375],[-76.96009,38.89372],[-76.96013,38.89368],[-76.96016,38.89365],[-76.96022,38.8936],[-76.96025,38.89357],[-76.96028,38.89355],[-76.96036,38.89348],[-76.96045,38.89341],[-76.96054,38.89334],[-76.96061,38.89327],[-76.96069,38.89319],[-76.96076,38.89312],[-76.96077,38.8931],[-76.96082,38.89304],[-76.96088,38.89296],[-76.96094,38.89287],[-76.961,38.89276],[-76.96106,38.89265],[-76.96111,38.89253],[-76.96116,38.89241],[-76.96118,38.89235],[-76.96119,38.89229],[-76.96121,38.89223],[-76.96122,38.89216],[-76.96122,38.89213],[-76.96122,38.89209],[-76.96123,38.89205],[-76.96123,38.89201],[-76.96123,38.89196],[-76.96124,38.89192],[-76.96124,38.89166],[-76.96124,38.89122],[-76.96123,38.89081],[-76.96123,38.89051],[-76.96123,38.89041],[-76.96124,38.89028],[-76.96117,38.89028],[-76.9611,38.89028],[-76.96072,38.89028],[-76.96058,38.89028],[-76.96035,38.89027],[-76.96034,38.89027],[-76.96032,38.89028],[-76.9603,38.89028],[-76.96029,38.89028],[-76.96027,38.89028],[-76.96025,38.89028],[-76.96023,38.89028],[-76.96013,38.89028],[-76.96012,38.89028],[-76.95985,38.89028],[-76.95968,38.89028],[-76.9595,38.89028],[-76.95915,38.89028],[-76.95895,38.89028],[-76.95893,38.89028],[-76.95892,38.89029],[-76.95891,38.89029],[-76.9589,38.89029],[-76.95889,38.89031],[-76.95887,38.89033],[-76.9588,38.8904],[-76.95874,38.89046],[-76.95868,38.89053],[-76.95867,38.89054],[-76.95866,38.89055],[-76.95865,38.89056],[-76.95864,38.89056],[-76.95864,38.89057],[-76.9586,38.89061],[-76.95857,38.8906],[-76.95855,38.8906],[-76.95853,38.89059],[-76.95851,38.89058],[-76.95843,38.89054],[-76.95823,38.89042],[-76.95756,38.8911],[-76.95782,38.89126],[-76.95784,38.89127],[-76.95786,38.89128],[-76.95789,38.89128],[-76.95789,38.89164],[-76.95783,38.89164],[-76.95779,38.89164],[-76.95773,38.89164],[-76.95767,38.89164],[-76.95762,38.89164],[-76.95761,38.89164],[-76.9576,38.89164],[-76.95759,38.89164],[-76.95758,38.89164],[-76.95758,38.89165],[-76.95757,38.89165],[-76.95757,38.89166],[-76.95756,38.89166],[-76.95742,38.8918],[-76.95739,38.89183],[-76.95739,38.89184],[-76.95736,38.89186],[-76.95733,38.8919],[-76.95726,38.89196],[-76.95726,38.89197],[-76.9572,38.89202],[-76.95716,38.89207],[-76.95713,38.8921],[-76.95711,38.89212],[-76.95705,38.89218],[-76.95705,38.89219],[-76.95704,38.89219],[-76.95704,38.8922],[-76.95703,38.89221],[-76.95703,38.89222],[-76.95703,38.89223],[-76.95703,38.8924],[-76.95628,38.8924],[-76.95624,38.89245],[-76.95616,38.8924],[-76.95605,38.89234],[-76.95593,38.89228],[-76.95582,38.89222],[-76.95575,38.89218],[-76.95564,38.89212],[-76.95548,38.89203],[-76.95545,38.89201],[-76.95545,38.89202],[-76.9549,38.89257],[-76.95494,38.8926],[-76.95439,38.89316],[-76.95372,38.89384],[-76.95358,38.89398],[-76.95374,38.89402],[-76.95375,38.89402],[-76.9539,38.89407],[-76.95393,38.89407],[-76.95412,38.89413],[-76.95421,38.89415],[-76.95422,38.89415],[-76.95427,38.89417],[-76.95435,38.89419],[-76.95436,38.89419],[-76.95439,38.8942],[-76.95439,38.89421],[-76.95439,38.89422],[-76.95439,38.89423],[-76.95439,38.89452],[-76.95439,38.89453],[-76.95439,38.89472],[-76.95439,38.89493],[-76.95439,38.89526],[-76.9544,38.89527],[-76.95441,38.89528],[-76.95443,38.89529],[-76.95446,38.89529],[-76.95449,38.89529],[-76.9545,38.8953],[-76.95453,38.8953],[-76.95455,38.8953],[-76.95456,38.8953],[-76.95458,38.8953],[-76.95459,38.8953],[-76.95462,38.89531],[-76.95467,38.89532],[-76.95468,38.89532],[-76.95469,38.89532],[-76.95472,38.89532],[-76.95473,38.89532],[-76.95476,38.89531],[-76.95481,38.8953],[-76.95481,38.89533],[-76.9548,38.89542],[-76.9548,38.8956],[-76.95487,38.89561],[-76.95488,38.89561],[-76.95489,38.89561],[-76.9549,38.89561],[-76.95491,38.89561],[-76.95492,38.89561],[-76.95493,38.89561],[-76.95494,38.89561],[-76.95495,38.89561],[-76.95496,38.89561],[-76.95497,38.89561],[-76.95498,38.89561],[-76.95499,38.89561],[-76.955,38.89561],[-76.95501,38.89561],[-76.95503,38.89561],[-76.95503,38.89562],[-76.95505,38.89562],[-76.95506,38.89562],[-76.95507,38.89562],[-76.9551,38.89562],[-76.95514,38.89563],[-76.95517,38.89563],[-76.95518,38.89563],[-76.9552,38.89564],[-76.95521,38.89564],[-76.95523,38.89564],[-76.95524,38.89564],[-76.95527,38.89565],[-76.9553,38.89565],[-76.95533,38.89566],[-76.95535,38.89566],[-76.95536,38.89566],[-76.95537,38.89567],[-76.95539,38.89567],[-76.95589,38.89577],[-76.95618,38.89582],[-76.95619,38.89583],[-76.95621,38.89583],[-76.95639,38.89585],[-76.95654,38.89588],[-76.95691,38.89593],[-76.95734,38.896],[-76.95735,38.896],[-76.95737,38.896],[-76.95738,38.896],[-76.95739,38.896],[-76.9574,38.896],[-76.95741,38.896],[-76.95742,38.896],[-76.95742,38.89601],[-76.95743,38.89601],[-76.9575,38.89601],[-76.95765,38.89601],[-76.95777,38.89601],[-76.95791,38.89601],[-76.95809,38.89601],[-76.95827,38.89601],[-76.95845,38.89601],[-76.95863,38.89602],[-76.95897,38.89602],[-76.95934,38.89601]]]},"properties":{"zone":"R-3","label":"R-3","desc":"Allows for attached rowhouses on small lots and row dwellings mingled with detached, semi-detached, and groupings of three or more row dwellings"}},{"type":"Feature","geometry":{"type":"Polygon","coordinates":[[[-77.06766,38.9547],[-77.06766,38.95471],[-77.06766,38.95472],[-77.06766,38.95473],[-77.06766,38.95474],[-77.06766,38.95475],[-77.06765,38.95476],[-77.06765,38.95477],[-77.06765,38.95478],[-77.06764,38.9548],[-77.06763,38.95483],[-77.06762,38.95485],[-77.06761,38.95488],[-77.0676,38.95491],[-77.06759,38.95493],[-77.06758,38.95496],[-77.06757,38.95498],[-77.06755,38.95501],[-77.06754,38.95503],[-77.06753,38.95506],[-77.06752,38.95509],[-77.0676,38.95511],[-77.06761,38.95512],[-77.0678,38.95518],[-77.06781,38.95518],[-77.06783,38.95518],[-77.06784,38.95519],[-77.06785,38.95519],[-77.06787,38.95519],[-77.0682,38.95519],[-77.0685,38.95519],[-77.06873,38.95519],[-77.06874,38.95519],[-77.06875,38.95519],[-77.06876,38.95519],[-77.06877,38.95519],[-77.06878,38.95519],[-77.06879,38.95519],[-77.06881,38.95519],[-77.06882,38.95519],[-77.06883,38.95519],[-77.06884,38.95519],[-77.06885,38.95519],[-77.06886,38.95519],[-77.06887,38.95519],[-77.06888,38.95519],[-77.06889,38.95519],[-77.0689,38.95519],[-77.06891,38.95519],[-77.06892,38.95519],[-77.06893,38.95519],[-77.06894,38.95519],[-77.06895,38.95519],[-77.06896,38.95519],[-77.06897,38.95519],[-77.06898,38.95519],[-77.069,38.95519],[-77.06902,38.95519],[-77.06903,38.9552],[-77.06904,38.9552],[-77.06905,38.9552],[-77.06906,38.9552],[-77.06907,38.9552],[-77.06908,38.95521],[-77.06909,38.95521],[-77.0691,38.9552],[-77.0691,38.95519],[-77.0691,38.95518],[-77.06911,38.95515],[-77.06912,38.95512],[-77.06913,38.95509],[-77.06914,38.95507],[-77.06915,38.95504],[-77.06916,38.95502],[-77.06916,38.95501],[-77.06917,38.95498],[-77.06917,38.95497],[-77.06918,38.95495],[-77.06918,38.95494],[-77.06919,38.95493],[-77.06919,38.95492],[-77.06919,38.95491],[-77.0692,38.9549],[-77.06921,38.95487],[-77.06921,38.95486],[-77.06922,38.95484],[-77.06922,38.95483],[-77.06922,38.95481],[-77.06923,38.95481],[-77.06923,38.9548],[-77.06923,38.95479],[-77.06923,38.95478],[-77.06923,38.95477],[-77.06923,38.95476],[-77.06923,38.95475],[-77.06923,38.95474],[-77.06923,38.95473],[-77.06923,38.95472],[-77.06923,38.9547],[-77.06922,38.9547],[-77.06921,38.9547],[-77.06919,38.9547],[-77.06917,38.9547],[-77.06916,38.9547],[-77.06913,38.9547],[-77.06911,38.9547],[-77.06909,38.9547],[-77.06906,38.9547],[-77.06905,38.9547],[-77.06903,38.9547],[-77.06901,38.9547],[-77.06897,38.9547],[-77.06894,38.9547],[-77.0689,38.9547],[-77.06888,38.9547],[-77.06883,38.9547],[-77.06878,38.9547],[-77.06875,38.9547],[-77.06865,38.9547],[-77.06813,38.9547],[-77.06779,38.9547],[-77.06778,38.9547],[-77.06777,38.9547],[-77.06767,38.9547],[-77.06766,38.9547]]]},"properties":{"zone":"R-2/FH","label":"R-2/FH","desc":"Permits semi-detached houses on moderately sized lots, allows for areas of detached dwellings"}},{"type":"Feature","geometry":{"type":"Polygon","coordinates":[[[-76.98041,38.86313],[-76.98047,38.86308],[-76.98091,38.86269],[-76.98093,38.86271],[-76.98117,38.8625],[-76.98017,38.86182],[-76.97992,38.86165],[-76.97969,38.86186],[-76.97966,38.86188],[-76.97964,38.8619],[-76.97961,38.86189],[-76.97956,38.86185],[-76.9795,38.86182],[-76.97944,38.86179],[-76.97939,38.86175],[-76.97933,38.86172],[-76.97928,38.86168],[-76.97922,38.86165],[-76.97917,38.86162],[-76.97911,38.86158],[-76.97905,38.86155],[-76.979,38.86152],[-76.97894,38.86148],[-76.97889,38.86145],[-76.97883,38.86142],[-76.97878,38.86138],[-76.97872,38.86135],[-76.97835,38.86168],[-76.97833,38.8617],[-76.97832,38.86171],[-76.97853,38.86186],[-76.97869,38.86197],[-76.97863,38.86202],[-76.97819,38.86241],[-76.97901,38.86297],[-76.9792,38.8631],[-76.97922,38.86307],[-76.97964,38.8627],[-76.9797,38.86265],[-76.98041,38.86313]]]},"properties":{"zone":"R-3","label":"R-3","desc":"Allows for attached rowhouses on small lots and row dwellings mingled with detached, semi-detached, and groupings of three or more row dwellings"}},{"type":"Feature","geometry":{"type":"Polygon","coordinates":[[[-77.01201,38.8274],[-77.01202,38.8274],[-77.01202,38.82741],[-77.01202,38.82747],[-77.01202,38.82749],[-77.01202,38.82761],[-77.01202,38.82768],[-77.01202,38.82772],[-77.01202,38.8278],[-77.01246,38.8278],[-77.01259,38.82781],[-77.01259,38.82771],[-77.01259,38.8277],[-77.01259,38.82769],[-77.01259,38.82734],[-77.01259,38.82709],[-77.01259,38.82701],[-77.01259,38.82692],[-77.01259,38.82691],[-77.01259,38.82662],[-77.01259,38.82618],[-77.01259,38.82615],[-77.01259,38.82606],[-77.01259,38.82598],[-77.01259,38.82597],[-77.01259,38.82592],[-77.01259,38.82587],[-77.01259,38.82583],[-77.01259,38.82578],[-77.01259,38.82573],[-77.01258,38.82568],[-77.01258,38.82565],[-77.01258,38.82564],[-77.01258,38.82563],[-77.01258,38.82558],[-77.01257,38.82554],[-77.01257,38.82549],[-77.01256,38.82544],[-77.01256,38.8254],[-77.01255,38.82536],[-77.01255,38.82535],[-77.01254,38.82531],[-77.01253,38.82526],[-77.01253,38.82525],[-77.01252,38.82522],[-77.01251,38.82517],[-77.01251,38.82515],[-77.01251,38.82514],[-77.0125,38.82513],[-77.01249,38.82508],[-77.01248,38.82504],[-77.01247,38.82499],[-77.01245,38.82495],[-77.01244,38.8249],[-77.01242,38.82486],[-77.01242,38.82485],[-77.01241,38.82481],[-77.01241,38.8248],[-77.0124,38.82479],[-77.01229,38.82452],[-77.01229,38.82451],[-77.01224,38.82439],[-77.01221,38.82432],[-77.01218,38.82425],[-77.01213,38.82414],[-77.01208,38.82404],[-77.01189,38.82404],[-77.01186,38.82403],[-77.01159,38.82403],[-77.01145,38.82403],[-77.01133,38.82403],[-77.01127,38.82403],[-77.01115,38.82402],[-77.01087,38.82402],[-77.01086,38.82404],[-77.01085,38.82431],[-77.01085,38.8244],[-77.01034,38.82439],[-77.01022,38.82439],[-77.0101,38.82439],[-77.0101,38.82431],[-77.01009,38.82403],[-77.01009,38.82401],[-77.01002,38.82401],[-77.00977,38.82402],[-77.00972,38.82402],[-77.00859,38.82404],[-77.00854,38.82404],[-77.00844,38.82405],[-77.00839,38.82406],[-77.00824,38.82408],[-77.00822,38.82409],[-77.00818,38.8241],[-77.00809,38.82413],[-77.00806,38.82414],[-77.00796,38.82417],[-77.00793,38.82419],[-77.00781,38.82426],[-77.00778,38.82428],[-77.00773,38.82431],[-77.00768,38.82435],[-77.00761,38.82442],[-77.00752,38.82451],[-77.00746,38.82459],[-77.00741,38.82469],[-77.00737,38.82479],[-77.00733,38.82491],[-77.00732,38.82499],[-77.00732,38.825],[-77.00732,38.82508],[-77.00732,38.82516],[-77.00736,38.82516],[-77.00741,38.82516],[-77.00748,38.82526],[-77.00749,38.82528],[-77.00753,38.82534],[-77.00758,38.82542],[-77.00761,38.82546],[-77.00767,38.82555],[-77.00791,38.82555],[-77.00791,38.82558],[-77.00791,38.82565],[-77.00791,38.82571],[-77.00791,38.82576],[-77.00791,38.82579],[-77.00791,38.82594],[-77.00791,38.82598],[-77.00791,38.82607],[-77.0079,38.82607],[-77.0078,38.82607],[-77.0077,38.82607],[-77.00763,38.82607],[-77.0076,38.82607],[-77.00759,38.82607],[-77.00758,38.82607],[-77.00756,38.82607],[-77.00754,38.82607],[-77.00753,38.82607],[-77.00752,38.82607],[-77.0075,38.82607],[-77.00749,38.82607],[-77.00747,38.82607],[-77.00746,38.82607],[-77.00734,38.82607],[-77.00735,38.82609],[-77.00737,38.82613],[-77.00739,38.82617],[-77.0074,38.82619],[-77.00741,38.82622],[-77.00742,38.82624],[-77.00744,38.82627],[-77.00745,38.8263],[-77.00746,38.82632],[-77.00748,38.82637],[-77.00749,38.82641],[-77.00751,38.82645],[-77.00753,38.8265],[-77.00754,38.82654],[-77.00756,38.82659],[-77.00757,38.82664],[-77.00758,38.82668],[-77.00759,38.82673],[-77.00761,38.82678],[-77.00762,38.82682],[-77.00762,38.82687],[-77.00764,38.82693],[-77.00764,38.82699],[-77.00765,38.82704],[-77.00766,38.8271],[-77.00767,38.82716],[-77.00767,38.82722],[-77.00768,38.8273],[-77.00768,38.82738],[-77.00768,38.82747],[-77.00768,38.82755],[-77.00768,38.82763],[-77.00768,38.82771],[-77.00768,38.82772],[-77.00768,38.82779],[-77.00768,38.8278],[-77.00781,38.8278],[-77.00837,38.8278],[-77.00858,38.8278],[-77.00871,38.8278],[-77.00871,38.82772],[-77.0087,38.82771],[-77.0087,38.82745],[-77.0087,38.8274],[-77.00871,38.8274],[-77.00881,38.8274],[-77.00884,38.8274],[-77.00896,38.8274],[-77.00905,38.8274],[-77.00913,38.8274],[-77.00946,38.8274],[-77.00973,38.8274],[-77.00994,38.8274],[-77.01001,38.8274],[-77.01014,38.8274],[-77.01026,38.8274],[-77.01045,38.8274],[-77.01046,38.8274],[-77.01052,38.8274],[-77.01059,38.82741],[-77.01062,38.82741],[-77.01072,38.82741],[-77.0108,38.82741],[-77.01088,38.82741],[-77.01102,38.8274],[-77.01119,38.82741],[-77.01136,38.8274],[-77.01138,38.8274],[-77.01152,38.8274],[-77.01153,38.8274],[-77.01154,38.8274],[-77.01155,38.8274],[-77.01158,38.8274],[-77.0116,38.8274],[-77.01162,38.8274],[-77.01164,38.8274],[-77.01166,38.8274],[-77.01167,38.8274],[-77.01179,38.8274],[-77.01197,38.8274],[-77.01201,38.8274]]]},"properties":{"zone":"R-2","label":"R-2","desc":"Provide areas predominantly developed with semi-detached houses on moderately-sized lots that also contain some detached dwellings"}},{"type":"Feature","geometry":{"type":"Polygon","coordinates":[[[-76.99841,38.96275],[-77.00065,38.96451],[-77.001,38.96478],[-77.001,38.96457],[-77.001,38.96445],[-77.001,38.96444],[-77.001,38.9643],[-77.001,38.9641],[-77.001,38.96406],[-77.001,38.96386],[-77.001,38.96377],[-77.001,38.96369],[-77.001,38.96364],[-77.001,38.96325],[-77.001,38.96324],[-77.001,38.96321],[-77.001,38.96282],[-77.001,38.9627],[-77.00101,38.96258],[-77.00101,38.96238],[-77.001,38.96235],[-77.00101,38.96235],[-77.00144,38.96235],[-77.00181,38.96235],[-77.00189,38.96235],[-77.00193,38.96235],[-77.00202,38.96235],[-77.00202,38.96234],[-77.00202,38.96209],[-77.00202,38.96202],[-77.00202,38.96195],[-77.00202,38.9617],[-77.00202,38.96167],[-77.00199,38.96167],[-77.00199,38.96166],[-77.00199,38.96144],[-77.00199,38.9614],[-77.00199,38.96127],[-77.00224,38.96127],[-77.0023,38.96127],[-77.00231,38.96127],[-77.00264,38.96127],[-77.00265,38.96127],[-77.00277,38.96127],[-77.0029,38.96127],[-77.00291,38.96127],[-77.00313,38.96127],[-77.00344,38.96127],[-77.00376,38.96127],[-77.0041,38.96127],[-77.00439,38.96127],[-77.00469,38.96127],[-77.00487,38.96128],[-77.00504,38.96128],[-77.0051,38.96128],[-77.00524,38.96131],[-77.00541,38.96136],[-77.00549,38.96138],[-77.00555,38.9614],[-77.00556,38.96141],[-77.00565,38.96145],[-77.00566,38.96144],[-77.00567,38.96142],[-77.00577,38.96129],[-77.00578,38.96128],[-77.00589,38.96113],[-77.00592,38.96108],[-77.00605,38.96091],[-77.00607,38.96088],[-77.00537,38.96088],[-77.00537,38.96087],[-77.00514,38.96065],[-77.00511,38.96063],[-77.00508,38.96061],[-77.00505,38.96059],[-77.00502,38.96057],[-77.005,38.96055],[-77.00497,38.96053],[-77.00494,38.9605],[-77.00492,38.96048],[-77.00489,38.96046],[-77.00487,38.96043],[-77.00484,38.96041],[-77.00482,38.96039],[-77.00479,38.96036],[-77.00477,38.96034],[-77.00476,38.96033],[-77.00475,38.96032],[-77.00473,38.96029],[-77.00471,38.96027],[-77.0047,38.96025],[-77.00469,38.96024],[-77.00467,38.96022],[-77.00465,38.96019],[-77.00464,38.96019],[-77.0045,38.95999],[-77.00446,38.95994],[-77.00432,38.95975],[-77.00429,38.9597],[-77.00424,38.95963],[-77.00418,38.95955],[-77.00409,38.95942],[-77.00399,38.95929],[-77.0039,38.95917],[-77.00373,38.95894],[-77.00358,38.95874],[-77.00346,38.95857],[-77.00344,38.95853],[-77.00342,38.95851],[-77.00342,38.9585],[-77.00332,38.95836],[-77.0033,38.95833],[-77.00329,38.95831],[-77.00327,38.95829],[-77.00325,38.95827],[-77.00323,38.95825],[-77.00321,38.95823],[-77.00319,38.95822],[-77.00317,38.9582],[-77.00314,38.95818],[-77.00312,38.95817],[-77.00309,38.95827],[-77.00303,38.95851],[-77.00303,38.95854],[-77.00298,38.95873],[-77.00293,38.95893],[-77.00292,38.95895],[-77.00284,38.95928],[-77.00283,38.95933],[-77.00282,38.95937],[-77.0027,38.95935],[-77.00269,38.95935],[-77.00264,38.95935],[-77.0026,38.95934],[-77.00256,38.95933],[-77.00252,38.95933],[-77.00247,38.95932],[-77.00243,38.95931],[-77.00239,38.9593],[-77.00237,38.9593],[-77.00235,38.95929],[-77.00231,38.95928],[-77.00227,38.95927],[-77.00223,38.95926],[-77.00219,38.95925],[-77.00215,38.95924],[-77.00212,38.95923],[-77.00211,38.95922],[-77.00208,38.95921],[-77.00204,38.9592],[-77.00201,38.95918],[-77.00197,38.95916],[-77.00194,38.95914],[-77.00193,38.95914],[-77.0019,38.95913],[-77.00162,38.959],[-77.00143,38.95892],[-77.00126,38.95884],[-77.00125,38.95884],[-77.0012,38.95882],[-77.00115,38.95879],[-77.00113,38.95878],[-77.0011,38.95877],[-77.00105,38.95874],[-77.001,38.95872],[-77.00095,38.95869],[-77.0009,38.95867],[-77.00085,38.95864],[-77.00079,38.95862],[-77.00074,38.95859],[-77.00066,38.95854],[-77.00061,38.95851],[-77.00057,38.95849],[-77.00049,38.95844],[-77.00041,38.95839],[-77.00041,38.95838],[-77.00043,38.95832],[-77.00044,38.95832],[-77.00046,38.95828],[-77.00046,38.95826],[-77.00048,38.95823],[-77.00049,38.9582],[-77.0005,38.95818],[-77.00051,38.95816],[-77.0006,38.95796],[-77.00065,38.95785],[-77.00066,38.95773],[-77.00069,38.95733],[-77.00067,38.95733],[-77.00068,38.9573],[-77.00069,38.95714],[-77.0007,38.95694],[-77.00071,38.95685],[-77.00073,38.9566],[-77.00074,38.95643],[-77.0006,38.9563],[-77.00053,38.95623],[-77.00024,38.95597],[-77.00023,38.95597],[-77.00015,38.9559],[-77.00008,38.95583],[-77.0,38.95576],[-76.99993,38.95569],[-76.9999,38.95567],[-76.99989,38.95566],[-76.99981,38.95558],[-76.9999,38.95552],[-77.00017,38.95536],[-77.00028,38.9553],[-77.00019,38.95523],[-77.00012,38.95518],[-76.99992,38.95503],[-76.99968,38.95484],[-76.99961,38.95478],[-76.99953,38.95473],[-76.99945,38.95467],[-76.99944,38.95466],[-76.99907,38.95437],[-76.99891,38.95425],[-76.99884,38.9542],[-76.99876,38.95413],[-76.99865,38.95405],[-76.99829,38.95378],[-76.99825,38.95375],[-76.99815,38.95367],[-76.99805,38.95359],[-76.99802,38.95356],[-76.99761,38.95325],[-76.99732,38.95302],[-76.99698,38.95277],[-76.99693,38.95273],[-76.99682,38.95264],[-76.99671,38.95256],[-76.99665,38.95251],[-76.99648,38.95238],[-76.99634,38.95227],[-76.99618,38.95215],[-76.99609,38.95208],[-76.99599,38.952],[-76.99615,38.95198],[-76.99619,38.95197],[-76.99654,38.95192],[-76.99691,38.95188],[-76.99695,38.95188],[-76.99699,38.95187],[-76.99703,38.95187],[-76.99707,38.95187],[-76.9971,38.95187],[-76.99714,38.95186],[-76.99718,38.95186],[-76.99722,38.95186],[-76.99726,38.95186],[-76.9973,38.95186],[-76.99734,38.95186],[-76.99738,38.95186],[-76.99741,38.95185],[-76.99745,38.95185],[-76.99748,38.95185],[-76.99752,38.95185],[-76.99756,38.95185],[-76.99759,38.95184],[-76.99761,38.95184],[-76.99762,38.95184],[-76.99763,38.95184],[-76.99767,38.95184],[-76.99789,38.95183],[-76.9979,38.95183],[-76.99791,38.95183],[-76.99801,38.95182],[-76.99801,38.95188],[-76.9984,38.95185],[-76.9984,38.95183],[-76.9984,38.9518],[-76.9984,38.95178],[-76.9984,38.95177],[-76.99841,38.95176],[-76.99841,38.95175],[-76.99841,38.95174],[-76.99841,38.95173],[-76.99841,38.95171],[-76.99841,38.95148],[-76.99841,38.95111],[-76.99841,38.95092],[-76.99841,38.95088],[-76.99841,38.95076],[-76.99841,38.95068],[-76.99841,38.95057],[-76.99841,38.95014],[-76.99841,38.95005],[-76.99858,38.94997],[-76.99858,38.94794],[-76.99868,38.94793],[-76.99896,38.94792],[-76.99902,38.94792],[-76.9991,38.94792],[-76.99911,38.94792],[-76.99911,38.94734],[-76.99911,38.94733],[-76.99912,38.94685],[-76.99912,38.94637],[-76.99912,38.94636],[-76.99912,38.94634],[-76.99912,38.94628],[-76.999,38.94628],[-76.99899,38.94628],[-76.99865,38.94628],[-76.99849,38.94628],[-76.99838,38.94628],[-76.99828,38.94628],[-76.99824,38.94628],[-76.99822,38.94628],[-76.9982,38.94628],[-76.99819,38.94628],[-76.99814,38.94628],[-76.99809,38.94628],[-76.99803,38.94628],[-76.99799,38.94628],[-76.99785,38.94628],[-76.99764,38.94628],[-76.99736,38.94628],[-76.99716,38.94628],[-76.99705,38.94628],[-76.99703,38.94628],[-76.99694,38.94628],[-76.99693,38.94628],[-76.99671,38.94628],[-76.99668,38.94628],[-76.99661,38.94628],[-76.99657,38.94628],[-76.9964,38.94628],[-76.99552,38.94628],[-76.99551,38.94628],[-76.99549,38.94628],[-76.99507,38.94628],[-76.99497,38.94628],[-76.99496,38.94628],[-76.99495,38.94628],[-76.99484,38.94628],[-76.99483,38.94628],[-76.99477,38.94628],[-76.99442,38.94628],[-76.99433,38.94628],[-76.99387,38.94628],[-76.99343,38.94628],[-76.99332,38.94628],[-76.99327,38.94628],[-76.99316,38.94628],[-76.99308,38.94628],[-76.99277,38.94628],[-76.99265,38.94628],[-76.99253,38.94628],[-76.99252,38.94628],[-76.99251,38.94628],[-76.99212,38.94628],[-76.99195,38.94628],[-76.99143,38.94628],[-76.99132,38.94628],[-76.99075,38.94628],[-76.99074,38.94628],[-76.99072,38.94628],[-76.99072,38.9462],[-76.99072,38.94528],[-76.99032,38.94528],[-76.99024,38.94528],[-76.99024,38.94527],[-76.99024,38.94515],[-76.99024,38.94505],[-76.99024,38.94468],[-76.99024,38.9443],[-76.99024,38.9441],[-76.99024,38.944],[-76.99024,38.9437],[-76.99024,38.94339],[-76.99024,38.94332],[-76.99024,38.94327],[-76.99024,38.94323],[-76.99024,38.94309],[-76.99024,38.94295],[-76.99024,38.94287],[-76.99025,38.94287],[-76.99027,38.94287],[-76.99036,38.94287],[-76.99037,38.94287],[-76.99038,38.94287],[-76.99073,38.94288],[-76.99083,38.94288],[-76.99124,38.94287],[-76.99173,38.94287],[-76.99209,38.94287],[-76.99215,38.94287],[-76.99229,38.94287],[-76.99244,38.94287],[-76.99253,38.94287],[-76.99263,38.94287],[-76.99273,38.94287],[-76.99274,38.94287],[-76.99275,38.94287],[-76.99308,38.94287],[-76.9931,38.94287],[-76.99311,38.94287],[-76.99312,38.94287],[-76.99313,38.94287],[-76.99314,38.94287],[-76.99317,38.94287],[-76.9932,38.94286],[-76.99324,38.94286],[-76.99327,38.94285],[-76.99331,38.94285],[-76.99334,38.94284],[-76.99337,38.94283],[-76.99341,38.94282],[-76.99344,38.94281],[-76.99345,38.94281],[-76.99346,38.94281],[-76.99348,38.9428],[-76.99349,38.94279],[-76.9935,38.94279],[-76.99353,38.94278],[-76.99354,38.94278],[-76.99355,38.94277],[-76.99357,38.94276],[-76.99358,38.94276],[-76.99359,38.94275],[-76.99361,38.94274],[-76.99363,38.94274],[-76.99364,38.94273],[-76.99366,38.94272],[-76.99373,38.9427],[-76.9938,38.94268],[-76.99384,38.94266],[-76.99386,38.94266],[-76.99387,38.94266],[-76.99394,38.94264],[-76.99396,38.94264],[-76.99397,38.94263],[-76.99399,38.94263],[-76.99402,38.94262],[-76.99396,38.94252],[-76.99392,38.94245],[-76.99385,38.94233],[-76.99382,38.94229],[-76.9938,38.94226],[-76.99379,38.94225],[-76.99379,38.94224],[-76.99378,38.94223],[-76.99378,38.94222],[-76.99377,38.94222],[-76.99377,38.94221],[-76.99374,38.94216],[-76.99373,38.94214],[-76.99367,38.94203],[-76.99365,38.942],[-76.99361,38.94194],[-76.99358,38.9419],[-76.99347,38.94172],[-76.99345,38.94167],[-76.99328,38.9414],[-76.99316,38.9414],[-76.99314,38.9414],[-76.99313,38.9414],[-76.99313,38.94133],[-76.99313,38.94118],[-76.99313,38.9411],[-76.99312,38.94094],[-76.99313,38.94081],[-76.99313,38.94073],[-76.99312,38.94073],[-76.99308,38.94073],[-76.9928,38.94073],[-76.99275,38.94073],[-76.99264,38.94073],[-76.99264,38.94064],[-76.99264,38.94059],[-76.99264,38.94055],[-76.99264,38.94039],[-76.99264,38.94033],[-76.99264,38.94027],[-76.99264,38.9402],[-76.99264,38.94013],[-76.99264,38.94009],[-76.99264,38.93982],[-76.99264,38.93981],[-76.99264,38.93979],[-76.99264,38.93976],[-76.99264,38.93967],[-76.99264,38.93966],[-76.99264,38.93954],[-76.99264,38.93946],[-76.99264,38.93911],[-76.99264,38.93873],[-76.99264,38.93861],[-76.99264,38.9383],[-76.99263,38.9383],[-76.99236,38.9383],[-76.99204,38.9383],[-76.99161,38.9383],[-76.99153,38.9383],[-76.99144,38.9383],[-76.99144,38.93851],[-76.99144,38.93896],[-76.99144,38.93898],[-76.99144,38.93913],[-76.99144,38.93917],[-76.99144,38.93918],[-76.99144,38.93922],[-76.99144,38.93924],[-76.99141,38.93924],[-76.99135,38.93924],[-76.99134,38.93924],[-76.99126,38.93924],[-76.99117,38.93924],[-76.99105,38.93924],[-76.99088,38.93924],[-76.99086,38.93924],[-76.99086,38.93922],[-76.99086,38.93917],[-76.99086,38.93905],[-76.99086,38.93894],[-76.99086,38.93893],[-76.99086,38.93892],[-76.99087,38.93891],[-76.99089,38.93888],[-76.99088,38.93887],[-76.99083,38.93884],[-76.99075,38.93878],[-76.99066,38.93872],[-76.99062,38.93869],[-76.99061,38.93868],[-76.99055,38.93864],[-76.99049,38.9386],[-76.99046,38.93858],[-76.99047,38.93857],[-76.99049,38.93855],[-76.99062,38.93844],[-76.99065,38.93842],[-76.9907,38.93837],[-76.99075,38.93833],[-76.99059,38.93833],[-76.99057,38.93833],[-76.99056,38.93833],[-76.99055,38.93833],[-76.99047,38.93833],[-76.9904,38.93832],[-76.99039,38.93832],[-76.99038,38.93832],[-76.99029,38.93832],[-76.99025,38.93832],[-76.9902,38.93832],[-76.99012,38.93832],[-76.99011,38.93832],[-76.99006,38.93832],[-76.99002,38.93832],[-76.98993,38.93832],[-76.98984,38.93832],[-76.98979,38.93832],[-76.98976,38.93832],[-76.98967,38.93832],[-76.98882,38.93832],[-76.98841,38.93832],[-76.98834,38.93832],[-76.98831,38.93832],[-76.98821,38.93832],[-76.98819,38.93832],[-76.98777,38.93832],[-76.98773,38.93832],[-76.98751,38.93832],[-76.98729,38.93832],[-76.98676,38.93832],[-76.98631,38.93832],[-76.98615,38.93832],[-76.98614,38.93832],[-76.98613,38.93832],[-76.98612,38.93832],[-76.98611,38.93832],[-76.9861,38.93832],[-76.98609,38.93832],[-76.98608,38.93832],[-76.98607,38.93832],[-76.98606,38.93832],[-76.98605,38.93832],[-76.98604,38.93839],[-76.98604,38.9384],[-76.98604,38.93842],[-76.98603,38.93847],[-76.98601,38.93867],[-76.986,38.93868],[-76.986,38.93875],[-76.98598,38.93885],[-76.98597,38.93891],[-76.98597,38.93895],[-76.98596,38.93898],[-76.98596,38.93905],[-76.98594,38.93914],[-76.98593,38.93924],[-76.98592,38.93934],[-76.98591,38.93944],[-76.9859,38.93953],[-76.98589,38.93959],[-76.98589,38.93963],[-76.98588,38.93966],[-76.98588,38.93973],[-76.98583,38.94005],[-76.98583,38.94007],[-76.9858,38.94031],[-76.98575,38.94064],[-76.98574,38.94072],[-76.98574,38.94073],[-76.98574,38.94075],[-76.98573,38.94081],[-76.9857,38.9411],[-76.98562,38.94174],[-76.98562,38.94175],[-76.98562,38.94176],[-76.98562,38.94177],[-76.98562,38.94179],[-76.98561,38.94181],[-76.98561,38.94183],[-76.98561,38.94184],[-76.98561,38.94186],[-76.98561,38.94188],[-76.98561,38.94191],[-76.98561,38.94192],[-76.98561,38.94193],[-76.98561,38.94195],[-76.98561,38.94198],[-76.98561,38.94204],[-76.98561,38.94222],[-76.98562,38.94244],[-76.98563,38.94245],[-76.98564,38.94251],[-76.98565,38.94257],[-76.98563,38.94257],[-76.98559,38.94257],[-76.98558,38.94257],[-76.98555,38.94257],[-76.98554,38.94257],[-76.98553,38.94257],[-76.98552,38.94257],[-76.98522,38.94257],[-76.98511,38.94256],[-76.98511,38.94257],[-76.98511,38.94268],[-76.98511,38.94309],[-76.98511,38.94314],[-76.98511,38.94378],[-76.98511,38.94395],[-76.98531,38.9441],[-76.98532,38.9441],[-76.98533,38.94411],[-76.98538,38.94415],[-76.98558,38.94425],[-76.98558,38.94426],[-76.98537,38.94424],[-76.98537,38.94437],[-76.9855,38.94446],[-76.98556,38.94451],[-76.98575,38.94464],[-76.9858,38.94468],[-76.98585,38.94471],[-76.98585,38.94475],[-76.98585,38.94476],[-76.98585,38.9448],[-76.98585,38.94484],[-76.98585,38.94488],[-76.98585,38.94493],[-76.98585,38.94497],[-76.98585,38.94501],[-76.98585,38.94505],[-76.98585,38.9451],[-76.98585,38.94511],[-76.98585,38.94512],[-76.98586,38.94513],[-76.98586,38.94514],[-76.98587,38.94515],[-76.98623,38.94541],[-76.98631,38.94547],[-76.98649,38.9456],[-76.98658,38.94566],[-76.98673,38.94577],[-76.98674,38.94577],[-76.98675,38.94577],[-76.98675,38.94578],[-76.98676,38.94578],[-76.98677,38.94578],[-76.98678,38.94578],[-76.98679,38.94578],[-76.98685,38.94578],[-76.9869,38.94577],[-76.98695,38.94577],[-76.98701,38.94576],[-76.98706,38.94576],[-76.98711,38.94575],[-76.98716,38.94575],[-76.98717,38.94575],[-76.98722,38.94574],[-76.98727,38.94574],[-76.98729,38.94573],[-76.98732,38.94573],[-76.98733,38.94573],[-76.98734,38.94573],[-76.98735,38.94572],[-76.98751,38.94568],[-76.98756,38.94571],[-76.98765,38.94578],[-76.98768,38.94581],[-76.98758,38.9459],[-76.9876,38.94597],[-76.98771,38.94636],[-76.98772,38.94639],[-76.98774,38.94647],[-76.98776,38.94655],[-76.98779,38.94666],[-76.98782,38.94676],[-76.98784,38.94683],[-76.98784,38.94686],[-76.98786,38.94691],[-76.98787,38.94697],[-76.9879,38.94707],[-76.98793,38.94717],[-76.98794,38.94722],[-76.98796,38.94728],[-76.98797,38.94733],[-76.98799,38.94738],[-76.98806,38.94764],[-76.98806,38.94765],[-76.98635,38.94781],[-76.98534,38.9479],[-76.98515,38.94792],[-76.98514,38.94792],[-76.98515,38.94802],[-76.98516,38.94813],[-76.98525,38.94898],[-76.98537,38.95015],[-76.98547,38.95015],[-76.98547,38.95025],[-76.98547,38.95026],[-76.98512,38.95026],[-76.98504,38.95026],[-76.98501,38.95022],[-76.98495,38.95017],[-76.98489,38.95011],[-76.9848,38.95003],[-76.98471,38.94994],[-76.98461,38.94984],[-76.98449,38.94978],[-76.98438,38.94973],[-76.98427,38.94968],[-76.98412,38.94961],[-76.98409,38.9496],[-76.98396,38.94959],[-76.98388,38.94958],[-76.98385,38.94958],[-76.98382,38.94958],[-76.9838,38.94958],[-76.98379,38.94959],[-76.98365,38.94967],[-76.98351,38.94976],[-76.98341,38.94982],[-76.98338,38.94981],[-76.98331,38.94979],[-76.98327,38.94978],[-76.98322,38.9498],[-76.98304,38.94994],[-76.98296,38.95001],[-76.98295,38.95],[-76.98291,38.94997],[-76.98287,38.94994],[-76.98279,38.94988],[-76.98273,38.94984],[-76.98268,38.9498],[-76.98237,38.94956],[-76.98223,38.94945],[-76.98213,38.94937],[-76.98186,38.94916],[-76.98157,38.94894],[-76.98151,38.94889],[-76.98126,38.94869],[-76.98095,38.94845],[-76.98073,38.94828],[-76.98061,38.94819],[-76.98031,38.94795],[-76.98011,38.9478],[-76.98004,38.94774],[-76.97995,38.94767],[-76.97988,38.94761],[-76.97987,38.94761],[-76.97986,38.9476],[-76.97957,38.94737],[-76.97923,38.9471],[-76.97918,38.94707],[-76.97889,38.94684],[-76.97856,38.94659],[-76.97855,38.94658],[-76.97854,38.94657],[-76.97848,38.94652],[-76.97842,38.94647],[-76.97836,38.94642],[-76.97829,38.94637],[-76.97823,38.94632],[-76.97817,38.94628],[-76.97814,38.94626],[-76.9781,38.94623],[-76.97806,38.94619],[-76.97805,38.94619],[-76.97804,38.94618],[-76.97798,38.94613],[-76.97793,38.9461],[-76.97792,38.94609],[-76.97791,38.94608],[-76.97789,38.94606],[-76.97785,38.94603],[-76.97784,38.94602],[-76.97783,38.94602],[-76.97782,38.94601],[-76.97781,38.946],[-76.9778,38.94599],[-76.97779,38.94599],[-76.97779,38.94598],[-76.97773,38.94594],[-76.97768,38.9459],[-76.97764,38.94587],[-76.97762,38.94586],[-76.97754,38.94579],[-76.97753,38.94578],[-76.97745,38.94572],[-76.97736,38.94565],[-76.97729,38.9456],[-76.97723,38.94555],[-76.97715,38.94549],[-76.97707,38.94542],[-76.97704,38.9454],[-76.97703,38.94539],[-76.97702,38.94539],[-76.97701,38.94538],[-76.97699,38.94536],[-76.97693,38.94531],[-76.97688,38.94527],[-76.97681,38.94522],[-76.97663,38.94509],[-76.97621,38.94475],[-76.97611,38.94467],[-76.97598,38.94457],[-76.97595,38.94455],[-76.97588,38.9445],[-76.9758,38.94444],[-76.97564,38.94431],[-76.97537,38.9441],[-76.97531,38.94405],[-76.97516,38.94393],[-76.97499,38.9438],[-76.97468,38.94355],[-76.97462,38.94351],[-76.97446,38.94338],[-76.97422,38.9432],[-76.97415,38.94314],[-76.97407,38.94308],[-76.97405,38.94307],[-76.97399,38.94302],[-76.97399,38.94301],[-76.97401,38.943],[-76.97402,38.943],[-76.97403,38.94299],[-76.97404,38.94298],[-76.97406,38.94296],[-76.97407,38.94296],[-76.97409,38.94294],[-76.97403,38.94289],[-76.97399,38.94285],[-76.9739,38.94279],[-76.97381,38.94271],[-76.97376,38.94268],[-76.97371,38.94263],[-76.97369,38.94262],[-76.97369,38.94243],[-76.97369,38.9424],[-76.97369,38.94232],[-76.97369,38.94231],[-76.97369,38.9423],[-76.97369,38.94227],[-76.97368,38.94188],[-76.97368,38.94133],[-76.97368,38.94129],[-76.97368,38.94126],[-76.97278,38.94126],[-76.97266,38.94118],[-76.97267,38.94081],[-76.97267,38.94011],[-76.97267,38.93973],[-76.97267,38.93966],[-76.97266,38.93966],[-76.97253,38.93966],[-76.97227,38.93966],[-76.97217,38.93966],[-76.97217,38.93959],[-76.97217,38.93949],[-76.97217,38.93909],[-76.97217,38.93868],[-76.97217,38.93864],[-76.97217,38.93852],[-76.97208,38.93846],[-76.97205,38.93844],[-76.97201,38.93841],[-76.97189,38.93832],[-76.97185,38.93829],[-76.97184,38.93829],[-76.97172,38.9382],[-76.97168,38.93818],[-76.97165,38.93816],[-76.97163,38.93815],[-76.97163,38.93814],[-76.97161,38.93813],[-76.97157,38.93811],[-76.97154,38.93809],[-76.9715,38.93807],[-76.97146,38.93805],[-76.97142,38.93803],[-76.97139,38.93801],[-76.97135,38.93799],[-76.97134,38.93798],[-76.97132,38.93797],[-76.97129,38.93796],[-76.97125,38.93794],[-76.97122,38.93793],[-76.97121,38.93792],[-76.9712,38.93792],[-76.97117,38.93791],[-76.97116,38.93791],[-76.97114,38.9379],[-76.97112,38.93789],[-76.97109,38.93788],[-76.97106,38.93788],[-76.97103,38.93787],[-76.97099,38.93786],[-76.97095,38.93785],[-76.9709,38.93784],[-76.97085,38.93783],[-76.97081,38.93782],[-76.97077,38.93782],[-76.97076,38.93781],[-76.97075,38.93781],[-76.97071,38.93781],[-76.97066,38.9378],[-76.97061,38.9378],[-76.9706,38.9378],[-76.97058,38.9378],[-76.97056,38.9378],[-76.97054,38.9378],[-76.97051,38.9378],[-76.97046,38.9378],[-76.97024,38.9378],[-76.97014,38.9378],[-76.97002,38.9378],[-76.97001,38.9378],[-76.96999,38.9378],[-76.96989,38.9378],[-76.96964,38.9378],[-76.96935,38.9378],[-76.96917,38.9378],[-76.96883,38.9378],[-76.96844,38.9378],[-76.9684,38.9378],[-76.96837,38.9378],[-76.96831,38.9378],[-76.96829,38.9378],[-76.96827,38.9378],[-76.96822,38.9378],[-76.96814,38.9378],[-76.96811,38.9378],[-76.96807,38.9378],[-76.968,38.9378],[-76.96796,38.9378],[-76.96792,38.9378],[-76.96785,38.9378],[-76.96777,38.9378],[-76.96774,38.9378],[-76.9677,38.9378],[-76.96766,38.9378],[-76.96762,38.9378],[-76.96754,38.9378],[-76.96749,38.9378],[-76.96746,38.9378],[-76.96744,38.9378],[-76.96738,38.9378],[-76.96736,38.93781],[-76.96734,38.93781],[-76.96731,38.93781],[-76.9673,38.93781],[-76.96722,38.93781],[-76.96714,38.93782],[-76.96706,38.93783],[-76.96697,38.93783],[-76.96694,38.93784],[-76.9669,38.93784],[-76.96687,38.93784],[-76.96683,38.93785],[-76.96682,38.93786],[-76.96681,38.93787],[-76.96679,38.93789],[-76.96677,38.93791],[-76.96676,38.93791],[-76.96675,38.93792],[-76.96674,38.93792],[-76.96673,38.93793],[-76.96672,38.93793],[-76.96671,38.93793],[-76.9667,38.93793],[-76.96669,38.93794],[-76.96667,38.93794],[-76.96666,38.93794],[-76.96671,38.93798],[-76.96815,38.9391],[-76.96958,38.94022],[-76.9719,38.94204],[-76.97358,38.94335],[-76.97755,38.94646],[-76.97838,38.9471],[-76.98291,38.95064],[-76.98456,38.95194],[-76.9846,38.95196],[-76.98493,38.95222],[-76.98557,38.95272],[-76.98706,38.95388],[-76.98719,38.95377],[-76.98726,38.95372],[-76.98749,38.95354],[-76.98749,38.95353],[-76.9875,38.95353],[-76.98751,38.95352],[-76.98752,38.95351],[-76.98753,38.9535],[-76.98754,38.95351],[-76.98756,38.95346],[-76.98757,38.95346],[-76.98757,38.95345],[-76.98759,38.95341],[-76.9876,38.9534],[-76.9876,38.95339],[-76.98761,38.95339],[-76.98761,38.95338],[-76.98761,38.95337],[-76.98762,38.95337],[-76.98762,38.95336],[-76.98762,38.95335],[-76.98763,38.95335],[-76.98763,38.95334],[-76.98763,38.95333],[-76.98764,38.95333],[-76.98764,38.95332],[-76.98764,38.95331],[-76.98769,38.95321],[-76.98771,38.95317],[-76.98775,38.95308],[-76.9882,38.9532],[-76.98825,38.95322],[-76.9884,38.95325],[-76.98854,38.95327],[-76.98855,38.95328],[-76.98856,38.95328],[-76.98896,38.95336],[-76.98896,38.95337],[-76.98895,38.95338],[-76.98895,38.95339],[-76.98895,38.9534],[-76.98895,38.95341],[-76.98894,38.95341],[-76.98894,38.95342],[-76.98894,38.95343],[-76.98894,38.95344],[-76.98893,38.95344],[-76.98893,38.95345],[-76.98893,38.95346],[-76.98893,38.95347],[-76.98892,38.95348],[-76.98892,38.95349],[-76.98892,38.9535],[-76.98892,38.95351],[-76.98891,38.95351],[-76.98891,38.95352],[-76.98891,38.95353],[-76.98891,38.95354],[-76.9889,38.95354],[-76.9889,38.95355],[-76.9889,38.95356],[-76.9889,38.95357],[-76.98889,38.95358],[-76.98889,38.95359],[-76.98889,38.9536],[-76.98888,38.95361],[-76.98888,38.95362],[-76.98888,38.95363],[-76.98888,38.95364],[-76.98887,38.95364],[-76.98887,38.95365],[-76.98887,38.95366],[-76.98887,38.95367],[-76.98886,38.9537],[-76.98885,38.9537],[-76.98885,38.95371],[-76.98885,38.95372],[-76.98885,38.95373],[-76.98884,38.95374],[-76.98884,38.95375],[-76.98884,38.95376],[-76.98884,38.95377],[-76.98883,38.95377],[-76.98883,38.95378],[-76.98883,38.95379],[-76.98883,38.9538],[-76.98882,38.9538],[-76.98882,38.95381],[-76.98882,38.95382],[-76.98882,38.95383],[-76.98881,38.95383],[-76.98881,38.95384],[-76.98881,38.95385],[-76.98881,38.95386],[-76.9888,38.95387],[-76.9888,38.95388],[-76.9888,38.95389],[-76.9888,38.9539],[-76.98879,38.9539],[-76.98879,38.95391],[-76.98879,38.95392],[-76.98879,38.95393],[-76.98878,38.95393],[-76.98878,38.95394],[-76.98878,38.95395],[-76.98878,38.95396],[-76.98877,38.95396],[-76.98877,38.95397],[-76.98877,38.95398],[-76.98877,38.95399],[-76.98876,38.95399],[-76.98876,38.954],[-76.98876,38.95401],[-76.98876,38.95402],[-76.98876,38.95403],[-76.98875,38.95403],[-76.98875,38.95404],[-76.98875,38.95405],[-76.98875,38.95406],[-76.98875,38.95407],[-76.98876,38.95407],[-76.98876,38.95408],[-76.98876,38.95409],[-76.98877,38.95409],[-76.98877,38.9541],[-76.98878,38.9541],[-76.98883,38.95414],[-76.98884,38.95415],[-76.98886,38.95416],[-76.98888,38.95418],[-76.98889,38.95419],[-76.9889,38.95419],[-76.98892,38.95421],[-76.98893,38.95421],[-76.98893,38.95422],[-76.98894,38.95422],[-76.98894,38.95423],[-76.98895,38.95423],[-76.98895,38.95424],[-76.98896,38.95424],[-76.98897,38.95425],[-76.98901,38.95428],[-76.98905,38.95431],[-76.98908,38.95434],[-76.98909,38.95435],[-76.98912,38.95437],[-76.98914,38.95438],[-76.98917,38.9544],[-76.9892,38.95443],[-76.98922,38.95444],[-76.98924,38.95446],[-76.98926,38.95448],[-76.98934,38.95454],[-76.98944,38.95462],[-76.98949,38.95465],[-76.98952,38.95468],[-76.98951,38.95469],[-76.9895,38.9547],[-76.98949,38.95471],[-76.98948,38.95472],[-76.98947,38.95473],[-76.98946,38.95473],[-76.98945,38.95474],[-76.98944,38.95475],[-76.98943,38.95475],[-76.98943,38.95476],[-76.98942,38.95476],[-76.98942,38.95477],[-76.98941,38.95477],[-76.9894,38.95478],[-76.98939,38.95478],[-76.98939,38.95479],[-76.98937,38.9548],[-76.98936,38.95481],[-76.98935,38.95482],[-76.98931,38.95485],[-76.98929,38.95486],[-76.98929,38.95487],[-76.98928,38.95487],[-76.98927,38.95488],[-76.98926,38.95489],[-76.98925,38.9549],[-76.98924,38.9549],[-76.98923,38.95491],[-76.98921,38.95492],[-76.98919,38.95494],[-76.98918,38.95495],[-76.98917,38.95496],[-76.98915,38.95497],[-76.98915,38.95498],[-76.98914,38.95498],[-76.98913,38.95499],[-76.9891,38.95501],[-76.98908,38.95502],[-76.98908,38.95503],[-76.98907,38.95503],[-76.98907,38.95504],[-76.98906,38.95504],[-76.98905,38.95505],[-76.98904,38.95505],[-76.98904,38.95506],[-76.98903,38.95506],[-76.98902,38.95507],[-76.98901,38.95508],[-76.989,38.95509],[-76.98899,38.9551],[-76.98898,38.9551],[-76.98896,38.95511],[-76.98895,38.95512],[-76.98894,38.95513],[-76.98893,38.95513],[-76.98893,38.95514],[-76.98892,38.95514],[-76.98892,38.95515],[-76.98891,38.95515],[-76.98891,38.95516],[-76.9889,38.95516],[-76.98889,38.95517],[-76.98888,38.95517],[-76.98888,38.95518],[-76.98887,38.95518],[-76.98886,38.95519],[-76.98885,38.9552],[-76.98884,38.9552],[-76.98884,38.95521],[-76.98883,38.95521],[-76.98882,38.95522],[-76.98881,38.95522],[-76.98881,38.95523],[-76.9888,38.95523],[-76.98879,38.95524],[-76.99118,38.9571],[-76.99702,38.96167],[-76.99841,38.96275]],[[-76.99233,38.95027],[-76.99226,38.95027],[-76.99222,38.95027],[-76.99213,38.95027],[-76.99213,38.95026],[-76.99213,38.95024],[-76.99213,38.95023],[-76.99213,38.95022],[-76.99213,38.95021],[-76.99213,38.9502],[-76.99213,38.95019],[-76.99213,38.95018],[-76.99213,38.95017],[-76.99213,38.95016],[-76.99213,38.95015],[-76.99213,38.95014],[-76.99213,38.95013],[-76.99213,38.95011],[-76.99213,38.9501],[-76.99213,38.95009],[-76.99213,38.95008],[-76.99213,38.95007],[-76.99213,38.95006],[-76.99213,38.95005],[-76.99213,38.95004],[-76.99213,38.95003],[-76.99213,38.95002],[-76.99213,38.95001],[-76.99213,38.95],[-76.99213,38.94999],[-76.99213,38.94998],[-76.99213,38.94997],[-76.99213,38.94996],[-76.99213,38.94995],[-76.99213,38.94994],[-76.99213,38.94993],[-76.99213,38.94989],[-76.99213,38.94982],[-76.99213,38.9497],[-76.99213,38.94956],[-76.99213,38.94948],[-76.99213,38.94937],[-76.99214,38.9493],[-76.99214,38.94904],[-76.99228,38.94915],[-76.99233,38.9492],[-76.99241,38.94926],[-76.99255,38.94914],[-76.9928,38.94895],[-76.99288,38.94898],[-76.99308,38.94914],[-76.99367,38.9496],[-76.99366,38.94961],[-76.99365,38.94962],[-76.99336,38.94985],[-76.99327,38.94992],[-76.99318,38.94999],[-76.99317,38.95],[-76.99308,38.95007],[-76.99293,38.95018],[-76.99292,38.95019],[-76.99291,38.9502],[-76.99289,38.95022],[-76.99288,38.95022],[-76.99287,38.95023],[-76.99284,38.95024],[-76.99281,38.95025],[-76.99281,38.95026],[-76.9928,38.95026],[-76.99278,38.95026],[-76.99275,38.95027],[-76.99272,38.95027],[-76.99269,38.95027],[-76.99266,38.95027],[-76.99255,38.95027],[-76.99244,38.95027],[-76.99233,38.95027]]]},"properties":{"zone":"R-2","label":"R-2","desc":"Provide areas predominantly developed with semi-detached houses on moderately-sized lots that also contain some detached dwellings"}},{"type":"Feature","geometry":{"type":"MultiPolygon","coordinates":[[[[-76.95428,38.86454],[-76.954,38.86463],[-76.95384,38.86469],[-76.95428,38.86454]]],[[[-76.95384,38.86469],[-76.95374,38.86473],[-76.95366,38.86476],[-76.95365,38.86476],[-76.95348,38.86482],[-76.95327,38.86489],[-76.95294,38.86501],[-76.95255,38.86515],[-76.95234,38.86522],[-76.95222,38.86526],[-76.95209,38.86531],[-76.95208,38.86531],[-76.95207,38.86532],[-76.95204,38.86533],[-76.95202,38.86533],[-76.95195,38.86536],[-76.95185,38.8654],[-76.95179,38.86541],[-76.95175,38.86543],[-76.95167,38.86546],[-76.95159,38.86549],[-76.95155,38.8655],[-76.95154,38.86551],[-76.95152,38.86551],[-76.95151,38.86551],[-76.9515,38.86552],[-76.95149,38.86552],[-76.95148,38.86553],[-76.95147,38.86553],[-76.95145,38.86554],[-76.95143,38.86555],[-76.95142,38.86555],[-76.95141,38.86556],[-76.9514,38.86556],[-76.95138,38.86557],[-76.95137,38.86557],[-76.95137,38.86558],[-76.95136,38.86558],[-76.95135,38.86558],[-76.95134,38.86559],[-76.95133,38.8656],[-76.95119,38.8657],[-76.95117,38.86571],[-76.95116,38.86572],[-76.95113,38.86574],[-76.9511,38.86576],[-76.95107,38.86578],[-76.95104,38.8658],[-76.95102,38.86582],[-76.95101,38.86583],[-76.951,38.86583],[-76.95099,38.86584],[-76.95085,38.86594],[-76.95081,38.86598],[-76.95076,38.86602],[-76.95072,38.86606],[-76.95067,38.8661],[-76.95063,38.86614],[-76.95059,38.86618],[-76.95055,38.86622],[-76.95051,38.86626],[-76.95047,38.8663],[-76.95043,38.86635],[-76.95038,38.8664],[-76.95034,38.86645],[-76.95029,38.8665],[-76.95024,38.86656],[-76.9502,38.86661],[-76.95019,38.86662],[-76.95018,38.86662],[-76.95016,38.86665],[-76.95015,38.86665],[-76.95015,38.86666],[-76.9501,38.86671],[-76.95005,38.86677],[-76.95001,38.86682],[-76.94996,38.86687],[-76.94987,38.86698],[-76.94981,38.86705],[-76.94974,38.86713],[-76.94969,38.86719],[-76.94958,38.86731],[-76.94951,38.86736],[-76.94932,38.86759],[-76.94907,38.86786],[-76.94889,38.86806],[-76.94883,38.86813],[-76.94896,38.86832],[-76.94904,38.86849],[-76.94906,38.86855],[-76.94908,38.86861],[-76.94909,38.86865],[-76.9491,38.8687],[-76.9491,38.86874],[-76.94911,38.86879],[-76.94911,38.86885],[-76.94911,38.8689],[-76.9491,38.86898],[-76.94909,38.86905],[-76.94907,38.86911],[-76.94905,38.86916],[-76.94899,38.8693],[-76.94895,38.86936],[-76.94887,38.86948],[-76.94878,38.86957],[-76.94865,38.8697],[-76.94821,38.87006],[-76.94817,38.87009],[-76.94813,38.87012],[-76.94804,38.87018],[-76.94752,38.8705],[-76.94737,38.87057],[-76.94734,38.87059],[-76.94727,38.87063],[-76.94721,38.87065],[-76.94716,38.87067],[-76.94706,38.87071],[-76.94698,38.87074],[-76.94685,38.87077],[-76.94702,38.87129],[-76.94705,38.87131],[-76.94706,38.87131],[-76.94724,38.87136],[-76.94725,38.87136],[-76.94727,38.87137],[-76.94729,38.87137],[-76.9473,38.87137],[-76.94731,38.87138],[-76.94733,38.87139],[-76.94734,38.87139],[-76.94736,38.8714],[-76.94737,38.8714],[-76.94737,38.87141],[-76.94738,38.87141],[-76.94739,38.87141],[-76.9474,38.87142],[-76.94741,38.87142],[-76.94742,38.87142],[-76.94743,38.87143],[-76.94745,38.87143],[-76.94758,38.87147],[-76.94759,38.87147],[-76.94733,38.87208],[-76.94724,38.8723],[-76.94868,38.87288],[-76.94881,38.87294],[-76.94887,38.87296],[-76.94939,38.87317],[-76.94951,38.87322],[-76.94954,38.87324],[-76.94959,38.87325],[-76.94966,38.87328],[-76.94981,38.87334],[-76.95,38.87342],[-76.95005,38.87344],[-76.95041,38.87358],[-76.95069,38.8737],[-76.95111,38.87387],[-76.95158,38.87406],[-76.95191,38.87419],[-76.95203,38.87424],[-76.9524,38.8744],[-76.95282,38.87457],[-76.95287,38.87459],[-76.95293,38.87461],[-76.9532,38.87473],[-76.95338,38.8748],[-76.95379,38.87496],[-76.95432,38.87518],[-76.95488,38.87541],[-76.95549,38.87566],[-76.95558,38.8757],[-76.95567,38.87573],[-76.9557,38.87575],[-76.95616,38.87593],[-76.95625,38.87597],[-76.95633,38.876],[-76.95634,38.87601],[-76.95636,38.87601],[-76.9564,38.87603],[-76.95641,38.87603],[-76.95648,38.87606],[-76.95649,38.87607],[-76.95655,38.87609],[-76.95658,38.8761],[-76.95659,38.8761],[-76.95662,38.87612],[-76.95667,38.87614],[-76.95669,38.87615],[-76.95675,38.87617],[-76.95676,38.87617],[-76.95684,38.8762],[-76.95734,38.87641],[-76.95735,38.87642],[-76.95737,38.87642],[-76.95751,38.87648],[-76.95763,38.87653],[-76.9578,38.8766],[-76.95831,38.87681],[-76.95878,38.877],[-76.95924,38.87719],[-76.95966,38.87735],[-76.96,38.87749],[-76.96006,38.87751],[-76.9601,38.87743],[-76.9601,38.87742],[-76.96024,38.87711],[-76.96027,38.87702],[-76.96029,38.87698],[-76.96034,38.87687],[-76.96037,38.87683],[-76.96048,38.87654],[-76.96049,38.87651],[-76.96053,38.87641],[-76.96055,38.87634],[-76.96056,38.87632],[-76.96058,38.87628],[-76.96058,38.87626],[-76.96059,38.87626],[-76.96059,38.87625],[-76.9606,38.87625],[-76.9606,38.87624],[-76.9606,38.87623],[-76.96061,38.87622],[-76.96062,38.87622],[-76.96062,38.87621],[-76.96063,38.8762],[-76.96064,38.87619],[-76.96065,38.87619],[-76.96065,38.87618],[-76.96066,38.87618],[-76.96068,38.87616],[-76.96072,38.87611],[-76.96073,38.8761],[-76.96074,38.87609],[-76.96096,38.87588],[-76.96097,38.87587],[-76.96097,38.87586],[-76.96098,38.87586],[-76.96099,38.87585],[-76.961,38.87584],[-76.96101,38.87583],[-76.96102,38.87583],[-76.9611,38.87574],[-76.96117,38.87566],[-76.96125,38.87562],[-76.96133,38.8756],[-76.96154,38.87554],[-76.96162,38.87552],[-76.96169,38.87549],[-76.96175,38.87547],[-76.96182,38.87545],[-76.96188,38.87543],[-76.96195,38.87541],[-76.96201,38.8754],[-76.96208,38.87538],[-76.96215,38.87536],[-76.96221,38.87534],[-76.96228,38.87533],[-76.96229,38.87532],[-76.9623,38.87531],[-76.96233,38.8753],[-76.96234,38.8753],[-76.96235,38.87529],[-76.96238,38.87528],[-76.9624,38.87527],[-76.96241,38.87526],[-76.96242,38.87526],[-76.96243,38.87526],[-76.96244,38.87525],[-76.96245,38.87525],[-76.96246,38.87525],[-76.96246,38.87524],[-76.96247,38.87524],[-76.96248,38.87524],[-76.96249,38.87523],[-76.9625,38.87523],[-76.96251,38.87522],[-76.96253,38.87522],[-76.96255,38.87521],[-76.96256,38.8752],[-76.96258,38.8752],[-76.96259,38.87519],[-76.9626,38.87519],[-76.96261,38.87519],[-76.96262,38.87518],[-76.96263,38.87518],[-76.96264,38.87518],[-76.96265,38.87518],[-76.96266,38.87517],[-76.96268,38.87517],[-76.96268,38.87516],[-76.96269,38.87516],[-76.96271,38.87516],[-76.96281,38.87514],[-76.96291,38.87511],[-76.96301,38.87508],[-76.96311,38.87506],[-76.96321,38.87503],[-76.96331,38.875],[-76.96341,38.87498],[-76.96351,38.87495],[-76.96352,38.87495],[-76.96362,38.87493],[-76.96363,38.87493],[-76.96364,38.87492],[-76.96372,38.87491],[-76.96378,38.87489],[-76.96382,38.87488],[-76.96385,38.87487],[-76.96389,38.87487],[-76.96392,38.87486],[-76.96396,38.87486],[-76.96399,38.87485],[-76.96403,38.87485],[-76.96406,38.87484],[-76.9641,38.87484],[-76.96413,38.87484],[-76.96417,38.87484],[-76.96423,38.87484],[-76.96429,38.87484],[-76.96435,38.87484],[-76.96441,38.87483],[-76.96447,38.87483],[-76.96453,38.87483],[-76.96459,38.87483],[-76.96465,38.87483],[-76.96466,38.87483],[-76.96471,38.87483],[-76.96477,38.87483],[-76.96477,38.87478],[-76.96477,38.87475],[-76.96477,38.87469],[-76.96477,38.87462],[-76.96487,38.87462],[-76.96499,38.87462],[-76.96527,38.87462],[-76.96527,38.87459],[-76.96527,38.87457],[-76.96527,38.87454],[-76.96527,38.87451],[-76.96527,38.8745],[-76.96527,38.87441],[-76.96527,38.87432],[-76.96527,38.8742],[-76.96527,38.87417],[-76.96527,38.87404],[-76.96527,38.87396],[-76.96527,38.8739],[-76.96527,38.87389],[-76.96527,38.87384],[-76.96527,38.87382],[-76.96527,38.87381],[-76.96527,38.87378],[-76.96527,38.87377],[-76.96527,38.87375],[-76.96527,38.87374],[-76.96527,38.87372],[-76.96527,38.8737],[-76.96527,38.87368],[-76.96527,38.87365],[-76.96527,38.8736],[-76.96527,38.87352],[-76.96527,38.87344],[-76.96527,38.87343],[-76.96527,38.87342],[-76.96524,38.87342],[-76.96524,38.8734],[-76.96524,38.87322],[-76.96524,38.87307],[-76.96524,38.87296],[-76.96535,38.87296],[-76.96535,38.87294],[-76.96535,38.87281],[-76.96535,38.87249],[-76.96535,38.87247],[-76.96536,38.87247],[-76.96536,38.87245],[-76.96536,38.87213],[-76.96536,38.87202],[-76.96525,38.87202],[-76.96525,38.87201],[-76.96532,38.87189],[-76.9655,38.87163],[-76.96564,38.87145],[-76.96565,38.87144],[-76.96563,38.87143],[-76.96529,38.87128],[-76.9653,38.87106],[-76.9653,38.87105],[-76.9653,38.87093],[-76.9653,38.87087],[-76.9653,38.87075],[-76.96531,38.87064],[-76.96531,38.87057],[-76.96531,38.87051],[-76.96531,38.87044],[-76.96531,38.87041],[-76.96531,38.87038],[-76.96531,38.87034],[-76.96531,38.87032],[-76.96531,38.87027],[-76.96531,38.87025],[-76.96531,38.8702],[-76.96531,38.87019],[-76.96531,38.87014],[-76.96531,38.87013],[-76.96531,38.87007],[-76.96531,38.87],[-76.96531,38.86994],[-76.96531,38.86993],[-76.96531,38.86988],[-76.96531,38.86986],[-76.96531,38.86983],[-76.96531,38.86981],[-76.96531,38.86969],[-76.96531,38.86964],[-76.96531,38.86962],[-76.96531,38.86958],[-76.96531,38.86953],[-76.96531,38.86948],[-76.9653,38.86948],[-76.9653,38.86936],[-76.9653,38.86929],[-76.9653,38.86922],[-76.9653,38.86916],[-76.9653,38.86909],[-76.9653,38.86902],[-76.9653,38.86888],[-76.9653,38.86868],[-76.9653,38.86855],[-76.9653,38.86843],[-76.9653,38.86826],[-76.9653,38.86815],[-76.9653,38.86809],[-76.9653,38.86802],[-76.9653,38.86795],[-76.9653,38.86788],[-76.9653,38.86781],[-76.9653,38.86774],[-76.9653,38.86767],[-76.9653,38.8676],[-76.9653,38.86755],[-76.9653,38.867],[-76.96714,38.86745],[-76.96778,38.86761],[-76.96778,38.86757],[-76.96778,38.86751],[-76.96778,38.86742],[-76.96776,38.86586],[-76.96774,38.86581],[-76.96774,38.8658],[-76.96775,38.86579],[-76.96777,38.86577],[-76.96778,38.86577],[-76.96779,38.86575],[-76.9678,38.86574],[-76.96781,38.86573],[-76.96781,38.86572],[-76.96782,38.86572],[-76.96782,38.86571],[-76.96783,38.8657],[-76.96784,38.8657],[-76.96784,38.86569],[-76.96785,38.86568],[-76.96785,38.86567],[-76.96786,38.86567],[-76.96786,38.86566],[-76.96787,38.86566],[-76.96787,38.86565],[-76.96788,38.86564],[-76.96789,38.86563],[-76.96789,38.86562],[-76.96803,38.86543],[-76.96818,38.86523],[-76.9683,38.86505],[-76.96836,38.86498],[-76.96838,38.86495],[-76.96839,38.86493],[-76.96841,38.8649],[-76.96842,38.86487],[-76.96844,38.86485],[-76.96845,38.86482],[-76.96845,38.86481],[-76.96846,38.86481],[-76.96846,38.8648],[-76.96847,38.86479],[-76.96847,38.86478],[-76.96847,38.86477],[-76.96848,38.86477],[-76.96848,38.86476],[-76.96849,38.86474],[-76.96851,38.86469],[-76.96852,38.86464],[-76.96854,38.8646],[-76.96855,38.86455],[-76.96857,38.8645],[-76.96858,38.86445],[-76.96846,38.8643],[-76.9684,38.86421],[-76.96824,38.86396],[-76.96811,38.86375],[-76.96802,38.86361],[-76.96788,38.86337],[-76.96753,38.8628],[-76.96736,38.86253],[-76.96723,38.86233],[-76.96708,38.86212],[-76.96704,38.86206],[-76.96693,38.86189],[-76.9669,38.86184],[-76.96686,38.86178],[-76.96678,38.86166],[-76.96676,38.86163],[-76.96673,38.86159],[-76.9665,38.86122],[-76.96648,38.86119],[-76.96646,38.86116],[-76.96645,38.86114],[-76.96643,38.86112],[-76.96642,38.8611],[-76.96642,38.86109],[-76.9664,38.86108],[-76.96639,38.86108],[-76.96637,38.86107],[-76.96634,38.86105],[-76.96626,38.86077],[-76.96624,38.86073],[-76.96623,38.86068],[-76.96597,38.86048],[-76.96594,38.86045],[-76.96593,38.86044],[-76.9659,38.86041],[-76.96589,38.86041],[-76.96584,38.86037],[-76.96581,38.86035],[-76.9658,38.86034],[-76.96579,38.86034],[-76.96576,38.86035],[-76.96548,38.86046],[-76.96525,38.86054],[-76.9652,38.86056],[-76.96504,38.86062],[-76.96492,38.86067],[-76.96489,38.86068],[-76.96477,38.86073],[-76.96459,38.8608],[-76.96422,38.86094],[-76.96382,38.86109],[-76.96381,38.86109],[-76.9638,38.86109],[-76.96379,38.86108],[-76.9636,38.86076],[-76.96354,38.86067],[-76.96354,38.86066],[-76.96353,38.86065],[-76.96352,38.86064],[-76.9635,38.86064],[-76.96349,38.86064],[-76.96348,38.86064],[-76.96331,38.8607],[-76.9633,38.8607],[-76.96302,38.8608],[-76.96293,38.86084],[-76.9622,38.8611],[-76.96219,38.8611],[-76.96216,38.86112],[-76.96215,38.86112],[-76.96215,38.86111],[-76.96215,38.86104],[-76.96214,38.86097],[-76.96214,38.86091],[-76.96214,38.86084],[-76.96214,38.86083],[-76.96213,38.86077],[-76.96213,38.8607],[-76.96213,38.86063],[-76.96213,38.86059],[-76.96212,38.86042],[-76.96211,38.86031],[-76.96211,38.86027],[-76.96211,38.86025],[-76.96211,38.86024],[-76.96211,38.86017],[-76.9621,38.8601],[-76.9621,38.86003],[-76.9621,38.85997],[-76.96209,38.8599],[-76.96209,38.85983],[-76.96209,38.85976],[-76.96209,38.85969],[-76.96208,38.85951],[-76.96208,38.85943],[-76.96208,38.85935],[-76.96207,38.85931],[-76.96207,38.85924],[-76.96207,38.85917],[-76.96207,38.8591],[-76.96206,38.85903],[-76.96206,38.85896],[-76.96206,38.8589],[-76.96205,38.85883],[-76.96205,38.85876],[-76.96205,38.85869],[-76.96204,38.85862],[-76.96204,38.85855],[-76.96204,38.85848],[-76.96204,38.85844],[-76.96203,38.85827],[-76.96203,38.85823],[-76.96202,38.85816],[-76.96202,38.85809],[-76.96202,38.85802],[-76.96201,38.85795],[-76.96201,38.85784],[-76.962,38.85773],[-76.962,38.85762],[-76.96199,38.85751],[-76.96199,38.8574],[-76.96199,38.85736],[-76.96199,38.85729],[-76.96198,38.8572],[-76.96198,38.85716],[-76.96198,38.85712],[-76.96198,38.85705],[-76.96197,38.85698],[-76.96197,38.85691],[-76.96196,38.85676],[-76.96196,38.85674],[-76.96196,38.8567],[-76.96196,38.85663],[-76.96195,38.85655],[-76.96195,38.85646],[-76.96195,38.85638],[-76.96194,38.85634],[-76.96194,38.85617],[-76.96194,38.85614],[-76.96193,38.85604],[-76.96193,38.856],[-76.96192,38.8559],[-76.96192,38.85581],[-76.96192,38.85576],[-76.96191,38.85566],[-76.96191,38.85563],[-76.96191,38.85552],[-76.96191,38.85547],[-76.96192,38.8554],[-76.96193,38.85532],[-76.96192,38.85528],[-76.96192,38.85512],[-76.96191,38.85499],[-76.9619,38.85485],[-76.96189,38.85464],[-76.96186,38.85375],[-76.96183,38.85317],[-76.9618,38.85287],[-76.96176,38.85248],[-76.96172,38.85206],[-76.96171,38.852],[-76.95804,38.85486],[-76.95706,38.85562],[-76.95486,38.85733],[-76.95364,38.85828],[-76.95231,38.85932],[-76.95166,38.85982],[-76.94983,38.86125],[-76.94992,38.86129],[-76.95004,38.86134],[-76.95007,38.86135],[-76.95047,38.8615],[-76.95068,38.86158],[-76.95073,38.8616],[-76.95062,38.86169],[-76.9502,38.86201],[-76.95075,38.86221],[-76.95106,38.86232],[-76.95123,38.86238],[-76.9514,38.86244],[-76.95141,38.86244],[-76.9516,38.86251],[-76.95204,38.86266],[-76.95208,38.86268],[-76.95222,38.86273],[-76.95239,38.86278],[-76.95239,38.86279],[-76.9524,38.86279],[-76.95248,38.86282],[-76.95256,38.86285],[-76.95264,38.86287],[-76.95272,38.8629],[-76.9528,38.86293],[-76.95288,38.86296],[-76.95296,38.86298],[-76.95296,38.86299],[-76.95304,38.86301],[-76.95312,38.86304],[-76.95325,38.86309],[-76.95344,38.86307],[-76.95349,38.86306],[-76.95359,38.86304],[-76.95375,38.86303],[-76.95376,38.86303],[-76.95377,38.86304],[-76.9539,38.86309],[-76.95414,38.86318],[-76.9543,38.86323],[-76.95442,38.86328],[-76.95447,38.8633],[-76.95449,38.86331],[-76.95456,38.86334],[-76.95462,38.86337],[-76.95467,38.8634],[-76.95472,38.86343],[-76.95481,38.86348],[-76.95491,38.86353],[-76.95496,38.86356],[-76.95501,38.86359],[-76.95511,38.86364],[-76.95509,38.86365],[-76.95508,38.86366],[-76.95514,38.86369],[-76.95549,38.86389],[-76.95564,38.86398],[-76.95571,38.86405],[-76.95572,38.86406],[-76.95594,38.86427],[-76.95606,38.8644],[-76.95613,38.86446],[-76.95622,38.86455],[-76.95626,38.86459],[-76.9562,38.86463],[-76.95556,38.86502],[-76.95535,38.86487],[-76.95534,38.86486],[-76.95531,38.86484],[-76.95519,38.86475],[-76.95486,38.86451],[-76.9547,38.86439],[-76.95428,38.86454],[-76.95437,38.86467],[-76.9545,38.86484],[-76.95463,38.86487],[-76.95405,38.86505],[-76.95391,38.86483],[-76.95384,38.86469]],[[-76.95962,38.87078],[-76.95958,38.87072],[-76.95953,38.87066],[-76.95948,38.8706],[-76.95944,38.87053],[-76.95943,38.87052],[-76.95939,38.87045],[-76.95934,38.87037],[-76.9593,38.8703],[-76.95926,38.87023],[-76.95922,38.87015],[-76.95919,38.87007],[-76.95916,38.87],[-76.95913,38.86992],[-76.95911,38.86984],[-76.95909,38.86977],[-76.95908,38.86976],[-76.95907,38.86972],[-76.95904,38.86969],[-76.95903,38.86968],[-76.95903,38.86965],[-76.95877,38.86955],[-76.95861,38.86948],[-76.95846,38.86942],[-76.95844,38.86937],[-76.9584,38.86921],[-76.95813,38.8691],[-76.95815,38.86906],[-76.95815,38.86905],[-76.95816,38.86904],[-76.95821,38.86897],[-76.95822,38.86896],[-76.95822,38.86895],[-76.95818,38.86893],[-76.9581,38.8689],[-76.95795,38.86884],[-76.95781,38.86878],[-76.95777,38.86877],[-76.9577,38.86874],[-76.95763,38.86871],[-76.95756,38.86868],[-76.95749,38.86866],[-76.95743,38.86863],[-76.95734,38.86859],[-76.95712,38.8685],[-76.9571,38.86848],[-76.95709,38.86845],[-76.95708,38.86843],[-76.95707,38.8684],[-76.95706,38.86838],[-76.95706,38.86835],[-76.95706,38.86832],[-76.95706,38.8683],[-76.95707,38.86827],[-76.95708,38.86824],[-76.95709,38.86822],[-76.95715,38.86812],[-76.95716,38.86811],[-76.95716,38.8681],[-76.95717,38.8681],[-76.95722,38.86801],[-76.95732,38.86805],[-76.95764,38.86818],[-76.95831,38.86846],[-76.95842,38.8685],[-76.95849,38.86853],[-76.95857,38.86856],[-76.95864,38.86848],[-76.95865,38.86846],[-76.95866,38.86846],[-76.95866,38.86845],[-76.95867,38.86844],[-76.95867,38.86843],[-76.95869,38.8684],[-76.9587,38.86837],[-76.95871,38.86834],[-76.95872,38.86831],[-76.95873,38.86828],[-76.95873,38.86825],[-76.95873,38.86822],[-76.95873,38.86819],[-76.95873,38.86818],[-76.95873,38.86817],[-76.95873,38.86816],[-76.95873,38.86815],[-76.95873,38.86813],[-76.95873,38.86812],[-76.95872,38.86807],[-76.95883,38.86811],[-76.95899,38.86818],[-76.95938,38.86834],[-76.95959,38.86842],[-76.95978,38.8685],[-76.95984,38.86852],[-76.96004,38.8686],[-76.96027,38.8687],[-76.96032,38.8689],[-76.96032,38.86891],[-76.96033,38.86896],[-76.96034,38.86901],[-76.96035,38.86906],[-76.96036,38.8691],[-76.96036,38.86911],[-76.96036,38.86913],[-76.96036,38.86914],[-76.96038,38.8693],[-76.9604,38.86944],[-76.96041,38.8695],[-76.96045,38.86979],[-76.9605,38.87021],[-76.9605,38.87026],[-76.96057,38.87074],[-76.96034,38.87073],[-76.95991,38.87072],[-76.95968,38.87085],[-76.95962,38.87078]]]]},"properties":{"zone":"R-1B","label":"R-1B","desc":"Provides areas predominantly developed with detached houses on moderately sized lots."}},{"type":"Feature","geometry":{"type":"Polygon","coordinates":[[[-77.06993,38.96001],[-77.07202,38.96001],[-77.07202,38.95999],[-77.07202,38.95977],[-77.07202,38.95969],[-77.07196,38.95969],[-77.07173,38.95931],[-77.07173,38.95917],[-77.07173,38.95903],[-77.07158,38.95904],[-77.07127,38.95903],[-77.07121,38.95889],[-77.0711,38.95869],[-77.07109,38.95868],[-77.07108,38.95867],[-77.07104,38.9586],[-77.07103,38.95857],[-77.071,38.95852],[-77.07099,38.9585],[-77.07098,38.95849],[-77.07095,38.95844],[-77.07093,38.9584],[-77.0709,38.95834],[-77.07088,38.95831],[-77.07081,38.95819],[-77.07079,38.95816],[-77.07076,38.95812],[-77.07074,38.95808],[-77.07072,38.95805],[-77.0707,38.95801],[-77.07067,38.95797],[-77.07067,38.95796],[-77.07066,38.95796],[-77.07065,38.95795],[-77.07064,38.95794],[-77.07063,38.95794],[-77.07061,38.95793],[-77.07054,38.95789],[-77.07055,38.95788],[-77.07056,38.95788],[-77.07059,38.95784],[-77.07062,38.95781],[-77.07065,38.95777],[-77.07067,38.95774],[-77.0707,38.9577],[-77.07073,38.95767],[-77.07076,38.95764],[-77.07079,38.95761],[-77.07081,38.95758],[-77.07084,38.95755],[-77.07086,38.95752],[-77.07088,38.95749],[-77.07091,38.95746],[-77.0709,38.95745],[-77.07088,38.95745],[-77.07088,38.95744],[-77.07086,38.95744],[-77.07085,38.95743],[-77.07083,38.95742],[-77.07082,38.95741],[-77.0708,38.95741],[-77.07077,38.95739],[-77.07074,38.95737],[-77.07073,38.95737],[-77.07071,38.95736],[-77.07069,38.95735],[-77.07068,38.95734],[-77.07064,38.95732],[-77.0706,38.9573],[-77.07056,38.95728],[-77.07058,38.95726],[-77.07057,38.95725],[-77.07056,38.95725],[-77.07056,38.95724],[-77.07055,38.95724],[-77.07054,38.95723],[-77.07053,38.95723],[-77.07052,38.95722],[-77.0705,38.95721],[-77.07048,38.9572],[-77.07046,38.95719],[-77.07042,38.95717],[-77.07041,38.95717],[-77.07039,38.95716],[-77.07038,38.95715],[-77.07037,38.95716],[-77.07036,38.95716],[-77.07034,38.95717],[-77.07033,38.95717],[-77.07031,38.95718],[-77.07024,38.95707],[-77.07018,38.95697],[-77.0701,38.95681],[-77.07007,38.95677],[-77.07007,38.95676],[-77.07006,38.95676],[-77.07006,38.95675],[-77.07006,38.95674],[-77.07005,38.95674],[-77.07004,38.95674],[-77.07003,38.95673],[-77.07002,38.95672],[-77.07001,38.95672],[-77.07,38.95672],[-77.06998,38.95671],[-77.06997,38.9567],[-77.06996,38.9567],[-77.06994,38.95668],[-77.06992,38.95668],[-77.06992,38.95667],[-77.06991,38.95667],[-77.0699,38.95667],[-77.0699,38.95666],[-77.06989,38.95666],[-77.06988,38.95666],[-77.06996,38.95657],[-77.07006,38.95645],[-77.06997,38.9564],[-77.06986,38.95634],[-77.06959,38.9562],[-77.06958,38.9562],[-77.06958,38.95619],[-77.06956,38.95618],[-77.06955,38.95618],[-77.06954,38.95617],[-77.06954,38.95616],[-77.06953,38.95615],[-77.06952,38.95615],[-77.06952,38.95614],[-77.06951,38.95613],[-77.06951,38.95612],[-77.0695,38.9561],[-77.0695,38.95609],[-77.06949,38.95608],[-77.06949,38.95614],[-77.06946,38.95617],[-77.06937,38.95628],[-77.06928,38.95639],[-77.0693,38.95641],[-77.06922,38.95651],[-77.06705,38.95908],[-77.06709,38.9591],[-77.06712,38.95912],[-77.06716,38.95914],[-77.0672,38.95917],[-77.06723,38.95919],[-77.06727,38.95921],[-77.0673,38.95923],[-77.06734,38.95926],[-77.06737,38.95928],[-77.06741,38.9593],[-77.06745,38.95933],[-77.06755,38.9594],[-77.06764,38.95947],[-77.06768,38.95949],[-77.06773,38.95952],[-77.06777,38.95955],[-77.0678,38.95958],[-77.06784,38.95961],[-77.06788,38.95964],[-77.06791,38.95966],[-77.06794,38.95968],[-77.06794,38.95969],[-77.06795,38.95969],[-77.06799,38.95972],[-77.06801,38.95974],[-77.06802,38.95975],[-77.06806,38.95978],[-77.06809,38.95981],[-77.06812,38.95984],[-77.06815,38.95987],[-77.06818,38.9599],[-77.06821,38.95993],[-77.06825,38.95995],[-77.06828,38.95998],[-77.06831,38.96001],[-77.06851,38.96001],[-77.06878,38.96001],[-77.06893,38.96001],[-77.06902,38.96001],[-77.06917,38.96001],[-77.06993,38.96001]]]},"properties":{"zone":"R-2","label":"R-2","desc":"Provide areas predominantly developed with semi-detached houses on moderately-sized lots that also contain some detached dwellings"}},{"type":"Feature","geometry":{"type":"Polygon","coordinates":[[[-77.05668,38.92976],[-77.05681,38.92999],[-77.05682,38.93001],[-77.05692,38.93019],[-77.05697,38.93028],[-77.05697,38.93029],[-77.05697,38.9303],[-77.05697,38.93031],[-77.05697,38.93032],[-77.05697,38.93034],[-77.05697,38.93035],[-77.05699,38.93035],[-77.05704,38.93036],[-77.05704,38.93037],[-77.05723,38.93043],[-77.05728,38.93044],[-77.05731,38.93045],[-77.0574,38.93047],[-77.05741,38.93044],[-77.05743,38.93041],[-77.05745,38.93037],[-77.05748,38.93033],[-77.0575,38.9303],[-77.05752,38.93028],[-77.05754,38.93025],[-77.05759,38.9302],[-77.05761,38.93018],[-77.05763,38.93016],[-77.05765,38.93014],[-77.05767,38.93013],[-77.05771,38.93009],[-77.05775,38.93006],[-77.05779,38.93003],[-77.05783,38.93],[-77.05787,38.92997],[-77.05792,38.92995],[-77.05796,38.92992],[-77.05801,38.9299],[-77.05806,38.92988],[-77.05811,38.92986],[-77.05813,38.92985],[-77.05816,38.92984],[-77.05818,38.92983],[-77.05821,38.92982],[-77.05825,38.92981],[-77.05827,38.9298],[-77.0583,38.92979],[-77.05833,38.92978],[-77.05836,38.92977],[-77.05839,38.92977],[-77.05842,38.92976],[-77.05843,38.92976],[-77.05844,38.92976],[-77.05845,38.92975],[-77.05846,38.92975],[-77.05848,38.92975],[-77.05849,38.92974],[-77.05854,38.92974],[-77.05858,38.92973],[-77.05861,38.92973],[-77.05865,38.92972],[-77.05868,38.92972],[-77.05872,38.92972],[-77.05875,38.92971],[-77.05879,38.92971],[-77.05883,38.92971],[-77.05886,38.92971],[-77.0589,38.92971],[-77.05943,38.92971],[-77.05945,38.92971],[-77.05963,38.92971],[-77.05966,38.92971],[-77.05979,38.92971],[-77.05979,38.92962],[-77.05979,38.92952],[-77.05979,38.9294],[-77.05979,38.92939],[-77.05979,38.92938],[-77.05979,38.92936],[-77.05979,38.92934],[-77.05979,38.92933],[-77.05979,38.92913],[-77.05979,38.9291],[-77.05979,38.92902],[-77.05979,38.92893],[-77.05979,38.92862],[-77.05961,38.92862],[-77.05951,38.92862],[-77.05948,38.92862],[-77.05931,38.92862],[-77.05911,38.92862],[-77.0591,38.92862],[-77.05891,38.92862],[-77.05856,38.92862],[-77.05823,38.92862],[-77.05819,38.92862],[-77.05819,38.92857],[-77.05819,38.92856],[-77.05819,38.92854],[-77.05819,38.92835],[-77.05819,38.92834],[-77.05819,38.92827],[-77.05819,38.92823],[-77.05819,38.92757],[-77.05819,38.92735],[-77.05819,38.92688],[-77.05819,38.92685],[-77.05819,38.92682],[-77.05819,38.92674],[-77.05819,38.92666],[-77.05819,38.92658],[-77.05819,38.92641],[-77.05819,38.92635],[-77.05819,38.92627],[-77.05817,38.92626],[-77.05816,38.92626],[-77.05815,38.92626],[-77.05814,38.92626],[-77.0581,38.92625],[-77.05807,38.92624],[-77.05806,38.92624],[-77.05803,38.92624],[-77.05799,38.92623],[-77.05796,38.92622],[-77.05792,38.92622],[-77.05789,38.92621],[-77.05785,38.92621],[-77.05782,38.9262],[-77.05778,38.9262],[-77.05777,38.9262],[-77.05766,38.92618],[-77.05765,38.92618],[-77.05764,38.92618],[-77.05753,38.92617],[-77.05752,38.92617],[-77.05729,38.92614],[-77.05711,38.92611],[-77.05699,38.9261],[-77.05695,38.92609],[-77.05689,38.92609],[-77.05655,38.92604],[-77.05644,38.92603],[-77.05635,38.92602],[-77.05632,38.92601],[-77.05585,38.92595],[-77.05583,38.92595],[-77.05582,38.92595],[-77.05544,38.9259],[-77.05543,38.9259],[-77.05542,38.9259],[-77.05534,38.92588],[-77.05533,38.92588],[-77.05524,38.92587],[-77.05513,38.92586],[-77.05479,38.92581],[-77.05437,38.92576],[-77.05393,38.9257],[-77.05358,38.92566],[-77.05357,38.92576],[-77.05357,38.92577],[-77.05357,38.92578],[-77.05357,38.9258],[-77.05359,38.92583],[-77.05361,38.92587],[-77.05363,38.9259],[-77.05365,38.92593],[-77.05367,38.92597],[-77.05369,38.926],[-77.05371,38.92603],[-77.05373,38.92607],[-77.05375,38.9261],[-77.05377,38.92614],[-77.05378,38.92615],[-77.05377,38.92617],[-77.05377,38.92618],[-77.0537,38.9265],[-77.05368,38.92659],[-77.05406,38.92664],[-77.05411,38.92673],[-77.05415,38.9268],[-77.05424,38.92696],[-77.05427,38.927],[-77.0543,38.92705],[-77.05432,38.92708],[-77.05434,38.92713],[-77.05435,38.92714],[-77.05436,38.92716],[-77.05437,38.92717],[-77.05449,38.92738],[-77.05459,38.92755],[-77.05461,38.92759],[-77.05475,38.92782],[-77.05476,38.92782],[-77.05477,38.92783],[-77.05478,38.92784],[-77.05479,38.92785],[-77.0548,38.92785],[-77.05481,38.92785],[-77.05496,38.92785],[-77.05512,38.92785],[-77.05522,38.92785],[-77.05534,38.92785],[-77.05534,38.92801],[-77.05544,38.92801],[-77.05549,38.92801],[-77.05554,38.92801],[-77.05569,38.92801],[-77.05574,38.92801],[-77.05585,38.92801],[-77.05586,38.92801],[-77.05587,38.928],[-77.05588,38.92799],[-77.05588,38.92795],[-77.05589,38.92772],[-77.05589,38.9275],[-77.05592,38.9275],[-77.05634,38.9275],[-77.05645,38.9275],[-77.05645,38.92753],[-77.05645,38.92782],[-77.05645,38.92783],[-77.05645,38.92784],[-77.05645,38.92785],[-77.05645,38.92786],[-77.05645,38.92805],[-77.05645,38.92806],[-77.05645,38.92812],[-77.05645,38.92821],[-77.05645,38.92836],[-77.05645,38.92849],[-77.05645,38.92857],[-77.05643,38.92856],[-77.05636,38.92855],[-77.05631,38.92854],[-77.05623,38.92853],[-77.05598,38.92847],[-77.05597,38.92847],[-77.05595,38.92855],[-77.05595,38.92856],[-77.05593,38.92862],[-77.05593,38.92863],[-77.05592,38.92865],[-77.05589,38.92875],[-77.05587,38.92884],[-77.05584,38.92893],[-77.05582,38.92901],[-77.05581,38.92902],[-77.05591,38.92904],[-77.05622,38.92911],[-77.05629,38.92912],[-77.05632,38.92912],[-77.05632,38.92913],[-77.05632,38.92915],[-77.05636,38.92922],[-77.05642,38.92932],[-77.05655,38.92954],[-77.05663,38.92967],[-77.05668,38.92976]]]},"properties":{"zone":"R-3","label":"R-3","desc":"Allows for attached rowhouses on small lots and row dwellings mingled with detached, semi-detached, and groupings of three or more row dwellings"}},{"type":"Feature","geometry":{"type":"Polygon","coordinates":[[[-76.97069,38.86826],[-76.97075,38.86825],[-76.97094,38.86825],[-76.97173,38.86825],[-76.97186,38.86825],[-76.97219,38.86825],[-76.97254,38.86825],[-76.97264,38.86825],[-76.9734,38.86825],[-76.9734,38.86813],[-76.97227,38.86741],[-76.97213,38.86732],[-76.97211,38.8673],[-76.9721,38.8673],[-76.97207,38.86729],[-76.97205,38.86729],[-76.97168,38.86728],[-76.97068,38.86728],[-76.97028,38.86729],[-76.97024,38.86729],[-76.97029,38.86747],[-76.97033,38.86758],[-76.97035,38.86763],[-76.97037,38.86768],[-76.9704,38.86774],[-76.97042,38.86779],[-76.97045,38.86784],[-76.97051,38.86795],[-76.97054,38.868],[-76.97062,38.86814],[-76.97069,38.86826]]]},"properties":{"zone":"R-3","label":"R-3","desc":"Allows for attached rowhouses on small lots and row dwellings mingled with detached, semi-detached, and groupings of three or more row dwellings"}},{"type":"Feature","geometry":{"type":"Polygon","coordinates":[[[-77.03202,38.95729],[-77.03201,38.9572],[-77.03201,38.95716],[-77.03201,38.95697],[-77.03201,38.95676],[-77.03201,38.95675],[-77.032,38.95673],[-77.03201,38.95673],[-77.03204,38.95673],[-77.03204,38.9567],[-77.03206,38.9567],[-77.03217,38.95672],[-77.03224,38.95673],[-77.03235,38.95675],[-77.03235,38.95659],[-77.03235,38.95635],[-77.03235,38.95623],[-77.03221,38.95623],[-77.03153,38.95622],[-77.03089,38.95622],[-77.03027,38.95622],[-77.03027,38.9561],[-77.03027,38.95599],[-77.03027,38.95583],[-77.03027,38.95569],[-77.03027,38.95555],[-77.03027,38.95528],[-77.03026,38.95516],[-77.03026,38.95504],[-77.03026,38.95485],[-77.03026,38.95477],[-77.03026,38.95462],[-77.03026,38.95444],[-77.03026,38.95441],[-77.03026,38.95422],[-77.03026,38.95409],[-77.03005,38.95409],[-77.03,38.95409],[-77.02981,38.95409],[-77.0297,38.95409],[-77.02958,38.95409],[-77.02938,38.95409],[-77.02914,38.95409],[-77.02913,38.95409],[-77.02909,38.95409],[-77.02872,38.95409],[-77.02828,38.95409],[-77.02827,38.95409],[-77.02826,38.95409],[-77.02825,38.95409],[-77.02815,38.95409],[-77.02802,38.95409],[-77.02799,38.95409],[-77.02799,38.95421],[-77.02799,38.9546],[-77.02799,38.95463],[-77.02812,38.95463],[-77.02812,38.95465],[-77.02812,38.95488],[-77.02812,38.95503],[-77.02812,38.95515],[-77.02839,38.95516],[-77.02839,38.95528],[-77.02839,38.95567],[-77.02839,38.95569],[-77.02841,38.95569],[-77.02844,38.95569],[-77.02844,38.95572],[-77.02844,38.9561],[-77.02844,38.95622],[-77.02846,38.95622],[-77.02848,38.95622],[-77.02851,38.95622],[-77.02854,38.95622],[-77.02854,38.95634],[-77.02854,38.95672],[-77.02854,38.95675],[-77.02859,38.95675],[-77.02859,38.95678],[-77.02859,38.95715],[-77.02859,38.95716],[-77.02859,38.95728],[-77.02863,38.95728],[-77.02884,38.95728],[-77.02913,38.95728],[-77.02956,38.95729],[-77.02957,38.95729],[-77.02958,38.95729],[-77.0297,38.95729],[-77.02981,38.95728],[-77.02985,38.95728],[-77.03,38.95728],[-77.03016,38.95728],[-77.03027,38.95728],[-77.03036,38.95728],[-77.03089,38.95729],[-77.03143,38.95729],[-77.03168,38.95729],[-77.03202,38.95729]]]},"properties":{"zone":"R-3","label":"R-3","desc":"Allows for attached rowhouses on small lots and row dwellings mingled with detached, semi-detached, and groupings of three or more row dwellings"}},{"type":"Feature","geometry":{"type":"Polygon","coordinates":[[[-77.08922,38.92482],[-77.08984,38.92479],[-77.0899,38.92478],[-77.08988,38.92466],[-77.08988,38.9246],[-77.0899,38.9246],[-77.09042,38.92458],[-77.09048,38.92458],[-77.09051,38.92458],[-77.09056,38.92458],[-77.09108,38.92459],[-77.0912,38.92459],[-77.09141,38.9246],[-77.09167,38.92461],[-77.09182,38.92449],[-77.09185,38.92447],[-77.09214,38.92423],[-77.09215,38.92423],[-77.09227,38.92413],[-77.09246,38.92397],[-77.09246,38.92398],[-77.09259,38.92387],[-77.09264,38.92383],[-77.0928,38.92385],[-77.09285,38.92386],[-77.09302,38.92387],[-77.09308,38.92388],[-77.09337,38.92391],[-77.09339,38.92391],[-77.0937,38.92395],[-77.09391,38.92397],[-77.09405,38.92399],[-77.09435,38.92402],[-77.09426,38.92424],[-77.0944,38.9243],[-77.0945,38.92454],[-77.09494,38.92464],[-77.09511,38.92467],[-77.09512,38.92461],[-77.09513,38.92454],[-77.09513,38.92447],[-77.09512,38.92439],[-77.09511,38.92432],[-77.09511,38.92424],[-77.0951,38.92417],[-77.09509,38.9241],[-77.09509,38.92402],[-77.09509,38.92394],[-77.0951,38.92387],[-77.09511,38.9238],[-77.09513,38.92374],[-77.09516,38.92367],[-77.0952,38.92359],[-77.09523,38.92354],[-77.09527,38.92348],[-77.09532,38.92341],[-77.09537,38.92336],[-77.09541,38.92331],[-77.09549,38.92324],[-77.09555,38.9232],[-77.09562,38.92315],[-77.09569,38.9231],[-77.09577,38.92304],[-77.09585,38.92299],[-77.09582,38.92296],[-77.09579,38.92294],[-77.09578,38.92293],[-77.09577,38.92293],[-77.09577,38.92292],[-77.09576,38.92292],[-77.09576,38.92291],[-77.09575,38.92291],[-77.09575,38.9229],[-77.09574,38.9229],[-77.09573,38.92289],[-77.09572,38.92288],[-77.09571,38.92288],[-77.09571,38.92287],[-77.0957,38.92287],[-77.09569,38.92286],[-77.09568,38.92285],[-77.09567,38.92285],[-77.09567,38.92284],[-77.09566,38.92284],[-77.09565,38.92283],[-77.09564,38.92283],[-77.09564,38.92282],[-77.09562,38.92281],[-77.09561,38.92281],[-77.0956,38.9228],[-77.09559,38.92279],[-77.09558,38.92279],[-77.09557,38.92278],[-77.09556,38.92278],[-77.09556,38.92277],[-77.09555,38.92277],[-77.09554,38.92276],[-77.09553,38.92276],[-77.09552,38.92276],[-77.09552,38.92275],[-77.09551,38.92275],[-77.0955,38.92275],[-77.0955,38.92274],[-77.09549,38.92274],[-77.09547,38.92273],[-77.09546,38.92273],[-77.09546,38.92272],[-77.09543,38.92271],[-77.09541,38.9227],[-77.0954,38.9227],[-77.09539,38.9227],[-77.09538,38.92269],[-77.09537,38.92269],[-77.09535,38.92268],[-77.09534,38.92268],[-77.09533,38.92267],[-77.09532,38.92267],[-77.09531,38.92267],[-77.0953,38.92266],[-77.09529,38.92266],[-77.09528,38.92266],[-77.09527,38.92265],[-77.09526,38.92265],[-77.09525,38.92265],[-77.09524,38.92265],[-77.09524,38.92264],[-77.09523,38.92264],[-77.09522,38.92264],[-77.09521,38.92264],[-77.09519,38.92263],[-77.09518,38.92263],[-77.09512,38.92261],[-77.09481,38.92253],[-77.09456,38.92246],[-77.09451,38.92244],[-77.09444,38.92242],[-77.09432,38.92239],[-77.09433,38.92238],[-77.09433,38.92237],[-77.09433,38.92235],[-77.09434,38.92235],[-77.09434,38.92234],[-77.09434,38.92233],[-77.09434,38.92231],[-77.09434,38.9223],[-77.09434,38.92229],[-77.09434,38.92227],[-77.09434,38.92226],[-77.09434,38.92187],[-77.09434,38.9216],[-77.09434,38.92135],[-77.09434,38.9212],[-77.09434,38.92119],[-77.09435,38.9211],[-77.0942,38.92111],[-77.094,38.92112],[-77.09379,38.92114],[-77.09337,38.92117],[-77.09325,38.92118],[-77.09325,38.92096],[-77.09325,38.92061],[-77.09325,38.92033],[-77.09325,38.92025],[-77.09336,38.92025],[-77.09349,38.92025],[-77.09341,38.92013],[-77.09314,38.91971],[-77.09287,38.9193],[-77.09279,38.91918],[-77.09272,38.91918],[-77.09267,38.9191],[-77.09253,38.91889],[-77.09252,38.91887],[-77.09248,38.9188],[-77.09239,38.91867],[-77.09235,38.9186],[-77.09214,38.91828],[-77.09213,38.91827],[-77.09105,38.91664],[-77.09093,38.91645],[-77.08871,38.91645],[-77.08866,38.91696],[-77.08862,38.91696],[-77.08848,38.91696],[-77.0856,38.91697],[-77.08552,38.91703],[-77.08547,38.91706],[-77.08543,38.91709],[-77.08532,38.91717],[-77.08525,38.91721],[-77.08517,38.91727],[-77.08516,38.91728],[-77.08515,38.91728],[-77.08514,38.91729],[-77.08494,38.91743],[-77.08491,38.9175],[-77.08594,38.91917],[-77.08602,38.92064],[-77.08612,38.92063],[-77.08617,38.92066],[-77.08624,38.9207],[-77.08638,38.92064],[-77.08654,38.92081],[-77.08676,38.92091],[-77.08699,38.92101],[-77.08715,38.92108],[-77.08717,38.92112],[-77.08724,38.92128],[-77.0873,38.92144],[-77.08736,38.92158],[-77.08737,38.9216],[-77.0874,38.92171],[-77.0874,38.92172],[-77.08741,38.92176],[-77.08747,38.922],[-77.08751,38.9222],[-77.0876,38.92255],[-77.08762,38.92265],[-77.08769,38.92266],[-77.0877,38.9229],[-77.0877,38.92314],[-77.0877,38.92319],[-77.0877,38.92321],[-77.0877,38.9234],[-77.08764,38.9234],[-77.08755,38.9234],[-77.08747,38.92359],[-77.08739,38.92378],[-77.08738,38.92382],[-77.08758,38.9238],[-77.08763,38.92388],[-77.08784,38.92418],[-77.08789,38.92425],[-77.0879,38.92424],[-77.0879,38.92423],[-77.08791,38.92423],[-77.08792,38.92422],[-77.08793,38.92421],[-77.08794,38.92421],[-77.08795,38.92421],[-77.08796,38.92421],[-77.08797,38.9242],[-77.08798,38.9242],[-77.088,38.9242],[-77.08801,38.9242],[-77.08803,38.9242],[-77.08804,38.92421],[-77.08805,38.92421],[-77.08807,38.92422],[-77.08808,38.92422],[-77.08809,38.92423],[-77.0881,38.92424],[-77.08811,38.92425],[-77.08811,38.92426],[-77.08812,38.92427],[-77.08812,38.92428],[-77.08812,38.92429],[-77.0882,38.92428],[-77.08862,38.92418],[-77.08862,38.92419],[-77.08863,38.9243],[-77.08865,38.92449],[-77.08867,38.9246],[-77.08893,38.92459],[-77.08919,38.92457],[-77.08922,38.92482]]]},"properties":{"zone":"R-1A","label":"R-1A","desc":"Provides areas predominantly developed with detached houses on large lots."}},{"type":"Feature","geometry":{"type":"Polygon","coordinates":[[[-77.10639,38.92972],[-77.10624,38.92982],[-77.10612,38.9299],[-77.10615,38.92993],[-77.10617,38.92995],[-77.10619,38.92997],[-77.1062,38.92998],[-77.10623,38.93],[-77.10632,38.92994],[-77.10643,38.92987],[-77.1065,38.92982],[-77.10652,38.9298],[-77.10654,38.92979],[-77.10665,38.92971],[-77.10663,38.9297],[-77.10661,38.92967],[-77.10659,38.92966],[-77.10653,38.92961],[-77.10639,38.92972]]]},"properties":{"zone":"R-3","label":"R-3","desc":"Allows for attached rowhouses on small lots and row dwellings mingled with detached, semi-detached, and groupings of three or more row dwellings"}},{"type":"Feature","geometry":{"type":"Polygon","coordinates":[[[-76.99835,38.82824],[-76.9985,38.82824],[-76.9985,38.82823],[-76.9985,38.82716],[-76.9985,38.82685],[-76.9985,38.82659],[-76.99851,38.82655],[-76.99852,38.82649],[-76.99852,38.82647],[-76.99853,38.82638],[-76.99857,38.8262],[-76.99861,38.82609],[-76.99861,38.82607],[-76.99867,38.82591],[-76.99874,38.82575],[-76.99892,38.82546],[-76.9991,38.82516],[-76.99916,38.82506],[-76.99922,38.82491],[-76.99943,38.82456],[-76.99947,38.82449],[-76.99959,38.82428],[-76.99966,38.82415],[-76.99966,38.82414],[-76.99966,38.82413],[-76.99969,38.82396],[-76.99969,38.82394],[-76.99969,38.82391],[-76.9997,38.82383],[-76.9997,38.82374],[-76.99969,38.82368],[-76.99969,38.82365],[-76.99967,38.82356],[-76.99966,38.82349],[-76.99965,38.82346],[-76.99964,38.82343],[-76.99963,38.8234],[-76.99962,38.82337],[-76.99961,38.82334],[-76.9996,38.82331],[-76.99958,38.82329],[-76.99957,38.82326],[-76.99956,38.82323],[-76.99954,38.8232],[-76.99953,38.82317],[-76.99951,38.82315],[-76.99949,38.82312],[-76.99948,38.82309],[-76.99946,38.82306],[-76.99944,38.82304],[-76.99943,38.82302],[-76.99942,38.82301],[-76.99942,38.823],[-76.99941,38.823],[-76.99941,38.82299],[-76.9994,38.82299],[-76.9994,38.82298],[-76.9994,38.82297],[-76.99939,38.82297],[-76.99938,38.82296],[-76.99937,38.82294],[-76.99935,38.82292],[-76.99935,38.82291],[-76.99934,38.8229],[-76.99932,38.82289],[-76.99931,38.82287],[-76.9993,38.82286],[-76.9993,38.82285],[-76.99928,38.82284],[-76.9992,38.82275],[-76.9982,38.82353],[-76.99685,38.82458],[-76.99595,38.82529],[-76.99588,38.82534],[-76.99595,38.82538],[-76.99609,38.82546],[-76.9961,38.82547],[-76.99644,38.82566],[-76.99687,38.826],[-76.99708,38.82612],[-76.99708,38.82614],[-76.99712,38.82617],[-76.99725,38.82624],[-76.99739,38.82631],[-76.99819,38.82676],[-76.99813,38.82686],[-76.99813,38.8269],[-76.99807,38.827],[-76.99751,38.82796],[-76.99763,38.82821],[-76.99764,38.82823],[-76.99764,38.82824],[-76.99767,38.82823],[-76.99769,38.82823],[-76.99773,38.82823],[-76.9978,38.82823],[-76.99785,38.82823],[-76.99789,38.82824],[-76.99792,38.82824],[-76.99803,38.82824],[-76.99813,38.82824],[-76.99814,38.82824],[-76.99835,38.82824]]]},"properties":{"zone":"R-3","label":"R-3","desc":"Allows for attached rowhouses on small lots and row dwellings mingled with detached, semi-detached, and groupings of three or more row dwellings"}},{"type":"Feature","geometry":{"type":"Polygon","coordinates":[[[-77.07573,38.91692],[-77.07574,38.91703],[-77.07575,38.91743],[-77.07582,38.91755],[-77.0761,38.91783],[-77.07628,38.918],[-77.07642,38.91814],[-77.07654,38.91812],[-77.07868,38.91812],[-77.07877,38.91812],[-77.07877,38.91744],[-77.07872,38.91741],[-77.07896,38.91741],[-77.07919,38.91741],[-77.07943,38.91741],[-77.07967,38.91741],[-77.0799,38.9174],[-77.08014,38.9174],[-77.08037,38.9174],[-77.08061,38.9174],[-77.08084,38.9174],[-77.08108,38.9174],[-77.08145,38.9174],[-77.08166,38.9174],[-77.08182,38.9174],[-77.08143,38.91681],[-77.08141,38.91678],[-77.08131,38.91662],[-77.08117,38.91641],[-77.08093,38.91604],[-77.08087,38.91593],[-77.08081,38.91582],[-77.08075,38.91571],[-77.08071,38.9156],[-77.08067,38.91548],[-77.08064,38.91536],[-77.08061,38.91524],[-77.08059,38.91512],[-77.08058,38.91505],[-77.08056,38.91499],[-77.08054,38.91492],[-77.08051,38.91486],[-77.08047,38.9148],[-77.08043,38.91475],[-77.08039,38.9147],[-77.08034,38.91465],[-77.08029,38.91461],[-77.08023,38.91457],[-77.08018,38.91453],[-77.08012,38.9145],[-77.08006,38.91447],[-77.07995,38.91443],[-77.07985,38.91438],[-77.07975,38.91433],[-77.07965,38.91427],[-77.07956,38.9142],[-77.07948,38.91413],[-77.07939,38.91405],[-77.07931,38.91397],[-77.07924,38.91389],[-77.07917,38.9138],[-77.07911,38.9137],[-77.07906,38.9136],[-77.07901,38.9135],[-77.07896,38.9134],[-77.07893,38.91329],[-77.07889,38.91318],[-77.07887,38.91307],[-77.07885,38.91296],[-77.07884,38.9128],[-77.07884,38.91269],[-77.07856,38.9127],[-77.07844,38.9127],[-77.07776,38.91268],[-77.07775,38.91268],[-77.07747,38.91268],[-77.07661,38.91266],[-77.07647,38.91265],[-77.0761,38.91264],[-77.07566,38.91263],[-77.07565,38.91263],[-77.07564,38.91263],[-77.07554,38.91263],[-77.07554,38.91273],[-77.07554,38.91276],[-77.07555,38.91299],[-77.07556,38.91318],[-77.07557,38.91341],[-77.07558,38.91368],[-77.07558,38.91369],[-77.07558,38.9137],[-77.07558,38.91372],[-77.07558,38.91373],[-77.07558,38.91375],[-77.07558,38.91376],[-77.07558,38.91377],[-77.07558,38.91378],[-77.07558,38.91379],[-77.07558,38.91381],[-77.07558,38.91382],[-77.07558,38.91383],[-77.07558,38.91384],[-77.07557,38.91386],[-77.07557,38.91387],[-77.07557,38.91388],[-77.07557,38.9139],[-77.07558,38.91391],[-77.07558,38.91393],[-77.07558,38.91394],[-77.07558,38.91395],[-77.07558,38.91396],[-77.07558,38.91397],[-77.07558,38.91398],[-77.07558,38.91405],[-77.07558,38.91414],[-77.07558,38.91421],[-77.07558,38.91431],[-77.07558,38.91434],[-77.07558,38.91435],[-77.07558,38.91436],[-77.07558,38.91437],[-77.07559,38.91438],[-77.07559,38.91439],[-77.07559,38.9144],[-77.07559,38.91441],[-77.0756,38.91442],[-77.0756,38.91443],[-77.0756,38.91444],[-77.07561,38.91445],[-77.07561,38.91446],[-77.07561,38.91447],[-77.07561,38.91448],[-77.07562,38.91448],[-77.07562,38.91449],[-77.07562,38.9145],[-77.07563,38.91482],[-77.07563,38.91486],[-77.07563,38.91487],[-77.07565,38.91519],[-77.07565,38.91524],[-77.07565,38.91525],[-77.07565,38.91532],[-77.07565,38.91539],[-77.07566,38.91543],[-77.07567,38.91575],[-77.07567,38.91585],[-77.07569,38.91612],[-77.07569,38.91629],[-77.0757,38.91638],[-77.07571,38.91662],[-77.07572,38.91683],[-77.07573,38.91692]],[[-77.07871,38.91521],[-77.07909,38.91537],[-77.07954,38.91557],[-77.07921,38.91604],[-77.07868,38.91581],[-77.07814,38.91557],[-77.07795,38.91549],[-77.0782,38.91514],[-77.07851,38.91512],[-77.07871,38.91521]]]},"properties":{"zone":"R-1B/GT","label":"R-1B/GT","desc":"Permits detached houses on moderately-sized lots"}},{"type":"Feature","geometry":{"type":"Polygon","coordinates":[[[-77.05912,38.93558],[-77.05935,38.93558],[-77.05936,38.93558],[-77.05937,38.93558],[-77.05943,38.93558],[-77.05951,38.93558],[-77.0596,38.93558],[-77.05968,38.93559],[-77.05976,38.93559],[-77.0598,38.93559],[-77.05985,38.93559],[-77.05989,38.9356],[-77.05993,38.9356],[-77.06001,38.93561],[-77.06009,38.93562],[-77.06017,38.93563],[-77.06025,38.93564],[-77.06034,38.93565],[-77.06044,38.93567],[-77.06053,38.93569],[-77.06062,38.93571],[-77.06071,38.93573],[-77.0608,38.93575],[-77.06089,38.93577],[-77.06098,38.9358],[-77.06103,38.93581],[-77.06108,38.93583],[-77.06113,38.93584],[-77.06117,38.93586],[-77.06124,38.93588],[-77.06165,38.93603],[-77.06172,38.93606],[-77.06179,38.93609],[-77.06186,38.93611],[-77.06193,38.93614],[-77.062,38.93616],[-77.06207,38.93618],[-77.06214,38.9362],[-77.06221,38.93621],[-77.06229,38.93623],[-77.06236,38.93624],[-77.06243,38.93625],[-77.06249,38.93626],[-77.06254,38.93627],[-77.06259,38.93628],[-77.06264,38.93628],[-77.0627,38.93629],[-77.06275,38.93629],[-77.06281,38.93629],[-77.06286,38.9363],[-77.06292,38.9363],[-77.06297,38.9363],[-77.06303,38.9363],[-77.06352,38.9363],[-77.06424,38.9363],[-77.06474,38.9363],[-77.0653,38.9363],[-77.06576,38.9363],[-77.06584,38.9363],[-77.0659,38.9363],[-77.06591,38.9363],[-77.06605,38.9363],[-77.06628,38.9363],[-77.06639,38.9363],[-77.06649,38.9363],[-77.0666,38.9363],[-77.0669,38.9363],[-77.06703,38.9363],[-77.06714,38.9363],[-77.06744,38.9363],[-77.06752,38.9363],[-77.0676,38.9363],[-77.06774,38.9363],[-77.06811,38.9363],[-77.06824,38.9363],[-77.06854,38.9363],[-77.06863,38.9363],[-77.06873,38.9363],[-77.06901,38.9363],[-77.06916,38.9363],[-77.0694,38.93629],[-77.07002,38.93629],[-77.07047,38.93629],[-77.0708,38.9363],[-77.07088,38.9363],[-77.07098,38.9363],[-77.07104,38.9363],[-77.07142,38.93629],[-77.07149,38.93629],[-77.07202,38.93629],[-77.07225,38.93629],[-77.07228,38.93629],[-77.07228,38.9359],[-77.07228,38.93588],[-77.07228,38.93564],[-77.07228,38.93555],[-77.0723,38.93555],[-77.0723,38.93547],[-77.0723,38.93542],[-77.0723,38.93535],[-77.0723,38.93533],[-77.0723,38.93532],[-77.07228,38.93528],[-77.07226,38.93523],[-77.07223,38.93518],[-77.07221,38.93514],[-77.0722,38.93514],[-77.07219,38.93513],[-77.07218,38.93513],[-77.07212,38.93515],[-77.07206,38.93517],[-77.07201,38.93519],[-77.07201,38.93518],[-77.07201,38.93517],[-77.07201,38.93477],[-77.07201,38.93468],[-77.07201,38.93465],[-77.072,38.93465],[-77.07197,38.93465],[-77.07175,38.93465],[-77.07175,38.93452],[-77.07175,38.93439],[-77.07175,38.93402],[-77.07175,38.93401],[-77.07175,38.934],[-77.07175,38.93397],[-77.07175,38.93362],[-77.07175,38.93349],[-77.07187,38.93349],[-77.07192,38.93349],[-77.07192,38.93338],[-77.07192,38.93325],[-77.07192,38.93313],[-77.07192,38.93301],[-77.07192,38.93288],[-77.07192,38.93263],[-77.07192,38.93255],[-77.07192,38.93248],[-77.07192,38.93247],[-77.07192,38.93232],[-77.07192,38.93217],[-77.07192,38.93212],[-77.07192,38.93194],[-77.07192,38.93184],[-77.07242,38.93187],[-77.07243,38.93188],[-77.07244,38.93188],[-77.07245,38.93188],[-77.07246,38.93188],[-77.07247,38.93188],[-77.07248,38.93188],[-77.07249,38.93188],[-77.0725,38.93188],[-77.07251,38.93188],[-77.07252,38.93188],[-77.07253,38.93188],[-77.07254,38.93188],[-77.07255,38.93188],[-77.07256,38.93188],[-77.07257,38.93188],[-77.07258,38.93188],[-77.07259,38.93188],[-77.0726,38.93188],[-77.07262,38.93188],[-77.07263,38.93188],[-77.07264,38.93188],[-77.07265,38.93188],[-77.07267,38.93179],[-77.07267,38.93178],[-77.07267,38.93177],[-77.07267,38.93176],[-77.07279,38.93099],[-77.07281,38.93089],[-77.07293,38.93013],[-77.07299,38.92976],[-77.073,38.92972],[-77.07301,38.92966],[-77.07303,38.9295],[-77.07304,38.92945],[-77.07305,38.92942],[-77.07309,38.92912],[-77.07311,38.92903],[-77.07312,38.92895],[-77.07314,38.92883],[-77.07315,38.92879],[-77.07316,38.92862],[-77.07317,38.92858],[-77.07318,38.92847],[-77.07318,38.92846],[-77.07318,38.92845],[-77.07318,38.92844],[-77.07318,38.92843],[-77.07318,38.92842],[-77.07318,38.92841],[-77.07319,38.92837],[-77.07319,38.92832],[-77.07319,38.9283],[-77.07319,38.92828],[-77.07319,38.92823],[-77.07319,38.92818],[-77.07319,38.92814],[-77.07319,38.92809],[-77.07319,38.92805],[-77.07319,38.928],[-77.07319,38.92763],[-77.07319,38.92762],[-77.07319,38.92754],[-77.07319,38.92746],[-77.07319,38.9273],[-77.07319,38.92688],[-77.07319,38.92676],[-77.07319,38.92661],[-77.07319,38.9266],[-77.07319,38.92659],[-77.07319,38.92627],[-77.07319,38.92621],[-77.07319,38.9262],[-77.07319,38.92619],[-77.07319,38.92611],[-77.07319,38.92604],[-77.07319,38.92577],[-77.07319,38.9257],[-77.07319,38.92564],[-77.07319,38.92555],[-77.07319,38.9251],[-77.07319,38.92477],[-77.07319,38.9247],[-77.07319,38.92463],[-77.07319,38.92459],[-77.07319,38.92457],[-77.07319,38.92406],[-77.07319,38.92372],[-77.07319,38.92371],[-77.07319,38.9237],[-77.07319,38.92369],[-77.07319,38.92368],[-77.07319,38.92365],[-77.07319,38.92363],[-77.07303,38.92363],[-77.07302,38.92363],[-77.07301,38.92363],[-77.073,38.92363],[-77.07298,38.92363],[-77.07297,38.92363],[-77.07296,38.92363],[-77.07289,38.92363],[-77.07282,38.92363],[-77.07274,38.92363],[-77.07269,38.92363],[-77.07258,38.92363],[-77.07256,38.92363],[-77.07213,38.92363],[-77.07209,38.92363],[-77.07203,38.92363],[-77.07202,38.92363],[-77.07201,38.92363],[-77.07194,38.92363],[-77.07193,38.92363],[-77.07184,38.92363],[-77.07175,38.92363],[-77.07165,38.92363],[-77.07156,38.92363],[-77.07146,38.92363],[-77.07145,38.92363],[-77.07144,38.92363],[-77.07143,38.92363],[-77.07141,38.92363],[-77.07137,38.92363],[-77.07127,38.92363],[-77.07118,38.92363],[-77.07098,38.92363],[-77.07089,38.92363],[-77.07089,38.9237],[-77.07089,38.92397],[-77.07089,38.92416],[-77.07089,38.92417],[-77.07089,38.92418],[-77.07089,38.92444],[-77.07089,38.92463],[-77.07089,38.92471],[-77.07089,38.92474],[-77.07089,38.92477],[-77.07089,38.92498],[-77.07089,38.92504],[-77.07089,38.9251],[-77.07089,38.92512],[-77.07086,38.92512],[-77.07078,38.92512],[-77.07074,38.92512],[-77.07058,38.92513],[-77.0704,38.92513],[-77.07038,38.92513],[-77.07035,38.92513],[-77.07026,38.92513],[-77.06997,38.92513],[-77.06987,38.92513],[-77.06987,38.92531],[-77.06987,38.92577],[-77.06987,38.92602],[-77.06987,38.92606],[-77.06985,38.92619],[-77.06864,38.92619],[-77.06638,38.92619],[-77.06639,38.92753],[-77.06628,38.92753],[-77.06606,38.92753],[-77.0655,38.92753],[-77.06536,38.92753],[-77.06526,38.92753],[-77.06519,38.92753],[-77.06517,38.92753],[-77.06516,38.92753],[-77.06492,38.92753],[-77.06482,38.92753],[-77.06473,38.92753],[-77.06466,38.92753],[-77.06457,38.92753],[-77.06412,38.92754],[-77.06376,38.92753],[-77.0635,38.92754],[-77.06349,38.92754],[-77.06348,38.92754],[-77.06347,38.92754],[-77.06342,38.92753],[-77.06337,38.92753],[-77.06335,38.92753],[-77.06331,38.92753],[-77.06324,38.92753],[-77.0632,38.92749],[-77.06314,38.92744],[-77.06309,38.92741],[-77.06307,38.92739],[-77.06306,38.92738],[-77.06305,38.92737],[-77.06278,38.92717],[-77.06274,38.92713],[-77.06235,38.92683],[-77.06211,38.92664],[-77.06193,38.9265],[-77.06183,38.92642],[-77.06175,38.92636],[-77.06168,38.92631],[-77.06164,38.92628],[-77.06158,38.92622],[-77.06146,38.92613],[-77.06138,38.92607],[-77.06127,38.92599],[-77.06121,38.92594],[-77.06086,38.92566],[-77.06082,38.92563],[-77.06074,38.92557],[-77.0606,38.92546],[-77.06043,38.92533],[-77.06016,38.92512],[-77.0598,38.92483],[-77.05951,38.92462],[-77.05943,38.92454],[-77.05934,38.92448],[-77.05925,38.9244],[-77.05904,38.92424],[-77.0589,38.92413],[-77.0588,38.92406],[-77.05874,38.92401],[-77.05847,38.9238],[-77.05809,38.9235],[-77.05772,38.92322],[-77.05767,38.92328],[-77.05764,38.92336],[-77.05764,38.92372],[-77.05764,38.92386],[-77.05764,38.92388],[-77.05764,38.92413],[-77.05764,38.92451],[-77.05764,38.92471],[-77.05764,38.92496],[-77.05764,38.92534],[-77.05764,38.92577],[-77.05764,38.92605],[-77.05764,38.9261],[-77.05764,38.92618],[-77.05765,38.92618],[-77.05766,38.92618],[-77.05777,38.9262],[-77.05778,38.9262],[-77.05782,38.9262],[-77.05785,38.92621],[-77.05789,38.92621],[-77.05792,38.92622],[-77.05796,38.92622],[-77.05799,38.92623],[-77.05803,38.92624],[-77.05806,38.92624],[-77.05807,38.92624],[-77.0581,38.92625],[-77.05814,38.92626],[-77.05815,38.92626],[-77.05816,38.92626],[-77.05817,38.92626],[-77.05819,38.92627],[-77.05819,38.92635],[-77.05819,38.92641],[-77.05819,38.92658],[-77.05819,38.92666],[-77.05819,38.92674],[-77.05819,38.92682],[-77.05819,38.92685],[-77.05819,38.92688],[-77.05819,38.92735],[-77.05819,38.92757],[-77.05819,38.92823],[-77.05819,38.92827],[-77.05819,38.92834],[-77.05819,38.92835],[-77.05819,38.92854],[-77.05819,38.92856],[-77.05819,38.92857],[-77.05819,38.92862],[-77.05823,38.92862],[-77.05856,38.92862],[-77.05891,38.92862],[-77.0591,38.92862],[-77.05911,38.92862],[-77.05931,38.92862],[-77.05948,38.92862],[-77.05951,38.92862],[-77.05961,38.92862],[-77.05979,38.92862],[-77.05979,38.92893],[-77.05979,38.92902],[-77.05979,38.9291],[-77.05979,38.92913],[-77.05979,38.92933],[-77.05979,38.92934],[-77.05979,38.92936],[-77.05979,38.92938],[-77.05979,38.92939],[-77.05979,38.9294],[-77.05979,38.92952],[-77.05979,38.92962],[-77.05979,38.92971],[-77.05966,38.92971],[-77.05963,38.92971],[-77.05945,38.92971],[-77.05943,38.92971],[-77.0589,38.92971],[-77.05886,38.92971],[-77.05883,38.92971],[-77.05879,38.92971],[-77.05875,38.92971],[-77.05872,38.92972],[-77.05868,38.92972],[-77.05865,38.92972],[-77.05861,38.92973],[-77.05858,38.92973],[-77.05854,38.92974],[-77.05849,38.92974],[-77.05848,38.92975],[-77.05846,38.92975],[-77.05845,38.92975],[-77.05844,38.92976],[-77.05843,38.92976],[-77.05842,38.92976],[-77.05839,38.92977],[-77.05843,38.92985],[-77.05859,38.93016],[-77.0586,38.93019],[-77.05861,38.93022],[-77.05861,38.93025],[-77.05861,38.93029],[-77.0586,38.93032],[-77.0586,38.93035],[-77.05858,38.93038],[-77.05857,38.93041],[-77.05855,38.93044],[-77.05852,38.93047],[-77.05801,38.93102],[-77.05807,38.93106],[-77.05832,38.93123],[-77.05844,38.93131],[-77.05849,38.93134],[-77.05878,38.93114],[-77.05902,38.93096],[-77.0591,38.93089],[-77.0592,38.93083],[-77.05945,38.93067],[-77.05959,38.93058],[-77.05975,38.93047],[-77.05988,38.9304],[-77.0599,38.93039],[-77.05993,38.93037],[-77.05996,38.93036],[-77.05999,38.93035],[-77.06002,38.93034],[-77.06006,38.93033],[-77.06009,38.93033],[-77.06012,38.93032],[-77.06015,38.93032],[-77.06019,38.93032],[-77.06022,38.93031],[-77.06026,38.93031],[-77.06042,38.9303],[-77.06055,38.93029],[-77.06061,38.93029],[-77.06084,38.93027],[-77.06093,38.93026],[-77.06103,38.93025],[-77.06111,38.93025],[-77.06116,38.93024],[-77.06145,38.93022],[-77.06151,38.93021],[-77.06156,38.93021],[-77.06188,38.93018],[-77.06191,38.93018],[-77.06194,38.93018],[-77.06198,38.93017],[-77.06202,38.93017],[-77.06206,38.93017],[-77.0621,38.93016],[-77.06211,38.93016],[-77.06212,38.93016],[-77.06213,38.93016],[-77.06214,38.93016],[-77.06215,38.93016],[-77.06218,38.93015],[-77.06221,38.93015],[-77.06224,38.93015],[-77.06228,38.93014],[-77.0623,38.93014],[-77.06231,38.93014],[-77.06233,38.93015],[-77.06235,38.93016],[-77.06238,38.93017],[-77.0624,38.93018],[-77.06257,38.93024],[-77.06262,38.93026],[-77.06274,38.93031],[-77.06292,38.93038],[-77.06315,38.93047],[-77.06326,38.93052],[-77.06332,38.93054],[-77.06395,38.9308],[-77.06442,38.93098],[-77.06446,38.931],[-77.0645,38.93102],[-77.06455,38.93103],[-77.06455,38.93104],[-77.06459,38.93105],[-77.06464,38.93106],[-77.06468,38.93108],[-77.06473,38.93109],[-77.06477,38.9311],[-77.06482,38.93111],[-77.06486,38.93112],[-77.06517,38.93119],[-77.06524,38.93121],[-77.06527,38.93122],[-77.06519,38.93132],[-77.06515,38.93139],[-77.06499,38.93173],[-77.06492,38.93187],[-77.06486,38.93201],[-77.06479,38.93214],[-77.06472,38.93228],[-77.06466,38.93242],[-77.06459,38.93255],[-77.06453,38.93269],[-77.06446,38.93283],[-77.06443,38.9329],[-77.06439,38.93297],[-77.0642,38.93338],[-77.06411,38.9335],[-77.0636,38.9335],[-77.06279,38.93349],[-77.06193,38.9335],[-77.06189,38.9335],[-77.06099,38.9335],[-77.06089,38.9335],[-77.06079,38.9335],[-77.06076,38.9335],[-77.06075,38.93343],[-77.06075,38.93339],[-77.06075,38.93338],[-77.06075,38.93337],[-77.06075,38.93309],[-77.06075,38.93308],[-77.06075,38.93307],[-77.06071,38.93306],[-77.06068,38.93306],[-77.06061,38.93304],[-77.06057,38.93304],[-77.06045,38.93302],[-77.06029,38.93299],[-77.06029,38.93297],[-77.06029,38.9329],[-77.06024,38.9329],[-77.06018,38.9329],[-77.06011,38.9329],[-77.05992,38.9329],[-77.05973,38.9329],[-77.05955,38.9329],[-77.05936,38.9329],[-77.05935,38.9329],[-77.05934,38.9329],[-77.05931,38.9329],[-77.0592,38.9329],[-77.05913,38.9329],[-77.05902,38.9329],[-77.05902,38.9331],[-77.05888,38.9331],[-77.05873,38.9331],[-77.05862,38.9331],[-77.0585,38.9331],[-77.05833,38.9331],[-77.05819,38.9331],[-77.05804,38.9331],[-77.05798,38.9331],[-77.05798,38.93337],[-77.05798,38.93339],[-77.05798,38.9334],[-77.05798,38.93344],[-77.05798,38.93348],[-77.05798,38.93349],[-77.05798,38.9335],[-77.05798,38.93351],[-77.05803,38.93351],[-77.05809,38.93351],[-77.05816,38.93351],[-77.05817,38.93358],[-77.05817,38.93362],[-77.05817,38.93378],[-77.05817,38.93379],[-77.05817,38.93381],[-77.05822,38.93382],[-77.05823,38.93382],[-77.05823,38.93392],[-77.05823,38.93407],[-77.05823,38.93409],[-77.05823,38.93416],[-77.05827,38.93416],[-77.05832,38.93418],[-77.05837,38.93419],[-77.05841,38.9342],[-77.05843,38.9342],[-77.05845,38.9342],[-77.05846,38.93421],[-77.05847,38.93421],[-77.05849,38.93421],[-77.0585,38.93421],[-77.05851,38.93421],[-77.05852,38.93421],[-77.05853,38.93421],[-77.05854,38.93422],[-77.05855,38.93422],[-77.05856,38.93422],[-77.05857,38.93422],[-77.05858,38.93422],[-77.05859,38.93422],[-77.0586,38.93422],[-77.05862,38.93422],[-77.05863,38.93422],[-77.05864,38.93422],[-77.05866,38.93422],[-77.05869,38.93422],[-77.05871,38.93422],[-77.05872,38.93421],[-77.05876,38.93421],[-77.05877,38.93421],[-77.05882,38.9342],[-77.05885,38.9342],[-77.05888,38.9342],[-77.05891,38.93419],[-77.05894,38.93419],[-77.05894,38.93426],[-77.05894,38.93467],[-77.05894,38.93469],[-77.05891,38.9347],[-77.05887,38.93471],[-77.05884,38.93472],[-77.05883,38.93472],[-77.05885,38.93476],[-77.05888,38.93481],[-77.05895,38.93492],[-77.05903,38.93506],[-77.05907,38.93513],[-77.05907,38.93514],[-77.05909,38.93517],[-77.0591,38.93519],[-77.05911,38.9352],[-77.05912,38.93522],[-77.05912,38.93527],[-77.05912,38.93529],[-77.05912,38.93531],[-77.05912,38.93533],[-77.05912,38.93535],[-77.05912,38.93537],[-77.05912,38.93538],[-77.05912,38.93539],[-77.05912,38.9354],[-77.05912,38.93543],[-77.05912,38.93546],[-77.05912,38.93548],[-77.05912,38.93551],[-77.05912,38.93552],[-77.05912,38.93554],[-77.05912,38.93557],[-77.05912,38.93558]]]},"properties":{"zone":"R-1B","label":"R-1B","desc":"Provides areas predominantly developed with detached houses on moderately sized lots."}},{"type":"Feature","geometry":{"type":"Polygon","coordinates":[[[-77.02722,38.98181],[-77.02722,38.98183],[-77.02723,38.98229],[-77.02724,38.98272],[-77.0268,38.98313],[-77.02682,38.98315],[-77.02697,38.98324],[-77.02712,38.98334],[-77.02716,38.98336],[-77.02727,38.98344],[-77.02742,38.9833],[-77.02773,38.98301],[-77.02788,38.98287],[-77.02796,38.98279],[-77.02795,38.98278],[-77.02794,38.98278],[-77.02792,38.98277],[-77.02791,38.98276],[-77.0279,38.98275],[-77.0279,38.98274],[-77.02789,38.98273],[-77.02788,38.98272],[-77.02788,38.98271],[-77.02788,38.98269],[-77.02788,38.98256],[-77.02788,38.98243],[-77.02788,38.9823],[-77.02788,38.98217],[-77.02788,38.98209],[-77.02798,38.98208],[-77.0281,38.98208],[-77.02811,38.98208],[-77.02812,38.98208],[-77.02813,38.98208],[-77.02825,38.98197],[-77.02825,38.98196],[-77.02826,38.98195],[-77.02826,38.98194],[-77.02827,38.98193],[-77.02832,38.98182],[-77.02836,38.98174],[-77.02836,38.98173],[-77.02838,38.9817],[-77.02841,38.98164],[-77.02844,38.98157],[-77.02848,38.98148],[-77.02849,38.98147],[-77.0285,38.98146],[-77.0285,38.98145],[-77.02851,38.98145],[-77.02852,38.98144],[-77.02853,38.98144],[-77.02853,38.98143],[-77.0286,38.98139],[-77.02895,38.98118],[-77.02912,38.98119],[-77.02912,38.98081],[-77.02866,38.98081],[-77.02847,38.98081],[-77.02827,38.98081],[-77.02825,38.98081],[-77.02824,38.98079],[-77.02824,38.98063],[-77.02824,38.98051],[-77.02824,38.98047],[-77.02824,38.98045],[-77.02824,38.98043],[-77.02824,38.9804],[-77.02824,38.98039],[-77.02823,38.98039],[-77.02796,38.98039],[-77.02788,38.98039],[-77.02788,38.98032],[-77.02788,38.98031],[-77.02788,38.98013],[-77.02788,38.97989],[-77.02788,38.97947],[-77.02788,38.9794],[-77.02788,38.97933],[-77.02788,38.97932],[-77.02788,38.97903],[-77.02788,38.97877],[-77.02788,38.9787],[-77.02787,38.97863],[-77.02787,38.97862],[-77.02788,38.97843],[-77.02788,38.97834],[-77.02788,38.97806],[-77.02788,38.97799],[-77.02779,38.97799],[-77.02778,38.97799],[-77.02731,38.97799],[-77.02704,38.97799],[-77.02703,38.97799],[-77.02703,38.97807],[-77.02703,38.97811],[-77.02703,38.97841],[-77.02703,38.97844],[-77.02698,38.97844],[-77.02696,38.97844],[-77.02695,38.97844],[-77.02694,38.97844],[-77.02693,38.97844],[-77.02692,38.97844],[-77.02691,38.97844],[-77.02693,38.97847],[-77.02694,38.97849],[-77.02694,38.9785],[-77.02694,38.97851],[-77.02695,38.97852],[-77.02695,38.97853],[-77.02696,38.97854],[-77.02696,38.97855],[-77.02696,38.97856],[-77.02697,38.97856],[-77.02697,38.97857],[-77.02697,38.97858],[-77.02697,38.97859],[-77.02698,38.97863],[-77.02698,38.97864],[-77.02698,38.97867],[-77.02698,38.97869],[-77.02698,38.97871],[-77.02698,38.97875],[-77.02698,38.97876],[-77.02698,38.97879],[-77.02699,38.97883],[-77.02699,38.97884],[-77.02699,38.97886],[-77.02699,38.9789],[-77.02699,38.97894],[-77.02699,38.97898],[-77.02699,38.97899],[-77.02699,38.97902],[-77.02699,38.97906],[-77.02699,38.97909],[-77.02699,38.97913],[-77.02699,38.97914],[-77.02699,38.97917],[-77.02699,38.97921],[-77.02699,38.97924],[-77.02699,38.97928],[-77.02699,38.97929],[-77.02699,38.97932],[-77.02699,38.9794],[-77.027,38.97947],[-77.027,38.97952],[-77.027,38.97963],[-77.02701,38.97983],[-77.02701,38.97984],[-77.02702,38.97985],[-77.02703,38.97986],[-77.02704,38.97986],[-77.02705,38.97986],[-77.02708,38.97986],[-77.02711,38.97986],[-77.02714,38.97986],[-77.02717,38.97986],[-77.02718,38.97986],[-77.0272,38.97986],[-77.02721,38.97986],[-77.02722,38.97986],[-77.02725,38.97986],[-77.02728,38.97986],[-77.0273,38.97986],[-77.0273,38.98002],[-77.0273,38.98013],[-77.0273,38.98023],[-77.0273,38.98027],[-77.0273,38.98038],[-77.0273,38.9805],[-77.0273,38.98056],[-77.02731,38.98058],[-77.02731,38.98088],[-77.02731,38.98106],[-77.0273,38.98122],[-77.0273,38.98132],[-77.02725,38.98132],[-77.02722,38.98132],[-77.02721,38.98132],[-77.02716,38.98132],[-77.02717,38.98153],[-77.02718,38.98172],[-77.02718,38.98177],[-77.02721,38.98176],[-77.02722,38.98181]]]},"properties":{"zone":"R-2","label":"R-2","desc":"Provide areas predominantly developed with semi-detached houses on moderately-sized lots that also contain some detached dwellings"}},{"type":"Feature","geometry":{"type":"Polygon","coordinates":[[[-76.96431,38.92459],[-76.96468,38.92484],[-76.96469,38.92485],[-76.96491,38.92467],[-76.96498,38.92461],[-76.96499,38.9246],[-76.965,38.9246],[-76.965,38.92459],[-76.96501,38.92459],[-76.96501,38.92458],[-76.96502,38.92458],[-76.96503,38.92457],[-76.96504,38.92457],[-76.96505,38.92455],[-76.96506,38.92456],[-76.96507,38.92457],[-76.96508,38.92458],[-76.96509,38.92459],[-76.96519,38.92451],[-76.9652,38.92451],[-76.9652,38.9245],[-76.96521,38.9245],[-76.96522,38.9245],[-76.96522,38.92449],[-76.96541,38.92434],[-76.96543,38.92432],[-76.96559,38.9242],[-76.96566,38.92414],[-76.96576,38.92405],[-76.96583,38.92399],[-76.96588,38.92395],[-76.9659,38.92393],[-76.96591,38.92392],[-76.96592,38.9239],[-76.96593,38.92388],[-76.96593,38.92386],[-76.96593,38.92383],[-76.96593,38.92361],[-76.96594,38.92357],[-76.96594,38.92345],[-76.96597,38.92345],[-76.96635,38.92345],[-76.96644,38.92345],[-76.96654,38.92345],[-76.96663,38.92345],[-76.9668,38.92345],[-76.967,38.92345],[-76.96702,38.92345],[-76.96707,38.92345],[-76.96707,38.92332],[-76.96707,38.9233],[-76.96707,38.92318],[-76.96707,38.92303],[-76.96707,38.92294],[-76.96708,38.92292],[-76.96708,38.92291],[-76.96709,38.9229],[-76.9671,38.92289],[-76.96711,38.92288],[-76.96714,38.92285],[-76.96717,38.92281],[-76.96718,38.92281],[-76.96719,38.92279],[-76.9672,38.92279],[-76.96721,38.92278],[-76.96722,38.92277],[-76.96723,38.92276],[-76.96724,38.92275],[-76.96732,38.92265],[-76.96734,38.92263],[-76.96743,38.92253],[-76.96743,38.92252],[-76.96744,38.92252],[-76.96744,38.92251],[-76.96744,38.9225],[-76.96744,38.92249],[-76.96744,38.92248],[-76.96744,38.92246],[-76.96744,38.92244],[-76.96744,38.92238],[-76.96746,38.92238],[-76.96751,38.92238],[-76.96804,38.92238],[-76.96805,38.92238],[-76.96807,38.92238],[-76.96807,38.92237],[-76.96805,38.92234],[-76.96802,38.9223],[-76.96798,38.92224],[-76.96792,38.92215],[-76.96785,38.92206],[-76.96787,38.92205],[-76.96788,38.92205],[-76.96789,38.92205],[-76.9679,38.92204],[-76.96793,38.92203],[-76.96796,38.92202],[-76.96799,38.922],[-76.96809,38.92196],[-76.96805,38.92192],[-76.96791,38.92172],[-76.96786,38.92165],[-76.96761,38.9213],[-76.9676,38.92127],[-76.96752,38.92116],[-76.96742,38.92103],[-76.9674,38.921],[-76.96727,38.92082],[-76.96726,38.92081],[-76.96721,38.92073],[-76.9672,38.92071],[-76.96717,38.92067],[-76.96711,38.92059],[-76.96703,38.92048],[-76.96691,38.9203],[-76.9669,38.92029],[-76.96685,38.92022],[-76.96681,38.92017],[-76.96664,38.91992],[-76.9666,38.91987],[-76.96655,38.9198],[-76.96647,38.91968],[-76.96645,38.91967],[-76.96631,38.91966],[-76.9662,38.91966],[-76.96614,38.91965],[-76.96619,38.91972],[-76.96632,38.9199],[-76.9665,38.92016],[-76.96671,38.92045],[-76.96672,38.92047],[-76.96668,38.92049],[-76.96661,38.92051],[-76.96654,38.92053],[-76.96647,38.92054],[-76.9664,38.92054],[-76.96633,38.92054],[-76.96626,38.92053],[-76.96619,38.92052],[-76.96612,38.9205],[-76.96607,38.92047],[-76.96601,38.92045],[-76.96596,38.92042],[-76.96592,38.92038],[-76.96587,38.92034],[-76.96584,38.9203],[-76.96581,38.92025],[-76.96579,38.9202],[-76.96577,38.92015],[-76.96576,38.92009],[-76.96575,38.92004],[-76.96575,38.91999],[-76.96576,38.91994],[-76.96578,38.9199],[-76.96575,38.91989],[-76.96535,38.9198],[-76.96536,38.91977],[-76.96538,38.91973],[-76.96538,38.91972],[-76.96555,38.91963],[-76.96564,38.91957],[-76.96553,38.91957],[-76.96376,38.91949],[-76.9637,38.91948],[-76.9637,38.91954],[-76.9637,38.91956],[-76.9637,38.91959],[-76.9637,38.91962],[-76.9637,38.91964],[-76.9637,38.91967],[-76.9637,38.9197],[-76.9637,38.91995],[-76.96371,38.9203],[-76.96371,38.92042],[-76.96371,38.92052],[-76.96371,38.92068],[-76.96371,38.92083],[-76.96371,38.92086],[-76.96368,38.92086],[-76.96366,38.92086],[-76.96363,38.92086],[-76.9636,38.92086],[-76.96357,38.92086],[-76.96354,38.92086],[-76.96321,38.92086],[-76.96319,38.92086],[-76.96313,38.92086],[-76.96302,38.92086],[-76.96283,38.92086],[-76.96282,38.92086],[-76.96212,38.92086],[-76.96152,38.92086],[-76.96138,38.92086],[-76.96138,38.92098],[-76.96138,38.92118],[-76.96138,38.92122],[-76.96138,38.92124],[-76.96138,38.92125],[-76.96138,38.92126],[-76.96137,38.92126],[-76.96137,38.92128],[-76.96136,38.9213],[-76.96136,38.92131],[-76.96136,38.92132],[-76.96135,38.92132],[-76.96135,38.92133],[-76.96135,38.92134],[-76.96134,38.92135],[-76.96133,38.92136],[-76.96133,38.92137],[-76.96132,38.92137],[-76.96132,38.92138],[-76.96131,38.92138],[-76.96131,38.92139],[-76.9613,38.9214],[-76.96129,38.92141],[-76.96115,38.92154],[-76.96084,38.92182],[-76.96081,38.92184],[-76.96079,38.92186],[-76.96074,38.9219],[-76.9607,38.92194],[-76.96069,38.92194],[-76.96069,38.92195],[-76.96067,38.92196],[-76.96067,38.92197],[-76.96066,38.92197],[-76.96066,38.92198],[-76.96065,38.92198],[-76.96063,38.922],[-76.96063,38.92201],[-76.9606,38.92204],[-76.96057,38.92207],[-76.96066,38.92214],[-76.96096,38.92235],[-76.96106,38.92241],[-76.9611,38.92244],[-76.9612,38.92251],[-76.96181,38.92292],[-76.9624,38.92333],[-76.96251,38.92341],[-76.96257,38.92344],[-76.96267,38.92351],[-76.96277,38.92359],[-76.96299,38.92374],[-76.96304,38.92378],[-76.96343,38.92401],[-76.96354,38.92409],[-76.96366,38.92416],[-76.96378,38.92424],[-76.96404,38.92441],[-76.96431,38.92459]]]},"properties":{"zone":"R-1B","label":"R-1B","desc":"Provides areas predominantly developed with detached houses on moderately sized lots."}},{"type":"Feature","geometry":{"type":"Polygon","coordinates":[[[-77.0243,38.98276],[-77.02446,38.98274],[-77.02459,38.98273],[-77.0246,38.98273],[-77.02494,38.98273],[-77.02529,38.98273],[-77.0253,38.98273],[-77.02534,38.98273],[-77.02541,38.98273],[-77.02552,38.98273],[-77.02553,38.98273],[-77.02558,38.98273],[-77.02559,38.98273],[-77.02589,38.98273],[-77.02589,38.98264],[-77.02588,38.98239],[-77.02588,38.98209],[-77.02587,38.98203],[-77.02587,38.98179],[-77.02587,38.98178],[-77.02587,38.98172],[-77.02587,38.98171],[-77.02587,38.98164],[-77.02586,38.98157],[-77.02586,38.98155],[-77.02586,38.98149],[-77.02586,38.98148],[-77.02586,38.98145],[-77.02588,38.98145],[-77.02602,38.98145],[-77.02601,38.98136],[-77.026,38.98105],[-77.02599,38.98077],[-77.02597,38.98011],[-77.02596,38.97989],[-77.02595,38.97948],[-77.02595,38.9794],[-77.02597,38.9794],[-77.02597,38.97929],[-77.02597,38.97926],[-77.02597,38.97916],[-77.02597,38.97893],[-77.02597,38.97883],[-77.02597,38.97882],[-77.02446,38.97883],[-77.02446,38.97873],[-77.02446,38.97868],[-77.02436,38.97868],[-77.02419,38.97868],[-77.02417,38.97868],[-77.02416,38.97868],[-77.02413,38.97868],[-77.02411,38.97868],[-77.02405,38.97868],[-77.02395,38.97868],[-77.02388,38.97868],[-77.02385,38.97868],[-77.02382,38.97868],[-77.02382,38.97871],[-77.02382,38.97878],[-77.02382,38.97886],[-77.02382,38.9789],[-77.02379,38.9789],[-77.02376,38.9789],[-77.02361,38.9789],[-77.02351,38.9789],[-77.02347,38.9789],[-77.02333,38.9789],[-77.02317,38.9789],[-77.02312,38.9789],[-77.02311,38.9789],[-77.02301,38.9789],[-77.02297,38.9789],[-77.02283,38.9789],[-77.02274,38.9789],[-77.02264,38.9789],[-77.02246,38.9789],[-77.0224,38.9789],[-77.02234,38.9789],[-77.02227,38.9789],[-77.02228,38.97892],[-77.02229,38.97892],[-77.02231,38.97896],[-77.02231,38.97897],[-77.02232,38.97898],[-77.02233,38.97899],[-77.02233,38.979],[-77.02233,38.97901],[-77.02234,38.97903],[-77.02234,38.97904],[-77.02235,38.97906],[-77.02235,38.97907],[-77.02235,38.97908],[-77.02235,38.97909],[-77.02235,38.9791],[-77.02235,38.97911],[-77.02235,38.97913],[-77.02236,38.97932],[-77.02236,38.97933],[-77.02236,38.9794],[-77.02236,38.97948],[-77.02236,38.97953],[-77.02236,38.97977],[-77.02236,38.97988],[-77.02236,38.97989],[-77.02236,38.97993],[-77.02237,38.97998],[-77.02237,38.9801],[-77.02237,38.98013],[-77.02237,38.98015],[-77.02237,38.98016],[-77.02237,38.98018],[-77.02238,38.9802],[-77.02238,38.98021],[-77.02238,38.98023],[-77.02238,38.98025],[-77.02239,38.98028],[-77.02239,38.98029],[-77.02239,38.9803],[-77.0224,38.98032],[-77.0224,38.98034],[-77.0224,38.98035],[-77.02242,38.98043],[-77.02242,38.98044],[-77.02243,38.98048],[-77.02244,38.98053],[-77.02245,38.98059],[-77.02245,38.9806],[-77.02245,38.98061],[-77.02246,38.98063],[-77.02246,38.98064],[-77.02246,38.98065],[-77.02247,38.98067],[-77.02247,38.98069],[-77.02247,38.9807],[-77.02247,38.98072],[-77.02248,38.98074],[-77.02248,38.98075],[-77.02249,38.98081],[-77.02238,38.9808],[-77.02195,38.98074],[-77.02137,38.98067],[-77.02126,38.98059],[-77.02125,38.98058],[-77.02126,38.9806],[-77.02233,38.98143],[-77.024,38.98273],[-77.02403,38.98273],[-77.02406,38.98273],[-77.02408,38.98273],[-77.0243,38.98276]]]},"properties":{"zone":"R-2","label":"R-2","desc":"Provide areas predominantly developed with semi-detached houses on moderately-sized lots that also contain some detached dwellings"}},{"type":"Feature","geometry":{"type":"Polygon","coordinates":[[[-77.10484,38.92809],[-77.10496,38.9282],[-77.10504,38.92827],[-77.10524,38.92814],[-77.10545,38.92798],[-77.10547,38.92797],[-77.10548,38.92797],[-77.10586,38.92769],[-77.10583,38.92766],[-77.1057,38.92753],[-77.10553,38.92736],[-77.10537,38.9272],[-77.10535,38.92718],[-77.1053,38.92713],[-77.10529,38.92713],[-77.10527,38.92713],[-77.10524,38.92714],[-77.10522,38.92714],[-77.10519,38.92714],[-77.10518,38.92715],[-77.10517,38.92715],[-77.10514,38.92715],[-77.10512,38.92716],[-77.10509,38.92716],[-77.10508,38.92717],[-77.10507,38.92717],[-77.10506,38.92717],[-77.10505,38.92717],[-77.10504,38.92717],[-77.10503,38.92717],[-77.10502,38.92717],[-77.10501,38.92717],[-77.105,38.92717],[-77.10499,38.92717],[-77.10498,38.92717],[-77.10496,38.92717],[-77.10494,38.92717],[-77.10492,38.92717],[-77.10491,38.92717],[-77.10489,38.92717],[-77.10487,38.92717],[-77.10485,38.92717],[-77.10484,38.92717],[-77.10482,38.92717],[-77.10478,38.92717],[-77.10475,38.92718],[-77.10471,38.92718],[-77.10468,38.92719],[-77.10466,38.92719],[-77.10464,38.92719],[-77.10461,38.9272],[-77.10457,38.92721],[-77.10454,38.92721],[-77.10451,38.92722],[-77.10447,38.92723],[-77.10445,38.92724],[-77.10444,38.92724],[-77.10442,38.92725],[-77.1044,38.92725],[-77.10438,38.92726],[-77.10436,38.92726],[-77.10435,38.92727],[-77.10433,38.92728],[-77.10431,38.92728],[-77.10429,38.92729],[-77.10424,38.9273],[-77.10404,38.92737],[-77.10411,38.92743],[-77.10438,38.92767],[-77.10463,38.9279],[-77.10484,38.92809]]]},"properties":{"zone":"R-3","label":"R-3","desc":"Allows for attached rowhouses on small lots and row dwellings mingled with detached, semi-detached, and groupings of three or more row dwellings"}},{"type":"Feature","geometry":{"type":"Polygon","coordinates":[[[-76.99092,38.83636],[-76.99092,38.8364],[-76.99092,38.83664],[-76.99092,38.83671],[-76.99098,38.8367],[-76.99105,38.8367],[-76.99104,38.83663],[-76.99103,38.83649],[-76.99099,38.83645],[-76.99099,38.8364],[-76.99098,38.83636],[-76.99092,38.83636]]]},"properties":{"zone":"R-3","label":"R-3","desc":"Allows for attached rowhouses on small lots and row dwellings mingled with detached, semi-detached, and groupings of three or more row dwellings"}},{"type":"Feature","geometry":{"type":"Polygon","coordinates":[[[-76.98709,38.86759],[-76.98703,38.86759],[-76.98695,38.86759],[-76.98664,38.86759],[-76.98664,38.86758],[-76.98663,38.86752],[-76.98662,38.86742],[-76.98662,38.86738],[-76.98662,38.86736],[-76.98661,38.86736],[-76.9866,38.86735],[-76.98658,38.86735],[-76.98651,38.86734],[-76.98631,38.86731],[-76.9863,38.86731],[-76.98609,38.86728],[-76.98604,38.86727],[-76.98603,38.86727],[-76.98601,38.86727],[-76.986,38.86727],[-76.98599,38.86727],[-76.98597,38.86727],[-76.98596,38.86727],[-76.98586,38.86727],[-76.98575,38.86727],[-76.98545,38.86727],[-76.98523,38.86727],[-76.98512,38.86727],[-76.98512,38.86715],[-76.98512,38.86712],[-76.98502,38.86712],[-76.98472,38.86712],[-76.98471,38.86712],[-76.98469,38.86712],[-76.98467,38.86712],[-76.98462,38.86712],[-76.98456,38.86712],[-76.98454,38.86712],[-76.98452,38.86712],[-76.98452,38.86705],[-76.98434,38.86684],[-76.98426,38.86674],[-76.98415,38.86679],[-76.98389,38.86692],[-76.98387,38.86693],[-76.98383,38.86695],[-76.98381,38.86696],[-76.9836,38.86706],[-76.98359,38.86707],[-76.98355,38.86709],[-76.9832,38.86727],[-76.98306,38.86733],[-76.98305,38.86733],[-76.98304,38.86732],[-76.98303,38.86731],[-76.98302,38.86731],[-76.98301,38.8673],[-76.983,38.8673],[-76.98299,38.86729],[-76.98298,38.86729],[-76.98297,38.86728],[-76.98295,38.86728],[-76.98294,38.86728],[-76.98293,38.86727],[-76.98291,38.86727],[-76.98289,38.86727],[-76.98288,38.86727],[-76.98287,38.86727],[-76.98286,38.86727],[-76.98285,38.86727],[-76.98284,38.86727],[-76.98281,38.86727],[-76.98279,38.86727],[-76.98271,38.86727],[-76.98263,38.86727],[-76.98256,38.86727],[-76.98248,38.86728],[-76.9824,38.86728],[-76.98233,38.86727],[-76.98232,38.86727],[-76.98231,38.86727],[-76.98225,38.86727],[-76.98224,38.86727],[-76.98223,38.86727],[-76.98223,38.86734],[-76.98223,38.86755],[-76.98223,38.86758],[-76.98223,38.86759],[-76.9821,38.86759],[-76.98201,38.86759],[-76.98193,38.86759],[-76.98185,38.86759],[-76.98178,38.86759],[-76.9817,38.86759],[-76.98162,38.86759],[-76.98158,38.86759],[-76.98155,38.86759],[-76.98152,38.8676],[-76.98149,38.86761],[-76.98145,38.86763],[-76.98141,38.86765],[-76.9814,38.86765],[-76.98137,38.86766],[-76.98133,38.86768],[-76.98129,38.86769],[-76.98125,38.86771],[-76.98121,38.86773],[-76.9812,38.86773],[-76.98116,38.86774],[-76.98115,38.86774],[-76.98078,38.86774],[-76.98078,38.86812],[-76.98078,38.86816],[-76.98078,38.86824],[-76.98078,38.8683],[-76.98077,38.86837],[-76.98077,38.86847],[-76.98077,38.86858],[-76.98077,38.86859],[-76.98077,38.86878],[-76.98077,38.86885],[-76.98077,38.86893],[-76.98077,38.869],[-76.98077,38.86913],[-76.98077,38.86914],[-76.98077,38.86937],[-76.98078,38.8694],[-76.98078,38.86948],[-76.98088,38.86948],[-76.98089,38.86948],[-76.9809,38.86948],[-76.98139,38.86947],[-76.98171,38.86947],[-76.98173,38.86947],[-76.98175,38.86947],[-76.98188,38.86947],[-76.98212,38.86947],[-76.98223,38.86947],[-76.98223,38.86955],[-76.98223,38.86956],[-76.98223,38.86993],[-76.98213,38.86993],[-76.98207,38.86993],[-76.98174,38.86993],[-76.98171,38.86993],[-76.98171,38.87008],[-76.98171,38.87023],[-76.98171,38.87037],[-76.98167,38.87037],[-76.98162,38.87037],[-76.98158,38.87037],[-76.98154,38.87037],[-76.98152,38.87037],[-76.9815,38.87037],[-76.98146,38.87037],[-76.98144,38.87037],[-76.98141,38.87037],[-76.98137,38.87037],[-76.98133,38.87037],[-76.98132,38.87037],[-76.98131,38.87037],[-76.9813,38.87037],[-76.98128,38.87037],[-76.98127,38.87037],[-76.98125,38.87038],[-76.98124,38.87039],[-76.98123,38.8704],[-76.98123,38.87041],[-76.98123,38.87043],[-76.98123,38.87047],[-76.98123,38.87051],[-76.98123,38.87054],[-76.98123,38.87059],[-76.98123,38.87063],[-76.98123,38.87068],[-76.98123,38.87075],[-76.98105,38.87075],[-76.98088,38.87075],[-76.98078,38.87075],[-76.98067,38.87075],[-76.98035,38.87075],[-76.98034,38.87075],[-76.98018,38.87075],[-76.98001,38.87075],[-76.97991,38.87075],[-76.97979,38.87075],[-76.97964,38.87075],[-76.97946,38.87075],[-76.97913,38.87075],[-76.97912,38.87075],[-76.97901,38.87075],[-76.97901,38.87083],[-76.97901,38.87128],[-76.97901,38.87188],[-76.97901,38.87195],[-76.97901,38.87203],[-76.97893,38.87203],[-76.97892,38.87203],[-76.97891,38.87203],[-76.97868,38.87203],[-76.97859,38.87203],[-76.97827,38.87203],[-76.97826,38.87203],[-76.97825,38.87203],[-76.97819,38.87203],[-76.97818,38.87203],[-76.97817,38.87203],[-76.97811,38.87203],[-76.97809,38.87203],[-76.978,38.87203],[-76.97792,38.87203],[-76.97784,38.87203],[-76.97778,38.87203],[-76.97777,38.87203],[-76.97775,38.87203],[-76.97767,38.87203],[-76.97759,38.87203],[-76.9775,38.87203],[-76.97745,38.87203],[-76.97744,38.87203],[-76.97743,38.87203],[-76.97742,38.87203],[-76.97741,38.87203],[-76.9774,38.87203],[-76.97739,38.87203],[-76.97738,38.87203],[-76.97737,38.87203],[-76.97736,38.87203],[-76.97736,38.8721],[-76.97736,38.87214],[-76.97736,38.87239],[-76.97736,38.87274],[-76.97736,38.8729],[-76.97736,38.87293],[-76.97736,38.87304],[-76.97742,38.87308],[-76.97747,38.87311],[-76.9782,38.87358],[-76.97828,38.87355],[-76.97849,38.87346],[-76.97853,38.87344],[-76.97868,38.87337],[-76.97869,38.87336],[-76.97902,38.8732],[-76.98015,38.87263],[-76.9824,38.8715],[-76.98243,38.87155],[-76.98466,38.87043],[-76.98473,38.87039],[-76.98473,38.86934],[-76.98502,38.86934],[-76.98513,38.86934],[-76.98513,38.86913],[-76.98523,38.86913],[-76.98543,38.86913],[-76.9857,38.86914],[-76.98593,38.86913],[-76.98609,38.86913],[-76.98609,38.86911],[-76.98609,38.86892],[-76.98609,38.86885],[-76.9863,38.86885],[-76.98705,38.86885],[-76.98709,38.86885],[-76.98709,38.86884],[-76.98709,38.86883],[-76.98709,38.86759]]]},"properties":{"zone":"R-3","label":"R-3","desc":"Allows for attached rowhouses on small lots and row dwellings mingled with detached, semi-detached, and groupings of three or more row dwellings"}},{"type":"Feature","geometry":{"type":"Polygon","coordinates":[[[-76.97031,38.91448],[-76.97086,38.91448],[-76.97168,38.91448],[-76.972,38.91448],[-76.97205,38.91448],[-76.97216,38.91448],[-76.97216,38.91447],[-76.97227,38.91447],[-76.97233,38.91447],[-76.97313,38.91447],[-76.97319,38.91447],[-76.9738,38.91447],[-76.97391,38.91447],[-76.97416,38.91447],[-76.97417,38.91447],[-76.97418,38.91447],[-76.97418,38.91443],[-76.97418,38.91439],[-76.97418,38.91438],[-76.97418,38.91437],[-76.97418,38.91436],[-76.97418,38.91435],[-76.97418,38.9143],[-76.97418,38.91428],[-76.97418,38.91422],[-76.97418,38.91419],[-76.97418,38.91417],[-76.97418,38.91409],[-76.97428,38.91409],[-76.97464,38.91409],[-76.9747,38.91409],[-76.97475,38.91409],[-76.97479,38.91409],[-76.97479,38.91401],[-76.97479,38.91397],[-76.97479,38.91395],[-76.97479,38.91381],[-76.97479,38.91375],[-76.97479,38.91373],[-76.9748,38.91373],[-76.97483,38.91373],[-76.97484,38.91371],[-76.97488,38.91367],[-76.97488,38.91366],[-76.97488,38.91354],[-76.97488,38.9135],[-76.97488,38.91346],[-76.97488,38.91336],[-76.9751,38.91336],[-76.97518,38.91336],[-76.97528,38.91336],[-76.97535,38.91336],[-76.97536,38.91336],[-76.97536,38.91328],[-76.97536,38.91324],[-76.97536,38.91307],[-76.97536,38.91302],[-76.97536,38.913],[-76.9754,38.913],[-76.97544,38.91295],[-76.97544,38.91273],[-76.97544,38.91261],[-76.97543,38.91261],[-76.97541,38.91261],[-76.97539,38.91261],[-76.97488,38.91261],[-76.97464,38.9126],[-76.97427,38.9126],[-76.97418,38.9126],[-76.97409,38.9126],[-76.97404,38.9126],[-76.97378,38.9126],[-76.97341,38.9126],[-76.97297,38.9126],[-76.97242,38.9126],[-76.97225,38.9126],[-76.97217,38.9126],[-76.97208,38.9126],[-76.97207,38.9126],[-76.97177,38.9126],[-76.97168,38.91272],[-76.97149,38.91297],[-76.97147,38.91299],[-76.97145,38.91301],[-76.97128,38.91323],[-76.97126,38.91326],[-76.97125,38.91327],[-76.97112,38.91343],[-76.97109,38.91348],[-76.97092,38.9137],[-76.97089,38.91374],[-76.97072,38.91396],[-76.97069,38.914],[-76.97056,38.91416],[-76.97053,38.9142],[-76.9705,38.91423],[-76.97049,38.91425],[-76.97045,38.9143],[-76.9704,38.91436],[-76.97035,38.91444],[-76.97033,38.91446],[-76.97031,38.91448]]]},"properties":{"zone":"R-1B","label":"R-1B","desc":"Provides areas predominantly developed with detached houses on moderately sized lots."}},{"type":"Feature","geometry":{"type":"Polygon","coordinates":[[[-76.99472,38.84563],[-76.99592,38.84634],[-76.99592,38.84579],[-76.99634,38.84579],[-76.99643,38.8456],[-76.99646,38.84553],[-76.99647,38.84552],[-76.99647,38.84551],[-76.99647,38.84549],[-76.99647,38.84548],[-76.99647,38.84522],[-76.99647,38.8451],[-76.99674,38.8451],[-76.99692,38.8451],[-76.99693,38.8451],[-76.99692,38.84498],[-76.99692,38.84469],[-76.99692,38.84467],[-76.99704,38.84467],[-76.99733,38.84454],[-76.99733,38.84451],[-76.99733,38.84436],[-76.99733,38.84427],[-76.99736,38.84427],[-76.99736,38.84419],[-76.99736,38.84379],[-76.99736,38.84377],[-76.99744,38.84377],[-76.99763,38.84375],[-76.99764,38.84375],[-76.99763,38.84373],[-76.99755,38.84349],[-76.99753,38.84343],[-76.99755,38.84342],[-76.99753,38.84334],[-76.99752,38.84332],[-76.99752,38.84331],[-76.99752,38.8433],[-76.99749,38.84317],[-76.9975,38.84317],[-76.99752,38.84317],[-76.99755,38.84316],[-76.99757,38.84316],[-76.99758,38.84316],[-76.99761,38.84316],[-76.99763,38.84316],[-76.99765,38.84316],[-76.99768,38.84315],[-76.99769,38.84321],[-76.9977,38.84325],[-76.99773,38.84337],[-76.99782,38.84374],[-76.99784,38.84382],[-76.99792,38.84415],[-76.99793,38.84416],[-76.99793,38.84417],[-76.99797,38.84432],[-76.99803,38.84426],[-76.99805,38.84423],[-76.99808,38.84421],[-76.9981,38.84419],[-76.99813,38.84417],[-76.99816,38.84414],[-76.99819,38.84412],[-76.99821,38.8441],[-76.99824,38.84408],[-76.99827,38.84406],[-76.9983,38.84404],[-76.99833,38.84402],[-76.99845,38.84396],[-76.99846,38.84395],[-76.99861,38.84387],[-76.99862,38.84386],[-76.99863,38.84386],[-76.99897,38.84368],[-76.99933,38.84348],[-76.99948,38.8434],[-76.99954,38.84337],[-76.99953,38.84335],[-76.99953,38.84334],[-76.99952,38.84333],[-76.99952,38.84332],[-76.99952,38.84331],[-76.99951,38.8433],[-76.99951,38.84329],[-76.99951,38.84328],[-76.99951,38.84325],[-76.9995,38.84321],[-76.9995,38.84315],[-76.9995,38.84307],[-76.99952,38.84296],[-76.99952,38.84286],[-76.99951,38.84263],[-76.99951,38.84254],[-76.99968,38.84254],[-76.99983,38.84254],[-76.99987,38.84254],[-76.99994,38.84254],[-76.99995,38.84254],[-76.99996,38.84254],[-76.99997,38.84254],[-77.00003,38.84254],[-77.00004,38.84254],[-77.00005,38.84254],[-77.0004,38.84254],[-77.00042,38.84254],[-77.00058,38.84254],[-77.00058,38.84253],[-77.00058,38.84252],[-77.00058,38.84251],[-77.00058,38.84235],[-77.00058,38.84227],[-77.00057,38.84199],[-77.00057,38.84198],[-77.00057,38.84189],[-77.00057,38.84179],[-77.00057,38.84164],[-77.00058,38.84129],[-77.00058,38.84105],[-77.00058,38.84102],[-77.00058,38.84101],[-77.00058,38.84099],[-77.00058,38.84094],[-77.00058,38.8409],[-77.00057,38.84087],[-77.00057,38.84084],[-77.00057,38.8408],[-77.00057,38.84079],[-77.00057,38.84075],[-77.00057,38.84073],[-77.00057,38.84071],[-77.00057,38.84066],[-77.00057,38.84065],[-77.00057,38.84064],[-77.00057,38.84063],[-77.00057,38.84062],[-77.00057,38.84061],[-77.00057,38.8406],[-77.00057,38.84058],[-77.00057,38.84052],[-77.00057,38.8405],[-77.00057,38.84048],[-77.00057,38.84046],[-77.00057,38.84044],[-77.00057,38.84042],[-77.00057,38.8404],[-77.00055,38.8404],[-77.00052,38.8404],[-77.00048,38.8404],[-77.00045,38.8404],[-77.00044,38.8404],[-77.0004,38.8404],[-77.00039,38.8404],[-77.00034,38.8404],[-77.00032,38.8404],[-77.00032,38.84039],[-77.00031,38.84037],[-77.0003,38.84033],[-77.0003,38.84031],[-77.00029,38.84028],[-77.0002,38.83988],[-77.0002,38.83984],[-77.00019,38.83981],[-77.00018,38.83978],[-77.00017,38.83973],[-76.99948,38.83973],[-76.99947,38.83973],[-76.99946,38.83973],[-76.99936,38.83973],[-76.99934,38.83973],[-76.99901,38.83973],[-76.99861,38.83973],[-76.99845,38.83973],[-76.99845,38.83974],[-76.99845,38.84106],[-76.99845,38.84109],[-76.99845,38.84116],[-76.99845,38.84131],[-76.99845,38.84145],[-76.99845,38.84147],[-76.99845,38.84163],[-76.99845,38.8418],[-76.99845,38.84189],[-76.99835,38.84189],[-76.99818,38.84188],[-76.99771,38.84188],[-76.99758,38.84189],[-76.99736,38.84189],[-76.99733,38.84189],[-76.99723,38.84136],[-76.99723,38.84134],[-76.99735,38.84092],[-76.99702,38.83979],[-76.99705,38.83979],[-76.99705,38.83978],[-76.99705,38.83974],[-76.99705,38.83964],[-76.99705,38.83953],[-76.99705,38.8395],[-76.99705,38.83941],[-76.99703,38.83938],[-76.99703,38.83937],[-76.99692,38.83919],[-76.99679,38.83897],[-76.99675,38.83891],[-76.99649,38.83849],[-76.99649,38.83842],[-76.99649,38.8384],[-76.99648,38.83834],[-76.99643,38.83835],[-76.99639,38.83836],[-76.99634,38.83838],[-76.99627,38.83839],[-76.9962,38.83841],[-76.99614,38.83843],[-76.99607,38.83844],[-76.99601,38.83846],[-76.99594,38.83848],[-76.99587,38.83849],[-76.99581,38.83851],[-76.99573,38.83852],[-76.99565,38.83854],[-76.99558,38.83856],[-76.9955,38.83857],[-76.99543,38.83859],[-76.99535,38.8386],[-76.99528,38.83862],[-76.9952,38.83863],[-76.99512,38.83864],[-76.99505,38.83866],[-76.99497,38.83867],[-76.99489,38.83868],[-76.99482,38.83869],[-76.99474,38.8387],[-76.99467,38.83871],[-76.99459,38.83872],[-76.99451,38.83873],[-76.99444,38.83874],[-76.99436,38.83875],[-76.99428,38.83876],[-76.99422,38.83876],[-76.99415,38.83877],[-76.99409,38.83878],[-76.99403,38.83878],[-76.99396,38.83879],[-76.9939,38.83879],[-76.99383,38.8388],[-76.99377,38.8388],[-76.9937,38.8388],[-76.99363,38.83881],[-76.99357,38.83881],[-76.99356,38.83881],[-76.99357,38.83882],[-76.99357,38.8389],[-76.99357,38.83893],[-76.99358,38.83911],[-76.99358,38.83916],[-76.99374,38.83915],[-76.9939,38.83914],[-76.994,38.83913],[-76.99407,38.83913],[-76.99419,38.83912],[-76.99432,38.83911],[-76.99444,38.83911],[-76.99444,38.83914],[-76.99445,38.83918],[-76.99436,38.83924],[-76.99429,38.8393],[-76.99429,38.83931],[-76.99421,38.83938],[-76.99418,38.8394],[-76.99415,38.83943],[-76.99413,38.83944],[-76.99407,38.83949],[-76.99401,38.83954],[-76.994,38.83956],[-76.99399,38.83956],[-76.99393,38.83956],[-76.99375,38.83956],[-76.99369,38.83956],[-76.99359,38.83957],[-76.9936,38.83979],[-76.9936,38.83988],[-76.99361,38.83997],[-76.99361,38.84008],[-76.99361,38.84012],[-76.99361,38.84017],[-76.99362,38.84021],[-76.99362,38.84025],[-76.99362,38.8403],[-76.99363,38.84034],[-76.99363,38.84038],[-76.99364,38.84042],[-76.99364,38.84047],[-76.99365,38.84049],[-76.99349,38.84053],[-76.99288,38.84068],[-76.99225,38.84083],[-76.99226,38.84091],[-76.99189,38.84101],[-76.99112,38.84123],[-76.99101,38.84061],[-76.991,38.84056],[-76.991,38.84053],[-76.99098,38.84051],[-76.99097,38.84048],[-76.99093,38.84044],[-76.99088,38.8404],[-76.99085,38.84039],[-76.99079,38.84036],[-76.99074,38.84035],[-76.99067,38.84035],[-76.99062,38.84035],[-76.99057,38.84035],[-76.98989,38.84052],[-76.98865,38.84082],[-76.98863,38.84083],[-76.9886,38.84083],[-76.98858,38.84083],[-76.98855,38.84083],[-76.98851,38.84084],[-76.98851,38.84086],[-76.9885,38.84134],[-76.98872,38.84129],[-76.98905,38.84121],[-76.98905,38.84122],[-76.98906,38.84123],[-76.98919,38.84157],[-76.98924,38.84168],[-76.98892,38.84176],[-76.98897,38.84188],[-76.98907,38.84214],[-76.98908,38.84216],[-76.98908,38.84217],[-76.98909,38.84217],[-76.9892,38.84214],[-76.98934,38.84211],[-76.98944,38.84265],[-76.98865,38.84279],[-76.98863,38.84279],[-76.98851,38.84281],[-76.98851,38.84324],[-76.98851,38.8439],[-76.98851,38.8443],[-76.98852,38.84464],[-76.98852,38.84467],[-76.98865,38.84465],[-76.98915,38.84458],[-76.98944,38.84452],[-76.9894,38.84437],[-76.98934,38.84417],[-76.98933,38.84415],[-76.98952,38.84412],[-76.98952,38.84414],[-76.98954,38.84419],[-76.98952,38.84435],[-76.98955,38.8445],[-76.98991,38.84443],[-76.99037,38.84436],[-76.99049,38.84434],[-76.9906,38.84432],[-76.99068,38.8443],[-76.9907,38.8443],[-76.991,38.84425],[-76.99155,38.84415],[-76.99161,38.84414],[-76.99166,38.84413],[-76.99167,38.84413],[-76.99178,38.84411],[-76.9921,38.84406],[-76.99231,38.84419],[-76.99382,38.84509],[-76.99472,38.84563]],[[-76.99544,38.84349],[-76.99533,38.84351],[-76.99522,38.84353],[-76.99491,38.84358],[-76.99482,38.84359],[-76.99471,38.84361],[-76.99458,38.84364],[-76.99449,38.84365],[-76.99438,38.84367],[-76.99423,38.8437],[-76.99415,38.84326],[-76.99402,38.84254],[-76.99416,38.84251],[-76.99458,38.84245],[-76.99459,38.84245],[-76.99502,38.84239],[-76.99503,38.84239],[-76.99514,38.84237],[-76.99519,38.84237],[-76.99519,38.84236],[-76.9952,38.84236],[-76.99558,38.84231],[-76.9956,38.84231],[-76.99573,38.84299],[-76.99573,38.84303],[-76.99576,38.84303],[-76.99583,38.8433],[-76.99586,38.84343],[-76.99577,38.84344],[-76.99544,38.84349]]]},"properties":{"zone":"R-2","label":"R-2","desc":"Provide areas predominantly developed with semi-detached houses on moderately-sized lots that also contain some detached dwellings"}},{"type":"Feature","geometry":{"type":"Polygon","coordinates":[[[-76.99324,38.82909],[-76.99323,38.82921],[-76.99366,38.82921],[-76.99479,38.82921],[-76.99489,38.82921],[-76.99529,38.82873],[-76.99528,38.82872],[-76.99479,38.82849],[-76.99478,38.82846],[-76.99434,38.82825],[-76.9943,38.82839],[-76.99415,38.82837],[-76.99409,38.82841],[-76.99405,38.82844],[-76.9938,38.82844],[-76.99356,38.82844],[-76.99356,38.82835],[-76.9931,38.82834],[-76.99324,38.82909]]]},"properties":{"zone":"R-3","label":"R-3","desc":"Allows for attached rowhouses on small lots and row dwellings mingled with detached, semi-detached, and groupings of three or more row dwellings"}},{"type":"Feature","geometry":{"type":"Polygon","coordinates":[[[-77.07578,38.96665],[-77.07577,38.96664],[-77.07556,38.96627],[-77.0755,38.96627],[-77.0755,38.96625],[-77.0755,38.9659],[-77.0755,38.96582],[-77.07549,38.96582],[-77.07532,38.96582],[-77.07525,38.96582],[-77.07511,38.96582],[-77.07468,38.96582],[-77.07456,38.96582],[-77.07453,38.96582],[-77.07453,38.96535],[-77.07455,38.96535],[-77.07455,38.96505],[-77.07455,38.965],[-77.07455,38.96497],[-77.07455,38.96491],[-77.07471,38.96491],[-77.07477,38.96491],[-77.07473,38.96484],[-77.07471,38.9648],[-77.07451,38.96446],[-77.07432,38.96446],[-77.07428,38.96446],[-77.07428,38.96445],[-77.07391,38.96445],[-77.07391,38.96443],[-77.07391,38.96412],[-77.07391,38.96408],[-77.07391,38.96401],[-77.07393,38.96401],[-77.07403,38.96401],[-77.07403,38.96398],[-77.07403,38.96394],[-77.07403,38.96356],[-77.07371,38.96356],[-77.07371,38.96354],[-77.07371,38.96322],[-77.07371,38.96318],[-77.07371,38.9631],[-77.07368,38.9631],[-77.07365,38.96307],[-77.07359,38.96301],[-77.07352,38.96294],[-77.07348,38.9629],[-77.07346,38.96288],[-77.07338,38.9628],[-77.07331,38.96272],[-77.07325,38.96266],[-77.07317,38.96258],[-77.07311,38.96258],[-77.07304,38.96258],[-77.07296,38.96258],[-77.07288,38.96258],[-77.07288,38.96256],[-77.07288,38.96232],[-77.07288,38.9622],[-77.07288,38.96219],[-77.07288,38.96218],[-77.07288,38.96215],[-77.07288,38.96209],[-77.07273,38.96209],[-77.07267,38.96209],[-77.07265,38.96209],[-77.07262,38.96205],[-77.07259,38.96201],[-77.07255,38.96197],[-77.07231,38.96173],[-77.07205,38.96146],[-77.07227,38.96145],[-77.07245,38.96144],[-77.07262,38.96143],[-77.0728,38.96142],[-77.0728,38.96119],[-77.0728,38.96115],[-77.0728,38.96112],[-77.0728,38.9611],[-77.0728,38.96107],[-77.0728,38.96105],[-77.0728,38.96102],[-77.07237,38.96102],[-77.07201,38.96103],[-77.07199,38.96103],[-77.07199,38.96092],[-77.07199,38.9607],[-77.07191,38.96066],[-77.07191,38.96064],[-77.07191,38.9606],[-77.07191,38.96045],[-77.07191,38.96041],[-77.07191,38.96032],[-77.07222,38.96032],[-77.07205,38.96001],[-77.07202,38.96001],[-77.06993,38.96001],[-77.06917,38.96001],[-77.06902,38.96001],[-77.06893,38.96001],[-77.06878,38.96001],[-77.06851,38.96001],[-77.06831,38.96001],[-77.06828,38.95998],[-77.06825,38.95995],[-77.06821,38.95993],[-77.06818,38.9599],[-77.06815,38.95987],[-77.06812,38.95984],[-77.06809,38.95981],[-77.06806,38.95978],[-77.06802,38.95975],[-77.06801,38.95974],[-77.06799,38.95972],[-77.06795,38.95969],[-77.06794,38.95969],[-77.06794,38.95968],[-77.06791,38.95966],[-77.06788,38.95964],[-77.06784,38.95961],[-77.0678,38.95958],[-77.06777,38.95955],[-77.06773,38.95952],[-77.06768,38.95949],[-77.06764,38.95947],[-77.06755,38.9594],[-77.06745,38.95933],[-77.06741,38.9593],[-77.06737,38.95928],[-77.06734,38.95926],[-77.0673,38.95923],[-77.06727,38.95921],[-77.06723,38.95919],[-77.0672,38.95917],[-77.06716,38.95914],[-77.06712,38.95912],[-77.06709,38.9591],[-77.06705,38.95908],[-77.06922,38.95651],[-77.0693,38.95641],[-77.06928,38.95639],[-77.06937,38.95628],[-77.06946,38.95617],[-77.06949,38.95614],[-77.06949,38.95608],[-77.0695,38.95597],[-77.0695,38.95596],[-77.06949,38.95595],[-77.06946,38.95589],[-77.06937,38.95574],[-77.06929,38.95558],[-77.06923,38.95548],[-77.0692,38.95542],[-77.06919,38.95542],[-77.06919,38.95541],[-77.06918,38.9554],[-77.06917,38.9554],[-77.06916,38.9554],[-77.06903,38.95538],[-77.06902,38.9554],[-77.06901,38.95542],[-77.06901,38.95544],[-77.06898,38.9555],[-77.06898,38.95551],[-77.06896,38.95556],[-77.06895,38.95559],[-77.06894,38.95561],[-77.06893,38.95564],[-77.06892,38.95567],[-77.06891,38.95569],[-77.06889,38.95572],[-77.06886,38.95577],[-77.06883,38.95582],[-77.06873,38.95597],[-77.06864,38.95611],[-77.06856,38.95624],[-77.06847,38.95637],[-77.06839,38.9565],[-77.06829,38.95666],[-77.06826,38.9567],[-77.06823,38.95675],[-77.0682,38.9568],[-77.06817,38.95684],[-77.06814,38.95689],[-77.06811,38.95694],[-77.06807,38.957],[-77.06803,38.95705],[-77.06798,38.95711],[-77.06793,38.95717],[-77.06785,38.95726],[-77.06779,38.95732],[-77.06769,38.95742],[-77.06759,38.95751],[-77.06748,38.9576],[-77.06744,38.95764],[-77.06742,38.95765],[-77.0674,38.95767],[-77.06735,38.95771],[-77.06733,38.95772],[-77.06731,38.95774],[-77.06729,38.95776],[-77.06726,38.95778],[-77.06722,38.95781],[-77.06717,38.95784],[-77.06713,38.95787],[-77.06711,38.95789],[-77.06709,38.95791],[-77.06692,38.95802],[-77.06669,38.95819],[-77.06632,38.95844],[-77.06624,38.9585],[-77.06621,38.95852],[-77.06617,38.95856],[-77.06604,38.95863],[-77.06593,38.95861],[-77.06579,38.9586],[-77.06566,38.95859],[-77.06559,38.95858],[-77.06553,38.95857],[-77.06539,38.95855],[-77.06533,38.95854],[-77.06526,38.95852],[-77.06519,38.95851],[-77.06513,38.95849],[-77.06506,38.95851],[-77.065,38.95854],[-77.06498,38.95857],[-77.06492,38.9587],[-77.06492,38.95871],[-77.06492,38.95872],[-77.06491,38.95872],[-77.06485,38.95886],[-77.06469,38.95923],[-77.06446,38.95974],[-77.06443,38.95981],[-77.06433,38.95981],[-77.06432,38.95981],[-77.06377,38.95981],[-77.06376,38.95981],[-77.06345,38.95981],[-77.06344,38.95981],[-77.06345,38.95989],[-77.06345,38.95993],[-77.06345,38.95995],[-77.06346,38.95997],[-77.06346,38.95998],[-77.06346,38.95999],[-77.06346,38.96],[-77.06346,38.96001],[-77.06348,38.96028],[-77.06348,38.9603],[-77.06348,38.96031],[-77.06348,38.96032],[-77.06348,38.96033],[-77.06349,38.96033],[-77.06349,38.96034],[-77.06349,38.96035],[-77.06349,38.96036],[-77.06349,38.96037],[-77.06349,38.96038],[-77.06349,38.96039],[-77.06349,38.9604],[-77.06349,38.96041],[-77.06349,38.96042],[-77.06349,38.96043],[-77.06349,38.96044],[-77.06349,38.96045],[-77.0635,38.96047],[-77.0635,38.96052],[-77.0635,38.96053],[-77.0635,38.96054],[-77.0635,38.96058],[-77.06351,38.96061],[-77.06353,38.96086],[-77.06353,38.9609],[-77.06354,38.96102],[-77.06341,38.96102],[-77.06324,38.96102],[-77.06312,38.96102],[-77.06286,38.96102],[-77.0627,38.96102],[-77.06257,38.96102],[-77.0624,38.96102],[-77.06237,38.96102],[-77.06212,38.96098],[-77.06175,38.9609],[-77.0617,38.96089],[-77.06169,38.96089],[-77.06153,38.96086],[-77.06125,38.96081],[-77.06098,38.96076],[-77.06084,38.96073],[-77.0604,38.96065],[-77.0603,38.96063],[-77.05989,38.96056],[-77.05988,38.96056],[-77.05972,38.96053],[-77.05929,38.96046],[-77.05924,38.96045],[-77.05924,38.96042],[-77.05923,38.96038],[-77.05923,38.96035],[-77.05923,38.96033],[-77.05923,38.96032],[-77.05923,38.9602],[-77.05923,38.96009],[-77.05923,38.95983],[-77.05923,38.95969],[-77.05923,38.95968],[-77.05923,38.95963],[-77.05923,38.95948],[-77.05923,38.95927],[-77.05922,38.95927],[-77.05921,38.95927],[-77.0592,38.95927],[-77.05891,38.95927],[-77.05885,38.95927],[-77.05875,38.95927],[-77.05875,38.95906],[-77.05874,38.95901],[-77.05873,38.95896],[-77.05872,38.95894],[-77.05872,38.95893],[-77.05872,38.95892],[-77.0587,38.95887],[-77.05869,38.95886],[-77.05867,38.95883],[-77.05865,38.95879],[-77.05865,38.95878],[-77.05864,38.95878],[-77.05864,38.95877],[-77.05863,38.95876],[-77.05863,38.95875],[-77.05862,38.95875],[-77.05862,38.95874],[-77.05858,38.9587],[-77.05854,38.95866],[-77.0585,38.95862],[-77.05846,38.95859],[-77.05841,38.95857],[-77.05836,38.95854],[-77.05831,38.95852],[-77.05827,38.9585],[-77.05826,38.9585],[-77.05826,38.95849],[-77.05825,38.95849],[-77.05824,38.95849],[-77.05823,38.95848],[-77.05822,38.95848],[-77.05821,38.95848],[-77.05816,38.95846],[-77.05811,38.95845],[-77.0581,38.95845],[-77.05804,38.95843],[-77.05799,38.95843],[-77.05779,38.95841],[-77.05775,38.95841],[-77.05775,38.95834],[-77.05785,38.95834],[-77.0579,38.95834],[-77.05792,38.9583],[-77.05796,38.95823],[-77.05805,38.95806],[-77.05806,38.95802],[-77.05807,38.95799],[-77.05807,38.95797],[-77.05808,38.95794],[-77.05807,38.95792],[-77.05807,38.9579],[-77.05806,38.95785],[-77.05805,38.95783],[-77.05804,38.95781],[-77.05802,38.95778],[-77.058,38.95776],[-77.05798,38.95775],[-77.05797,38.95774],[-77.05794,38.95771],[-77.05793,38.95771],[-77.0579,38.95769],[-77.05789,38.95769],[-77.05786,38.95767],[-77.05783,38.95766],[-77.05782,38.95766],[-77.05778,38.95765],[-77.05777,38.95765],[-77.05773,38.95765],[-77.05771,38.95765],[-77.05769,38.95765],[-77.05715,38.95765],[-77.05709,38.95765],[-77.05708,38.95765],[-77.05707,38.95765],[-77.05699,38.95765],[-77.05698,38.95766],[-77.05698,38.95768],[-77.05697,38.95769],[-77.05697,38.9577],[-77.05696,38.95771],[-77.05696,38.95772],[-77.05694,38.95775],[-77.05693,38.95778],[-77.05692,38.95781],[-77.0569,38.95784],[-77.05688,38.95787],[-77.05687,38.95788],[-77.05686,38.9579],[-77.05685,38.95791],[-77.05684,38.95792],[-77.05683,38.95794],[-77.05682,38.95795],[-77.05681,38.95796],[-77.05679,38.95797],[-77.05678,38.95798],[-77.05678,38.95799],[-77.05676,38.95801],[-77.05675,38.95802],[-77.05674,38.95802],[-77.05672,38.95804],[-77.05654,38.95816],[-77.05644,38.95823],[-77.05643,38.95823],[-77.05641,38.95824],[-77.0564,38.95824],[-77.05639,38.95825],[-77.05638,38.95826],[-77.05637,38.95827],[-77.05636,38.95828],[-77.05635,38.95828],[-77.05634,38.95829],[-77.05633,38.9583],[-77.05631,38.95832],[-77.0563,38.95833],[-77.05629,38.95834],[-77.05627,38.95836],[-77.05626,38.95839],[-77.05625,38.9584],[-77.05624,38.95841],[-77.05622,38.95843],[-77.05621,38.95845],[-77.0562,38.95846],[-77.05619,38.95847],[-77.05617,38.95849],[-77.05617,38.9585],[-77.05616,38.95851],[-77.05614,38.95854],[-77.05612,38.95857],[-77.0561,38.9586],[-77.05609,38.95862],[-77.05607,38.95865],[-77.05606,38.95868],[-77.05605,38.95871],[-77.05604,38.95874],[-77.05603,38.95877],[-77.05602,38.9588],[-77.05602,38.95881],[-77.05601,38.95882],[-77.05601,38.95883],[-77.05601,38.95884],[-77.05601,38.95885],[-77.05601,38.95886],[-77.05601,38.95887],[-77.05601,38.95888],[-77.05601,38.9589],[-77.05601,38.95891],[-77.05601,38.95893],[-77.05601,38.95895],[-77.05601,38.95896],[-77.05602,38.95899],[-77.05602,38.959],[-77.05602,38.95901],[-77.05603,38.95904],[-77.05603,38.95905],[-77.05603,38.95906],[-77.05603,38.95909],[-77.05604,38.9591],[-77.05604,38.95911],[-77.05604,38.95914],[-77.05604,38.95915],[-77.05605,38.95916],[-77.05605,38.95919],[-77.05605,38.95921],[-77.05606,38.95923],[-77.05606,38.95924],[-77.05609,38.95945],[-77.0561,38.95948],[-77.0561,38.95951],[-77.05611,38.95954],[-77.05612,38.95958],[-77.05612,38.95961],[-77.05613,38.95964],[-77.05613,38.95967],[-77.05614,38.9597],[-77.05615,38.95973],[-77.05616,38.95976],[-77.05616,38.95978],[-77.05616,38.95979],[-77.05617,38.95981],[-77.05617,38.95983],[-77.05617,38.95984],[-77.05618,38.95986],[-77.05618,38.95988],[-77.05618,38.95989],[-77.05619,38.95991],[-77.05619,38.95992],[-77.05619,38.95993],[-77.05619,38.95994],[-77.0562,38.95996],[-77.0562,38.95999],[-77.0562,38.96],[-77.0562,38.96001],[-77.05621,38.96004],[-77.05621,38.96007],[-77.05621,38.96011],[-77.05621,38.96014],[-77.05621,38.96017],[-77.05621,38.9602],[-77.05621,38.96023],[-77.05621,38.96026],[-77.05621,38.96029],[-77.05621,38.96032],[-77.05621,38.96035],[-77.05621,38.96038],[-77.05621,38.96041],[-77.05621,38.96044],[-77.05621,38.96047],[-77.05621,38.9605],[-77.05621,38.96053],[-77.05621,38.96056],[-77.05621,38.96059],[-77.05621,38.96062],[-77.0562,38.96083],[-77.0562,38.96088],[-77.0562,38.96102],[-77.05699,38.96102],[-77.05703,38.96102],[-77.05737,38.96102],[-77.05738,38.96102],[-77.05745,38.96102],[-77.05746,38.96102],[-77.05747,38.96102],[-77.05747,38.96113],[-77.05747,38.96115],[-77.05747,38.96119],[-77.05747,38.96144],[-77.05748,38.9617],[-77.05748,38.96185],[-77.05748,38.96189],[-77.05748,38.9619],[-77.05748,38.96192],[-77.05748,38.96194],[-77.05748,38.96197],[-77.05748,38.96198],[-77.05748,38.962],[-77.05748,38.96202],[-77.05748,38.96204],[-77.05748,38.96205],[-77.05748,38.96206],[-77.05748,38.96207],[-77.05748,38.96209],[-77.05748,38.9621],[-77.05748,38.96211],[-77.05747,38.96211],[-77.05747,38.96212],[-77.05747,38.96214],[-77.05747,38.96215],[-77.05747,38.96216],[-77.05747,38.96217],[-77.05747,38.96218],[-77.05747,38.96219],[-77.05747,38.9622],[-77.05747,38.96221],[-77.05747,38.96222],[-77.05747,38.96223],[-77.05747,38.96224],[-77.05747,38.96226],[-77.05747,38.96227],[-77.05747,38.96228],[-77.05747,38.9623],[-77.05747,38.96231],[-77.05747,38.96232],[-77.05747,38.96234],[-77.05747,38.96235],[-77.05747,38.96236],[-77.05748,38.96237],[-77.05748,38.96241],[-77.05748,38.96245],[-77.05748,38.96249],[-77.05748,38.96253],[-77.05748,38.96257],[-77.05748,38.96261],[-77.05748,38.96264],[-77.05748,38.96268],[-77.05748,38.96272],[-77.05747,38.96276],[-77.05747,38.96278],[-77.05747,38.96279],[-77.05747,38.96281],[-77.05747,38.96283],[-77.05747,38.96285],[-77.05747,38.96286],[-77.05747,38.96288],[-77.05747,38.9629],[-77.05747,38.96291],[-77.05747,38.96292],[-77.05747,38.96294],[-77.05747,38.96296],[-77.05747,38.96297],[-77.05747,38.96299],[-77.05747,38.96302],[-77.05747,38.96312],[-77.05772,38.96315],[-77.05776,38.96316],[-77.05781,38.96317],[-77.05784,38.96318],[-77.05787,38.96319],[-77.05789,38.9632],[-77.0579,38.9632],[-77.05793,38.96321],[-77.05796,38.96322],[-77.05798,38.96322],[-77.05799,38.96323],[-77.05802,38.96324],[-77.05803,38.96324],[-77.05805,38.96325],[-77.05808,38.96326],[-77.05811,38.96327],[-77.0582,38.96331],[-77.05823,38.96333],[-77.05827,38.96335],[-77.0583,38.96337],[-77.05834,38.96339],[-77.05837,38.96341],[-77.05841,38.96343],[-77.05844,38.96346],[-77.05847,38.96348],[-77.0585,38.9635],[-77.05854,38.96353],[-77.05856,38.96355],[-77.05858,38.96357],[-77.0586,38.9636],[-77.05862,38.96362],[-77.05852,38.96368],[-77.05839,38.96375],[-77.05833,38.96379],[-77.05828,38.96382],[-77.05823,38.96386],[-77.05817,38.96389],[-77.05812,38.96392],[-77.05807,38.96395],[-77.05802,38.96399],[-77.05796,38.96402],[-77.05791,38.96405],[-77.05786,38.96409],[-77.0578,38.96412],[-77.05775,38.96415],[-77.0577,38.96418],[-77.05765,38.96421],[-77.05759,38.96424],[-77.05754,38.96427],[-77.05749,38.96431],[-77.05744,38.96434],[-77.05738,38.96437],[-77.05733,38.9644],[-77.05732,38.96441],[-77.05731,38.96442],[-77.0573,38.96442],[-77.05729,38.96443],[-77.05728,38.96443],[-77.05728,38.96444],[-77.05727,38.96444],[-77.05718,38.96451],[-77.05727,38.96457],[-77.0574,38.96467],[-77.05741,38.96467],[-77.05742,38.96468],[-77.05751,38.96475],[-77.05758,38.9648],[-77.0578,38.96495],[-77.05766,38.96507],[-77.05745,38.96522],[-77.05741,38.96525],[-77.05732,38.96532],[-77.0572,38.9654],[-77.0572,38.96541],[-77.05719,38.96541],[-77.05706,38.96551],[-77.05693,38.9656],[-77.05681,38.96569],[-77.0567,38.96578],[-77.05659,38.96585],[-77.05646,38.96595],[-77.05633,38.96605],[-77.05626,38.96614],[-77.05619,38.96622],[-77.05627,38.96626],[-77.05637,38.9663],[-77.05637,38.96631],[-77.05644,38.96638],[-77.05648,38.96642],[-77.05649,38.96644],[-77.05652,38.96648],[-77.05653,38.96649],[-77.05655,38.96652],[-77.05657,38.96655],[-77.0566,38.9666],[-77.05661,38.9666],[-77.05663,38.96663],[-77.05663,38.96664],[-77.05667,38.96671],[-77.05668,38.96672],[-77.05668,38.96673],[-77.05671,38.9668],[-77.05673,38.96684],[-77.05675,38.96689],[-77.05679,38.96701],[-77.0568,38.96701],[-77.05681,38.96701],[-77.05686,38.96713],[-77.05686,38.96716],[-77.05688,38.96722],[-77.05714,38.96792],[-77.05718,38.96802],[-77.05718,38.96803],[-77.05719,38.96804],[-77.05721,38.96811],[-77.05725,38.96821],[-77.05727,38.96827],[-77.05728,38.96829],[-77.05728,38.9683],[-77.05729,38.96832],[-77.05729,38.96833],[-77.0573,38.96834],[-77.0573,38.96835],[-77.05731,38.96838],[-77.05731,38.96839],[-77.05732,38.9684],[-77.05732,38.96841],[-77.05733,38.96843],[-77.05734,38.96845],[-77.05734,38.96847],[-77.05735,38.96849],[-77.05735,38.9685],[-77.05736,38.96852],[-77.05737,38.96854],[-77.05737,38.96856],[-77.05738,38.96857],[-77.05738,38.96858],[-77.05738,38.96859],[-77.05739,38.9686],[-77.0574,38.96861],[-77.0574,38.96862],[-77.05741,38.96865],[-77.05744,38.96872],[-77.05744,38.96873],[-77.05744,38.96874],[-77.05744,38.96875],[-77.05745,38.96876],[-77.05745,38.96877],[-77.05746,38.96878],[-77.05746,38.96879],[-77.05746,38.9688],[-77.0575,38.96888],[-77.05783,38.9687],[-77.05802,38.9686],[-77.05804,38.96859],[-77.05813,38.96854],[-77.05818,38.96862],[-77.05844,38.96931],[-77.05844,38.96932],[-77.05844,38.96933],[-77.05845,38.96934],[-77.05845,38.96935],[-77.05845,38.96936],[-77.05846,38.96937],[-77.05846,38.96938],[-77.05846,38.96939],[-77.05846,38.9694],[-77.05846,38.96941],[-77.05847,38.96942],[-77.05847,38.96943],[-77.05847,38.96944],[-77.05847,38.96945],[-77.05847,38.96946],[-77.05847,38.96948],[-77.05847,38.96949],[-77.05847,38.9695],[-77.05847,38.96951],[-77.05847,38.96952],[-77.05847,38.96953],[-77.05848,38.96953],[-77.05848,38.96954],[-77.05848,38.96955],[-77.05848,38.96956],[-77.05847,38.96968],[-77.05847,38.96977],[-77.05846,38.96977],[-77.05836,38.96977],[-77.05793,38.96977],[-77.0577,38.96977],[-77.05746,38.96976],[-77.05692,38.96977],[-77.05656,38.96977],[-77.05624,38.96977],[-77.05616,38.96977],[-77.05606,38.96977],[-77.05584,38.96978],[-77.05564,38.96989],[-77.05546,38.96999],[-77.05527,38.97009],[-77.05515,38.97015],[-77.05523,38.97022],[-77.05524,38.97022],[-77.05525,38.97023],[-77.05526,38.97024],[-77.05527,38.97024],[-77.05528,38.97024],[-77.05528,38.97025],[-77.05529,38.97025],[-77.05532,38.97026],[-77.05534,38.97027],[-77.05535,38.97027],[-77.05537,38.97028],[-77.05539,38.97028],[-77.0554,38.97029],[-77.05542,38.97029],[-77.05543,38.9703],[-77.05545,38.97031],[-77.05547,38.97031],[-77.05549,38.97032],[-77.05551,38.97033],[-77.05553,38.97033],[-77.05555,38.97034],[-77.05558,38.97035],[-77.05561,38.97036],[-77.05563,38.97037],[-77.05565,38.97038],[-77.05568,38.97039],[-77.05571,38.9704],[-77.05573,38.97041],[-77.05574,38.97041],[-77.05575,38.97041],[-77.05577,38.97042],[-77.05578,38.97042],[-77.0558,38.97043],[-77.05582,38.97043],[-77.05583,38.97044],[-77.05585,38.97044],[-77.05586,38.97044],[-77.05586,38.97045],[-77.05588,38.97045],[-77.05589,38.97045],[-77.0559,38.97045],[-77.05591,38.97046],[-77.05593,38.97046],[-77.05594,38.97046],[-77.05596,38.97047],[-77.05597,38.97047],[-77.05598,38.97047],[-77.056,38.97047],[-77.056,38.97048],[-77.05601,38.97048],[-77.05602,38.97048],[-77.05603,38.97048],[-77.05604,38.97048],[-77.05606,38.97048],[-77.05608,38.97049],[-77.05609,38.97049],[-77.05611,38.97049],[-77.05612,38.97049],[-77.05613,38.97049],[-77.05614,38.9705],[-77.05615,38.9705],[-77.05616,38.9705],[-77.05618,38.9705],[-77.0562,38.9705],[-77.05621,38.9705],[-77.05622,38.9705],[-77.05624,38.97051],[-77.05625,38.97051],[-77.05627,38.97051],[-77.05628,38.97051],[-77.05629,38.97051],[-77.05631,38.97052],[-77.05632,38.97052],[-77.05633,38.97052],[-77.05634,38.97052],[-77.05635,38.97052],[-77.05636,38.97052],[-77.05637,38.97052],[-77.05638,38.97052],[-77.05639,38.97052],[-77.05641,38.97052],[-77.05642,38.97053],[-77.05643,38.97053],[-77.05645,38.97053],[-77.05647,38.97053],[-77.05648,38.97053],[-77.05649,38.97053],[-77.05651,38.97053],[-77.05653,38.97053],[-77.05654,38.97053],[-77.05655,38.97054],[-77.05657,38.97054],[-77.05659,38.97054],[-77.0566,38.97054],[-77.05661,38.97054],[-77.05663,38.97054],[-77.05664,38.97054],[-77.05665,38.97054],[-77.05666,38.97054],[-77.05667,38.97054],[-77.05668,38.97054],[-77.05669,38.97054],[-77.0567,38.97054],[-77.05671,38.97054],[-77.05672,38.97055],[-77.05673,38.97055],[-77.05675,38.97055],[-77.05677,38.97055],[-77.05678,38.97055],[-77.05679,38.97055],[-77.05681,38.97056],[-77.05682,38.97056],[-77.05683,38.97056],[-77.05685,38.97056],[-77.05686,38.97056],[-77.05687,38.97056],[-77.05689,38.97057],[-77.05691,38.97057],[-77.05692,38.97057],[-77.05693,38.97057],[-77.05695,38.97058],[-77.05696,38.97058],[-77.05697,38.97058],[-77.05699,38.97058],[-77.057,38.97059],[-77.05701,38.97059],[-77.05702,38.97059],[-77.05704,38.9706],[-77.05706,38.9706],[-77.05707,38.9706],[-77.05708,38.9706],[-77.0571,38.97061],[-77.05711,38.97061],[-77.05712,38.97061],[-77.05713,38.97062],[-77.05714,38.97062],[-77.05715,38.97062],[-77.05716,38.97063],[-77.05717,38.97063],[-77.05718,38.97063],[-77.05719,38.97064],[-77.0572,38.97064],[-77.05721,38.97064],[-77.05722,38.97065],[-77.05723,38.97065],[-77.05724,38.97065],[-77.05724,38.97066],[-77.05725,38.97066],[-77.05726,38.97066],[-77.05727,38.97066],[-77.05727,38.97067],[-77.05729,38.97067],[-77.05729,38.97068],[-77.0573,38.97068],[-77.05732,38.97069],[-77.05733,38.97069],[-77.05734,38.9707],[-77.05735,38.9707],[-77.05736,38.97071],[-77.05737,38.97071],[-77.05739,38.97072],[-77.05739,38.97073],[-77.0574,38.97073],[-77.05741,38.97074],[-77.05742,38.97074],[-77.05743,38.97074],[-77.05744,38.97075],[-77.05745,38.97076],[-77.05746,38.97077],[-77.05748,38.97077],[-77.05748,38.97078],[-77.05749,38.97078],[-77.0575,38.97079],[-77.05751,38.97079],[-77.05751,38.9708],[-77.05752,38.9708],[-77.05753,38.97081],[-77.05754,38.97082],[-77.05755,38.97082],[-77.05756,38.97083],[-77.05757,38.97083],[-77.05757,38.97084],[-77.05759,38.97085],[-77.0576,38.97086],[-77.05761,38.97087],[-77.05762,38.97087],[-77.05763,38.97088],[-77.05764,38.97089],[-77.05765,38.97089],[-77.05766,38.9709],[-77.05767,38.97091],[-77.05768,38.97092],[-77.05769,38.97093],[-77.0577,38.97094],[-77.05801,38.97118],[-77.05808,38.97125],[-77.05802,38.9713],[-77.0577,38.97154],[-77.05742,38.97176],[-77.05693,38.97214],[-77.05689,38.97217],[-77.05686,38.9722],[-77.05675,38.97228],[-77.0562,38.97272],[-77.05619,38.97273],[-77.05618,38.97274],[-77.05617,38.97275],[-77.05617,38.97276],[-77.05616,38.97277],[-77.05616,38.97278],[-77.05615,38.97279],[-77.05615,38.9728],[-77.05615,38.97281],[-77.05615,38.97282],[-77.05614,38.97283],[-77.05614,38.97284],[-77.05623,38.97284],[-77.05629,38.97284],[-77.05685,38.97284],[-77.05738,38.97284],[-77.0577,38.97284],[-77.05781,38.97284],[-77.05805,38.97284],[-77.05796,38.97291],[-77.05795,38.97292],[-77.05794,38.97293],[-77.05791,38.97295],[-77.0579,38.97296],[-77.05789,38.97297],[-77.05788,38.97298],[-77.05787,38.97299],[-77.05786,38.973],[-77.05784,38.97301],[-77.05792,38.97307],[-77.05812,38.97322],[-77.05827,38.97333],[-77.05831,38.97337],[-77.05866,38.97362],[-77.0588,38.97373],[-77.05871,38.9738],[-77.05836,38.97408],[-77.05805,38.97433],[-77.05776,38.97455],[-77.0577,38.97459],[-77.05734,38.97487],[-77.05687,38.97524],[-77.05654,38.9755],[-77.05647,38.97555],[-77.05641,38.9756],[-77.0564,38.9756],[-77.0562,38.97577],[-77.05598,38.97594],[-77.05584,38.97605],[-77.05567,38.97618],[-77.05548,38.97632],[-77.0553,38.97646],[-77.05519,38.97655],[-77.05515,38.97658],[-77.05514,38.97659],[-77.05513,38.9766],[-77.05513,38.97661],[-77.05513,38.97662],[-77.05513,38.97663],[-77.05514,38.97663],[-77.05514,38.97664],[-77.05515,38.97664],[-77.05517,38.97666],[-77.05518,38.97667],[-77.05519,38.97668],[-77.0552,38.97668],[-77.05522,38.9767],[-77.05524,38.97671],[-77.05525,38.97672],[-77.05526,38.97673],[-77.05527,38.97674],[-77.05529,38.97675],[-77.0553,38.97676],[-77.05531,38.97677],[-77.05533,38.97678],[-77.05534,38.97679],[-77.05535,38.9768],[-77.05537,38.97681],[-77.05538,38.97682],[-77.05539,38.97682],[-77.05542,38.97684],[-77.05544,38.97685],[-77.05545,38.97686],[-77.05546,38.97687],[-77.05548,38.97688],[-77.05549,38.97688],[-77.05549,38.97689],[-77.0555,38.97689],[-77.05551,38.97689],[-77.05551,38.9769],[-77.05552,38.9769],[-77.05552,38.97691],[-77.05553,38.97691],[-77.05554,38.97691],[-77.05554,38.97692],[-77.05555,38.97692],[-77.05555,38.97693],[-77.05556,38.97693],[-77.05557,38.97693],[-77.05557,38.97694],[-77.05558,38.97694],[-77.0556,38.97695],[-77.05561,38.97696],[-77.05562,38.97696],[-77.05563,38.97696],[-77.05563,38.97697],[-77.05564,38.97697],[-77.05565,38.97697],[-77.05565,38.97698],[-77.05566,38.97698],[-77.05567,38.97698],[-77.05567,38.97699],[-77.05568,38.97699],[-77.05569,38.97699],[-77.05569,38.977],[-77.05571,38.977],[-77.05572,38.97701],[-77.05573,38.97702],[-77.05574,38.97702],[-77.05576,38.97703],[-77.05577,38.97703],[-77.05579,38.97704],[-77.05579,38.97705],[-77.0558,38.97705],[-77.05581,38.97705],[-77.05582,38.97705],[-77.05582,38.97706],[-77.05583,38.97706],[-77.05585,38.97707],[-77.05586,38.97707],[-77.05587,38.97708],[-77.05588,38.97708],[-77.0559,38.97709],[-77.05591,38.97709],[-77.05592,38.9771],[-77.05593,38.9771],[-77.05595,38.9771],[-77.05603,38.97713],[-77.05608,38.97715],[-77.05613,38.97716],[-77.05623,38.97719],[-77.0564,38.97724],[-77.05656,38.97729],[-77.05682,38.97736],[-77.05702,38.97742],[-77.05712,38.97745],[-77.05721,38.97747],[-77.05732,38.9775],[-77.05733,38.97751],[-77.05734,38.97751],[-77.05761,38.97758],[-77.05771,38.97761],[-77.05801,38.97769],[-77.05815,38.97772],[-77.05825,38.97774],[-77.05827,38.97774],[-77.05828,38.97775],[-77.05831,38.97775],[-77.05832,38.97775],[-77.05834,38.97776],[-77.05835,38.97776],[-77.05836,38.97776],[-77.05837,38.97776],[-77.05838,38.97776],[-77.05839,38.97776],[-77.0584,38.97776],[-77.05842,38.97777],[-77.05843,38.97777],[-77.05846,38.97777],[-77.05847,38.97777],[-77.05849,38.97777],[-77.0585,38.97778],[-77.05851,38.97778],[-77.05852,38.97778],[-77.05853,38.97778],[-77.05854,38.97778],[-77.05855,38.97778],[-77.05856,38.97778],[-77.05857,38.97778],[-77.05858,38.97778],[-77.05859,38.97778],[-77.05862,38.97778],[-77.05866,38.97779],[-77.05869,38.97779],[-77.05873,38.97779],[-77.05877,38.97779],[-77.0588,38.97779],[-77.05884,38.97779],[-77.05888,38.97779],[-77.05891,38.97779],[-77.0591,38.97779],[-77.05916,38.97779],[-77.05928,38.97779],[-77.05936,38.97779],[-77.05948,38.97779],[-77.05949,38.97779],[-77.05954,38.97779],[-77.05963,38.97779],[-77.05978,38.97779],[-77.05979,38.97779],[-77.06008,38.9778],[-77.06031,38.9778],[-77.06062,38.9778],[-77.0608,38.97779],[-77.06097,38.97779],[-77.06118,38.9778],[-77.06152,38.97779],[-77.06205,38.97779],[-77.06228,38.97779],[-77.06234,38.97779],[-77.06255,38.97779],[-77.0626,38.97779],[-77.06262,38.97779],[-77.06263,38.97779],[-77.06265,38.97779],[-77.06266,38.97779],[-77.06268,38.97779],[-77.06269,38.97779],[-77.06271,38.97779],[-77.06272,38.97779],[-77.06273,38.97779],[-77.06274,38.97779],[-77.06275,38.97779],[-77.06278,38.97779],[-77.06279,38.97779],[-77.06281,38.97779],[-77.06283,38.97779],[-77.06284,38.97779],[-77.06286,38.97778],[-77.06288,38.97778],[-77.06291,38.97778],[-77.06292,38.97778],[-77.06293,38.97778],[-77.06296,38.97778],[-77.06298,38.97778],[-77.063,38.97778],[-77.06301,38.97778],[-77.06308,38.97778],[-77.06315,38.97778],[-77.06322,38.97778],[-77.06329,38.97778],[-77.06336,38.97778],[-77.06343,38.97778],[-77.0635,38.97778],[-77.06357,38.97778],[-77.06364,38.97779],[-77.06371,38.97779],[-77.06372,38.97779],[-77.06373,38.97779],[-77.06374,38.97779],[-77.06375,38.97779],[-77.06376,38.97779],[-77.06377,38.97779],[-77.06378,38.9778],[-77.06379,38.9778],[-77.0638,38.97781],[-77.06381,38.97781],[-77.06382,38.97782],[-77.06384,38.97783],[-77.06385,38.97783],[-77.06386,38.97784],[-77.06387,38.97785],[-77.06388,38.97785],[-77.06389,38.97786],[-77.06402,38.97796],[-77.06973,38.9735],[-77.07057,38.97285],[-77.07097,38.97254],[-77.07174,38.97193],[-77.07313,38.97084],[-77.07501,38.96938],[-77.07577,38.96878],[-77.07685,38.96794],[-77.07755,38.96739],[-77.07754,38.96738],[-77.07753,38.96737],[-77.07751,38.96735],[-77.07747,38.96733],[-77.07746,38.96732],[-77.07745,38.96731],[-77.07743,38.9673],[-77.07739,38.96728],[-77.07736,38.96726],[-77.07734,38.96725],[-77.07731,38.96724],[-77.07728,38.96724],[-77.07725,38.96723],[-77.07722,38.96723],[-77.07718,38.96723],[-77.07717,38.96722],[-77.07715,38.96722],[-77.07712,38.96722],[-77.07709,38.96723],[-77.07706,38.96723],[-77.07702,38.96724],[-77.077,38.96724],[-77.07699,38.96724],[-77.07696,38.96725],[-77.07694,38.96726],[-77.07687,38.96714],[-77.07678,38.96698],[-77.07664,38.96674],[-77.07663,38.96672],[-77.07662,38.96672],[-77.07661,38.96672],[-77.07646,38.96672],[-77.07616,38.96672],[-77.07605,38.96672],[-77.07585,38.96672],[-77.07582,38.96672],[-77.07581,38.96672],[-77.07578,38.96672],[-77.07578,38.96665]]]},"properties":{"zone":"R-1B","label":"R-1B","desc":"Provides areas predominantly developed with detached houses on moderately sized lots."}},{"type":"Feature","geometry":{"type":"Polygon","coordinates":[[[-77.00285,38.9256],[-77.00288,38.9256],[-77.00292,38.9256],[-77.00296,38.9256],[-77.003,38.9256],[-77.00304,38.9256],[-77.00306,38.9256],[-77.00308,38.9256],[-77.00309,38.9256],[-77.0031,38.9256],[-77.00311,38.92561],[-77.00312,38.92561],[-77.00313,38.92561],[-77.00317,38.92561],[-77.0032,38.92561],[-77.00324,38.92561],[-77.00328,38.92561],[-77.00332,38.92562],[-77.00336,38.92562],[-77.0034,38.92563],[-77.00344,38.92563],[-77.00347,38.92563],[-77.00351,38.92564],[-77.00355,38.92564],[-77.00359,38.92565],[-77.00363,38.92565],[-77.00367,38.92566],[-77.00372,38.92567],[-77.00376,38.92568],[-77.0038,38.92568],[-77.00384,38.92569],[-77.00388,38.9257],[-77.00393,38.92571],[-77.00397,38.92572],[-77.00401,38.92573],[-77.00404,38.92574],[-77.00408,38.92575],[-77.00412,38.92576],[-77.00416,38.92577],[-77.0042,38.92578],[-77.00423,38.92579],[-77.00427,38.9258],[-77.00431,38.92581],[-77.00435,38.92583],[-77.00438,38.92584],[-77.00442,38.92585],[-77.00446,38.92586],[-77.00449,38.92588],[-77.00453,38.92589],[-77.00457,38.9259],[-77.00461,38.92591],[-77.00464,38.92593],[-77.00468,38.92594],[-77.00469,38.92594],[-77.00472,38.92595],[-77.00476,38.92596],[-77.0048,38.92598],[-77.00484,38.92599],[-77.00488,38.92601],[-77.00493,38.92602],[-77.00497,38.92603],[-77.00501,38.92605],[-77.00505,38.92606],[-77.00509,38.92607],[-77.00513,38.92609],[-77.00533,38.92615],[-77.00534,38.92616],[-77.00535,38.92616],[-77.00536,38.92616],[-77.00539,38.92617],[-77.00541,38.92618],[-77.00542,38.92618],[-77.00545,38.92619],[-77.00546,38.9262],[-77.00548,38.9262],[-77.00551,38.92621],[-77.00553,38.92622],[-77.00555,38.92623],[-77.00556,38.92623],[-77.00559,38.92624],[-77.00562,38.92625],[-77.00562,38.92626],[-77.00563,38.92626],[-77.00566,38.92628],[-77.0057,38.92629],[-77.00573,38.92631],[-77.00576,38.92633],[-77.00579,38.92635],[-77.00582,38.92636],[-77.00585,38.92639],[-77.00588,38.92641],[-77.00591,38.92644],[-77.00594,38.92646],[-77.00597,38.92649],[-77.00599,38.92651],[-77.00606,38.92659],[-77.00621,38.92681],[-77.00626,38.92691],[-77.0063,38.92702],[-77.00632,38.92701],[-77.00635,38.92701],[-77.00637,38.927],[-77.0064,38.927],[-77.00643,38.92699],[-77.00644,38.92699],[-77.00651,38.92698],[-77.00661,38.92697],[-77.00674,38.92695],[-77.00682,38.92694],[-77.00732,38.92688],[-77.00764,38.92684],[-77.00785,38.92681],[-77.0079,38.9268],[-77.00792,38.9268],[-77.00797,38.92679],[-77.00805,38.92678],[-77.00811,38.92678],[-77.00853,38.92673],[-77.00905,38.92667],[-77.00904,38.92652],[-77.00904,38.92619],[-77.00904,38.92592],[-77.00904,38.92584],[-77.00904,38.92575],[-77.00904,38.92548],[-77.00904,38.92522],[-77.00904,38.92514],[-77.00904,38.92505],[-77.00904,38.92484],[-77.00904,38.9246],[-77.00904,38.92452],[-77.00904,38.92444],[-77.00904,38.92411],[-77.00904,38.92352],[-77.00904,38.92345],[-77.00904,38.92338],[-77.00904,38.92334],[-77.00904,38.9226],[-77.00905,38.92238],[-77.00904,38.92131],[-77.00904,38.921],[-77.00904,38.92099],[-77.00904,38.9206],[-77.00904,38.92059],[-77.00904,38.92024],[-77.00904,38.91988],[-77.00904,38.91952],[-77.00904,38.91951],[-77.00904,38.91918],[-77.00904,38.91917],[-77.00904,38.91811],[-77.00891,38.91811],[-77.00844,38.91811],[-77.00741,38.91812],[-77.00706,38.91812],[-77.00695,38.91812],[-77.00684,38.91812],[-77.00612,38.91812],[-77.00611,38.91812],[-77.00609,38.91812],[-77.00608,38.91812],[-77.00607,38.91812],[-77.00606,38.91812],[-77.00605,38.91812],[-77.00604,38.91812],[-77.00603,38.91812],[-77.00602,38.91812],[-77.00601,38.91812],[-77.006,38.91812],[-77.00599,38.91812],[-77.00598,38.91813],[-77.00596,38.91813],[-77.00595,38.91813],[-77.00594,38.91813],[-77.00593,38.91813],[-77.00591,38.91813],[-77.0059,38.91813],[-77.00589,38.91813],[-77.00587,38.91813],[-77.00585,38.91813],[-77.00583,38.91813],[-77.00582,38.91813],[-77.00581,38.91813],[-77.0058,38.91813],[-77.00579,38.91813],[-77.00577,38.91813],[-77.00571,38.91813],[-77.00565,38.91813],[-77.00554,38.91812],[-77.00534,38.9181],[-77.0053,38.91811],[-77.00528,38.91812],[-77.00511,38.91818],[-77.00483,38.91827],[-77.00401,38.91856],[-77.00367,38.91868],[-77.00367,38.91888],[-77.00367,38.9197],[-77.00367,38.91974],[-77.00367,38.91995],[-77.00367,38.91997],[-77.00367,38.92015],[-77.00351,38.92015],[-77.00351,38.92024],[-77.00347,38.92024],[-77.00344,38.92024],[-77.00341,38.92024],[-77.0034,38.92024],[-77.00335,38.92024],[-77.00308,38.92024],[-77.00257,38.92023],[-77.00231,38.92023],[-77.00213,38.92023],[-77.00203,38.92023],[-77.00193,38.92023],[-77.00163,38.92024],[-77.00163,38.92035],[-77.00163,38.92036],[-77.00163,38.92047],[-77.00163,38.92048],[-77.00163,38.92071],[-77.00163,38.92077],[-77.00163,38.92078],[-77.00163,38.92091],[-77.00155,38.92092],[-77.00148,38.92092],[-77.00127,38.92092],[-77.0011,38.92092],[-77.00109,38.92092],[-77.00108,38.92092],[-77.00107,38.92092],[-77.00101,38.92092],[-77.00089,38.92092],[-77.00077,38.92092],[-77.00073,38.92092],[-77.00057,38.92092],[-77.00057,38.92101],[-77.00057,38.92114],[-77.00057,38.92123],[-77.00057,38.9213],[-77.00057,38.9214],[-77.00057,38.92162],[-77.00057,38.92163],[-77.00057,38.92168],[-77.00057,38.92196],[-77.00057,38.92224],[-77.00057,38.92231],[-77.00057,38.92238],[-77.00057,38.92246],[-77.00057,38.92269],[-77.00057,38.9227],[-77.00057,38.92282],[-77.00057,38.92286],[-77.00057,38.92299],[-77.00057,38.92314],[-77.00057,38.92331],[-77.00057,38.92337],[-77.00057,38.92345],[-77.00059,38.92345],[-77.00071,38.92345],[-77.00095,38.92345],[-77.00112,38.92345],[-77.00114,38.92345],[-77.00117,38.92345],[-77.00148,38.92344],[-77.0015,38.92344],[-77.00152,38.92344],[-77.00194,38.92345],[-77.00203,38.92345],[-77.00204,38.92345],[-77.00213,38.92345],[-77.00231,38.92345],[-77.00252,38.92345],[-77.0033,38.92344],[-77.00341,38.92344],[-77.00356,38.92344],[-77.00352,38.92355],[-77.00348,38.92368],[-77.00337,38.92402],[-77.00325,38.92442],[-77.00315,38.92473],[-77.00306,38.92504],[-77.00301,38.9252],[-77.003,38.92525],[-77.00299,38.92526],[-77.00298,38.92528],[-77.00297,38.92529],[-77.00296,38.9253],[-77.00294,38.92531],[-77.00293,38.92533],[-77.00292,38.92534],[-77.0029,38.92535],[-77.00289,38.92536],[-77.00288,38.92536],[-77.00287,38.92537],[-77.00268,38.92547],[-77.0026,38.92551],[-77.00245,38.9256],[-77.00266,38.9256],[-77.00269,38.9256],[-77.00273,38.9256],[-77.00277,38.9256],[-77.00281,38.9256],[-77.00285,38.9256]]]},"properties":{"zone":"R-3","label":"R-3","desc":"Allows for attached rowhouses on small lots and row dwellings mingled with detached, semi-detached, and groupings of three or more row dwellings"}},{"type":"Feature","geometry":{"type":"Polygon","coordinates":[[[-77.09051,38.93451],[-77.09063,38.93452],[-77.09082,38.93454],[-77.09099,38.93455],[-77.09104,38.93454],[-77.09144,38.93454],[-77.09152,38.93454],[-77.09175,38.93453],[-77.0918,38.93453],[-77.09187,38.93453],[-77.09198,38.93453],[-77.09219,38.93453],[-77.0924,38.93452],[-77.09263,38.93452],[-77.09259,38.93445],[-77.09237,38.93406],[-77.09235,38.93404],[-77.09233,38.934],[-77.09231,38.93397],[-77.09231,38.93396],[-77.0923,38.93394],[-77.09221,38.93397],[-77.09195,38.93406],[-77.09163,38.93417],[-77.09128,38.93429],[-77.09103,38.93438],[-77.09102,38.93439],[-77.091,38.93439],[-77.09098,38.9344],[-77.09096,38.93441],[-77.09095,38.93441],[-77.09092,38.93442],[-77.09091,38.93442],[-77.0909,38.93443],[-77.09087,38.93444],[-77.09086,38.93444],[-77.09084,38.93445],[-77.09082,38.93445],[-77.0908,38.93446],[-77.09079,38.93446],[-77.09076,38.93447],[-77.09075,38.93447],[-77.09073,38.93448],[-77.09071,38.93448],[-77.09069,38.93448],[-77.09068,38.93449],[-77.09065,38.93449],[-77.09062,38.9345],[-77.09061,38.9345],[-77.09059,38.9345],[-77.09057,38.9345],[-77.09055,38.9345],[-77.09054,38.93451],[-77.09051,38.93451]]]},"properties":{"zone":"R-1B","label":"R-1B","desc":"Provides areas predominantly developed with detached houses on moderately sized lots."}},{"type":"Feature","geometry":{"type":"Polygon","coordinates":[[[-76.92178,38.90128],[-76.92158,38.90143],[-76.92128,38.90167],[-76.92116,38.90176],[-76.92104,38.90186],[-76.92103,38.90186],[-76.92095,38.90193],[-76.92079,38.90205],[-76.92106,38.90226],[-76.92122,38.90214],[-76.92132,38.90206],[-76.92205,38.90149],[-76.92183,38.90132],[-76.92178,38.90128]]]},"properties":{"zone":"R-3","label":"R-3","desc":"Allows for attached rowhouses on small lots and row dwellings mingled with detached, semi-detached, and groupings of three or more row dwellings"}},{"type":"Feature","geometry":{"type":"Polygon","coordinates":[[[-77.06354,38.96102],[-77.06353,38.9609],[-77.06353,38.96086],[-77.06351,38.96061],[-77.0635,38.96058],[-77.0635,38.96054],[-77.0635,38.96053],[-77.0635,38.96052],[-77.0635,38.96047],[-77.06349,38.96045],[-77.06349,38.96044],[-77.06349,38.96043],[-77.06349,38.96042],[-77.06349,38.96041],[-77.06349,38.9604],[-77.06349,38.96039],[-77.06349,38.96038],[-77.06349,38.96037],[-77.06349,38.96036],[-77.06349,38.96035],[-77.06349,38.96034],[-77.06349,38.96033],[-77.06348,38.96033],[-77.06348,38.96032],[-77.06348,38.96031],[-77.06348,38.9603],[-77.06348,38.96028],[-77.06346,38.96001],[-77.06346,38.96],[-77.06346,38.95999],[-77.06346,38.95998],[-77.06346,38.95997],[-77.06345,38.95995],[-77.06345,38.95993],[-77.06345,38.95989],[-77.06344,38.95981],[-77.06345,38.95981],[-77.06376,38.95981],[-77.06377,38.95981],[-77.06432,38.95981],[-77.06433,38.95981],[-77.06443,38.95981],[-77.06446,38.95974],[-77.06469,38.95923],[-77.06485,38.95886],[-77.06491,38.95872],[-77.06492,38.95872],[-77.06492,38.95871],[-77.06492,38.9587],[-77.06498,38.95857],[-77.065,38.95854],[-77.06506,38.95851],[-77.06513,38.95849],[-77.06374,38.95802],[-77.06315,38.95796],[-77.0622,38.95794],[-77.06208,38.95793],[-77.06085,38.95788],[-77.0601,38.95779],[-77.05954,38.95765],[-77.05938,38.95759],[-77.059,38.95743],[-77.05845,38.95709],[-77.05811,38.95681],[-77.05801,38.95673],[-77.05799,38.95673],[-77.05797,38.95674],[-77.05796,38.95674],[-77.05794,38.95674],[-77.05793,38.95674],[-77.05791,38.95674],[-77.05789,38.95674],[-77.05788,38.95674],[-77.05787,38.95674],[-77.05786,38.95674],[-77.05785,38.95674],[-77.05784,38.95674],[-77.05783,38.95674],[-77.05782,38.95674],[-77.05781,38.95674],[-77.0578,38.95674],[-77.05779,38.95674],[-77.05778,38.95674],[-77.05778,38.95673],[-77.05776,38.95673],[-77.05775,38.95673],[-77.05774,38.95673],[-77.05773,38.95673],[-77.05772,38.95673],[-77.05771,38.95673],[-77.0577,38.95673],[-77.05769,38.95673],[-77.05768,38.95673],[-77.05767,38.95673],[-77.05766,38.95673],[-77.05764,38.95673],[-77.05763,38.95673],[-77.05761,38.95673],[-77.0576,38.95673],[-77.05758,38.95673],[-77.05756,38.95673],[-77.05755,38.95673],[-77.05753,38.95673],[-77.05752,38.95674],[-77.05751,38.95674],[-77.0575,38.95674],[-77.05748,38.95674],[-77.05747,38.95675],[-77.05746,38.95675],[-77.05745,38.95675],[-77.05743,38.95676],[-77.05742,38.95676],[-77.05741,38.95677],[-77.0574,38.95678],[-77.05739,38.95678],[-77.05738,38.95678],[-77.05737,38.95679],[-77.05735,38.9568],[-77.05735,38.95681],[-77.05734,38.95681],[-77.05732,38.95683],[-77.05731,38.95684],[-77.0573,38.95685],[-77.05728,38.95687],[-77.05727,38.95688],[-77.05726,38.95689],[-77.05725,38.95691],[-77.05724,38.95693],[-77.05723,38.95694],[-77.05722,38.95696],[-77.05721,38.95697],[-77.05721,38.95698],[-77.0572,38.957],[-77.05719,38.95702],[-77.05719,38.95703],[-77.05718,38.95705],[-77.05717,38.95708],[-77.05716,38.95711],[-77.05715,38.95713],[-77.05714,38.95716],[-77.05714,38.95717],[-77.05714,38.95718],[-77.05713,38.95721],[-77.05712,38.95724],[-77.05712,38.95726],[-77.05711,38.95729],[-77.0571,38.95732],[-77.05709,38.95735],[-77.05708,38.95737],[-77.05707,38.9574],[-77.05706,38.95743],[-77.05705,38.95746],[-77.05704,38.95749],[-77.05703,38.95752],[-77.05702,38.95754],[-77.05701,38.95757],[-77.057,38.9576],[-77.05699,38.95763],[-77.05699,38.95764],[-77.05699,38.95765],[-77.05707,38.95765],[-77.05708,38.95765],[-77.05709,38.95765],[-77.05715,38.95765],[-77.05769,38.95765],[-77.05771,38.95765],[-77.05773,38.95765],[-77.05777,38.95765],[-77.05778,38.95765],[-77.05782,38.95766],[-77.05783,38.95766],[-77.05786,38.95767],[-77.05789,38.95769],[-77.0579,38.95769],[-77.05793,38.95771],[-77.05794,38.95771],[-77.05797,38.95774],[-77.05798,38.95775],[-77.058,38.95776],[-77.05802,38.95778],[-77.05804,38.95781],[-77.05805,38.95783],[-77.05806,38.95785],[-77.05807,38.9579],[-77.05807,38.95792],[-77.05808,38.95794],[-77.05807,38.95797],[-77.05807,38.95799],[-77.05806,38.95802],[-77.05805,38.95806],[-77.05796,38.95823],[-77.05792,38.9583],[-77.0579,38.95834],[-77.05785,38.95834],[-77.05775,38.95834],[-77.05775,38.95841],[-77.05779,38.95841],[-77.05799,38.95843],[-77.05804,38.95843],[-77.0581,38.95845],[-77.05811,38.95845],[-77.05816,38.95846],[-77.05821,38.95848],[-77.05822,38.95848],[-77.05823,38.95848],[-77.05824,38.95849],[-77.05825,38.95849],[-77.05826,38.95849],[-77.05826,38.9585],[-77.05827,38.9585],[-77.05831,38.95852],[-77.05836,38.95854],[-77.05841,38.95857],[-77.05846,38.95859],[-77.0585,38.95862],[-77.05854,38.95866],[-77.05858,38.9587],[-77.05862,38.95874],[-77.05862,38.95875],[-77.05863,38.95875],[-77.05863,38.95876],[-77.05864,38.95877],[-77.05864,38.95878],[-77.05865,38.95878],[-77.05865,38.95879],[-77.05867,38.95883],[-77.05869,38.95886],[-77.0587,38.95887],[-77.05872,38.95892],[-77.05872,38.95893],[-77.05872,38.95894],[-77.05873,38.95896],[-77.05874,38.95901],[-77.05875,38.95906],[-77.05875,38.95927],[-77.05885,38.95927],[-77.05891,38.95927],[-77.0592,38.95927],[-77.05921,38.95927],[-77.05922,38.95927],[-77.05923,38.95927],[-77.05923,38.95948],[-77.05923,38.95963],[-77.05923,38.95968],[-77.05923,38.95969],[-77.05923,38.95983],[-77.05923,38.96009],[-77.05923,38.9602],[-77.05923,38.96032],[-77.05923,38.96033],[-77.05923,38.96035],[-77.05923,38.96038],[-77.05924,38.96042],[-77.05924,38.96045],[-77.05929,38.96046],[-77.05972,38.96053],[-77.05988,38.96056],[-77.05989,38.96056],[-77.0603,38.96063],[-77.0604,38.96065],[-77.06084,38.96073],[-77.06098,38.96076],[-77.06125,38.96081],[-77.06153,38.96086],[-77.06169,38.96089],[-77.0617,38.96089],[-77.06175,38.9609],[-77.06212,38.96098],[-77.06237,38.96102],[-77.0624,38.96102],[-77.06257,38.96102],[-77.0627,38.96102],[-77.06286,38.96102],[-77.06312,38.96102],[-77.06324,38.96102],[-77.06341,38.96102],[-77.06354,38.96102]]]},"properties":{"zone":"R-1A","label":"R-1A","desc":"Provides areas predominantly developed with detached houses on large lots."}},{"type":"Feature","geometry":{"type":"Polygon","coordinates":[[[-76.97805,38.94619],[-76.97806,38.94619],[-76.9781,38.94623],[-76.97814,38.94626],[-76.97817,38.94628],[-76.97823,38.94632],[-76.97829,38.94637],[-76.97836,38.94642],[-76.97842,38.94647],[-76.97848,38.94652],[-76.97854,38.94657],[-76.97855,38.94658],[-76.97856,38.94659],[-76.97889,38.94684],[-76.97918,38.94707],[-76.97923,38.9471],[-76.97957,38.94737],[-76.97986,38.9476],[-76.97987,38.94761],[-76.97988,38.94761],[-76.97995,38.94767],[-76.98004,38.94774],[-76.98011,38.9478],[-76.98031,38.94795],[-76.98061,38.94819],[-76.98073,38.94828],[-76.98095,38.94845],[-76.98126,38.94869],[-76.98151,38.94889],[-76.98157,38.94894],[-76.98186,38.94916],[-76.98213,38.94937],[-76.98223,38.94945],[-76.98237,38.94956],[-76.98268,38.9498],[-76.98273,38.94984],[-76.98279,38.94988],[-76.98287,38.94994],[-76.98291,38.94997],[-76.98295,38.95],[-76.98296,38.95001],[-76.98304,38.94994],[-76.98322,38.9498],[-76.98327,38.94978],[-76.98331,38.94979],[-76.98338,38.94981],[-76.98341,38.94982],[-76.98351,38.94976],[-76.98365,38.94967],[-76.98379,38.94959],[-76.9838,38.94958],[-76.98382,38.94958],[-76.98385,38.94958],[-76.98388,38.94958],[-76.98396,38.94959],[-76.98409,38.9496],[-76.98412,38.94961],[-76.98427,38.94968],[-76.98438,38.94973],[-76.98449,38.94978],[-76.98461,38.94984],[-76.98471,38.94994],[-76.9848,38.95003],[-76.98489,38.95011],[-76.98495,38.95017],[-76.98501,38.95022],[-76.98504,38.95026],[-76.98512,38.95026],[-76.98547,38.95026],[-76.98547,38.95025],[-76.98547,38.95015],[-76.98537,38.95015],[-76.98525,38.94898],[-76.98516,38.94813],[-76.98515,38.94802],[-76.98514,38.94792],[-76.98515,38.94792],[-76.98534,38.9479],[-76.98635,38.94781],[-76.98806,38.94765],[-76.98806,38.94764],[-76.98799,38.94738],[-76.98797,38.94733],[-76.98796,38.94728],[-76.98794,38.94722],[-76.98793,38.94717],[-76.9879,38.94707],[-76.98787,38.94697],[-76.98786,38.94691],[-76.98784,38.94686],[-76.98784,38.94683],[-76.98782,38.94676],[-76.98779,38.94666],[-76.98776,38.94655],[-76.98774,38.94647],[-76.98772,38.94639],[-76.98771,38.94636],[-76.9876,38.94597],[-76.98758,38.9459],[-76.98768,38.94581],[-76.98765,38.94578],[-76.98756,38.94571],[-76.98751,38.94568],[-76.98735,38.94572],[-76.98734,38.94573],[-76.98733,38.94573],[-76.98732,38.94573],[-76.98729,38.94573],[-76.98727,38.94574],[-76.98722,38.94574],[-76.98717,38.94575],[-76.98716,38.94575],[-76.98711,38.94575],[-76.98706,38.94576],[-76.98701,38.94576],[-76.98695,38.94577],[-76.9869,38.94577],[-76.98685,38.94578],[-76.98679,38.94578],[-76.98678,38.94578],[-76.98677,38.94578],[-76.98676,38.94578],[-76.98675,38.94578],[-76.98675,38.94577],[-76.98674,38.94577],[-76.98673,38.94577],[-76.98658,38.94566],[-76.98649,38.9456],[-76.98631,38.94547],[-76.98623,38.94541],[-76.98587,38.94515],[-76.98586,38.94514],[-76.98586,38.94513],[-76.98585,38.94512],[-76.98585,38.94511],[-76.98585,38.9451],[-76.98585,38.94505],[-76.98585,38.94501],[-76.98585,38.94497],[-76.98585,38.94493],[-76.98585,38.94488],[-76.98585,38.94484],[-76.98585,38.9448],[-76.98585,38.94476],[-76.98585,38.94475],[-76.98585,38.94471],[-76.9858,38.94468],[-76.98575,38.94464],[-76.98556,38.94451],[-76.9855,38.94446],[-76.98537,38.94437],[-76.98537,38.94424],[-76.98558,38.94426],[-76.98558,38.94425],[-76.98538,38.94415],[-76.98533,38.94411],[-76.98532,38.9441],[-76.98531,38.9441],[-76.98511,38.94395],[-76.98511,38.94378],[-76.98511,38.94314],[-76.98511,38.94309],[-76.98511,38.94268],[-76.98511,38.94257],[-76.98511,38.94256],[-76.98522,38.94257],[-76.98552,38.94257],[-76.98553,38.94257],[-76.98554,38.94257],[-76.98555,38.94257],[-76.98558,38.94257],[-76.98559,38.94257],[-76.98563,38.94257],[-76.98565,38.94257],[-76.98564,38.94251],[-76.98563,38.94245],[-76.98562,38.94244],[-76.98561,38.94222],[-76.98561,38.94204],[-76.98561,38.94198],[-76.98561,38.94195],[-76.98561,38.94193],[-76.98561,38.94192],[-76.98561,38.94191],[-76.98561,38.94188],[-76.98561,38.94186],[-76.98561,38.94184],[-76.98561,38.94183],[-76.98561,38.94181],[-76.98562,38.94179],[-76.98562,38.94177],[-76.98562,38.94176],[-76.98562,38.94175],[-76.98562,38.94174],[-76.9857,38.9411],[-76.98573,38.94081],[-76.98574,38.94075],[-76.98574,38.94073],[-76.98574,38.94072],[-76.98575,38.94064],[-76.9858,38.94031],[-76.98583,38.94007],[-76.98583,38.94005],[-76.98588,38.93973],[-76.98588,38.93966],[-76.98589,38.93963],[-76.98589,38.93959],[-76.9859,38.93953],[-76.98591,38.93944],[-76.98592,38.93934],[-76.98593,38.93924],[-76.98594,38.93914],[-76.98596,38.93905],[-76.98596,38.93898],[-76.98597,38.93895],[-76.98597,38.93891],[-76.98598,38.93885],[-76.986,38.93875],[-76.986,38.93868],[-76.98601,38.93867],[-76.98603,38.93847],[-76.98604,38.93842],[-76.98604,38.9384],[-76.98604,38.93839],[-76.98605,38.93832],[-76.98606,38.93832],[-76.98607,38.93832],[-76.98608,38.93832],[-76.98609,38.93832],[-76.9861,38.93832],[-76.98611,38.93832],[-76.98612,38.93832],[-76.98613,38.93832],[-76.98614,38.93832],[-76.98615,38.93832],[-76.98631,38.93832],[-76.98676,38.93832],[-76.98729,38.93832],[-76.98751,38.93832],[-76.98773,38.93832],[-76.98777,38.93832],[-76.98819,38.93832],[-76.98821,38.93832],[-76.98831,38.93832],[-76.98834,38.93832],[-76.98841,38.93832],[-76.98882,38.93832],[-76.98967,38.93832],[-76.98976,38.93832],[-76.98979,38.93832],[-76.98984,38.93832],[-76.98993,38.93832],[-76.99002,38.93832],[-76.99006,38.93832],[-76.99006,38.93819],[-76.99006,38.938],[-76.99006,38.93789],[-76.99006,38.93778],[-76.99006,38.93765],[-76.99006,38.93764],[-76.99006,38.93748],[-76.99006,38.93737],[-76.99006,38.93725],[-76.99011,38.93725],[-76.99013,38.93725],[-76.99013,38.93713],[-76.99013,38.93683],[-76.99013,38.93674],[-76.99013,38.93672],[-76.99013,38.93671],[-76.99014,38.93671],[-76.99037,38.93672],[-76.99051,38.93672],[-76.99051,38.93669],[-76.99051,38.93654],[-76.99051,38.93633],[-76.99051,38.9363],[-76.99051,38.93618],[-76.99051,38.93606],[-76.99054,38.93592],[-76.99057,38.93575],[-76.99058,38.93568],[-76.99059,38.93562],[-76.99058,38.93562],[-76.99053,38.93561],[-76.99054,38.93551],[-76.99055,38.93549],[-76.99056,38.93542],[-76.99057,38.93535],[-76.99058,38.93532],[-76.9906,38.93532],[-76.99057,38.93505],[-76.99056,38.93483],[-76.99054,38.93464],[-76.99054,38.93455],[-76.99057,38.93455],[-76.9906,38.93455],[-76.99068,38.93454],[-76.99069,38.93454],[-76.9907,38.93454],[-76.99069,38.93452],[-76.99069,38.93446],[-76.99069,38.93442],[-76.99066,38.93405],[-76.99064,38.93384],[-76.99062,38.93364],[-76.99062,38.93362],[-76.99061,38.93356],[-76.99061,38.93347],[-76.9906,38.93336],[-76.9906,38.93334],[-76.99059,38.93328],[-76.99059,38.93323],[-76.99059,38.93317],[-76.99058,38.93306],[-76.99058,38.93303],[-76.99057,38.93303],[-76.99057,38.93302],[-76.99056,38.93301],[-76.99056,38.933],[-76.99056,38.93296],[-76.99055,38.93291],[-76.99055,38.93282],[-76.99054,38.93273],[-76.99053,38.93266],[-76.99053,38.93265],[-76.99053,38.93257],[-76.99054,38.93257],[-76.99055,38.93257],[-76.99054,38.93248],[-76.99052,38.93222],[-76.99051,38.93207],[-76.99049,38.93186],[-76.99047,38.93166],[-76.99047,38.93161],[-76.99047,38.93158],[-76.99046,38.93158],[-76.99045,38.93157],[-76.99045,38.93154],[-76.99045,38.93152],[-76.99045,38.9315],[-76.99044,38.93138],[-76.99043,38.93128],[-76.99043,38.93118],[-76.99042,38.93109],[-76.99042,38.93108],[-76.99041,38.93101],[-76.9904,38.93088],[-76.99041,38.93088],[-76.99058,38.93087],[-76.99058,38.93083],[-76.99058,38.93077],[-76.99057,38.93067],[-76.99056,38.93063],[-76.99056,38.93061],[-76.99056,38.93059],[-76.99056,38.93058],[-76.99045,38.93059],[-76.99044,38.93057],[-76.99044,38.93055],[-76.99044,38.93052],[-76.99044,38.9305],[-76.99044,38.93047],[-76.99041,38.93022],[-76.9904,38.93009],[-76.99034,38.9301],[-76.99033,38.92998],[-76.99033,38.92986],[-76.99032,38.92982],[-76.99032,38.9298],[-76.99031,38.92973],[-76.99031,38.92969],[-76.99031,38.92968],[-76.99031,38.92967],[-76.99031,38.92966],[-76.99031,38.92964],[-76.9903,38.92962],[-76.9903,38.92961],[-76.99031,38.92961],[-76.99032,38.92961],[-76.99032,38.92953],[-76.99032,38.92952],[-76.9903,38.92939],[-76.99029,38.92928],[-76.99028,38.92915],[-76.99028,38.9291],[-76.99028,38.92905],[-76.99027,38.92902],[-76.99027,38.92893],[-76.99026,38.92884],[-76.99026,38.92877],[-76.99025,38.92877],[-76.99025,38.92871],[-76.99025,38.9287],[-76.99025,38.92868],[-76.99025,38.92862],[-76.99023,38.92862],[-76.99023,38.9286],[-76.99022,38.92855],[-76.99022,38.92847],[-76.99021,38.92841],[-76.99021,38.92837],[-76.9902,38.92831],[-76.99019,38.92813],[-76.99018,38.92801],[-76.99017,38.92796],[-76.99017,38.92795],[-76.99015,38.92772],[-76.99015,38.9277],[-76.99015,38.92767],[-76.99015,38.92765],[-76.99014,38.92763],[-76.99013,38.92763],[-76.99011,38.92764],[-76.99011,38.92759],[-76.9901,38.92756],[-76.9901,38.92755],[-76.9901,38.92746],[-76.99009,38.92736],[-76.99008,38.92733],[-76.99008,38.92727],[-76.99007,38.92723],[-76.99007,38.92718],[-76.99006,38.92714],[-76.99006,38.92711],[-76.99006,38.9271],[-76.99006,38.92709],[-76.99006,38.92708],[-76.99007,38.92706],[-76.99007,38.92705],[-76.99008,38.92705],[-76.99008,38.92704],[-76.99009,38.92704],[-76.99009,38.92703],[-76.9901,38.92702],[-76.9901,38.92701],[-76.99011,38.92701],[-76.99011,38.927],[-76.99011,38.92699],[-76.99011,38.92697],[-76.9901,38.92683],[-76.99009,38.92676],[-76.99009,38.9267],[-76.99009,38.92669],[-76.99008,38.92668],[-76.99008,38.92664],[-76.99008,38.92657],[-76.99007,38.92657],[-76.99004,38.92657],[-76.99002,38.92657],[-76.99002,38.92649],[-76.99001,38.92646],[-76.99001,38.92644],[-76.99001,38.92639],[-76.99001,38.92638],[-76.99,38.92632],[-76.99,38.92631],[-76.99,38.9263],[-76.98999,38.92624],[-76.98999,38.92622],[-76.98999,38.92617],[-76.98999,38.92613],[-76.98998,38.92612],[-76.98998,38.9261],[-76.98998,38.92608],[-76.98998,38.92607],[-76.98998,38.92603],[-76.98997,38.92596],[-76.98997,38.92589],[-76.98996,38.92583],[-76.98995,38.92576],[-76.98995,38.92566],[-76.98994,38.92562],[-76.98994,38.9256],[-76.98993,38.92553],[-76.98993,38.9255],[-76.98994,38.9255],[-76.98995,38.9255],[-76.98997,38.9255],[-76.98996,38.92538],[-76.98995,38.92528],[-76.98993,38.9251],[-76.98992,38.92497],[-76.98989,38.92456],[-76.98989,38.92454],[-76.98989,38.92453],[-76.98988,38.9245],[-76.98988,38.92446],[-76.98988,38.92443],[-76.98987,38.92443],[-76.98987,38.92438],[-76.98986,38.92432],[-76.98986,38.92431],[-76.98986,38.92422],[-76.98985,38.92414],[-76.98985,38.92408],[-76.98984,38.92405],[-76.98984,38.92404],[-76.98984,38.92403],[-76.98983,38.92403],[-76.98982,38.92403],[-76.9898,38.92403],[-76.98977,38.92403],[-76.98976,38.92403],[-76.98969,38.92403],[-76.98959,38.92404],[-76.98946,38.92405],[-76.98938,38.92405],[-76.98933,38.92406],[-76.98929,38.92406],[-76.98925,38.92406],[-76.98913,38.92407],[-76.989,38.92407],[-76.98895,38.92408],[-76.98894,38.92408],[-76.9889,38.92408],[-76.98888,38.92408],[-76.98887,38.92408],[-76.98885,38.92408],[-76.98881,38.92409],[-76.98879,38.92409],[-76.98874,38.92409],[-76.9887,38.9241],[-76.98866,38.9241],[-76.98861,38.92411],[-76.98852,38.92412],[-76.98844,38.92413],[-76.9884,38.92413],[-76.98836,38.92414],[-76.9883,38.92415],[-76.98826,38.92416],[-76.9882,38.92417],[-76.98818,38.92417],[-76.98817,38.92417],[-76.98816,38.92417],[-76.98813,38.92418],[-76.98809,38.92418],[-76.98801,38.92418],[-76.988,38.92418],[-76.98801,38.92423],[-76.98802,38.92444],[-76.98803,38.92448],[-76.98803,38.92452],[-76.98804,38.92461],[-76.98804,38.92466],[-76.98808,38.92505],[-76.98808,38.92506],[-76.98805,38.92506],[-76.98802,38.92506],[-76.988,38.92506],[-76.98797,38.92506],[-76.98795,38.92506],[-76.98791,38.92507],[-76.9876,38.92508],[-76.98757,38.92508],[-76.98744,38.92509],[-76.98726,38.9251],[-76.98709,38.92511],[-76.987,38.92511],[-76.98691,38.92512],[-76.98674,38.92512],[-76.98656,38.92513],[-76.98653,38.92514],[-76.98639,38.92514],[-76.98638,38.92514],[-76.98624,38.92515],[-76.98623,38.92515],[-76.98607,38.92516],[-76.98599,38.92516],[-76.98597,38.92516],[-76.98591,38.92517],[-76.98582,38.92517],[-76.98576,38.92517],[-76.98575,38.92508],[-76.98565,38.92513],[-76.98563,38.92515],[-76.98552,38.92521],[-76.98543,38.92525],[-76.98539,38.92528],[-76.98531,38.92532],[-76.9852,38.92538],[-76.98508,38.92544],[-76.98505,38.92546],[-76.98497,38.92551],[-76.98474,38.92563],[-76.98474,38.92564],[-76.98473,38.92564],[-76.98469,38.92566],[-76.98468,38.92566],[-76.98468,38.92567],[-76.98465,38.92568],[-76.98463,38.9257],[-76.98459,38.92572],[-76.98455,38.92574],[-76.98449,38.92577],[-76.98443,38.9258],[-76.98431,38.92587],[-76.98417,38.92595],[-76.98407,38.92601],[-76.98389,38.92611],[-76.98388,38.92611],[-76.98385,38.92613],[-76.98371,38.92621],[-76.98364,38.92625],[-76.98338,38.92639],[-76.98336,38.9264],[-76.98315,38.92662],[-76.98312,38.92664],[-76.98302,38.92674],[-76.98297,38.92679],[-76.98292,38.92684],[-76.9829,38.92685],[-76.98285,38.92692],[-76.98285,38.92693],[-76.98284,38.92693],[-76.9828,38.92693],[-76.98265,38.92694],[-76.98263,38.92694],[-76.98235,38.92695],[-76.98227,38.92696],[-76.98224,38.92696],[-76.98213,38.92697],[-76.98212,38.92697],[-76.98166,38.92699],[-76.98147,38.927],[-76.98137,38.927],[-76.98134,38.927],[-76.98131,38.92701],[-76.98128,38.92701],[-76.98127,38.92701],[-76.98125,38.92701],[-76.98124,38.92701],[-76.98123,38.92701],[-76.98122,38.92701],[-76.98119,38.92701],[-76.98117,38.92701],[-76.98115,38.92701],[-76.98112,38.92701],[-76.98109,38.92701],[-76.98106,38.92701],[-76.98103,38.92701],[-76.98101,38.92701],[-76.981,38.92701],[-76.98098,38.92701],[-76.98096,38.92701],[-76.98093,38.92701],[-76.9809,38.92702],[-76.98087,38.92702],[-76.98085,38.92702],[-76.98083,38.92702],[-76.98081,38.92702],[-76.98078,38.92702],[-76.98075,38.92702],[-76.98073,38.92702],[-76.98075,38.92767],[-76.9806,38.92768],[-76.98025,38.9277],[-76.98022,38.9277],[-76.98025,38.92813],[-76.97966,38.92816],[-76.97967,38.92823],[-76.97967,38.92824],[-76.97967,38.92828],[-76.97969,38.9285],[-76.97969,38.92857],[-76.9797,38.92857],[-76.97972,38.92856],[-76.97976,38.92855],[-76.97979,38.92853],[-76.9798,38.92853],[-76.97987,38.92851],[-76.9799,38.9285],[-76.97991,38.92857],[-76.97991,38.92865],[-76.97992,38.92881],[-76.97993,38.92883],[-76.97993,38.92886],[-76.97993,38.92888],[-76.97994,38.92896],[-76.97991,38.92896],[-76.97988,38.92896],[-76.97983,38.92895],[-76.97979,38.92895],[-76.97978,38.92895],[-76.97976,38.92895],[-76.97974,38.92895],[-76.97969,38.92895],[-76.97965,38.92895],[-76.9796,38.92895],[-76.97955,38.92895],[-76.97951,38.92895],[-76.97946,38.92895],[-76.97941,38.92895],[-76.9794,38.92895],[-76.97929,38.92896],[-76.97929,38.92904],[-76.97932,38.92937],[-76.97932,38.92938],[-76.97916,38.92938],[-76.97881,38.92939],[-76.97864,38.9294],[-76.97863,38.9294],[-76.97865,38.92953],[-76.97865,38.9296],[-76.97865,38.92966],[-76.97866,38.92973],[-76.97866,38.92976],[-76.97866,38.92979],[-76.97865,38.92979],[-76.97859,38.92979],[-76.97851,38.92979],[-76.97833,38.92979],[-76.97833,38.92974],[-76.97813,38.92968],[-76.97812,38.92966],[-76.9764,38.92966],[-76.97623,38.92966],[-76.97623,38.92967],[-76.97623,38.92968],[-76.97623,38.92969],[-76.97621,38.92969],[-76.97615,38.92969],[-76.9761,38.92969],[-76.97605,38.92969],[-76.97601,38.92969],[-76.97599,38.92969],[-76.97598,38.92969],[-76.97597,38.9297],[-76.97596,38.9297],[-76.97594,38.9297],[-76.97593,38.92971],[-76.97591,38.92972],[-76.97591,38.92973],[-76.9759,38.92974],[-76.97589,38.92974],[-76.97589,38.92975],[-76.97588,38.92975],[-76.97588,38.92976],[-76.97585,38.92977],[-76.97584,38.92977],[-76.97583,38.92978],[-76.97582,38.92978],[-76.97579,38.92979],[-76.97563,38.92982],[-76.9755,38.92985],[-76.97548,38.92986],[-76.97546,38.92986],[-76.97546,38.92987],[-76.97545,38.92988],[-76.97544,38.92989],[-76.97544,38.9299],[-76.97544,38.92991],[-76.97544,38.93007],[-76.97544,38.93016],[-76.97514,38.93016],[-76.97495,38.93016],[-76.97478,38.93016],[-76.97469,38.93016],[-76.97469,38.93018],[-76.97469,38.93023],[-76.97469,38.93027],[-76.97469,38.93045],[-76.9746,38.93045],[-76.97434,38.93045],[-76.97429,38.93045],[-76.97418,38.93045],[-76.97418,38.9305],[-76.97418,38.93063],[-76.97418,38.93065],[-76.97408,38.93065],[-76.97407,38.93065],[-76.97392,38.9307],[-76.97382,38.93073],[-76.97366,38.93079],[-76.97359,38.93081],[-76.97349,38.93085],[-76.97348,38.93085],[-76.97347,38.93086],[-76.97346,38.93087],[-76.97345,38.93088],[-76.97345,38.93089],[-76.97345,38.9309],[-76.97345,38.93106],[-76.97345,38.93114],[-76.97345,38.93115],[-76.97299,38.93115],[-76.97269,38.93114],[-76.9723,38.93113],[-76.97227,38.93112],[-76.97225,38.93111],[-76.97223,38.93109],[-76.97216,38.93101],[-76.97216,38.93098],[-76.97216,38.93092],[-76.97216,38.93081],[-76.97216,38.93077],[-76.97216,38.93049],[-76.97216,38.9304],[-76.97231,38.9304],[-76.97245,38.9304],[-76.97257,38.93036],[-76.97258,38.93035],[-76.97265,38.93025],[-76.97266,38.93023],[-76.9727,38.93018],[-76.97271,38.93005],[-76.97272,38.93004],[-76.97285,38.92998],[-76.97292,38.92994],[-76.97298,38.92991],[-76.97312,38.92985],[-76.9732,38.92981],[-76.97328,38.92977],[-76.97331,38.92975],[-76.97332,38.92975],[-76.97334,38.92979],[-76.97339,38.92977],[-76.97376,38.92961],[-76.97381,38.92959],[-76.97386,38.92956],[-76.9739,38.92955],[-76.97391,38.92954],[-76.97395,38.92953],[-76.97396,38.92952],[-76.97401,38.9295],[-76.97406,38.92947],[-76.97409,38.92946],[-76.97414,38.92944],[-76.97419,38.92942],[-76.9744,38.92932],[-76.97452,38.92927],[-76.97452,38.92929],[-76.97461,38.92925],[-76.97554,38.9288],[-76.97559,38.92877],[-76.97558,38.92843],[-76.97569,38.92843],[-76.97576,38.92843],[-76.97593,38.92843],[-76.97596,38.92843],[-76.976,38.92843],[-76.97612,38.92843],[-76.97622,38.92843],[-76.97623,38.92843],[-76.97626,38.92843],[-76.97627,38.92843],[-76.97631,38.92842],[-76.97635,38.92841],[-76.97636,38.92841],[-76.97637,38.92841],[-76.97638,38.92841],[-76.9764,38.9284],[-76.97641,38.9284],[-76.97645,38.92838],[-76.97653,38.92835],[-76.97662,38.9283],[-76.97674,38.92824],[-76.97679,38.92822],[-76.97692,38.92815],[-76.97715,38.92805],[-76.97733,38.92796],[-76.97736,38.92795],[-76.97741,38.92792],[-76.97745,38.9279],[-76.97751,38.92787],[-76.97752,38.92787],[-76.97755,38.92785],[-76.9778,38.92773],[-76.97802,38.92773],[-76.97826,38.92773],[-76.97832,38.92773],[-76.97836,38.92773],[-76.97837,38.92773],[-76.97837,38.92763],[-76.97837,38.92761],[-76.97837,38.92722],[-76.97837,38.9272],[-76.979,38.9272],[-76.979,38.92713],[-76.97915,38.92713],[-76.97988,38.92678],[-76.97988,38.92666],[-76.98076,38.92666],[-76.98076,38.92627],[-76.98078,38.92627],[-76.98081,38.92627],[-76.98084,38.92627],[-76.98085,38.92627],[-76.98086,38.92627],[-76.98087,38.92627],[-76.98088,38.92627],[-76.9809,38.92627],[-76.98091,38.92627],[-76.98094,38.92627],[-76.98095,38.92626],[-76.98098,38.92625],[-76.98102,38.92623],[-76.98107,38.92621],[-76.9811,38.92619],[-76.98113,38.92617],[-76.9812,38.92614],[-76.98126,38.92611],[-76.98127,38.92611],[-76.98128,38.9261],[-76.9813,38.92609],[-76.98132,38.92608],[-76.98133,38.92608],[-76.98134,38.92607],[-76.98139,38.92605],[-76.98143,38.92603],[-76.98151,38.92599],[-76.98163,38.92593],[-76.9817,38.9259],[-76.98144,38.92559],[-76.9815,38.92559],[-76.98158,38.92559],[-76.9816,38.92559],[-76.98164,38.92559],[-76.98173,38.92559],[-76.9821,38.92559],[-76.98214,38.92559],[-76.98247,38.92559],[-76.98271,38.92559],[-76.98273,38.92559],[-76.98275,38.92559],[-76.98275,38.9255],[-76.98275,38.92546],[-76.98275,38.92543],[-76.98275,38.92524],[-76.98275,38.92513],[-76.98275,38.92507],[-76.98275,38.92505],[-76.98278,38.92505],[-76.98281,38.92505],[-76.98309,38.92505],[-76.98312,38.92505],[-76.98315,38.92505],[-76.98316,38.92505],[-76.98317,38.92505],[-76.98325,38.92505],[-76.98329,38.92505],[-76.98333,38.92505],[-76.98343,38.925],[-76.98374,38.92485],[-76.98404,38.92471],[-76.98418,38.92464],[-76.98443,38.92452],[-76.98433,38.92452],[-76.98429,38.92452],[-76.98426,38.92452],[-76.98417,38.92452],[-76.98409,38.92452],[-76.98386,38.92452],[-76.98385,38.92452],[-76.98378,38.92452],[-76.98372,38.92452],[-76.9837,38.92452],[-76.98369,38.92452],[-76.98358,38.92452],[-76.98357,38.92452],[-76.98356,38.92452],[-76.98355,38.92452],[-76.98351,38.92452],[-76.98349,38.92452],[-76.98351,38.9245],[-76.98353,38.92448],[-76.98355,38.92446],[-76.98357,38.92445],[-76.98358,38.92444],[-76.98359,38.92443],[-76.9836,38.92442],[-76.9836,38.92441],[-76.98363,38.92438],[-76.98366,38.92436],[-76.98371,38.92431],[-76.98373,38.9243],[-76.98377,38.92426],[-76.98379,38.92424],[-76.98385,38.92419],[-76.98386,38.92419],[-76.98398,38.92408],[-76.9841,38.92397],[-76.98411,38.92396],[-76.98428,38.92381],[-76.98437,38.92373],[-76.98438,38.92373],[-76.98446,38.92366],[-76.98437,38.9236],[-76.98436,38.92359],[-76.98425,38.92351],[-76.98392,38.92329],[-76.98388,38.92326],[-76.98386,38.92324],[-76.98378,38.92319],[-76.98352,38.92301],[-76.98316,38.92277],[-76.98315,38.92276],[-76.98314,38.92275],[-76.9831,38.92273],[-76.98306,38.92269],[-76.98296,38.92263],[-76.98295,38.92262],[-76.98274,38.92248],[-76.98271,38.92246],[-76.98265,38.92242],[-76.98243,38.92226],[-76.98214,38.92207],[-76.98181,38.92184],[-76.98179,38.92182],[-76.98172,38.92178],[-76.98171,38.92177],[-76.98147,38.9216],[-76.98109,38.92134],[-76.98107,38.92133],[-76.98086,38.92119],[-76.98082,38.92121],[-76.98078,38.92123],[-76.98073,38.92126],[-76.9807,38.92128],[-76.98067,38.92129],[-76.98063,38.9213],[-76.9806,38.9213],[-76.98016,38.9213],[-76.98004,38.9213],[-76.97979,38.9213],[-76.97969,38.9213],[-76.97959,38.9213],[-76.97947,38.9213],[-76.97924,38.9213],[-76.97912,38.9213],[-76.9791,38.9213],[-76.97908,38.9213],[-76.97904,38.9213],[-76.979,38.9213],[-76.979,38.92139],[-76.979,38.92143],[-76.979,38.92179],[-76.979,38.92184],[-76.979,38.92196],[-76.979,38.92223],[-76.979,38.92229],[-76.979,38.92237],[-76.97887,38.92237],[-76.97872,38.92238],[-76.97848,38.92238],[-76.97814,38.92237],[-76.97801,38.92237],[-76.97795,38.92237],[-76.97773,38.92237],[-76.97761,38.92237],[-76.97737,38.92237],[-76.97702,38.92237],[-76.97613,38.92237],[-76.97596,38.92238],[-76.97558,38.92237],[-76.97553,38.92237],[-76.97548,38.92237],[-76.97535,38.92237],[-76.97532,38.92237],[-76.97527,38.92237],[-76.97519,38.92237],[-76.97508,38.92237],[-76.97486,38.92237],[-76.97482,38.92237],[-76.9748,38.92237],[-76.9747,38.92237],[-76.97466,38.92237],[-76.97463,38.92237],[-76.97457,38.92237],[-76.97451,38.92237],[-76.97439,38.92237],[-76.97428,38.92237],[-76.97418,38.92237],[-76.97417,38.92237],[-76.97409,38.92237],[-76.97408,38.92237],[-76.97351,38.92237],[-76.97351,38.9225],[-76.97351,38.92277],[-76.97351,38.9229],[-76.97351,38.92291],[-76.97338,38.92291],[-76.97327,38.92291],[-76.97325,38.92291],[-76.97317,38.92291],[-76.97311,38.92291],[-76.97298,38.92291],[-76.97281,38.92291],[-76.97281,38.92304],[-76.97281,38.92305],[-76.97264,38.92304],[-76.97263,38.92304],[-76.97263,38.92305],[-76.97263,38.92318],[-76.97263,38.92321],[-76.97263,38.92332],[-76.97263,38.92345],[-76.97261,38.92345],[-76.97259,38.92345],[-76.97232,38.92345],[-76.97226,38.92345],[-76.9722,38.92345],[-76.97217,38.92345],[-76.97208,38.92345],[-76.97186,38.92344],[-76.97165,38.92344],[-76.97165,38.92345],[-76.97165,38.92351],[-76.97165,38.92353],[-76.97165,38.92357],[-76.97165,38.92364],[-76.97165,38.9237],[-76.97165,38.92377],[-76.97165,38.92382],[-76.97165,38.92393],[-76.97165,38.92394],[-76.97164,38.92395],[-76.97163,38.92396],[-76.97162,38.92397],[-76.97161,38.92398],[-76.97158,38.924],[-76.97157,38.92401],[-76.97157,38.92402],[-76.97157,38.92403],[-76.97157,38.92404],[-76.97157,38.92416],[-76.97157,38.92428],[-76.97157,38.9244],[-76.97157,38.92442],[-76.97157,38.92445],[-76.97157,38.92449],[-76.97157,38.92452],[-76.97146,38.92452],[-76.97137,38.92452],[-76.97124,38.92452],[-76.97118,38.92452],[-76.97117,38.92452],[-76.97113,38.92452],[-76.97117,38.92458],[-76.97118,38.92459],[-76.97119,38.9246],[-76.9712,38.92462],[-76.97132,38.92478],[-76.97136,38.92484],[-76.9714,38.92489],[-76.97144,38.92495],[-76.97145,38.92496],[-76.97147,38.92498],[-76.97148,38.925],[-76.9715,38.92502],[-76.97158,38.92515],[-76.97162,38.92521],[-76.97163,38.92521],[-76.97163,38.92522],[-76.97162,38.92522],[-76.97161,38.92522],[-76.9716,38.92522],[-76.97159,38.92522],[-76.97158,38.92522],[-76.97155,38.92522],[-76.97152,38.92522],[-76.97145,38.92522],[-76.97138,38.92522],[-76.97131,38.92522],[-76.97124,38.92521],[-76.97117,38.92521],[-76.9711,38.92521],[-76.97103,38.92521],[-76.97099,38.92521],[-76.97096,38.92521],[-76.97095,38.92521],[-76.97089,38.92521],[-76.97088,38.92521],[-76.97082,38.92521],[-76.97074,38.92521],[-76.97074,38.92518],[-76.97074,38.92512],[-76.97044,38.92512],[-76.9703,38.92512],[-76.97027,38.92512],[-76.97023,38.92512],[-76.9702,38.92512],[-76.97017,38.92512],[-76.97014,38.92512],[-76.97014,38.92521],[-76.96914,38.92521],[-76.96902,38.92531],[-76.969,38.92533],[-76.96897,38.92536],[-76.96895,38.92538],[-76.96894,38.92538],[-76.96894,38.92539],[-76.96893,38.92539],[-76.96893,38.9254],[-76.96892,38.9254],[-76.96892,38.92541],[-76.96891,38.92541],[-76.9689,38.92542],[-76.96889,38.92543],[-76.96887,38.92545],[-76.96883,38.92548],[-76.96881,38.9255],[-76.96877,38.92553],[-76.96877,38.92554],[-76.96873,38.92557],[-76.96807,38.92557],[-76.96807,38.92549],[-76.96807,38.92527],[-76.96807,38.92507],[-76.96807,38.92501],[-76.96807,38.925],[-76.96807,38.92498],[-76.96807,38.92481],[-76.96806,38.9247],[-76.96806,38.9246],[-76.96806,38.92456],[-76.96806,38.92452],[-76.96807,38.92452],[-76.96816,38.92452],[-76.96817,38.92452],[-76.96831,38.92452],[-76.96838,38.92452],[-76.96838,38.92441],[-76.96838,38.92433],[-76.96838,38.924],[-76.96826,38.924],[-76.96824,38.924],[-76.96806,38.924],[-76.96806,38.92399],[-76.96806,38.92398],[-76.96804,38.92398],[-76.96801,38.92398],[-76.96799,38.92398],[-76.96795,38.92398],[-76.96792,38.92398],[-76.96791,38.92398],[-76.96777,38.92398],[-76.9677,38.92398],[-76.96763,38.92398],[-76.96749,38.92398],[-76.96735,38.92398],[-76.96721,38.92398],[-76.96721,38.92404],[-76.96721,38.9241],[-76.96721,38.92413],[-76.96709,38.92413],[-76.96705,38.92413],[-76.96705,38.92418],[-76.96705,38.92426],[-76.96705,38.92427],[-76.9667,38.92427],[-76.96654,38.92427],[-76.96654,38.92428],[-76.96654,38.92429],[-76.96654,38.9243],[-76.96654,38.92438],[-76.96654,38.92441],[-76.96654,38.92444],[-76.96654,38.92448],[-76.96654,38.92451],[-76.96654,38.92452],[-76.96645,38.92452],[-76.96644,38.92452],[-76.96627,38.92452],[-76.96622,38.92452],[-76.96616,38.92452],[-76.96609,38.92452],[-76.96609,38.92464],[-76.96609,38.92505],[-76.96595,38.92505],[-76.96581,38.92505],[-76.96567,38.92505],[-76.96567,38.92539],[-76.96567,38.92559],[-76.96561,38.92559],[-76.96557,38.92555],[-76.96554,38.92552],[-76.96551,38.92549],[-76.96548,38.92547],[-76.96547,38.92545],[-76.96545,38.92543],[-76.96541,38.92539],[-76.96537,38.92536],[-76.96532,38.9253],[-76.96531,38.9253],[-76.96522,38.92522],[-76.96516,38.92518],[-76.96515,38.92519],[-76.96512,38.92521],[-76.96511,38.92522],[-76.96507,38.92526],[-76.96505,38.92527],[-76.96504,38.92528],[-76.96502,38.9253],[-76.96498,38.92534],[-76.96492,38.92538],[-76.96489,38.92541],[-76.96489,38.92552],[-76.96489,38.92558],[-76.96489,38.92571],[-76.96489,38.92578],[-76.96476,38.92587],[-76.96472,38.92589],[-76.96464,38.92594],[-76.96465,38.92594],[-76.96465,38.92595],[-76.96477,38.92605],[-76.96504,38.92632],[-76.96498,38.92636],[-76.96472,38.92652],[-76.9647,38.92654],[-76.96455,38.92663],[-76.96445,38.92656],[-76.96402,38.92692],[-76.96401,38.92692],[-76.96399,38.92695],[-76.96398,38.92695],[-76.9639,38.92702],[-76.96387,38.92704],[-76.96385,38.92706],[-76.96382,38.92708],[-76.96374,38.92715],[-76.96366,38.92721],[-76.96356,38.92729],[-76.9635,38.92734],[-76.96339,38.92743],[-76.96338,38.92744],[-76.96327,38.92751],[-76.96326,38.92751],[-76.96325,38.92752],[-76.96323,38.92753],[-76.96317,38.92757],[-76.96315,38.92758],[-76.96314,38.92759],[-76.96308,38.92764],[-76.96305,38.92767],[-76.96287,38.92781],[-76.96282,38.92785],[-76.96277,38.92789],[-76.96272,38.92793],[-76.9628,38.92799],[-76.96285,38.92803],[-76.96288,38.92806],[-76.96293,38.92809],[-76.96314,38.92825],[-76.96319,38.92828],[-76.96322,38.92831],[-76.96324,38.92832],[-76.96326,38.92834],[-76.96329,38.92836],[-76.96333,38.92839],[-76.96336,38.92841],[-76.9634,38.92845],[-76.96344,38.92847],[-76.96348,38.92851],[-76.96351,38.92853],[-76.9635,38.92854],[-76.96346,38.92855],[-76.96293,38.92875],[-76.96282,38.92879],[-76.96272,38.92882],[-76.96242,38.92893],[-76.96233,38.92897],[-76.9621,38.92905],[-76.96201,38.92909],[-76.96198,38.9291],[-76.9621,38.92921],[-76.96212,38.92924],[-76.96243,38.92954],[-76.9614,38.92996],[-76.96136,38.92998],[-76.96149,38.93007],[-76.96147,38.93009],[-76.96144,38.9301],[-76.96144,38.93011],[-76.96143,38.93011],[-76.96142,38.93012],[-76.9614,38.93013],[-76.96136,38.93015],[-76.96132,38.93017],[-76.96128,38.9302],[-76.96124,38.93022],[-76.9612,38.93024],[-76.96118,38.93025],[-76.96118,38.93026],[-76.96115,38.93027],[-76.96112,38.93029],[-76.96085,38.93045],[-76.96083,38.93046],[-76.9608,38.93048],[-76.96063,38.93058],[-76.96045,38.93069],[-76.96044,38.93069],[-76.96044,38.9307],[-76.96043,38.9307],[-76.96042,38.93071],[-76.96025,38.93082],[-76.96023,38.93083],[-76.96022,38.93083],[-76.96021,38.93084],[-76.9602,38.93084],[-76.9602,38.93085],[-76.9602,38.93086],[-76.9602,38.93087],[-76.9602,38.93088],[-76.96017,38.93091],[-76.95988,38.93112],[-76.95967,38.93129],[-76.95962,38.93133],[-76.95937,38.93152],[-76.95905,38.93177],[-76.95891,38.93188],[-76.95894,38.9319],[-76.95934,38.93222],[-76.96124,38.9337],[-76.9625,38.93469],[-76.96256,38.93468],[-76.96263,38.93467],[-76.96268,38.93467],[-76.96275,38.93466],[-76.96276,38.93466],[-76.96285,38.93465],[-76.96293,38.93464],[-76.96295,38.93463],[-76.96296,38.93463],[-76.96297,38.93463],[-76.96298,38.93463],[-76.96299,38.93463],[-76.96301,38.93462],[-76.96303,38.93462],[-76.96304,38.93462],[-76.96306,38.93462],[-76.96307,38.93462],[-76.9631,38.93461],[-76.96311,38.93461],[-76.96314,38.93461],[-76.96315,38.93461],[-76.96317,38.9346],[-76.96318,38.9346],[-76.96326,38.93459],[-76.96333,38.93458],[-76.96337,38.93458],[-76.96339,38.93458],[-76.9634,38.93458],[-76.96347,38.93457],[-76.96348,38.93457],[-76.96358,38.93455],[-76.9636,38.93455],[-76.96362,38.93455],[-76.96363,38.93455],[-76.96365,38.93455],[-76.96367,38.93454],[-76.96369,38.93454],[-76.9637,38.93454],[-76.96383,38.93452],[-76.96384,38.93452],[-76.96385,38.93452],[-76.96386,38.93452],[-76.96387,38.93452],[-76.96389,38.93451],[-76.96392,38.93449],[-76.96393,38.93449],[-76.96397,38.93447],[-76.96401,38.93445],[-76.96402,38.93445],[-76.96405,38.93443],[-76.96406,38.93443],[-76.9641,38.93441],[-76.96412,38.9344],[-76.96413,38.93439],[-76.96414,38.93439],[-76.96418,38.93437],[-76.96422,38.93435],[-76.96423,38.93435],[-76.96423,38.93434],[-76.96424,38.93434],[-76.96425,38.93434],[-76.96426,38.93433],[-76.96427,38.93433],[-76.9643,38.93431],[-76.96432,38.9343],[-76.96432,38.93429],[-76.96433,38.93428],[-76.96433,38.93427],[-76.96432,38.93419],[-76.96432,38.93412],[-76.96432,38.9341],[-76.96433,38.9341],[-76.96444,38.9341],[-76.96453,38.9341],[-76.96475,38.9341],[-76.96502,38.9341],[-76.96504,38.9341],[-76.96504,38.93402],[-76.96504,38.93398],[-76.96504,38.93352],[-76.96504,38.93349],[-76.96524,38.93349],[-76.96538,38.93349],[-76.9654,38.93349],[-76.96549,38.93349],[-76.96552,38.93349],[-76.96562,38.93349],[-76.96565,38.93349],[-76.96574,38.93349],[-76.96575,38.93349],[-76.96576,38.93349],[-76.96578,38.93349],[-76.96579,38.93349],[-76.96581,38.93348],[-76.96583,38.93348],[-76.96584,38.93348],[-76.96586,38.93347],[-76.96587,38.93347],[-76.96588,38.93346],[-76.96589,38.93346],[-76.9659,38.93346],[-76.9659,38.93345],[-76.96594,38.93344],[-76.96603,38.93339],[-76.96608,38.93337],[-76.96617,38.93333],[-76.96617,38.93332],[-76.96622,38.93329],[-76.96624,38.93329],[-76.96625,38.93328],[-76.96626,38.93327],[-76.96628,38.93327],[-76.96632,38.93325],[-76.96634,38.93324],[-76.96635,38.93323],[-76.96636,38.93323],[-76.96639,38.93322],[-76.96641,38.93321],[-76.96642,38.93321],[-76.96643,38.93321],[-76.96643,38.9332],[-76.96644,38.9332],[-76.96646,38.9332],[-76.96649,38.9332],[-76.96652,38.9332],[-76.9666,38.9332],[-76.96661,38.9332],[-76.96663,38.9332],[-76.96667,38.9332],[-76.9667,38.9332],[-76.96675,38.9332],[-76.96676,38.9332],[-76.96677,38.9332],[-76.96679,38.93319],[-76.96679,38.93318],[-76.9668,38.93316],[-76.96681,38.93314],[-76.96681,38.93313],[-76.96682,38.93311],[-76.96682,38.93308],[-76.96683,38.93305],[-76.96684,38.93303],[-76.96684,38.933],[-76.96684,38.93298],[-76.96684,38.93297],[-76.96684,38.93296],[-76.96684,38.93294],[-76.96684,38.93287],[-76.967,38.93287],[-76.96737,38.93287],[-76.96769,38.93287],[-76.96773,38.93288],[-76.96778,38.93288],[-76.96782,38.93289],[-76.96786,38.93291],[-76.96787,38.93291],[-76.96788,38.93292],[-76.96789,38.93292],[-76.9679,38.93293],[-76.96791,38.93294],[-76.96796,38.93296],[-76.96799,38.93298],[-76.96802,38.933],[-76.96789,38.93306],[-76.96787,38.93307],[-76.96785,38.93308],[-76.9678,38.9331],[-76.96767,38.93316],[-76.96706,38.93345],[-76.96678,38.93359],[-76.96676,38.9336],[-76.96653,38.93371],[-76.96652,38.93371],[-76.96623,38.93386],[-76.96615,38.9339],[-76.96605,38.93394],[-76.96603,38.93395],[-76.966,38.93396],[-76.96595,38.93399],[-76.96594,38.93399],[-76.96585,38.93403],[-76.96584,38.93404],[-76.96581,38.93406],[-76.96579,38.93406],[-76.96571,38.9341],[-76.96571,38.93411],[-76.96584,38.93411],[-76.9667,38.9341],[-76.96675,38.9341],[-76.96674,38.93415],[-76.96674,38.93416],[-76.96674,38.9342],[-76.96673,38.93422],[-76.96673,38.93424],[-76.96673,38.9343],[-76.96671,38.93441],[-76.9667,38.93447],[-76.9667,38.93448],[-76.96669,38.93449],[-76.96669,38.93452],[-76.96668,38.93457],[-76.96666,38.93457],[-76.96664,38.93457],[-76.96663,38.93457],[-76.96661,38.93458],[-76.9666,38.93458],[-76.96658,38.93458],[-76.96602,38.93457],[-76.96596,38.93457],[-76.96593,38.93457],[-76.96592,38.93457],[-76.96591,38.93457],[-76.9659,38.93458],[-76.96589,38.93458],[-76.96588,38.93458],[-76.96587,38.93458],[-76.96568,38.93468],[-76.9654,38.93481],[-76.96539,38.93482],[-76.96534,38.93484],[-76.96513,38.93495],[-76.96487,38.93509],[-76.96465,38.93509],[-76.96453,38.93509],[-76.96451,38.93509],[-76.9645,38.93509],[-76.96449,38.93509],[-76.96448,38.93509],[-76.96447,38.93509],[-76.96446,38.93509],[-76.9644,38.93509],[-76.96437,38.93509],[-76.96426,38.9351],[-76.9641,38.9351],[-76.96409,38.9351],[-76.96408,38.9351],[-76.96407,38.9351],[-76.96405,38.9351],[-76.96404,38.9351],[-76.96404,38.93509],[-76.96403,38.93509],[-76.96403,38.93521],[-76.96403,38.93539],[-76.96403,38.93541],[-76.96403,38.93542],[-76.964,38.93542],[-76.96397,38.93542],[-76.96395,38.93544],[-76.96393,38.93545],[-76.96384,38.93552],[-76.96373,38.9356],[-76.9637,38.93563],[-76.96376,38.93568],[-76.96385,38.93575],[-76.96394,38.93582],[-76.9644,38.93618],[-76.96453,38.93627],[-76.96459,38.93632],[-76.96461,38.93633],[-76.96462,38.93635],[-76.96464,38.93636],[-76.96466,38.93637],[-76.96466,38.93638],[-76.96468,38.93639],[-76.9647,38.93641],[-76.96472,38.93642],[-76.96474,38.93644],[-76.96475,38.93645],[-76.96485,38.93652],[-76.96486,38.93653],[-76.96497,38.93662],[-76.96498,38.93663],[-76.96499,38.93664],[-76.965,38.93665],[-76.96503,38.93666],[-76.96518,38.93678],[-76.96521,38.93681],[-76.96531,38.93688],[-76.96531,38.93689],[-76.96546,38.937],[-76.96548,38.93702],[-76.96564,38.93714],[-76.96574,38.93722],[-76.96598,38.93741],[-76.96603,38.93745],[-76.96614,38.93754],[-76.9665,38.93781],[-76.96652,38.93783],[-76.96662,38.93791],[-76.96666,38.93794],[-76.96667,38.93794],[-76.96669,38.93794],[-76.9667,38.93793],[-76.96671,38.93793],[-76.96672,38.93793],[-76.96673,38.93793],[-76.96674,38.93792],[-76.96675,38.93792],[-76.96676,38.93791],[-76.96677,38.93791],[-76.96679,38.93789],[-76.96681,38.93787],[-76.96682,38.93786],[-76.96683,38.93785],[-76.96687,38.93784],[-76.9669,38.93784],[-76.96694,38.93784],[-76.96697,38.93783],[-76.96706,38.93783],[-76.96714,38.93782],[-76.96722,38.93781],[-76.9673,38.93781],[-76.96731,38.93781],[-76.96734,38.93781],[-76.96736,38.93781],[-76.96738,38.9378],[-76.96744,38.9378],[-76.96746,38.9378],[-76.96749,38.9378],[-76.96754,38.9378],[-76.96762,38.9378],[-76.96766,38.9378],[-76.9677,38.9378],[-76.96774,38.9378],[-76.96777,38.9378],[-76.96785,38.9378],[-76.96792,38.9378],[-76.96796,38.9378],[-76.968,38.9378],[-76.96807,38.9378],[-76.96811,38.9378],[-76.96814,38.9378],[-76.96822,38.9378],[-76.96827,38.9378],[-76.96829,38.9378],[-76.96831,38.9378],[-76.96837,38.9378],[-76.9684,38.9378],[-76.96844,38.9378],[-76.96883,38.9378],[-76.96917,38.9378],[-76.96935,38.9378],[-76.96964,38.9378],[-76.96989,38.9378],[-76.96999,38.9378],[-76.97001,38.9378],[-76.97002,38.9378],[-76.97014,38.9378],[-76.97024,38.9378],[-76.97046,38.9378],[-76.97051,38.9378],[-76.97054,38.9378],[-76.97056,38.9378],[-76.97058,38.9378],[-76.9706,38.9378],[-76.97061,38.9378],[-76.97066,38.9378],[-76.97071,38.93781],[-76.97075,38.93781],[-76.97076,38.93781],[-76.97077,38.93782],[-76.97081,38.93782],[-76.97085,38.93783],[-76.9709,38.93784],[-76.97095,38.93785],[-76.97099,38.93786],[-76.97103,38.93787],[-76.97106,38.93788],[-76.97109,38.93788],[-76.97112,38.93789],[-76.97114,38.9379],[-76.97116,38.93791],[-76.97117,38.93791],[-76.9712,38.93792],[-76.97121,38.93792],[-76.97122,38.93793],[-76.97125,38.93794],[-76.97129,38.93796],[-76.97132,38.93797],[-76.97134,38.93798],[-76.97135,38.93799],[-76.97139,38.93801],[-76.97142,38.93803],[-76.97146,38.93805],[-76.9715,38.93807],[-76.97154,38.93809],[-76.97157,38.93811],[-76.97161,38.93813],[-76.97163,38.93814],[-76.97163,38.93815],[-76.97165,38.93816],[-76.97168,38.93818],[-76.97172,38.9382],[-76.97184,38.93829],[-76.97185,38.93829],[-76.97189,38.93832],[-76.97201,38.93841],[-76.97205,38.93844],[-76.97208,38.93846],[-76.97217,38.93852],[-76.97217,38.93864],[-76.97217,38.93868],[-76.97217,38.93909],[-76.97217,38.93949],[-76.97217,38.93959],[-76.97217,38.93966],[-76.97227,38.93966],[-76.97253,38.93966],[-76.97266,38.93966],[-76.97267,38.93966],[-76.97267,38.93973],[-76.97267,38.94011],[-76.97267,38.94081],[-76.97266,38.94118],[-76.97278,38.94126],[-76.97368,38.94126],[-76.97368,38.94129],[-76.97368,38.94133],[-76.97368,38.94188],[-76.97369,38.94227],[-76.97369,38.9423],[-76.97369,38.94231],[-76.97369,38.94232],[-76.97369,38.9424],[-76.97369,38.94243],[-76.97369,38.94262],[-76.97371,38.94263],[-76.97376,38.94268],[-76.97381,38.94271],[-76.9739,38.94279],[-76.97399,38.94285],[-76.97403,38.94289],[-76.97409,38.94294],[-76.97407,38.94296],[-76.97406,38.94296],[-76.97404,38.94298],[-76.97403,38.94299],[-76.97402,38.943],[-76.97401,38.943],[-76.97399,38.94301],[-76.97399,38.94302],[-76.97405,38.94307],[-76.97407,38.94308],[-76.97415,38.94314],[-76.97422,38.9432],[-76.97446,38.94338],[-76.97462,38.94351],[-76.97468,38.94355],[-76.97499,38.9438],[-76.97516,38.94393],[-76.97531,38.94405],[-76.97537,38.9441],[-76.97564,38.94431],[-76.9758,38.94444],[-76.97588,38.9445],[-76.97595,38.94455],[-76.97598,38.94457],[-76.97611,38.94467],[-76.97621,38.94475],[-76.97663,38.94509],[-76.97681,38.94522],[-76.97688,38.94527],[-76.97693,38.94531],[-76.97699,38.94536],[-76.97701,38.94538],[-76.97702,38.94539],[-76.97703,38.94539],[-76.97704,38.9454],[-76.97707,38.94542],[-76.97714,38.94537],[-76.97724,38.94529],[-76.97725,38.94529],[-76.97726,38.94529],[-76.97727,38.94528],[-76.97729,38.94527],[-76.97731,38.94527],[-76.97733,38.94527],[-76.97734,38.94526],[-76.97736,38.94526],[-76.97738,38.94526],[-76.97739,38.94526],[-76.9774,38.94526],[-76.97742,38.94526],[-76.97748,38.94526],[-76.97772,38.94526],[-76.97771,38.94424],[-76.9778,38.94424],[-76.9781,38.94424],[-76.97823,38.94424],[-76.97828,38.94424],[-76.97833,38.94424],[-76.97837,38.94424],[-76.97838,38.94424],[-76.97839,38.94424],[-76.97839,38.94437],[-76.97839,38.94446],[-76.97837,38.94506],[-76.97837,38.94513],[-76.97837,38.94521],[-76.97837,38.94522],[-76.97837,38.94526],[-76.97868,38.94526],[-76.97871,38.94526],[-76.97886,38.94526],[-76.97879,38.94534],[-76.97874,38.94541],[-76.97873,38.94543],[-76.9787,38.94547],[-76.97869,38.94548],[-76.97867,38.94551],[-76.97864,38.94554],[-76.97863,38.94556],[-76.97862,38.94558],[-76.97859,38.94561],[-76.97858,38.94563],[-76.97856,38.94565],[-76.97853,38.94569],[-76.97851,38.94572],[-76.97848,38.94576],[-76.97845,38.9458],[-76.97843,38.94583],[-76.97842,38.94584],[-76.9784,38.94586],[-76.97837,38.94588],[-76.97834,38.94591],[-76.97834,38.94592],[-76.97832,38.94594],[-76.9783,38.94596],[-76.97829,38.94597],[-76.97828,38.94598],[-76.97826,38.946],[-76.97823,38.94603],[-76.9782,38.94605],[-76.97817,38.94608],[-76.97816,38.94609],[-76.97805,38.94619]],[[-76.97521,38.93998],[-76.97528,38.93998],[-76.97537,38.93998],[-76.9754,38.93998],[-76.9756,38.93998],[-76.97572,38.93998],[-76.97584,38.93998],[-76.97591,38.93998],[-76.9761,38.93998],[-76.97622,38.93998],[-76.97622,38.94025],[-76.97622,38.94027],[-76.97623,38.94035],[-76.97622,38.94035],[-76.97621,38.94035],[-76.9761,38.94034],[-76.97608,38.94034],[-76.97596,38.94034],[-76.97578,38.94033],[-76.97548,38.94032],[-76.9753,38.94031],[-76.97529,38.94031],[-76.97528,38.94031],[-76.97526,38.94031],[-76.97522,38.9403],[-76.97519,38.9403],[-76.9752,38.94022],[-76.9752,38.94021],[-76.9752,38.94009],[-76.9752,38.93998],[-76.97521,38.93998]],[[-76.97914,38.93282],[-76.97914,38.93274],[-76.97914,38.93265],[-76.97914,38.93263],[-76.97921,38.93263],[-76.97923,38.93263],[-76.97941,38.93263],[-76.97942,38.93263],[-76.97958,38.93262],[-76.97955,38.93221],[-76.97954,38.93213],[-76.97962,38.93213],[-76.97966,38.93213],[-76.98004,38.93211],[-76.98008,38.9321],[-76.98008,38.93211],[-76.9801,38.93212],[-76.98011,38.93213],[-76.98012,38.93214],[-76.98013,38.93223],[-76.98014,38.93244],[-76.98015,38.93255],[-76.98016,38.93272],[-76.98019,38.93296],[-76.9802,38.93309],[-76.98019,38.93309],[-76.98007,38.9331],[-76.98008,38.93312],[-76.9801,38.93316],[-76.9801,38.93318],[-76.98011,38.93319],[-76.98011,38.9332],[-76.98011,38.93322],[-76.98014,38.93356],[-76.98015,38.93356],[-76.98016,38.93356],[-76.98016,38.93359],[-76.98017,38.93368],[-76.98018,38.93396],[-76.98019,38.93408],[-76.97981,38.9341],[-76.9798,38.9341],[-76.9797,38.9341],[-76.97969,38.93402],[-76.97965,38.93359],[-76.97965,38.93349],[-76.97963,38.93334],[-76.97963,38.93327],[-76.97962,38.93321],[-76.97962,38.93312],[-76.97959,38.93312],[-76.97952,38.93312],[-76.97949,38.93312],[-76.97946,38.93312],[-76.97923,38.93312],[-76.97921,38.93312],[-76.97919,38.93312],[-76.97914,38.93312],[-76.97914,38.9331],[-76.97914,38.93306],[-76.97914,38.93303],[-76.97914,38.933],[-76.97914,38.93282]],[[-76.98022,38.94082],[-76.98021,38.94073],[-76.98031,38.94073],[-76.98033,38.94073],[-76.98044,38.94073],[-76.98064,38.94073],[-76.98094,38.94073],[-76.98097,38.94073],[-76.98123,38.94073],[-76.98125,38.94073],[-76.98138,38.94073],[-76.98139,38.94073],[-76.9814,38.94073],[-76.98141,38.94073],[-76.98141,38.94074],[-76.98142,38.94074],[-76.9815,38.94082],[-76.98152,38.94084],[-76.98174,38.94105],[-76.9819,38.9412],[-76.98204,38.94133],[-76.98211,38.94139],[-76.98202,38.94153],[-76.98185,38.94182],[-76.98166,38.94213],[-76.98161,38.94221],[-76.98158,38.94219],[-76.98039,38.94158],[-76.98027,38.94152],[-76.98027,38.94151],[-76.98026,38.94141],[-76.98024,38.94112],[-76.98024,38.9411],[-76.98022,38.94083],[-76.98022,38.94082]]]},"properties":{"zone":"R-1B","label":"R-1B","desc":"Provides areas predominantly developed with detached houses on moderately sized lots."}},{"type":"Feature","geometry":{"type":"Polygon","coordinates":[[[-76.92422,38.88463],[-76.92422,38.88466],[-76.92422,38.88467],[-76.9242,38.88473],[-76.92419,38.8848],[-76.92417,38.88489],[-76.92412,38.88513],[-76.92412,38.88514],[-76.9241,38.88521],[-76.92408,38.88529],[-76.92408,38.88532],[-76.92407,38.88534],[-76.92407,38.88536],[-76.92404,38.88548],[-76.92418,38.8855],[-76.92422,38.8855],[-76.92432,38.88552],[-76.92446,38.88553],[-76.92447,38.88554],[-76.9246,38.88555],[-76.92462,38.88556],[-76.92471,38.88557],[-76.92473,38.88557],[-76.92474,38.88557],[-76.92475,38.88557],[-76.92476,38.88558],[-76.92487,38.88559],[-76.92489,38.88559],[-76.92501,38.88561],[-76.92508,38.88562],[-76.92515,38.88563],[-76.92526,38.88564],[-76.92529,38.88565],[-76.92543,38.88567],[-76.92546,38.88567],[-76.92557,38.88568],[-76.92567,38.8857],[-76.9257,38.8857],[-76.92584,38.88572],[-76.92585,38.88572],[-76.92593,38.88573],[-76.92604,38.88574],[-76.92616,38.88576],[-76.92629,38.88578],[-76.92628,38.88584],[-76.92628,38.88586],[-76.92628,38.88587],[-76.92627,38.88588],[-76.92627,38.88589],[-76.92627,38.8859],[-76.92625,38.88596],[-76.92625,38.88597],[-76.92624,38.88601],[-76.92624,38.88605],[-76.92622,38.88611],[-76.92619,38.88626],[-76.92619,38.88627],[-76.92618,38.88628],[-76.92618,38.88629],[-76.92618,38.88631],[-76.92618,38.88632],[-76.92617,38.88632],[-76.92617,38.88633],[-76.92616,38.88637],[-76.92616,38.88639],[-76.92616,38.8864],[-76.92616,38.88641],[-76.92615,38.88644],[-76.92615,38.88645],[-76.92615,38.88646],[-76.92614,38.88649],[-76.92613,38.88652],[-76.92612,38.88658],[-76.92611,38.88661],[-76.92611,38.88664],[-76.92609,38.88673],[-76.92608,38.88675],[-76.92608,38.88678],[-76.92608,38.88679],[-76.92609,38.88679],[-76.92619,38.88681],[-76.92623,38.88681],[-76.92627,38.88682],[-76.92628,38.88682],[-76.92629,38.88682],[-76.92663,38.88687],[-76.92663,38.88688],[-76.92662,38.88693],[-76.92661,38.88697],[-76.92661,38.88699],[-76.92659,38.88705],[-76.92657,38.88714],[-76.92656,38.8872],[-76.9267,38.88722],[-76.92677,38.88723],[-76.92682,38.88724],[-76.92684,38.88724],[-76.92691,38.88725],[-76.92697,38.88726],[-76.92698,38.88726],[-76.92711,38.88728],[-76.92714,38.88728],[-76.92715,38.88728],[-76.92767,38.88735],[-76.92759,38.88769],[-76.92771,38.88771],[-76.92781,38.88772],[-76.92779,38.8878],[-76.92778,38.88786],[-76.92777,38.8879],[-76.92776,38.88794],[-76.92775,38.888],[-76.92774,38.88805],[-76.92782,38.88807],[-76.92796,38.88809],[-76.9281,38.8881],[-76.92823,38.88812],[-76.92824,38.88812],[-76.92837,38.88814],[-76.92851,38.88816],[-76.92865,38.88818],[-76.92879,38.8882],[-76.92886,38.88821],[-76.92893,38.88822],[-76.92907,38.88824],[-76.9292,38.88825],[-76.92934,38.88827],[-76.92948,38.88829],[-76.92962,38.88831],[-76.92976,38.88833],[-76.9299,38.88834],[-76.92999,38.88835],[-76.92999,38.88837],[-76.92998,38.8884],[-76.92997,38.88846],[-76.92995,38.88852],[-76.92995,38.88855],[-76.92994,38.88859],[-76.92993,38.88862],[-76.92992,38.88866],[-76.92992,38.8887],[-76.93002,38.88871],[-76.93003,38.88871],[-76.93054,38.88878],[-76.93126,38.88887],[-76.93162,38.88892],[-76.93211,38.88899],[-76.93223,38.889],[-76.93224,38.88893],[-76.93225,38.88889],[-76.93234,38.88848],[-76.93236,38.8884],[-76.93237,38.88833],[-76.93239,38.88826],[-76.93243,38.88807],[-76.93248,38.88784],[-76.9325,38.88775],[-76.93251,38.88772],[-76.93252,38.88765],[-76.93253,38.88761],[-76.93254,38.88758],[-76.93264,38.88711],[-76.93265,38.88706],[-76.93267,38.88697],[-76.93268,38.88695],[-76.93269,38.88689],[-76.93277,38.88652],[-76.93279,38.88643],[-76.9328,38.88638],[-76.93282,38.8863],[-76.93284,38.88621],[-76.93287,38.88608],[-76.93289,38.88597],[-76.9329,38.88591],[-76.93293,38.88577],[-76.93294,38.88575],[-76.93294,38.88574],[-76.93294,38.88573],[-76.93295,38.88572],[-76.93295,38.8857],[-76.93295,38.88569],[-76.93295,38.88568],[-76.93295,38.88566],[-76.93295,38.88565],[-76.93295,38.88564],[-76.93294,38.88563],[-76.93287,38.88551],[-76.93274,38.88531],[-76.93257,38.88507],[-76.93246,38.88492],[-76.93245,38.88491],[-76.93244,38.8849],[-76.93243,38.88489],[-76.93241,38.88488],[-76.93182,38.88406],[-76.93174,38.88393],[-76.93173,38.88392],[-76.93134,38.88338],[-76.93134,38.88336],[-76.9313,38.88331],[-76.93129,38.88331],[-76.93128,38.8833],[-76.93126,38.8833],[-76.93125,38.8833],[-76.93124,38.8833],[-76.93122,38.8833],[-76.93121,38.8833],[-76.9312,38.8833],[-76.93118,38.8833],[-76.93117,38.8833],[-76.9311,38.88329],[-76.93095,38.88397],[-76.9308,38.88464],[-76.93002,38.88453],[-76.93004,38.88447],[-76.9301,38.8842],[-76.92996,38.88418],[-76.93002,38.88391],[-76.93004,38.88385],[-76.92976,38.88381],[-76.92978,38.88374],[-76.92983,38.88346],[-76.92997,38.88348],[-76.93003,38.88321],[-76.93005,38.88315],[-76.93,38.88314],[-76.92897,38.883],[-76.92895,38.883],[-76.92884,38.88299],[-76.92886,38.88292],[-76.92886,38.88291],[-76.92897,38.88239],[-76.92899,38.88231],[-76.92901,38.88224],[-76.92901,38.88223],[-76.92913,38.88171],[-76.92914,38.88164],[-76.92916,38.88155],[-76.92916,38.88154],[-76.92932,38.88079],[-76.92932,38.88078],[-76.92932,38.88068],[-76.92921,38.88069],[-76.92917,38.8807],[-76.92883,38.88074],[-76.92857,38.88077],[-76.92855,38.88077],[-76.92835,38.8808],[-76.92815,38.88082],[-76.92804,38.88083],[-76.92793,38.88084],[-76.92782,38.88086],[-76.92771,38.88087],[-76.9276,38.88088],[-76.92749,38.8809],[-76.92738,38.88091],[-76.92727,38.88092],[-76.92716,38.88094],[-76.92705,38.88095],[-76.92696,38.88096],[-76.92683,38.88098],[-76.92662,38.881],[-76.92611,38.88106],[-76.92596,38.88108],[-76.92595,38.88108],[-76.92571,38.88111],[-76.92559,38.88113],[-76.92491,38.8812],[-76.92488,38.88121],[-76.92485,38.88121],[-76.92482,38.88121],[-76.92479,38.88122],[-76.92476,38.88122],[-76.92473,38.88122],[-76.9247,38.88123],[-76.92468,38.88123],[-76.92465,38.88124],[-76.92462,38.88124],[-76.92459,38.88125],[-76.92456,38.88125],[-76.92453,38.88126],[-76.9245,38.88127],[-76.92447,38.88127],[-76.92444,38.88128],[-76.92441,38.88129],[-76.92438,38.8813],[-76.92436,38.88131],[-76.92433,38.88132],[-76.9243,38.88133],[-76.92427,38.88134],[-76.92425,38.88135],[-76.92422,38.88136],[-76.92411,38.88129],[-76.92384,38.88149],[-76.92339,38.88185],[-76.92303,38.88213],[-76.92269,38.88239],[-76.92236,38.88265],[-76.92218,38.88279],[-76.92201,38.88292],[-76.92185,38.88305],[-76.92171,38.88316],[-76.92158,38.88326],[-76.92148,38.88334],[-76.92137,38.88342],[-76.92124,38.88352],[-76.92114,38.8836],[-76.92104,38.88368],[-76.92117,38.88369],[-76.9212,38.8837],[-76.92124,38.8837],[-76.92127,38.8837],[-76.92131,38.88371],[-76.92135,38.88371],[-76.92137,38.88372],[-76.92147,38.88373],[-76.92153,38.88374],[-76.92161,38.88375],[-76.92162,38.88375],[-76.92167,38.88376],[-76.92175,38.88377],[-76.92176,38.88377],[-76.92177,38.88377],[-76.92181,38.88378],[-76.92184,38.88378],[-76.92189,38.88379],[-76.9219,38.88379],[-76.92192,38.88379],[-76.92195,38.88379],[-76.92199,38.8838],[-76.92208,38.88381],[-76.92213,38.88382],[-76.92222,38.88383],[-76.92226,38.88384],[-76.92236,38.88385],[-76.92242,38.88386],[-76.9225,38.88387],[-76.92255,38.88388],[-76.92256,38.88388],[-76.92264,38.88389],[-76.92271,38.8839],[-76.92273,38.8839],[-76.92278,38.88391],[-76.92281,38.88391],[-76.92286,38.88392],[-76.92287,38.88392],[-76.9229,38.88392],[-76.92291,38.88393],[-76.92299,38.88394],[-76.92305,38.88394],[-76.9231,38.88395],[-76.92316,38.88396],[-76.92317,38.88396],[-76.92319,38.88396],[-76.92326,38.88397],[-76.92328,38.88398],[-76.92333,38.88398],[-76.92336,38.88399],[-76.9234,38.88399],[-76.92347,38.884],[-76.92361,38.88402],[-76.92375,38.88404],[-76.92377,38.88404],[-76.92386,38.88405],[-76.9239,38.88406],[-76.92394,38.88407],[-76.92397,38.88407],[-76.92399,38.88408],[-76.92406,38.88409],[-76.92412,38.8841],[-76.92433,38.88413],[-76.92433,38.88414],[-76.92431,38.88421],[-76.92431,38.88422],[-76.92429,38.88433],[-76.92428,38.88435],[-76.92428,38.88436],[-76.92427,38.8844],[-76.92427,38.88443],[-76.92426,38.88446],[-76.92426,38.88448],[-76.92425,38.8845],[-76.92424,38.88457],[-76.92423,38.88461],[-76.92422,38.88463]]]},"properties":{"zone":"R-3","label":"R-3","desc":"Allows for attached rowhouses on small lots and row dwellings mingled with detached, semi-detached, and groupings of three or more row dwellings"}},{"type":"Feature","geometry":{"type":"Polygon","coordinates":[[[-77.0084,38.83331],[-77.0084,38.83345],[-77.00841,38.83365],[-77.00835,38.83384],[-77.00833,38.83389],[-77.00832,38.83395],[-77.0083,38.834],[-77.00828,38.83406],[-77.00827,38.83412],[-77.00825,38.83417],[-77.00823,38.83423],[-77.00821,38.83428],[-77.0082,38.83434],[-77.00818,38.8344],[-77.00816,38.83445],[-77.00814,38.83451],[-77.00813,38.83457],[-77.00811,38.83462],[-77.0081,38.83467],[-77.00808,38.83472],[-77.00806,38.83477],[-77.00805,38.83482],[-77.00803,38.83487],[-77.00802,38.83492],[-77.008,38.83497],[-77.00799,38.83502],[-77.00797,38.83507],[-77.00791,38.83526],[-77.00782,38.83554],[-77.00781,38.83557],[-77.00779,38.83561],[-77.00778,38.83564],[-77.00776,38.83567],[-77.00775,38.83569],[-77.00827,38.83564],[-77.00934,38.83543],[-77.00942,38.83532],[-77.00943,38.83531],[-77.00973,38.83494],[-77.00996,38.83465],[-77.01003,38.83456],[-77.01212,38.83196],[-77.01219,38.83187],[-77.01227,38.83177],[-77.01259,38.83136],[-77.01283,38.83107],[-77.01292,38.83092],[-77.01306,38.83071],[-77.01307,38.83071],[-77.01307,38.8307],[-77.0131,38.83065],[-77.01311,38.83064],[-77.01315,38.83058],[-77.01318,38.83052],[-77.01322,38.83046],[-77.01325,38.83041],[-77.01328,38.83035],[-77.01331,38.8303],[-77.01331,38.83029],[-77.01335,38.83023],[-77.01338,38.83017],[-77.01341,38.83011],[-77.01344,38.83004],[-77.01347,38.82997],[-77.0135,38.82989],[-77.01354,38.82982],[-77.01357,38.82975],[-77.01359,38.82968],[-77.01361,38.82964],[-77.01362,38.82961],[-77.01365,38.82954],[-77.01368,38.82946],[-77.0137,38.82939],[-77.01372,38.82932],[-77.01374,38.82926],[-77.01376,38.82919],[-77.01378,38.82913],[-77.0138,38.82906],[-77.01381,38.829],[-77.01383,38.82893],[-77.01385,38.82886],[-77.01386,38.8288],[-77.01386,38.82879],[-77.01388,38.82873],[-77.01388,38.82871],[-77.01389,38.8287],[-77.01389,38.82869],[-77.01389,38.82867],[-77.01389,38.82866],[-77.01389,38.82865],[-77.0139,38.82863],[-77.0139,38.82862],[-77.0139,38.82861],[-77.0139,38.82859],[-77.0139,38.82858],[-77.0139,38.82857],[-77.01389,38.82855],[-77.01389,38.82853],[-77.01388,38.82853],[-77.01377,38.82854],[-77.01343,38.82858],[-77.01307,38.82862],[-77.01283,38.82865],[-77.01273,38.82867],[-77.01272,38.82867],[-77.01259,38.82866],[-77.01259,38.82858],[-77.01259,38.82857],[-77.01259,38.82831],[-77.01259,38.82817],[-77.0124,38.82817],[-77.01227,38.82817],[-77.01214,38.82818],[-77.01213,38.82818],[-77.01198,38.82818],[-77.01183,38.82819],[-77.01166,38.82819],[-77.01165,38.82819],[-77.01148,38.8282],[-77.0113,38.8282],[-77.01117,38.82821],[-77.01113,38.82821],[-77.01095,38.82822],[-77.01077,38.82822],[-77.01068,38.82822],[-77.0106,38.82823],[-77.01046,38.82823],[-77.01042,38.82823],[-77.01025,38.82824],[-77.01007,38.82824],[-77.0099,38.82825],[-77.00984,38.82825],[-77.00972,38.82825],[-77.00962,38.82826],[-77.00955,38.82826],[-77.00937,38.82827],[-77.00937,38.82867],[-77.00937,38.82879],[-77.00936,38.82879],[-77.00936,38.8288],[-77.00933,38.8288],[-77.00932,38.82881],[-77.00931,38.82881],[-77.00928,38.82882],[-77.00927,38.82882],[-77.00926,38.82883],[-77.00925,38.82883],[-77.00924,38.82884],[-77.00922,38.82884],[-77.00921,38.82884],[-77.00919,38.82885],[-77.00918,38.82886],[-77.00917,38.82886],[-77.00914,38.82887],[-77.00906,38.82891],[-77.00906,38.82903],[-77.00906,38.82904],[-77.00906,38.82905],[-77.00906,38.82906],[-77.00906,38.82909],[-77.00906,38.8291],[-77.00906,38.82911],[-77.00906,38.82912],[-77.00906,38.82913],[-77.00906,38.82914],[-77.00906,38.82917],[-77.00906,38.82921],[-77.00906,38.82924],[-77.00906,38.82952],[-77.00907,38.82973],[-77.00907,38.82977],[-77.00907,38.82979],[-77.00907,38.82984],[-77.00907,38.82989],[-77.00906,38.82999],[-77.00906,38.83017],[-77.00906,38.83023],[-77.00906,38.83029],[-77.00906,38.83034],[-77.00906,38.8304],[-77.00906,38.83046],[-77.00906,38.83052],[-77.00906,38.83057],[-77.00906,38.83063],[-77.00906,38.83069],[-77.00906,38.83075],[-77.00907,38.83076],[-77.00907,38.83077],[-77.00907,38.83078],[-77.00907,38.8308],[-77.00906,38.8308],[-77.00906,38.83081],[-77.00906,38.83083],[-77.00906,38.83084],[-77.00906,38.83085],[-77.00906,38.83086],[-77.00906,38.83087],[-77.00906,38.83088],[-77.00906,38.8309],[-77.00906,38.83091],[-77.00906,38.83094],[-77.00905,38.83097],[-77.00905,38.831],[-77.00905,38.83102],[-77.00904,38.83105],[-77.00904,38.83108],[-77.00904,38.83111],[-77.00903,38.83113],[-77.00903,38.83116],[-77.00902,38.83119],[-77.00898,38.83141],[-77.00898,38.83146],[-77.00897,38.83146],[-77.00896,38.83154],[-77.00906,38.83155],[-77.00918,38.83156],[-77.00924,38.83157],[-77.00926,38.83157],[-77.00959,38.83161],[-77.00976,38.83163],[-77.00987,38.83164],[-77.00994,38.83165],[-77.0098,38.83177],[-77.00972,38.83184],[-77.00939,38.83214],[-77.00921,38.83231],[-77.0092,38.83233],[-77.00918,38.83236],[-77.00915,38.83238],[-77.00913,38.83241],[-77.0091,38.83244],[-77.00908,38.83247],[-77.00905,38.8325],[-77.00903,38.83253],[-77.009,38.83257],[-77.00898,38.8326],[-77.00895,38.83263],[-77.00893,38.83266],[-77.00891,38.83269],[-77.00883,38.83282],[-77.00881,38.83288],[-77.00876,38.83299],[-77.00872,38.83308],[-77.00861,38.83331],[-77.0084,38.83331]]]},"properties":{"zone":"R-2","label":"R-2","desc":"Provide areas predominantly developed with semi-detached houses on moderately-sized lots that also contain some detached dwellings"}},{"type":"Feature","geometry":{"type":"Polygon","coordinates":[[[-77.03389,38.96023],[-77.0339,38.96023],[-77.03416,38.96023],[-77.03418,38.96023],[-77.03421,38.96023],[-77.03429,38.9601],[-77.03433,38.96004],[-77.03435,38.96001],[-77.03411,38.95992],[-77.03389,38.95984],[-77.03379,38.9598],[-77.03379,38.95979],[-77.03367,38.95975],[-77.03356,38.9597],[-77.03343,38.95964],[-77.03343,38.96023],[-77.03347,38.96023],[-77.03359,38.96023],[-77.0336,38.96023],[-77.03389,38.96023]]]},"properties":{"zone":"R-2","label":"R-2","desc":"Provide areas predominantly developed with semi-detached houses on moderately-sized lots that also contain some detached dwellings"}},{"type":"Feature","geometry":{"type":"Polygon","coordinates":[[[-77.06636,38.92433],[-77.06649,38.92435],[-77.06663,38.92436],[-77.06665,38.92436],[-77.06666,38.92436],[-77.06667,38.92436],[-77.06668,38.92436],[-77.06669,38.92436],[-77.0667,38.92436],[-77.06672,38.92436],[-77.06673,38.92436],[-77.06674,38.92436],[-77.06676,38.92437],[-77.06678,38.92437],[-77.0668,38.92437],[-77.06681,38.92437],[-77.06682,38.92437],[-77.06685,38.92437],[-77.06687,38.92438],[-77.06689,38.92438],[-77.0669,38.92438],[-77.06692,38.92438],[-77.06694,38.92439],[-77.06696,38.92439],[-77.06697,38.92439],[-77.06699,38.92439],[-77.06701,38.9244],[-77.06703,38.9244],[-77.06704,38.9244],[-77.06705,38.9244],[-77.06706,38.92441],[-77.06707,38.92441],[-77.06708,38.92441],[-77.06709,38.92441],[-77.06713,38.92442],[-77.06717,38.92443],[-77.06722,38.92444],[-77.06722,38.92445],[-77.06723,38.92445],[-77.06723,38.92444],[-77.06723,38.92443],[-77.06724,38.92442],[-77.06724,38.92441],[-77.06725,38.9244],[-77.06725,38.92439],[-77.06726,38.92438],[-77.06726,38.92437],[-77.06727,38.92437],[-77.06727,38.92436],[-77.06728,38.92436],[-77.06729,38.92435],[-77.0673,38.92434],[-77.06731,38.92434],[-77.06732,38.92433],[-77.06733,38.92433],[-77.06733,38.92432],[-77.06734,38.92432],[-77.06735,38.92432],[-77.06736,38.92432],[-77.06737,38.92432],[-77.06737,38.92431],[-77.06738,38.92431],[-77.06739,38.92431],[-77.0674,38.92431],[-77.06745,38.9243],[-77.06751,38.92429],[-77.06757,38.92428],[-77.06762,38.92427],[-77.06768,38.92426],[-77.06773,38.92425],[-77.06779,38.92425],[-77.06785,38.92424],[-77.0679,38.92423],[-77.06796,38.92422],[-77.06801,38.92421],[-77.06806,38.9242],[-77.06811,38.92418],[-77.06817,38.92417],[-77.06822,38.92416],[-77.06827,38.92414],[-77.06832,38.92413],[-77.06837,38.92411],[-77.06842,38.9241],[-77.06847,38.92408],[-77.06853,38.92406],[-77.06859,38.92404],[-77.06865,38.92402],[-77.06871,38.92399],[-77.06877,38.92397],[-77.06883,38.92395],[-77.06889,38.92392],[-77.06895,38.92389],[-77.06901,38.92386],[-77.06906,38.92384],[-77.06912,38.92381],[-77.06918,38.92378],[-77.06923,38.92375],[-77.06929,38.92371],[-77.06934,38.92368],[-77.06939,38.92365],[-77.06945,38.92362],[-77.0695,38.92358],[-77.06955,38.92354],[-77.0696,38.92351],[-77.06964,38.92347],[-77.06969,38.92344],[-77.06973,38.9234],[-77.06978,38.92336],[-77.06982,38.92333],[-77.06986,38.92329],[-77.0699,38.92325],[-77.06994,38.92321],[-77.06998,38.92317],[-77.07002,38.92313],[-77.07006,38.92309],[-77.07009,38.92305],[-77.07012,38.92301],[-77.07016,38.92297],[-77.07019,38.92293],[-77.07022,38.92289],[-77.07025,38.92285],[-77.07028,38.92281],[-77.07031,38.92276],[-77.07033,38.92272],[-77.07034,38.92271],[-77.07035,38.9227],[-77.07036,38.92268],[-77.07037,38.92266],[-77.07039,38.92263],[-77.0704,38.92261],[-77.0704,38.9226],[-77.07041,38.9226],[-77.07041,38.92259],[-77.07046,38.92247],[-77.07047,38.92243],[-77.07049,38.92236],[-77.0705,38.92234],[-77.07052,38.92227],[-77.07056,38.92215],[-77.07056,38.92212],[-77.07059,38.92198],[-77.07061,38.92188],[-77.07063,38.92172],[-77.07064,38.92156],[-77.07064,38.92148],[-77.07064,38.9214],[-77.07064,38.92132],[-77.07063,38.92132],[-77.07063,38.9213],[-77.07063,38.92126],[-77.07063,38.92122],[-77.07062,38.92117],[-77.07061,38.9211],[-77.0706,38.92102],[-77.07058,38.92093],[-77.07055,38.92084],[-77.07053,38.92077],[-77.07051,38.92072],[-77.07049,38.92065],[-77.07046,38.92058],[-77.07043,38.92051],[-77.07041,38.92047],[-77.07039,38.92042],[-77.07034,38.92031],[-77.07028,38.92021],[-77.07023,38.92013],[-77.07016,38.92002],[-77.07011,38.91995],[-77.07005,38.91988],[-77.06999,38.9198],[-77.06994,38.91974],[-77.0699,38.9197],[-77.06984,38.91964],[-77.06976,38.91956],[-77.06971,38.91952],[-77.06967,38.91949],[-77.06958,38.91953],[-77.06954,38.91951],[-77.06951,38.91948],[-77.06947,38.91945],[-77.06943,38.91942],[-77.06938,38.91939],[-77.06934,38.91936],[-77.06943,38.91931],[-77.06936,38.91926],[-77.0693,38.91922],[-77.06924,38.91918],[-77.06919,38.91916],[-77.06913,38.91913],[-77.06904,38.91907],[-77.06895,38.91903],[-77.0689,38.91901],[-77.06884,38.91898],[-77.0688,38.91896],[-77.06872,38.91893],[-77.06867,38.91891],[-77.06861,38.91888],[-77.06855,38.91886],[-77.06851,38.91885],[-77.06846,38.91883],[-77.06839,38.91881],[-77.06832,38.91879],[-77.06825,38.91877],[-77.06817,38.91874],[-77.06811,38.91873],[-77.06806,38.91872],[-77.06804,38.91872],[-77.06801,38.91871],[-77.06796,38.9187],[-77.0678,38.91868],[-77.06778,38.91868],[-77.06776,38.91867],[-77.06774,38.91867],[-77.06773,38.91867],[-77.06771,38.91867],[-77.0677,38.91866],[-77.06769,38.91866],[-77.06768,38.91866],[-77.06766,38.91866],[-77.06765,38.91866],[-77.06764,38.91866],[-77.06763,38.91865],[-77.06762,38.91865],[-77.06744,38.91864],[-77.06732,38.91863],[-77.06673,38.91859],[-77.06664,38.91858],[-77.06603,38.91854],[-77.06603,38.91855],[-77.06602,38.91855],[-77.06601,38.91855],[-77.0658,38.91863],[-77.0656,38.91871],[-77.06554,38.91874],[-77.0654,38.9188],[-77.06521,38.9189],[-77.06517,38.91892],[-77.06497,38.91903],[-77.06492,38.91906],[-77.06486,38.9191],[-77.06483,38.91911],[-77.06475,38.91917],[-77.06456,38.91929],[-77.06443,38.91938],[-77.06432,38.91947],[-77.06421,38.91957],[-77.06404,38.91974],[-77.06392,38.91988],[-77.06383,38.91999],[-77.06372,38.92016],[-77.06367,38.92026],[-77.06365,38.92029],[-77.06362,38.92034],[-77.06362,38.92035],[-77.06361,38.92035],[-77.06354,38.92051],[-77.06348,38.92064],[-77.06343,38.92078],[-77.06341,38.9209],[-77.0634,38.92094],[-77.06339,38.92097],[-77.06339,38.92098],[-77.06339,38.92099],[-77.06337,38.9211],[-77.06336,38.92116],[-77.06335,38.92119],[-77.06335,38.9212],[-77.06334,38.92121],[-77.06334,38.92122],[-77.06333,38.92123],[-77.06332,38.92124],[-77.06314,38.92141],[-77.0632,38.92154],[-77.06323,38.9216],[-77.06326,38.92167],[-77.06328,38.92173],[-77.0633,38.9218],[-77.0633,38.92182],[-77.0633,38.92183],[-77.06331,38.92184],[-77.06331,38.92185],[-77.06331,38.92186],[-77.06331,38.92187],[-77.06332,38.92189],[-77.06332,38.92191],[-77.06332,38.92193],[-77.06335,38.92203],[-77.06337,38.92212],[-77.0634,38.9222],[-77.06343,38.92229],[-77.06347,38.92237],[-77.06351,38.92246],[-77.06353,38.9225],[-77.06355,38.92253],[-77.06357,38.92258],[-77.0636,38.92263],[-77.06362,38.92268],[-77.06366,38.92273],[-77.06369,38.92277],[-77.06372,38.92282],[-77.06375,38.92287],[-77.06379,38.92292],[-77.06382,38.92296],[-77.06386,38.92301],[-77.0639,38.92306],[-77.06394,38.9231],[-77.06398,38.92314],[-77.06403,38.92321],[-77.06407,38.92324],[-77.0641,38.92327],[-77.06416,38.92332],[-77.06419,38.92336],[-77.06424,38.9234],[-77.06427,38.92343],[-77.06431,38.92345],[-77.06435,38.92349],[-77.06439,38.92352],[-77.06444,38.92356],[-77.06448,38.92359],[-77.06452,38.92362],[-77.06457,38.92365],[-77.06461,38.92368],[-77.06466,38.92371],[-77.06471,38.92374],[-77.06477,38.92378],[-77.06482,38.92381],[-77.06488,38.92384],[-77.06493,38.92387],[-77.06499,38.9239],[-77.06504,38.92392],[-77.06513,38.92397],[-77.06514,38.92397],[-77.06515,38.92398],[-77.06519,38.92399],[-77.06525,38.92402],[-77.06543,38.92409],[-77.06548,38.92411],[-77.06552,38.92412],[-77.06555,38.92413],[-77.06556,38.92414],[-77.06558,38.92414],[-77.06561,38.92415],[-77.06562,38.92416],[-77.06564,38.92416],[-77.06566,38.92417],[-77.06567,38.92417],[-77.06571,38.92419],[-77.06574,38.9242],[-77.06577,38.92421],[-77.06581,38.92422],[-77.06586,38.92423],[-77.0659,38.92424],[-77.06593,38.92425],[-77.06597,38.92425],[-77.06601,38.92426],[-77.06605,38.92427],[-77.06609,38.92428],[-77.06614,38.92429],[-77.06619,38.9243],[-77.06623,38.92431],[-77.06636,38.92433]]]},"properties":{"zone":"R-1B","label":"R-1B","desc":"Provides areas predominantly developed with detached houses on moderately sized lots."}},{"type":"Feature","geometry":{"type":"Polygon","coordinates":[[[-77.0562,38.96102],[-77.05606,38.96102],[-77.05605,38.96102],[-77.05604,38.96102],[-77.05593,38.96102],[-77.05575,38.96102],[-77.05556,38.96103],[-77.05538,38.96104],[-77.05518,38.96105],[-77.05508,38.96106],[-77.05499,38.96106],[-77.05493,38.96107],[-77.05487,38.96108],[-77.05482,38.96109],[-77.05478,38.96109],[-77.05473,38.9611],[-77.05468,38.9611],[-77.05464,38.96111],[-77.0546,38.96111],[-77.05456,38.96112],[-77.05452,38.96113],[-77.05447,38.96113],[-77.05443,38.96114],[-77.05439,38.96114],[-77.05435,38.96115],[-77.05431,38.96116],[-77.05427,38.96116],[-77.05422,38.96117],[-77.05417,38.96118],[-77.05412,38.96119],[-77.0541,38.96119],[-77.05407,38.9612],[-77.05403,38.96121],[-77.05398,38.96122],[-77.05393,38.96123],[-77.05388,38.96124],[-77.05383,38.96125],[-77.05379,38.96126],[-77.05375,38.96127],[-77.05368,38.96129],[-77.0536,38.96131],[-77.0535,38.96134],[-77.05339,38.96137],[-77.05324,38.96143],[-77.05323,38.96143],[-77.05319,38.96145],[-77.05304,38.96151],[-77.05284,38.96158],[-77.0528,38.9616],[-77.05269,38.96161],[-77.05273,38.96177],[-77.05278,38.962],[-77.05279,38.96204],[-77.0528,38.96208],[-77.05281,38.96212],[-77.05282,38.96216],[-77.05283,38.9622],[-77.05283,38.96224],[-77.05284,38.96228],[-77.05285,38.96232],[-77.05286,38.96236],[-77.05287,38.9624],[-77.05287,38.96242],[-77.05288,38.96245],[-77.05289,38.96248],[-77.05289,38.96251],[-77.0529,38.96254],[-77.0529,38.96257],[-77.05291,38.96259],[-77.05291,38.96262],[-77.05292,38.96265],[-77.05292,38.96266],[-77.05292,38.96267],[-77.05292,38.96268],[-77.05294,38.96277],[-77.05297,38.96294],[-77.053,38.96308],[-77.05303,38.96321],[-77.05305,38.96329],[-77.05305,38.9633],[-77.05306,38.96331],[-77.05306,38.96334],[-77.05307,38.96335],[-77.05307,38.96336],[-77.05308,38.96339],[-77.05308,38.9634],[-77.05309,38.96341],[-77.0531,38.96344],[-77.0531,38.96345],[-77.05311,38.96346],[-77.05312,38.96348],[-77.05312,38.96349],[-77.05313,38.96351],[-77.05314,38.96353],[-77.05315,38.96354],[-77.05315,38.96355],[-77.05316,38.96357],[-77.05317,38.96358],[-77.05317,38.96359],[-77.05319,38.96361],[-77.05319,38.96362],[-77.0532,38.96363],[-77.05321,38.96364],[-77.05322,38.96365],[-77.05322,38.96366],[-77.05324,38.96368],[-77.05324,38.96369],[-77.05325,38.9637],[-77.05326,38.96372],[-77.05332,38.96379],[-77.05337,38.96386],[-77.0535,38.96403],[-77.05367,38.96425],[-77.05383,38.96445],[-77.05397,38.96463],[-77.05411,38.96481],[-77.05413,38.96484],[-77.05415,38.96486],[-77.05417,38.96489],[-77.05419,38.96492],[-77.05421,38.96495],[-77.05423,38.96498],[-77.05426,38.96501],[-77.05428,38.96504],[-77.0543,38.96506],[-77.05432,38.96509],[-77.05433,38.96512],[-77.05435,38.96515],[-77.05437,38.96518],[-77.05438,38.96521],[-77.0544,38.96524],[-77.05441,38.96527],[-77.05442,38.9653],[-77.05443,38.96534],[-77.05444,38.96537],[-77.05444,38.9654],[-77.05445,38.96542],[-77.05445,38.96545],[-77.05445,38.96548],[-77.05445,38.9655],[-77.05445,38.96553],[-77.05445,38.96555],[-77.05445,38.96558],[-77.05445,38.9656],[-77.05445,38.96563],[-77.05445,38.96565],[-77.05444,38.96571],[-77.05444,38.96572],[-77.05444,38.96573],[-77.05442,38.96581],[-77.05442,38.96582],[-77.05441,38.9659],[-77.0544,38.96598],[-77.05435,38.96624],[-77.05429,38.9666],[-77.05425,38.96687],[-77.05422,38.96702],[-77.05418,38.96717],[-77.05416,38.96723],[-77.05414,38.96727],[-77.05411,38.96736],[-77.0541,38.9674],[-77.05409,38.96743],[-77.05408,38.96745],[-77.05407,38.96748],[-77.05406,38.96751],[-77.05406,38.96752],[-77.05405,38.96754],[-77.05404,38.96756],[-77.05404,38.96759],[-77.05403,38.96762],[-77.05402,38.96765],[-77.05402,38.96767],[-77.05401,38.96769],[-77.05401,38.9677],[-77.05401,38.96772],[-77.05401,38.96773],[-77.05401,38.96774],[-77.05401,38.96775],[-77.05401,38.96776],[-77.054,38.96777],[-77.054,38.96779],[-77.054,38.9678],[-77.054,38.96782],[-77.05399,38.96794],[-77.05398,38.96808],[-77.0539,38.9686],[-77.05389,38.96867],[-77.05388,38.96875],[-77.05386,38.96882],[-77.05385,38.96889],[-77.05384,38.96897],[-77.05383,38.96904],[-77.05381,38.96912],[-77.0538,38.96919],[-77.05379,38.96926],[-77.05377,38.96934],[-77.05371,38.96968],[-77.0537,38.96976],[-77.05367,38.96984],[-77.05367,38.96985],[-77.05365,38.97003],[-77.0536,38.97035],[-77.05358,38.97049],[-77.05356,38.9706],[-77.05353,38.97083],[-77.05352,38.97083],[-77.05352,38.97084],[-77.05349,38.97102],[-77.05349,38.97103],[-77.05347,38.97115],[-77.05346,38.9712],[-77.05344,38.97137],[-77.0534,38.97161],[-77.05336,38.97186],[-77.05334,38.97197],[-77.05331,38.97216],[-77.05331,38.9722],[-77.0533,38.97228],[-77.05328,38.97236],[-77.05327,38.97243],[-77.05325,38.97267],[-77.05324,38.97274],[-77.05324,38.97275],[-77.05322,38.97284],[-77.05321,38.97292],[-77.05321,38.97293],[-77.0532,38.97293],[-77.05317,38.97316],[-77.05312,38.97343],[-77.05307,38.97375],[-77.053,38.97412],[-77.05299,38.97418],[-77.05298,38.9743],[-77.05295,38.97445],[-77.05294,38.97455],[-77.05284,38.97521],[-77.05282,38.97529],[-77.0528,38.97548],[-77.05278,38.97557],[-77.05277,38.97566],[-77.05272,38.97601],[-77.05272,38.97602],[-77.05271,38.97603],[-77.0527,38.97609],[-77.05269,38.97616],[-77.05269,38.97617],[-77.05268,38.97622],[-77.05268,38.97628],[-77.05266,38.97638],[-77.05264,38.97649],[-77.05264,38.97653],[-77.05263,38.97656],[-77.05262,38.97662],[-77.0526,38.97676],[-77.05259,38.97685],[-77.05258,38.97689],[-77.05258,38.9769],[-77.05257,38.97694],[-77.05257,38.97695],[-77.05257,38.97699],[-77.05256,38.97702],[-77.05256,38.97703],[-77.05256,38.97704],[-77.05256,38.97706],[-77.05255,38.97708],[-77.05255,38.9771],[-77.05253,38.9772],[-77.05252,38.97725],[-77.05249,38.97744],[-77.05245,38.9777],[-77.05241,38.97795],[-77.05236,38.97824],[-77.05234,38.97836],[-77.05233,38.97842],[-77.05232,38.97843],[-77.05232,38.97844],[-77.05231,38.97851],[-77.05229,38.97862],[-77.05225,38.97884],[-77.05222,38.97906],[-77.05219,38.97929],[-77.05217,38.97948],[-77.05217,38.9795],[-77.05217,38.97951],[-77.05217,38.97952],[-77.05217,38.97954],[-77.05217,38.97955],[-77.05217,38.97956],[-77.05217,38.97957],[-77.05217,38.97959],[-77.05217,38.9796],[-77.05217,38.97961],[-77.05217,38.97963],[-77.05217,38.97965],[-77.05217,38.97967],[-77.05217,38.97968],[-77.05217,38.97969],[-77.05217,38.97971],[-77.05217,38.97972],[-77.05217,38.97973],[-77.05217,38.97974],[-77.05217,38.97975],[-77.05217,38.97976],[-77.05217,38.97978],[-77.05217,38.97979],[-77.05217,38.97981],[-77.05217,38.97982],[-77.05217,38.97983],[-77.05217,38.97984],[-77.05217,38.97986],[-77.05217,38.97987],[-77.05217,38.97988],[-77.05217,38.97989],[-77.05217,38.9799],[-77.05217,38.97991],[-77.05217,38.97993],[-77.05217,38.97994],[-77.05217,38.97996],[-77.05217,38.97998],[-77.05217,38.97999],[-77.05217,38.98],[-77.05217,38.98002],[-77.05217,38.98003],[-77.05217,38.98004],[-77.05217,38.98007],[-77.05217,38.98008],[-77.05217,38.98009],[-77.05218,38.98011],[-77.05218,38.98012],[-77.05218,38.98013],[-77.05218,38.98016],[-77.05218,38.98018],[-77.05218,38.98019],[-77.05218,38.9802],[-77.05218,38.98022],[-77.05219,38.98024],[-77.05219,38.98025],[-77.05219,38.98026],[-77.05219,38.98029],[-77.05219,38.9803],[-77.05219,38.98031],[-77.05219,38.98033],[-77.05219,38.98034],[-77.05219,38.98035],[-77.0522,38.98036],[-77.0522,38.98038],[-77.0522,38.98039],[-77.0522,38.9804],[-77.0522,38.98042],[-77.0522,38.98044],[-77.05221,38.98044],[-77.05221,38.98047],[-77.05221,38.98049],[-77.05221,38.9805],[-77.05222,38.98051],[-77.05222,38.98053],[-77.05222,38.98055],[-77.05222,38.98056],[-77.05223,38.98058],[-77.05223,38.98059],[-77.05223,38.9806],[-77.05223,38.98062],[-77.05224,38.98065],[-77.05224,38.98066],[-77.05224,38.98067],[-77.05224,38.98069],[-77.05225,38.98071],[-77.05225,38.98073],[-77.05225,38.98074],[-77.05226,38.98076],[-77.05226,38.98077],[-77.05226,38.98078],[-77.05227,38.98081],[-77.05227,38.98082],[-77.05227,38.98083],[-77.05228,38.98086],[-77.05228,38.98089],[-77.05229,38.98093],[-77.05229,38.98096],[-77.0523,38.98099],[-77.05231,38.98102],[-77.05231,38.98105],[-77.05232,38.98108],[-77.05232,38.98111],[-77.05233,38.98112],[-77.05236,38.98125],[-77.05236,38.9813],[-77.05237,38.98134],[-77.05237,38.98135],[-77.05238,38.98138],[-77.05239,38.98142],[-77.05239,38.98146],[-77.05239,38.98147],[-77.0524,38.9815],[-77.05241,38.98154],[-77.05241,38.98158],[-77.05242,38.98162],[-77.05243,38.98166],[-77.05244,38.9817],[-77.05244,38.98174],[-77.05245,38.98178],[-77.05245,38.98181],[-77.05246,38.98185],[-77.05247,38.98189],[-77.05247,38.98193],[-77.05248,38.98196],[-77.05249,38.982],[-77.05249,38.98204],[-77.0525,38.98208],[-77.05251,38.98213],[-77.05252,38.98217],[-77.05253,38.98222],[-77.05254,38.98226],[-77.05255,38.9823],[-77.05255,38.98235],[-77.05256,38.98239],[-77.05257,38.98244],[-77.05257,38.98248],[-77.05258,38.98252],[-77.05259,38.98257],[-77.05259,38.98261],[-77.0526,38.98265],[-77.05261,38.98269],[-77.05262,38.98273],[-77.05262,38.98277],[-77.05263,38.98281],[-77.05264,38.98285],[-77.05265,38.98289],[-77.05266,38.98294],[-77.05266,38.98298],[-77.05267,38.98302],[-77.05268,38.98306],[-77.05268,38.98311],[-77.05269,38.98315],[-77.0527,38.98319],[-77.0527,38.98323],[-77.05271,38.98328],[-77.05272,38.98332],[-77.05272,38.98335],[-77.05273,38.98337],[-77.05273,38.9834],[-77.05274,38.98343],[-77.05274,38.98345],[-77.05275,38.98348],[-77.05275,38.9835],[-77.05276,38.98353],[-77.05277,38.98356],[-77.05277,38.98358],[-77.05279,38.98363],[-77.0528,38.98367],[-77.05281,38.98371],[-77.05282,38.98375],[-77.05284,38.98379],[-77.05285,38.98383],[-77.05287,38.98387],[-77.05288,38.98391],[-77.0529,38.98395],[-77.05292,38.98399],[-77.05294,38.98403],[-77.05295,38.98406],[-77.05297,38.9841],[-77.05299,38.98414],[-77.05301,38.98417],[-77.05303,38.98421],[-77.05305,38.98424],[-77.05307,38.98428],[-77.0531,38.98431],[-77.05312,38.98434],[-77.05314,38.98438],[-77.05317,38.98441],[-77.05319,38.98444],[-77.05322,38.98448],[-77.05324,38.98451],[-77.05327,38.98454],[-77.05329,38.98457],[-77.05332,38.9846],[-77.05335,38.98463],[-77.05338,38.98466],[-77.05351,38.98479],[-77.05354,38.98482],[-77.05357,38.98484],[-77.05359,38.98486],[-77.05362,38.98488],[-77.05365,38.9849],[-77.05367,38.98492],[-77.0537,38.98494],[-77.05373,38.98496],[-77.05376,38.98498],[-77.05379,38.985],[-77.05396,38.98511],[-77.0542,38.98526],[-77.05421,38.98526],[-77.05422,38.98527],[-77.05423,38.98527],[-77.05425,38.98528],[-77.05426,38.98529],[-77.05427,38.98529],[-77.05428,38.98529],[-77.0543,38.9853],[-77.05431,38.9853],[-77.05433,38.98531],[-77.05435,38.98531],[-77.05436,38.98531],[-77.05437,38.98532],[-77.05439,38.98532],[-77.0544,38.98532],[-77.05441,38.98533],[-77.05443,38.98533],[-77.05444,38.98534],[-77.05445,38.98534],[-77.05447,38.98535],[-77.05448,38.98535],[-77.05449,38.98535],[-77.0545,38.98536],[-77.05451,38.98536],[-77.05453,38.98537],[-77.05454,38.98537],[-77.05752,38.98304],[-77.05987,38.98121],[-77.06132,38.98008],[-77.06235,38.97927],[-77.06282,38.9789],[-77.06402,38.97796],[-77.06389,38.97786],[-77.06388,38.97785],[-77.06387,38.97785],[-77.06386,38.97784],[-77.06385,38.97783],[-77.06384,38.97783],[-77.06382,38.97782],[-77.06381,38.97781],[-77.0638,38.97781],[-77.06379,38.9778],[-77.06378,38.9778],[-77.06377,38.97779],[-77.06376,38.97779],[-77.06375,38.97779],[-77.06374,38.97779],[-77.06373,38.97779],[-77.06372,38.97779],[-77.06371,38.97779],[-77.06364,38.97779],[-77.06357,38.97778],[-77.0635,38.97778],[-77.06343,38.97778],[-77.06336,38.97778],[-77.06329,38.97778],[-77.06322,38.97778],[-77.06315,38.97778],[-77.06308,38.97778],[-77.06301,38.97778],[-77.063,38.97778],[-77.06298,38.97778],[-77.06296,38.97778],[-77.06293,38.97778],[-77.06292,38.97778],[-77.06291,38.97778],[-77.06288,38.97778],[-77.06286,38.97778],[-77.06284,38.97779],[-77.06283,38.97779],[-77.06281,38.97779],[-77.06279,38.97779],[-77.06278,38.97779],[-77.06275,38.97779],[-77.06274,38.97779],[-77.06273,38.97779],[-77.06272,38.97779],[-77.06271,38.97779],[-77.06269,38.97779],[-77.06268,38.97779],[-77.06266,38.97779],[-77.06265,38.97779],[-77.06263,38.97779],[-77.06262,38.97779],[-77.0626,38.97779],[-77.06255,38.97779],[-77.06234,38.97779],[-77.06228,38.97779],[-77.06205,38.97779],[-77.06152,38.97779],[-77.06118,38.9778],[-77.06097,38.97779],[-77.0608,38.97779],[-77.06062,38.9778],[-77.06031,38.9778],[-77.06008,38.9778],[-77.05979,38.97779],[-77.05978,38.97779],[-77.05963,38.97779],[-77.05954,38.97779],[-77.05949,38.97779],[-77.05948,38.97779],[-77.05936,38.97779],[-77.05928,38.97779],[-77.05916,38.97779],[-77.0591,38.97779],[-77.05891,38.97779],[-77.05888,38.97779],[-77.05884,38.97779],[-77.0588,38.97779],[-77.05877,38.97779],[-77.05873,38.97779],[-77.05869,38.97779],[-77.05866,38.97779],[-77.05862,38.97778],[-77.05859,38.97778],[-77.05858,38.97778],[-77.05857,38.97778],[-77.05856,38.97778],[-77.05855,38.97778],[-77.05854,38.97778],[-77.05853,38.97778],[-77.05852,38.97778],[-77.05851,38.97778],[-77.0585,38.97778],[-77.05849,38.97777],[-77.05847,38.97777],[-77.05846,38.97777],[-77.05843,38.97777],[-77.05842,38.97777],[-77.0584,38.97776],[-77.05839,38.97776],[-77.05838,38.97776],[-77.05837,38.97776],[-77.05836,38.97776],[-77.05835,38.97776],[-77.05834,38.97776],[-77.05832,38.97775],[-77.05831,38.97775],[-77.05828,38.97775],[-77.05827,38.97774],[-77.05825,38.97774],[-77.05815,38.97772],[-77.05801,38.97769],[-77.05771,38.97761],[-77.05761,38.97758],[-77.05734,38.97751],[-77.05733,38.97751],[-77.05732,38.9775],[-77.05721,38.97747],[-77.05712,38.97745],[-77.05702,38.97742],[-77.05682,38.97736],[-77.05656,38.97729],[-77.0564,38.97724],[-77.05623,38.97719],[-77.05613,38.97716],[-77.05608,38.97715],[-77.05603,38.97713],[-77.05595,38.9771],[-77.05593,38.9771],[-77.05592,38.9771],[-77.05591,38.97709],[-77.0559,38.97709],[-77.05588,38.97708],[-77.05587,38.97708],[-77.05586,38.97707],[-77.05585,38.97707],[-77.05583,38.97706],[-77.05582,38.97706],[-77.05582,38.97705],[-77.05581,38.97705],[-77.0558,38.97705],[-77.05579,38.97705],[-77.05579,38.97704],[-77.05577,38.97703],[-77.05576,38.97703],[-77.05574,38.97702],[-77.05573,38.97702],[-77.05572,38.97701],[-77.05571,38.977],[-77.05569,38.977],[-77.05569,38.97699],[-77.05568,38.97699],[-77.05567,38.97699],[-77.05567,38.97698],[-77.05566,38.97698],[-77.05565,38.97698],[-77.05565,38.97697],[-77.05564,38.97697],[-77.05563,38.97697],[-77.05563,38.97696],[-77.05562,38.97696],[-77.05561,38.97696],[-77.0556,38.97695],[-77.05558,38.97694],[-77.05557,38.97694],[-77.05557,38.97693],[-77.05556,38.97693],[-77.05555,38.97693],[-77.05555,38.97692],[-77.05554,38.97692],[-77.05554,38.97691],[-77.05553,38.97691],[-77.05552,38.97691],[-77.05552,38.9769],[-77.05551,38.9769],[-77.05551,38.97689],[-77.0555,38.97689],[-77.05549,38.97689],[-77.05549,38.97688],[-77.05548,38.97688],[-77.05546,38.97687],[-77.05545,38.97686],[-77.05544,38.97685],[-77.05542,38.97684],[-77.05539,38.97682],[-77.05538,38.97682],[-77.05537,38.97681],[-77.05535,38.9768],[-77.05534,38.97679],[-77.05533,38.97678],[-77.05531,38.97677],[-77.0553,38.97676],[-77.05529,38.97675],[-77.05527,38.97674],[-77.05526,38.97673],[-77.05525,38.97672],[-77.05524,38.97671],[-77.05522,38.9767],[-77.0552,38.97668],[-77.05519,38.97668],[-77.05518,38.97667],[-77.05517,38.97666],[-77.05515,38.97664],[-77.05514,38.97664],[-77.05514,38.97663],[-77.05513,38.97663],[-77.05513,38.97662],[-77.05513,38.97661],[-77.05513,38.9766],[-77.05514,38.97659],[-77.05515,38.97658],[-77.05519,38.97655],[-77.0553,38.97646],[-77.05548,38.97632],[-77.05567,38.97618],[-77.05584,38.97605],[-77.05598,38.97594],[-77.0562,38.97577],[-77.0564,38.9756],[-77.05641,38.9756],[-77.05647,38.97555],[-77.05654,38.9755],[-77.05687,38.97524],[-77.05734,38.97487],[-77.0577,38.97459],[-77.05776,38.97455],[-77.05805,38.97433],[-77.05836,38.97408],[-77.05871,38.9738],[-77.0588,38.97373],[-77.05866,38.97362],[-77.05831,38.97337],[-77.05827,38.97333],[-77.05812,38.97322],[-77.05792,38.97307],[-77.05784,38.97301],[-77.05786,38.973],[-77.05787,38.97299],[-77.05788,38.97298],[-77.05789,38.97297],[-77.0579,38.97296],[-77.05791,38.97295],[-77.05794,38.97293],[-77.05795,38.97292],[-77.05796,38.97291],[-77.05805,38.97284],[-77.05781,38.97284],[-77.0577,38.97284],[-77.05738,38.97284],[-77.05685,38.97284],[-77.05629,38.97284],[-77.05623,38.97284],[-77.05614,38.97284],[-77.05614,38.97283],[-77.05615,38.97282],[-77.05615,38.97281],[-77.05615,38.9728],[-77.05615,38.97279],[-77.05616,38.97278],[-77.05616,38.97277],[-77.05617,38.97276],[-77.05617,38.97275],[-77.05618,38.97274],[-77.05619,38.97273],[-77.0562,38.97272],[-77.05675,38.97228],[-77.05686,38.9722],[-77.05689,38.97217],[-77.05693,38.97214],[-77.05742,38.97176],[-77.0577,38.97154],[-77.05802,38.9713],[-77.05808,38.97125],[-77.05801,38.97118],[-77.0577,38.97094],[-77.05769,38.97093],[-77.05768,38.97092],[-77.05767,38.97091],[-77.05766,38.9709],[-77.05765,38.97089],[-77.05764,38.97089],[-77.05763,38.97088],[-77.05762,38.97087],[-77.05761,38.97087],[-77.0576,38.97086],[-77.05759,38.97085],[-77.05757,38.97084],[-77.05757,38.97083],[-77.05756,38.97083],[-77.05755,38.97082],[-77.05754,38.97082],[-77.05753,38.97081],[-77.05752,38.9708],[-77.05751,38.9708],[-77.05751,38.97079],[-77.0575,38.97079],[-77.05749,38.97078],[-77.05748,38.97078],[-77.05748,38.97077],[-77.05746,38.97077],[-77.05745,38.97076],[-77.05744,38.97075],[-77.05743,38.97074],[-77.05742,38.97074],[-77.05741,38.97074],[-77.0574,38.97073],[-77.05739,38.97073],[-77.05739,38.97072],[-77.05737,38.97071],[-77.05736,38.97071],[-77.05735,38.9707],[-77.05734,38.9707],[-77.05733,38.97069],[-77.05732,38.97069],[-77.0573,38.97068],[-77.05729,38.97068],[-77.05729,38.97067],[-77.05727,38.97067],[-77.05727,38.97066],[-77.05726,38.97066],[-77.05725,38.97066],[-77.05724,38.97066],[-77.05724,38.97065],[-77.05723,38.97065],[-77.05722,38.97065],[-77.05721,38.97064],[-77.0572,38.97064],[-77.05719,38.97064],[-77.05718,38.97063],[-77.05717,38.97063],[-77.05716,38.97063],[-77.05715,38.97062],[-77.05714,38.97062],[-77.05713,38.97062],[-77.05712,38.97061],[-77.05711,38.97061],[-77.0571,38.97061],[-77.05708,38.9706],[-77.05707,38.9706],[-77.05706,38.9706],[-77.05704,38.9706],[-77.05702,38.97059],[-77.05701,38.97059],[-77.057,38.97059],[-77.05699,38.97058],[-77.05697,38.97058],[-77.05696,38.97058],[-77.05695,38.97058],[-77.05693,38.97057],[-77.05692,38.97057],[-77.05691,38.97057],[-77.05689,38.97057],[-77.05687,38.97056],[-77.05686,38.97056],[-77.05685,38.97056],[-77.05683,38.97056],[-77.05682,38.97056],[-77.05681,38.97056],[-77.05679,38.97055],[-77.05678,38.97055],[-77.05677,38.97055],[-77.05675,38.97055],[-77.05673,38.97055],[-77.05672,38.97055],[-77.05671,38.97054],[-77.0567,38.97054],[-77.05669,38.97054],[-77.05668,38.97054],[-77.05667,38.97054],[-77.05666,38.97054],[-77.05665,38.97054],[-77.05664,38.97054],[-77.05663,38.97054],[-77.05661,38.97054],[-77.0566,38.97054],[-77.05659,38.97054],[-77.05657,38.97054],[-77.05655,38.97054],[-77.05654,38.97053],[-77.05653,38.97053],[-77.05651,38.97053],[-77.05649,38.97053],[-77.05648,38.97053],[-77.05647,38.97053],[-77.05645,38.97053],[-77.05643,38.97053],[-77.05642,38.97053],[-77.05641,38.97052],[-77.05639,38.97052],[-77.05638,38.97052],[-77.05637,38.97052],[-77.05636,38.97052],[-77.05635,38.97052],[-77.05634,38.97052],[-77.05633,38.97052],[-77.05632,38.97052],[-77.05631,38.97052],[-77.05629,38.97051],[-77.05628,38.97051],[-77.05627,38.97051],[-77.05625,38.97051],[-77.05624,38.97051],[-77.05622,38.9705],[-77.05621,38.9705],[-77.0562,38.9705],[-77.05618,38.9705],[-77.05616,38.9705],[-77.05615,38.9705],[-77.05614,38.9705],[-77.05613,38.97049],[-77.05612,38.97049],[-77.05611,38.97049],[-77.05609,38.97049],[-77.05608,38.97049],[-77.05606,38.97048],[-77.05604,38.97048],[-77.05603,38.97048],[-77.05602,38.97048],[-77.05601,38.97048],[-77.056,38.97048],[-77.056,38.97047],[-77.05598,38.97047],[-77.05597,38.97047],[-77.05596,38.97047],[-77.05594,38.97046],[-77.05593,38.97046],[-77.05591,38.97046],[-77.0559,38.97045],[-77.05589,38.97045],[-77.05588,38.97045],[-77.05586,38.97045],[-77.05586,38.97044],[-77.05585,38.97044],[-77.05583,38.97044],[-77.05582,38.97043],[-77.0558,38.97043],[-77.05578,38.97042],[-77.05577,38.97042],[-77.05575,38.97041],[-77.05574,38.97041],[-77.05573,38.97041],[-77.05571,38.9704],[-77.05568,38.97039],[-77.05565,38.97038],[-77.05563,38.97037],[-77.05561,38.97036],[-77.05558,38.97035],[-77.05555,38.97034],[-77.05553,38.97033],[-77.05551,38.97033],[-77.05549,38.97032],[-77.05547,38.97031],[-77.05545,38.97031],[-77.05543,38.9703],[-77.05542,38.97029],[-77.0554,38.97029],[-77.05539,38.97028],[-77.05537,38.97028],[-77.05535,38.97027],[-77.05534,38.97027],[-77.05532,38.97026],[-77.05529,38.97025],[-77.05528,38.97025],[-77.05528,38.97024],[-77.05527,38.97024],[-77.05526,38.97024],[-77.05525,38.97023],[-77.05524,38.97022],[-77.05523,38.97022],[-77.05515,38.97015],[-77.05527,38.97009],[-77.05546,38.96999],[-77.05564,38.96989],[-77.05584,38.96978],[-77.05606,38.96977],[-77.05616,38.96977],[-77.05624,38.96977],[-77.05656,38.96977],[-77.05692,38.96977],[-77.05746,38.96976],[-77.0577,38.96977],[-77.05793,38.96977],[-77.05836,38.96977],[-77.05846,38.96977],[-77.05847,38.96977],[-77.05847,38.96968],[-77.05848,38.96956],[-77.05848,38.96955],[-77.05848,38.96954],[-77.05848,38.96953],[-77.05847,38.96953],[-77.05847,38.96952],[-77.05847,38.96951],[-77.05847,38.9695],[-77.05847,38.96949],[-77.05847,38.96948],[-77.05847,38.96946],[-77.05847,38.96945],[-77.05847,38.96944],[-77.05847,38.96943],[-77.05847,38.96942],[-77.05846,38.96941],[-77.05846,38.9694],[-77.05846,38.96939],[-77.05846,38.96938],[-77.05846,38.96937],[-77.05845,38.96936],[-77.05845,38.96935],[-77.05845,38.96934],[-77.05844,38.96933],[-77.05844,38.96932],[-77.05844,38.96931],[-77.05818,38.96862],[-77.05813,38.96854],[-77.05804,38.96859],[-77.05802,38.9686],[-77.05783,38.9687],[-77.0575,38.96888],[-77.05746,38.9688],[-77.05746,38.96879],[-77.05746,38.96878],[-77.05745,38.96877],[-77.05745,38.96876],[-77.05744,38.96875],[-77.05744,38.96874],[-77.05744,38.96873],[-77.05744,38.96872],[-77.05741,38.96865],[-77.0574,38.96862],[-77.0574,38.96861],[-77.05739,38.9686],[-77.05738,38.96859],[-77.05738,38.96858],[-77.05738,38.96857],[-77.05737,38.96856],[-77.05737,38.96854],[-77.05736,38.96852],[-77.05735,38.9685],[-77.05735,38.96849],[-77.05734,38.96847],[-77.05734,38.96845],[-77.05733,38.96843],[-77.05732,38.96841],[-77.05732,38.9684],[-77.05731,38.96839],[-77.05731,38.96838],[-77.0573,38.96835],[-77.0573,38.96834],[-77.05729,38.96833],[-77.05729,38.96832],[-77.05728,38.9683],[-77.05728,38.96829],[-77.05727,38.96827],[-77.05725,38.96821],[-77.05721,38.96811],[-77.05719,38.96804],[-77.05718,38.96803],[-77.05718,38.96802],[-77.05714,38.96792],[-77.05688,38.96722],[-77.05686,38.96716],[-77.05686,38.96713],[-77.05681,38.96701],[-77.0568,38.96701],[-77.05679,38.96701],[-77.05675,38.96689],[-77.05673,38.96684],[-77.05671,38.9668],[-77.05668,38.96673],[-77.05668,38.96672],[-77.05667,38.96671],[-77.05663,38.96664],[-77.05663,38.96663],[-77.05661,38.9666],[-77.0566,38.9666],[-77.05657,38.96655],[-77.05655,38.96652],[-77.05653,38.96649],[-77.05652,38.96648],[-77.05649,38.96644],[-77.05648,38.96642],[-77.05644,38.96638],[-77.05637,38.96631],[-77.05637,38.9663],[-77.05627,38.96626],[-77.05619,38.96622],[-77.05626,38.96614],[-77.05633,38.96605],[-77.05646,38.96595],[-77.05659,38.96585],[-77.0567,38.96578],[-77.05681,38.96569],[-77.05693,38.9656],[-77.05706,38.96551],[-77.05719,38.96541],[-77.0572,38.96541],[-77.0572,38.9654],[-77.05732,38.96532],[-77.05741,38.96525],[-77.05745,38.96522],[-77.05766,38.96507],[-77.0578,38.96495],[-77.05758,38.9648],[-77.05751,38.96475],[-77.05742,38.96468],[-77.05741,38.96467],[-77.0574,38.96467],[-77.05727,38.96457],[-77.05718,38.96451],[-77.05727,38.96444],[-77.05728,38.96444],[-77.05728,38.96443],[-77.05729,38.96443],[-77.0573,38.96442],[-77.05731,38.96442],[-77.05732,38.96441],[-77.05733,38.9644],[-77.05738,38.96437],[-77.05744,38.96434],[-77.05749,38.96431],[-77.05754,38.96427],[-77.05759,38.96424],[-77.05765,38.96421],[-77.0577,38.96418],[-77.05775,38.96415],[-77.0578,38.96412],[-77.05786,38.96409],[-77.05791,38.96405],[-77.05796,38.96402],[-77.05802,38.96399],[-77.05807,38.96395],[-77.05812,38.96392],[-77.05817,38.96389],[-77.05823,38.96386],[-77.05828,38.96382],[-77.05833,38.96379],[-77.05839,38.96375],[-77.05852,38.96368],[-77.05862,38.96362],[-77.0586,38.9636],[-77.05858,38.96357],[-77.05856,38.96355],[-77.05854,38.96353],[-77.0585,38.9635],[-77.05847,38.96348],[-77.05844,38.96346],[-77.05841,38.96343],[-77.05837,38.96341],[-77.05834,38.96339],[-77.0583,38.96337],[-77.05827,38.96335],[-77.05823,38.96333],[-77.0582,38.96331],[-77.05811,38.96327],[-77.05808,38.96326],[-77.05805,38.96325],[-77.05803,38.96324],[-77.05802,38.96324],[-77.05799,38.96323],[-77.05798,38.96322],[-77.05796,38.96322],[-77.05793,38.96321],[-77.0579,38.9632],[-77.05789,38.9632],[-77.05787,38.96319],[-77.05784,38.96318],[-77.05781,38.96317],[-77.05776,38.96316],[-77.05772,38.96315],[-77.05747,38.96312],[-77.05747,38.96302],[-77.05747,38.96299],[-77.05747,38.96297],[-77.05747,38.96296],[-77.05747,38.96294],[-77.05747,38.96292],[-77.05747,38.96291],[-77.05747,38.9629],[-77.05747,38.96288],[-77.05747,38.96286],[-77.05747,38.96285],[-77.05747,38.96283],[-77.05747,38.96281],[-77.05747,38.96279],[-77.05747,38.96278],[-77.05747,38.96276],[-77.05748,38.96272],[-77.05748,38.96268],[-77.05748,38.96264],[-77.05748,38.96261],[-77.05748,38.96257],[-77.05748,38.96253],[-77.05748,38.96249],[-77.05748,38.96245],[-77.05748,38.96241],[-77.05748,38.96237],[-77.05747,38.96236],[-77.05747,38.96235],[-77.05747,38.96234],[-77.05747,38.96232],[-77.05747,38.96231],[-77.05747,38.9623],[-77.05747,38.96228],[-77.05747,38.96227],[-77.05747,38.96226],[-77.05747,38.96224],[-77.05747,38.96223],[-77.05747,38.96222],[-77.05747,38.96221],[-77.05747,38.9622],[-77.05747,38.96219],[-77.05747,38.96218],[-77.05747,38.96217],[-77.05747,38.96216],[-77.05747,38.96215],[-77.05747,38.96214],[-77.05747,38.96212],[-77.05747,38.96211],[-77.05748,38.96211],[-77.05748,38.9621],[-77.05748,38.96209],[-77.05748,38.96207],[-77.05748,38.96206],[-77.05748,38.96205],[-77.05748,38.96204],[-77.05748,38.96202],[-77.05748,38.962],[-77.05748,38.96198],[-77.05748,38.96197],[-77.05748,38.96194],[-77.05748,38.96192],[-77.05748,38.9619],[-77.05748,38.96189],[-77.05748,38.96185],[-77.05748,38.9617],[-77.05747,38.96144],[-77.05747,38.96119],[-77.05747,38.96115],[-77.05747,38.96113],[-77.05747,38.96102],[-77.05746,38.96102],[-77.05745,38.96102],[-77.05738,38.96102],[-77.05737,38.96102],[-77.05703,38.96102],[-77.05699,38.96102],[-77.0562,38.96102]]]},"properties":{"zone":"R-1A","label":"R-1A","desc":"Provides areas predominantly developed with detached houses on large lots."}},{"type":"Feature","geometry":{"type":"Polygon","coordinates":[[[-77.01772,38.87647],[-77.01782,38.87647],[-77.01822,38.87647],[-77.01832,38.87647],[-77.01832,38.87629],[-77.01832,38.87581],[-77.01831,38.87581],[-77.01831,38.87575],[-77.01831,38.87557],[-77.01808,38.87557],[-77.01773,38.87557],[-77.01756,38.87558],[-77.01756,38.8756],[-77.01742,38.8756],[-77.01738,38.8756],[-77.017,38.8756],[-77.0167,38.8756],[-77.0167,38.876],[-77.0167,38.87609],[-77.0167,38.8761],[-77.0167,38.87611],[-77.0167,38.87612],[-77.0167,38.87613],[-77.0167,38.87615],[-77.0167,38.87617],[-77.0167,38.87621],[-77.0167,38.87623],[-77.0167,38.87628],[-77.0167,38.8763],[-77.0167,38.87631],[-77.0167,38.87642],[-77.0167,38.87647],[-77.01671,38.87647],[-77.01672,38.87647],[-77.01673,38.87647],[-77.01674,38.87647],[-77.01675,38.87647],[-77.01676,38.87647],[-77.01677,38.87647],[-77.01678,38.87647],[-77.01679,38.87647],[-77.0168,38.87647],[-77.01681,38.87647],[-77.01682,38.87647],[-77.01683,38.87647],[-77.01684,38.87647],[-77.01693,38.87647],[-77.01694,38.87647],[-77.01695,38.87647],[-77.01707,38.87647],[-77.01712,38.87647],[-77.01719,38.87647],[-77.0172,38.87647],[-77.01731,38.87647],[-77.01739,38.87647],[-77.01757,38.87647],[-77.01772,38.87647]]]},"properties":{"zone":"R-3","label":"R-3","desc":"Allows for attached rowhouses on small lots and row dwellings mingled with detached, semi-detached, and groupings of three or more row dwellings"}},{"type":"Feature","geometry":{"type":"Polygon","coordinates":[[[-77.05772,38.92322],[-77.05809,38.9235],[-77.05847,38.9238],[-77.05874,38.92401],[-77.0588,38.92406],[-77.0589,38.92413],[-77.05904,38.92424],[-77.05925,38.9244],[-77.05934,38.92448],[-77.05943,38.92454],[-77.05951,38.92462],[-77.0598,38.92483],[-77.06016,38.92512],[-77.06043,38.92533],[-77.0606,38.92546],[-77.06074,38.92557],[-77.06082,38.92563],[-77.06086,38.92566],[-77.06121,38.92594],[-77.06127,38.92599],[-77.06138,38.92607],[-77.06146,38.92613],[-77.06158,38.92622],[-77.06164,38.92628],[-77.06168,38.92631],[-77.06175,38.92636],[-77.06183,38.92642],[-77.06193,38.9265],[-77.06211,38.92664],[-77.06235,38.92683],[-77.06274,38.92713],[-77.06278,38.92717],[-77.06305,38.92737],[-77.06306,38.92738],[-77.06307,38.92739],[-77.06309,38.92741],[-77.06314,38.92744],[-77.0632,38.92749],[-77.06324,38.92753],[-77.06331,38.92753],[-77.06335,38.92753],[-77.06337,38.92753],[-77.06342,38.92753],[-77.06347,38.92754],[-77.06348,38.92754],[-77.06349,38.92754],[-77.0635,38.92754],[-77.06376,38.92753],[-77.06412,38.92754],[-77.06457,38.92753],[-77.06466,38.92753],[-77.06473,38.92753],[-77.06482,38.92753],[-77.06492,38.92753],[-77.06516,38.92753],[-77.06517,38.92753],[-77.06519,38.92753],[-77.06526,38.92753],[-77.06536,38.92753],[-77.0655,38.92753],[-77.06606,38.92753],[-77.06628,38.92753],[-77.06639,38.92753],[-77.06638,38.92619],[-77.06637,38.92619],[-77.06636,38.92619],[-77.06634,38.92619],[-77.06633,38.92619],[-77.06632,38.92618],[-77.06631,38.92618],[-77.06629,38.92618],[-77.06628,38.92618],[-77.06627,38.92617],[-77.06625,38.92617],[-77.06624,38.92617],[-77.06623,38.92616],[-77.06621,38.92616],[-77.0662,38.92615],[-77.06619,38.92614],[-77.06618,38.92614],[-77.06617,38.92613],[-77.06615,38.92612],[-77.06614,38.92612],[-77.06613,38.92611],[-77.06612,38.92609],[-77.0661,38.92608],[-77.06608,38.92606],[-77.06607,38.92604],[-77.06605,38.92602],[-77.06603,38.92601],[-77.06602,38.92599],[-77.06601,38.92597],[-77.06599,38.92595],[-77.06598,38.92593],[-77.06592,38.92585],[-77.06583,38.92572],[-77.06582,38.9257],[-77.0658,38.92569],[-77.06579,38.92567],[-77.06577,38.92565],[-77.06576,38.92564],[-77.06574,38.92562],[-77.06572,38.92561],[-77.0657,38.9256],[-77.06568,38.92558],[-77.06566,38.92557],[-77.06556,38.92552],[-77.06539,38.92542],[-77.06536,38.9254],[-77.06533,38.92538],[-77.0653,38.92537],[-77.06528,38.92535],[-77.06525,38.92533],[-77.06522,38.92531],[-77.0652,38.92529],[-77.06517,38.92527],[-77.06515,38.92524],[-77.06512,38.92522],[-77.0651,38.9252],[-77.06507,38.92517],[-77.06504,38.92515],[-77.06502,38.92512],[-77.065,38.92509],[-77.06497,38.92507],[-77.06495,38.92504],[-77.06493,38.92501],[-77.06491,38.92499],[-77.06489,38.92496],[-77.06488,38.92494],[-77.06487,38.92493],[-77.06486,38.92491],[-77.06485,38.9249],[-77.06483,38.92488],[-77.06482,38.92487],[-77.06482,38.92485],[-77.06481,38.92483],[-77.0648,38.92482],[-77.06479,38.9248],[-77.06478,38.92478],[-77.06477,38.92476],[-77.06475,38.92474],[-77.06474,38.92472],[-77.06473,38.9247],[-77.06472,38.92468],[-77.06471,38.92466],[-77.06469,38.92464],[-77.06468,38.92462],[-77.06467,38.9246],[-77.06481,38.92452],[-77.06484,38.92448],[-77.06507,38.92415],[-77.06519,38.92399],[-77.06515,38.92398],[-77.06514,38.92397],[-77.06513,38.92397],[-77.06504,38.92392],[-77.06499,38.9239],[-77.06493,38.92387],[-77.06488,38.92384],[-77.06482,38.92381],[-77.06477,38.92378],[-77.06471,38.92374],[-77.06466,38.92371],[-77.06461,38.92368],[-77.06457,38.92365],[-77.06452,38.92362],[-77.06448,38.92359],[-77.06444,38.92356],[-77.06439,38.92352],[-77.06435,38.92349],[-77.06431,38.92345],[-77.06427,38.92343],[-77.06424,38.9234],[-77.06419,38.92336],[-77.06416,38.92332],[-77.0641,38.92327],[-77.06407,38.92324],[-77.06403,38.92321],[-77.06398,38.92314],[-77.06394,38.9231],[-77.0639,38.92306],[-77.06386,38.92301],[-77.06382,38.92296],[-77.06379,38.92292],[-77.06375,38.92287],[-77.06372,38.92282],[-77.06369,38.92277],[-77.06366,38.92273],[-77.06362,38.92268],[-77.0636,38.92263],[-77.06357,38.92258],[-77.06355,38.92253],[-77.06353,38.9225],[-77.06351,38.92246],[-77.06347,38.92237],[-77.06343,38.92229],[-77.0634,38.9222],[-77.06337,38.92212],[-77.06335,38.92203],[-77.06332,38.92193],[-77.06332,38.92191],[-77.06332,38.92189],[-77.06331,38.92187],[-77.06331,38.92186],[-77.06331,38.92185],[-77.06331,38.92184],[-77.0633,38.92183],[-77.0633,38.92182],[-77.0633,38.9218],[-77.06328,38.92173],[-77.06326,38.92167],[-77.06323,38.9216],[-77.0632,38.92154],[-77.06314,38.92141],[-77.06311,38.92136],[-77.06305,38.92128],[-77.06302,38.92125],[-77.06296,38.92118],[-77.06293,38.92116],[-77.0629,38.92113],[-77.06287,38.9211],[-77.06283,38.92107],[-77.06279,38.92104],[-77.06274,38.921],[-77.06268,38.92095],[-77.06263,38.92092],[-77.06248,38.92081],[-77.06234,38.9207],[-77.06221,38.92061],[-77.06206,38.9205],[-77.06191,38.92039],[-77.06177,38.92028],[-77.06162,38.92018],[-77.0615,38.92009],[-77.06135,38.91998],[-77.06132,38.91996],[-77.06131,38.91995],[-77.06116,38.92006],[-77.06085,38.92032],[-77.06058,38.92013],[-77.06015,38.92025],[-77.05991,38.92032],[-77.05966,38.92073],[-77.05959,38.92097],[-77.05958,38.92099],[-77.05963,38.92135],[-77.0594,38.92141],[-77.05933,38.92142],[-77.05921,38.92151],[-77.05918,38.92149],[-77.05912,38.92146],[-77.05908,38.92143],[-77.05902,38.92137],[-77.05897,38.92132],[-77.05894,38.92127],[-77.05891,38.92121],[-77.05889,38.92114],[-77.05887,38.92108],[-77.05887,38.92102],[-77.05886,38.92097],[-77.05886,38.92093],[-77.05886,38.9209],[-77.05888,38.92086],[-77.05894,38.92077],[-77.05904,38.92061],[-77.05915,38.92044],[-77.05921,38.92033],[-77.05928,38.92023],[-77.05929,38.9202],[-77.05931,38.92017],[-77.05933,38.92013],[-77.05934,38.9201],[-77.05936,38.92006],[-77.05939,38.91999],[-77.05941,38.91993],[-77.05943,38.91987],[-77.05944,38.91982],[-77.05945,38.91974],[-77.05945,38.91973],[-77.05945,38.91971],[-77.05946,38.91947],[-77.05947,38.91924],[-77.05948,38.91912],[-77.05936,38.91912],[-77.0593,38.91912],[-77.0588,38.9191],[-77.05879,38.91912],[-77.05844,38.91886],[-77.0584,38.91884],[-77.05833,38.91879],[-77.05828,38.91884],[-77.05821,38.91889],[-77.05802,38.91905],[-77.05796,38.91909],[-77.05791,38.91913],[-77.0579,38.91914],[-77.05786,38.91916],[-77.05781,38.91918],[-77.0578,38.91919],[-77.05779,38.9192],[-77.05766,38.91926],[-77.05765,38.91927],[-77.05764,38.91927],[-77.05745,38.91934],[-77.0573,38.91938],[-77.05717,38.9194],[-77.05703,38.91942],[-77.05687,38.91943],[-77.05675,38.91945],[-77.05662,38.91948],[-77.05658,38.9195],[-77.05656,38.91951],[-77.05655,38.91952],[-77.05653,38.91953],[-77.05653,38.91954],[-77.05652,38.91956],[-77.05649,38.91955],[-77.05623,38.9197],[-77.05622,38.9197],[-77.05619,38.91972],[-77.05615,38.91976],[-77.05603,38.91985],[-77.05593,38.91994],[-77.0558,38.92005],[-77.05574,38.92012],[-77.05575,38.92012],[-77.05574,38.92012],[-77.0557,38.92017],[-77.05561,38.92028],[-77.05552,38.92037],[-77.05546,38.92045],[-77.05538,38.92052],[-77.05529,38.92059],[-77.05518,38.92067],[-77.05501,38.92077],[-77.05489,38.92083],[-77.05488,38.92083],[-77.05487,38.92084],[-77.05477,38.92088],[-77.05472,38.9209],[-77.05462,38.92094],[-77.05452,38.92097],[-77.05426,38.92105],[-77.0542,38.92107],[-77.0541,38.9211],[-77.05408,38.92111],[-77.05407,38.92112],[-77.05406,38.92112],[-77.05405,38.92114],[-77.05405,38.92115],[-77.05404,38.92115],[-77.05404,38.92117],[-77.05404,38.92118],[-77.05404,38.92119],[-77.05405,38.92121],[-77.05407,38.92126],[-77.0541,38.92132],[-77.05422,38.92155],[-77.05431,38.92173],[-77.05436,38.92181],[-77.0544,38.92186],[-77.05448,38.92194],[-77.05459,38.92202],[-77.05465,38.92206],[-77.05481,38.92213],[-77.0549,38.92217],[-77.05498,38.92221],[-77.0551,38.92226],[-77.05534,38.92236],[-77.05548,38.92241],[-77.05559,38.92246],[-77.05561,38.92247],[-77.05563,38.92247],[-77.05564,38.92248],[-77.05566,38.92249],[-77.05567,38.9225],[-77.05569,38.92251],[-77.0557,38.92251],[-77.05572,38.92252],[-77.05573,38.92253],[-77.05575,38.92254],[-77.05576,38.92255],[-77.05579,38.92257],[-77.05582,38.92259],[-77.05584,38.92261],[-77.05587,38.92264],[-77.05589,38.92266],[-77.05592,38.92268],[-77.05594,38.92271],[-77.05596,38.92273],[-77.05598,38.92276],[-77.056,38.92279],[-77.05602,38.92281],[-77.05604,38.92284],[-77.05605,38.92287],[-77.05606,38.9229],[-77.05607,38.92293],[-77.05608,38.92296],[-77.05609,38.923],[-77.05609,38.92303],[-77.0561,38.92306],[-77.0561,38.92309],[-77.05609,38.92316],[-77.05608,38.92329],[-77.0566,38.92326],[-77.05714,38.92323],[-77.05751,38.92321],[-77.05772,38.92322]]]},"properties":{"zone":"R-1A/TS","label":"R-1A/TS","desc":"Permits detached houses on large lots and protects quiet residential areas developed with detached dwellings"}},{"type":"Feature","geometry":{"type":"Polygon","coordinates":[[[-77.09783,38.92361],[-77.09771,38.92377],[-77.09768,38.92383],[-77.09764,38.92388],[-77.09761,38.92394],[-77.09757,38.92399],[-77.09753,38.92405],[-77.09749,38.9241],[-77.09746,38.92415],[-77.09742,38.92421],[-77.09738,38.92426],[-77.09733,38.92431],[-77.09731,38.92435],[-77.09728,38.92439],[-77.09725,38.92443],[-77.09723,38.92447],[-77.0972,38.92451],[-77.09718,38.92455],[-77.09716,38.9246],[-77.09713,38.92464],[-77.09711,38.92468],[-77.09709,38.92472],[-77.09707,38.92477],[-77.09705,38.92481],[-77.09703,38.92486],[-77.09701,38.9249],[-77.09699,38.92494],[-77.09697,38.92499],[-77.09695,38.92503],[-77.09692,38.92507],[-77.0969,38.92512],[-77.09689,38.92512],[-77.09689,38.92513],[-77.09689,38.92514],[-77.09688,38.92514],[-77.09688,38.92515],[-77.09687,38.92515],[-77.09687,38.92516],[-77.09687,38.92517],[-77.09686,38.92517],[-77.09686,38.92519],[-77.09685,38.9252],[-77.09684,38.92521],[-77.09684,38.92522],[-77.09683,38.92523],[-77.09682,38.92524],[-77.09681,38.92525],[-77.09681,38.92526],[-77.0968,38.92527],[-77.09679,38.92527],[-77.09679,38.92528],[-77.09679,38.92529],[-77.09677,38.9253],[-77.09677,38.92531],[-77.09676,38.92531],[-77.09676,38.92532],[-77.09675,38.92532],[-77.09675,38.92533],[-77.09674,38.92534],[-77.09674,38.92535],[-77.09673,38.92535],[-77.09673,38.92536],[-77.09672,38.92537],[-77.09672,38.92538],[-77.09671,38.92539],[-77.0967,38.9254],[-77.0967,38.92542],[-77.09669,38.92544],[-77.09668,38.92545],[-77.09667,38.92548],[-77.09665,38.92552],[-77.09664,38.92555],[-77.09664,38.92556],[-77.09663,38.92558],[-77.09662,38.92559],[-77.09662,38.9256],[-77.09662,38.92561],[-77.09661,38.92563],[-77.0966,38.92564],[-77.09659,38.92566],[-77.09658,38.9257],[-77.09655,38.92574],[-77.09653,38.92579],[-77.09651,38.92583],[-77.09648,38.92587],[-77.09645,38.92592],[-77.09642,38.92596],[-77.09639,38.926],[-77.09636,38.92604],[-77.09632,38.92608],[-77.09629,38.92612],[-77.09626,38.92616],[-77.09623,38.92619],[-77.0962,38.92622],[-77.09617,38.92625],[-77.09614,38.92628],[-77.0961,38.92631],[-77.09607,38.92634],[-77.09604,38.92637],[-77.096,38.9264],[-77.09597,38.92643],[-77.09592,38.92647],[-77.09586,38.92652],[-77.09581,38.92656],[-77.09577,38.92661],[-77.09572,38.92666],[-77.09568,38.92671],[-77.09564,38.92676],[-77.0956,38.92681],[-77.09557,38.92687],[-77.09553,38.92692],[-77.09551,38.92695],[-77.0955,38.92698],[-77.09548,38.92702],[-77.09547,38.92705],[-77.09546,38.92708],[-77.09545,38.92712],[-77.09545,38.92715],[-77.09545,38.92719],[-77.09545,38.92722],[-77.09545,38.92726],[-77.09545,38.92729],[-77.09545,38.92733],[-77.09545,38.92736],[-77.09545,38.9274],[-77.09545,38.92744],[-77.09545,38.92747],[-77.09545,38.92751],[-77.09546,38.92754],[-77.09546,38.92758],[-77.09546,38.92761],[-77.09547,38.92766],[-77.09548,38.9277],[-77.09549,38.92775],[-77.09549,38.9278],[-77.0955,38.92784],[-77.09551,38.92789],[-77.09552,38.92793],[-77.09553,38.92798],[-77.09553,38.92803],[-77.09554,38.92807],[-77.09555,38.92812],[-77.09555,38.92817],[-77.09555,38.92821],[-77.09556,38.92826],[-77.09556,38.92831],[-77.09557,38.92835],[-77.09557,38.9284],[-77.09558,38.92842],[-77.09558,38.92844],[-77.09558,38.92845],[-77.09559,38.92849],[-77.09559,38.92854],[-77.0956,38.92858],[-77.09561,38.92861],[-77.09562,38.92864],[-77.09562,38.92868],[-77.09563,38.92871],[-77.09564,38.92875],[-77.09564,38.92878],[-77.09565,38.92882],[-77.09565,38.92885],[-77.09565,38.92886],[-77.09566,38.92889],[-77.09566,38.9289],[-77.09566,38.92891],[-77.09566,38.92892],[-77.09566,38.92893],[-77.09566,38.92894],[-77.09566,38.92895],[-77.09567,38.92896],[-77.09567,38.92897],[-77.09567,38.92898],[-77.09567,38.92899],[-77.09568,38.929],[-77.09568,38.92902],[-77.09568,38.92903],[-77.09568,38.92904],[-77.09569,38.92905],[-77.09569,38.92906],[-77.09569,38.92907],[-77.0957,38.92907],[-77.0957,38.92908],[-77.0957,38.92909],[-77.0957,38.9291],[-77.09571,38.9291],[-77.09571,38.92911],[-77.09571,38.92912],[-77.09572,38.92914],[-77.09573,38.92915],[-77.09573,38.92916],[-77.09574,38.92917],[-77.09575,38.92918],[-77.09576,38.92919],[-77.09577,38.9292],[-77.09577,38.92921],[-77.09578,38.92921],[-77.09579,38.92922],[-77.0958,38.92923],[-77.09581,38.92924],[-77.09582,38.92925],[-77.09583,38.92925],[-77.09584,38.92926],[-77.09585,38.92926],[-77.09587,38.92928],[-77.09591,38.9293],[-77.09595,38.92932],[-77.09599,38.92934],[-77.09602,38.92936],[-77.09606,38.92938],[-77.0961,38.9294],[-77.09613,38.92943],[-77.09617,38.92945],[-77.0962,38.92947],[-77.09624,38.9295],[-77.09627,38.92952],[-77.0963,38.92955],[-77.09632,38.92958],[-77.09635,38.92961],[-77.09635,38.92962],[-77.09636,38.92963],[-77.09636,38.92964],[-77.09637,38.92964],[-77.09637,38.92965],[-77.09639,38.92967],[-77.0964,38.9297],[-77.09642,38.92974],[-77.09643,38.92977],[-77.09644,38.92981],[-77.09644,38.92983],[-77.09644,38.92986],[-77.09644,38.92988],[-77.09644,38.92991],[-77.09643,38.92993],[-77.09643,38.92996],[-77.09642,38.92998],[-77.09642,38.93001],[-77.09641,38.93004],[-77.0964,38.93006],[-77.09639,38.93011],[-77.09637,38.93016],[-77.09635,38.9302],[-77.09634,38.93025],[-77.09632,38.9303],[-77.0963,38.93034],[-77.09627,38.93039],[-77.09625,38.93044],[-77.09623,38.93048],[-77.09621,38.93051],[-77.0962,38.93053],[-77.09619,38.93054],[-77.09619,38.93055],[-77.09618,38.93056],[-77.09617,38.93057],[-77.09616,38.93058],[-77.09616,38.93059],[-77.09615,38.9306],[-77.09614,38.93061],[-77.09613,38.93062],[-77.09612,38.93063],[-77.09611,38.93064],[-77.0961,38.93065],[-77.09609,38.93065],[-77.09609,38.93066],[-77.09608,38.93067],[-77.09607,38.93068],[-77.09606,38.93069],[-77.09605,38.93069],[-77.09604,38.9307],[-77.09603,38.9307],[-77.09603,38.93071],[-77.09601,38.93072],[-77.09566,38.93094],[-77.09565,38.93095],[-77.09564,38.93095],[-77.09562,38.93097],[-77.09561,38.93097],[-77.0956,38.93098],[-77.09559,38.931],[-77.09558,38.931],[-77.09557,38.93101],[-77.09556,38.93102],[-77.09556,38.93103],[-77.09555,38.93104],[-77.09551,38.93101],[-77.09512,38.93073],[-77.09476,38.93104],[-77.09464,38.93114],[-77.09447,38.93129],[-77.09441,38.93134],[-77.09429,38.93139],[-77.09396,38.93155],[-77.09373,38.93165],[-77.0935,38.93175],[-77.09304,38.93196],[-77.09264,38.93215],[-77.09273,38.93232],[-77.09286,38.93257],[-77.09293,38.9327],[-77.09294,38.9327],[-77.09302,38.93268],[-77.09307,38.93266],[-77.09311,38.93265],[-77.09316,38.93264],[-77.0932,38.93263],[-77.09321,38.93262],[-77.09325,38.93261],[-77.09345,38.93258],[-77.09347,38.93257],[-77.09348,38.93257],[-77.0935,38.93257],[-77.09372,38.93254],[-77.09418,38.93248],[-77.09458,38.93243],[-77.09464,38.93242],[-77.09471,38.93241],[-77.09477,38.9324],[-77.09483,38.93239],[-77.0949,38.93239],[-77.09496,38.93238],[-77.09503,38.93238],[-77.09509,38.93237],[-77.09515,38.93237],[-77.09522,38.93236],[-77.09528,38.93236],[-77.09535,38.93236],[-77.09542,38.93235],[-77.09549,38.93235],[-77.09556,38.93235],[-77.09562,38.93235],[-77.09569,38.93236],[-77.09576,38.93236],[-77.09583,38.93236],[-77.09589,38.93236],[-77.09596,38.93237],[-77.09606,38.93238],[-77.09617,38.93239],[-77.09622,38.93229],[-77.09624,38.93225],[-77.09667,38.93151],[-77.0967,38.93146],[-77.09673,38.9314],[-77.09677,38.93135],[-77.0968,38.93129],[-77.09683,38.93124],[-77.09686,38.93118],[-77.09689,38.93113],[-77.09692,38.93107],[-77.09695,38.93102],[-77.09698,38.93096],[-77.09702,38.9309],[-77.09706,38.93083],[-77.0971,38.93077],[-77.09714,38.9307],[-77.09718,38.93064],[-77.09722,38.93057],[-77.09726,38.93051],[-77.09741,38.93057],[-77.09805,38.93079],[-77.0982,38.93084],[-77.0986,38.93098],[-77.09864,38.93099],[-77.0987,38.93102],[-77.09876,38.93104],[-77.0988,38.93105],[-77.09882,38.93104],[-77.09887,38.93099],[-77.09962,38.93033],[-77.09963,38.93033],[-77.09973,38.93023],[-77.09983,38.93015],[-77.09984,38.93014],[-77.10027,38.92976],[-77.1004,38.92964],[-77.10047,38.92958],[-77.10057,38.9295],[-77.10068,38.9294],[-77.10103,38.92909],[-77.10146,38.92871],[-77.10158,38.92861],[-77.10146,38.92858],[-77.10142,38.92857],[-77.10107,38.92849],[-77.10058,38.92839],[-77.10056,38.92839],[-77.10053,38.92839],[-77.10047,38.92838],[-77.10045,38.92838],[-77.10042,38.92837],[-77.10036,38.92837],[-77.10035,38.92837],[-77.10031,38.92836],[-77.10025,38.92836],[-77.1002,38.92836],[-77.10014,38.92836],[-77.10009,38.92836],[-77.10003,38.92837],[-77.09999,38.92837],[-77.09995,38.92837],[-77.09991,38.92837],[-77.09987,38.92837],[-77.09983,38.92837],[-77.09979,38.92836],[-77.09975,38.92836],[-77.09972,38.92836],[-77.09968,38.92835],[-77.09964,38.92835],[-77.09959,38.92834],[-77.09954,38.92833],[-77.09949,38.92832],[-77.09944,38.92831],[-77.09939,38.92829],[-77.09934,38.92828],[-77.0993,38.92826],[-77.09925,38.92825],[-77.0992,38.92823],[-77.09916,38.92821],[-77.09902,38.92814],[-77.09894,38.92811],[-77.09886,38.92807],[-77.09883,38.92805],[-77.0986,38.92797],[-77.09857,38.92796],[-77.09854,38.92795],[-77.09851,38.92794],[-77.09848,38.92793],[-77.09845,38.92792],[-77.09842,38.92792],[-77.09839,38.92791],[-77.09836,38.9279],[-77.09833,38.9279],[-77.09829,38.92789],[-77.09827,38.92789],[-77.09824,38.92789],[-77.09822,38.92789],[-77.09819,38.92789],[-77.09816,38.92789],[-77.09814,38.92789],[-77.09811,38.9279],[-77.09808,38.9279],[-77.09806,38.92791],[-77.09805,38.92791],[-77.09803,38.92791],[-77.09795,38.92793],[-77.09795,38.92791],[-77.09794,38.92788],[-77.09794,38.92785],[-77.09793,38.92782],[-77.09793,38.9278],[-77.09792,38.92777],[-77.09792,38.92774],[-77.09791,38.92771],[-77.09791,38.92768],[-77.09791,38.92764],[-77.09791,38.92759],[-77.09792,38.92755],[-77.09792,38.92751],[-77.09794,38.92746],[-77.09795,38.92742],[-77.09797,38.92738],[-77.09799,38.92734],[-77.09801,38.9273],[-77.09803,38.92726],[-77.09815,38.9271],[-77.09841,38.92679],[-77.09862,38.92655],[-77.09865,38.92651],[-77.09867,38.92648],[-77.0987,38.92645],[-77.0987,38.92644],[-77.09873,38.92642],[-77.09874,38.9264],[-77.09876,38.92639],[-77.09878,38.92637],[-77.09879,38.92636],[-77.09882,38.92634],[-77.09886,38.92631],[-77.09889,38.92629],[-77.09893,38.92626],[-77.09897,38.92624],[-77.09901,38.92623],[-77.09905,38.92621],[-77.09909,38.9262],[-77.09913,38.92619],[-77.09918,38.92618],[-77.09922,38.92618],[-77.09927,38.92618],[-77.09931,38.92617],[-77.09933,38.92618],[-77.09936,38.92618],[-77.0994,38.92618],[-77.09944,38.92618],[-77.09948,38.92619],[-77.09952,38.9262],[-77.09956,38.92621],[-77.0996,38.92622],[-77.09961,38.92623],[-77.09964,38.92624],[-77.09967,38.92625],[-77.09971,38.92627],[-77.09974,38.92629],[-77.09977,38.92632],[-77.09979,38.92633],[-77.09981,38.92634],[-77.09981,38.92635],[-77.09984,38.92637],[-77.09984,38.92638],[-77.09992,38.92633],[-77.09993,38.92632],[-77.10018,38.9261],[-77.10054,38.92578],[-77.10059,38.92573],[-77.10066,38.92567],[-77.10072,38.92561],[-77.10103,38.92533],[-77.10109,38.92528],[-77.10112,38.92525],[-77.10115,38.92522],[-77.10118,38.9252],[-77.10122,38.92517],[-77.10125,38.92514],[-77.10128,38.92511],[-77.10129,38.92509],[-77.10131,38.92508],[-77.10134,38.92505],[-77.10141,38.92496],[-77.10128,38.92481],[-77.101,38.92449],[-77.10076,38.92421],[-77.10073,38.92417],[-77.1007,38.92414],[-77.10067,38.9241],[-77.10064,38.92406],[-77.10061,38.92403],[-77.10058,38.92399],[-77.10056,38.92395],[-77.10053,38.92391],[-77.10051,38.92387],[-77.10049,38.92383],[-77.1004,38.92366],[-77.10035,38.92357],[-77.10031,38.92349],[-77.1001,38.9231],[-77.10002,38.92293],[-77.09996,38.92284],[-77.09983,38.92257],[-77.09981,38.92254],[-77.0998,38.92252],[-77.09978,38.92249],[-77.09977,38.92246],[-77.09975,38.92243],[-77.09973,38.92241],[-77.09973,38.9224],[-77.09971,38.92238],[-77.0997,38.92236],[-77.09969,38.92235],[-77.09967,38.92233],[-77.09965,38.9223],[-77.09963,38.92228],[-77.09959,38.92224],[-77.09935,38.92222],[-77.09934,38.92222],[-77.09933,38.92222],[-77.09932,38.92222],[-77.09931,38.92222],[-77.0993,38.92222],[-77.09929,38.92222],[-77.09928,38.92222],[-77.09927,38.92222],[-77.09926,38.92222],[-77.09924,38.92222],[-77.09923,38.92222],[-77.09922,38.92222],[-77.09921,38.92222],[-77.09919,38.92222],[-77.09918,38.92222],[-77.09909,38.92222],[-77.09908,38.92222],[-77.09907,38.92222],[-77.09906,38.92222],[-77.09905,38.92222],[-77.09904,38.92222],[-77.09903,38.92222],[-77.09902,38.92222],[-77.09901,38.92222],[-77.099,38.92222],[-77.09899,38.92223],[-77.09898,38.92223],[-77.09897,38.92223],[-77.09896,38.92223],[-77.09895,38.92223],[-77.09894,38.92224],[-77.09893,38.92224],[-77.09892,38.92224],[-77.09891,38.92225],[-77.0989,38.92225],[-77.09889,38.92225],[-77.09888,38.92226],[-77.09887,38.92226],[-77.09885,38.92227],[-77.09884,38.92228],[-77.09883,38.92228],[-77.09882,38.92229],[-77.09881,38.9223],[-77.0988,38.9223],[-77.09879,38.92231],[-77.09879,38.92232],[-77.09878,38.92232],[-77.09877,38.92233],[-77.09876,38.92234],[-77.09875,38.92235],[-77.09874,38.92236],[-77.09874,38.92237],[-77.09873,38.92238],[-77.09873,38.92239],[-77.09869,38.92244],[-77.09865,38.92251],[-77.09863,38.92255],[-77.09861,38.92258],[-77.09859,38.92261],[-77.09857,38.92264],[-77.09855,38.92267],[-77.09853,38.9227],[-77.09851,38.92272],[-77.09849,38.92275],[-77.09847,38.92278],[-77.09844,38.92281],[-77.09842,38.92285],[-77.0984,38.92288],[-77.09837,38.92291],[-77.09835,38.92294],[-77.09833,38.92297],[-77.0983,38.92301],[-77.09828,38.92304],[-77.09826,38.92307],[-77.09823,38.9231],[-77.09821,38.92313],[-77.09812,38.92327],[-77.09812,38.92328],[-77.09811,38.92328],[-77.09811,38.92329],[-77.0981,38.92329],[-77.0981,38.9233],[-77.09809,38.92331],[-77.09808,38.92333],[-77.09807,38.92334],[-77.09807,38.92335],[-77.09806,38.92335],[-77.09805,38.92336],[-77.09804,38.92337],[-77.09804,38.92339],[-77.09803,38.92339],[-77.09802,38.9234],[-77.09801,38.92341],[-77.09801,38.92342],[-77.098,38.92343],[-77.09799,38.92343],[-77.09799,38.92344],[-77.09798,38.92344],[-77.09798,38.92345],[-77.09796,38.92347],[-77.09783,38.92361]]]},"properties":{"zone":"R-1A/CBUT","label":"R-1A/CBUT","desc":"Provide for areas predominantly developed with detached houses on large lots"}},{"type":"Feature","geometry":{"type":"Polygon","coordinates":[[[-77.00494,38.85008],[-77.00502,38.85008],[-77.00509,38.85006],[-77.00516,38.85005],[-77.00523,38.85002],[-77.00529,38.84999],[-77.00535,38.84996],[-77.0054,38.84992],[-77.00545,38.84988],[-77.00549,38.84984],[-77.00553,38.84979],[-77.00556,38.84974],[-77.00559,38.84969],[-77.00561,38.84964],[-77.00563,38.84959],[-77.00565,38.84953],[-77.00567,38.84946],[-77.00568,38.8494],[-77.00569,38.84934],[-77.0057,38.84927],[-77.0057,38.84921],[-77.00571,38.84915],[-77.00571,38.84908],[-77.0057,38.84902],[-77.00569,38.84895],[-77.00568,38.84888],[-77.00567,38.8488],[-77.00566,38.84871],[-77.00566,38.84867],[-77.00559,38.8481],[-77.00557,38.84793],[-77.00556,38.84784],[-77.00555,38.84777],[-77.00553,38.84753],[-77.00546,38.84698],[-77.00546,38.84697],[-77.00545,38.84689],[-77.00536,38.84689],[-77.00519,38.84691],[-77.00498,38.84692],[-77.00478,38.84692],[-77.00461,38.84692],[-77.00445,38.8469],[-77.00419,38.84682],[-77.00397,38.84671],[-77.00396,38.84671],[-77.00374,38.84658],[-77.00371,38.84656],[-77.00354,38.84644],[-77.00332,38.8463],[-77.00326,38.84626],[-77.00355,38.84596],[-77.00364,38.84554],[-77.0036,38.84554],[-77.00355,38.84552],[-77.0035,38.8455],[-77.00346,38.84548],[-77.00342,38.84545],[-77.00338,38.84542],[-77.00335,38.84539],[-77.00333,38.84535],[-77.00331,38.84531],[-77.0033,38.84527],[-77.0033,38.8451],[-77.00329,38.8451],[-76.99801,38.8451],[-76.998,38.8451],[-76.998,38.84522],[-76.99799,38.84523],[-76.99791,38.84535],[-76.99787,38.84539],[-76.99784,38.84544],[-76.9978,38.84549],[-76.99768,38.84565],[-76.99765,38.84569],[-76.99763,38.84572],[-76.99762,38.84573],[-76.99757,38.84581],[-76.99753,38.84587],[-76.99749,38.84592],[-76.99734,38.8461],[-76.99729,38.84617],[-76.9971,38.84643],[-76.99709,38.84644],[-76.99707,38.84646],[-76.99704,38.8465],[-76.99708,38.84652],[-76.99703,38.84658],[-76.99702,38.8466],[-76.997,38.84662],[-76.99686,38.84681],[-76.99687,38.84683],[-76.99688,38.84687],[-76.99742,38.84719],[-76.99879,38.84802],[-76.99887,38.84807],[-76.99894,38.84811],[-76.99897,38.84813],[-76.99935,38.84836],[-76.99961,38.84852],[-76.99994,38.84872],[-76.99995,38.8487],[-77.00018,38.84843],[-77.00024,38.84837],[-77.00031,38.8484],[-77.00078,38.84865],[-77.00087,38.8487],[-77.00092,38.84873],[-77.00097,38.84875],[-77.00102,38.84877],[-77.00107,38.84879],[-77.00112,38.84881],[-77.00118,38.84883],[-77.00124,38.84884],[-77.00129,38.84885],[-77.00135,38.84886],[-77.00141,38.84886],[-77.00146,38.84886],[-77.00151,38.84886],[-77.00157,38.84886],[-77.00162,38.84886],[-77.00168,38.84885],[-77.00173,38.84884],[-77.00178,38.84883],[-77.00183,38.84882],[-77.00189,38.8488],[-77.00194,38.84879],[-77.00195,38.84879],[-77.00195,38.84878],[-77.00197,38.84878],[-77.00198,38.84877],[-77.00199,38.84877],[-77.00201,38.84876],[-77.00202,38.84876],[-77.00202,38.84875],[-77.00204,38.84874],[-77.00205,38.84874],[-77.00206,38.84874],[-77.00208,38.84873],[-77.00208,38.84872],[-77.00209,38.84872],[-77.00211,38.84871],[-77.00212,38.8487],[-77.00213,38.8487],[-77.00215,38.84868],[-77.00217,38.84866],[-77.0022,38.84865],[-77.00222,38.84863],[-77.00223,38.84862],[-77.00224,38.84861],[-77.00227,38.8486],[-77.00228,38.84859],[-77.00229,38.84858],[-77.00231,38.84856],[-77.00232,38.84856],[-77.00232,38.84855],[-77.00234,38.84853],[-77.00237,38.84851],[-77.00239,38.84849],[-77.00242,38.84846],[-77.00245,38.84844],[-77.00248,38.84841],[-77.00251,38.84838],[-77.00254,38.84835],[-77.00256,38.84833],[-77.00258,38.84831],[-77.00259,38.8483],[-77.00262,38.84827],[-77.00264,38.84824],[-77.00267,38.84821],[-77.0028,38.84808],[-77.00281,38.84807],[-77.00287,38.848],[-77.00296,38.84806],[-77.00323,38.84822],[-77.00384,38.84859],[-77.00427,38.84885],[-77.00455,38.84902],[-77.00464,38.84907],[-77.00463,38.84907],[-77.00458,38.84912],[-77.0045,38.8492],[-77.00447,38.84923],[-77.00446,38.84924],[-77.00445,38.84925],[-77.00443,38.84927],[-77.00442,38.84928],[-77.00442,38.84929],[-77.0044,38.84931],[-77.00438,38.84933],[-77.00438,38.84934],[-77.00437,38.84935],[-77.00435,38.84937],[-77.00435,38.84938],[-77.00434,38.84939],[-77.00433,38.84942],[-77.00432,38.84943],[-77.00431,38.84944],[-77.00429,38.8495],[-77.00427,38.84956],[-77.00427,38.84962],[-77.00428,38.84968],[-77.00429,38.84974],[-77.00432,38.8498],[-77.00435,38.84985],[-77.0044,38.8499],[-77.00445,38.84994],[-77.00451,38.84998],[-77.00458,38.85002],[-77.00464,38.85004],[-77.00472,38.85006],[-77.00479,38.85008],[-77.00487,38.85008],[-77.00492,38.85008],[-77.00494,38.85008]]]},"properties":{"zone":"R-3","label":"R-3","desc":"Allows for attached rowhouses on small lots and row dwellings mingled with detached, semi-detached, and groupings of three or more row dwellings"}},{"type":"Feature","geometry":{"type":"Polygon","coordinates":[[[-77.05933,38.92013],[-77.05931,38.92017],[-77.05929,38.9202],[-77.05928,38.92023],[-77.05921,38.92033],[-77.05915,38.92044],[-77.05904,38.92061],[-77.05894,38.92077],[-77.05888,38.92086],[-77.05886,38.9209],[-77.05886,38.92093],[-77.05886,38.92097],[-77.05887,38.92102],[-77.05887,38.92108],[-77.05889,38.92114],[-77.05891,38.92121],[-77.05894,38.92127],[-77.05897,38.92132],[-77.05902,38.92137],[-77.05908,38.92143],[-77.05912,38.92146],[-77.05918,38.92149],[-77.05921,38.92151],[-77.05933,38.92142],[-77.0594,38.92141],[-77.05963,38.92135],[-77.05958,38.92099],[-77.05959,38.92097],[-77.05966,38.92073],[-77.05991,38.92032],[-77.06015,38.92025],[-77.06058,38.92013],[-77.06085,38.92032],[-77.06116,38.92006],[-77.06131,38.91995],[-77.06122,38.91989],[-77.06107,38.91978],[-77.06095,38.91968],[-77.06094,38.91968],[-77.0609,38.91965],[-77.06086,38.91962],[-77.06078,38.91956],[-77.06064,38.91946],[-77.06062,38.91945],[-77.06051,38.91937],[-77.06047,38.91934],[-77.06037,38.91927],[-77.06025,38.91918],[-77.0601,38.91906],[-77.05997,38.91897],[-77.05983,38.91887],[-77.05971,38.91878],[-77.05964,38.91873],[-77.05958,38.91869],[-77.05953,38.91865],[-77.05945,38.91859],[-77.05944,38.91858],[-77.05934,38.91851],[-77.05929,38.91847],[-77.05925,38.91845],[-77.05909,38.91832],[-77.05902,38.91831],[-77.05899,38.91831],[-77.05897,38.91831],[-77.05896,38.91831],[-77.05892,38.91831],[-77.05889,38.91833],[-77.05873,38.91845],[-77.05855,38.91861],[-77.05838,38.91875],[-77.05833,38.91879],[-77.0584,38.91884],[-77.05844,38.91886],[-77.05879,38.91912],[-77.0588,38.9191],[-77.0593,38.91912],[-77.05936,38.91912],[-77.05948,38.91912],[-77.05947,38.91924],[-77.05946,38.91947],[-77.05945,38.91971],[-77.05945,38.91973],[-77.05945,38.91974],[-77.05944,38.91982],[-77.05943,38.91987],[-77.05941,38.91993],[-77.05939,38.91999],[-77.05936,38.92006],[-77.05934,38.9201],[-77.05933,38.92013]]]},"properties":{"zone":"R-1A/TS/NO","label":"R-1A/TS/NO","desc":"Permits detached houses on large lots"}},{"type":"Feature","geometry":{"type":"Polygon","coordinates":[[[-76.9684,38.8559],[-76.96812,38.85617],[-76.96805,38.85624],[-76.96798,38.8563],[-76.96791,38.85637],[-76.96785,38.85643],[-76.96767,38.85659],[-76.96767,38.8566],[-76.96804,38.85681],[-76.96806,38.85679],[-76.96807,38.85678],[-76.9692,38.85572],[-76.96921,38.85572],[-76.96923,38.85572],[-76.96976,38.85579],[-76.96997,38.85583],[-76.96998,38.85583],[-76.96998,38.85519],[-76.96998,38.85518],[-76.96913,38.85517],[-76.96913,38.85518],[-76.96913,38.85519],[-76.96912,38.8552],[-76.96912,38.85521],[-76.96911,38.85523],[-76.96911,38.85524],[-76.9691,38.85525],[-76.96909,38.85526],[-76.96908,38.85526],[-76.96907,38.85527],[-76.96891,38.85543],[-76.9687,38.85562],[-76.96867,38.85565],[-76.9684,38.8559]]]},"properties":{"zone":"R-3","label":"R-3","desc":"Allows for attached rowhouses on small lots and row dwellings mingled with detached, semi-detached, and groupings of three or more row dwellings"}},{"type":"Feature","geometry":{"type":"Polygon","coordinates":[[[-76.94029,38.90015],[-76.94029,38.90016],[-76.94029,38.90017],[-76.94029,38.90044],[-76.94029,38.90053],[-76.94182,38.90053],[-76.94182,38.90058],[-76.94182,38.901],[-76.94191,38.90101],[-76.94199,38.90102],[-76.942,38.90102],[-76.94201,38.90102],[-76.94205,38.90103],[-76.94206,38.90103],[-76.94207,38.90103],[-76.94208,38.90103],[-76.94217,38.90105],[-76.94226,38.90106],[-76.94235,38.90107],[-76.94243,38.90108],[-76.94275,38.90113],[-76.94281,38.90114],[-76.94284,38.90114],[-76.94318,38.90086],[-76.94316,38.90086],[-76.94275,38.90086],[-76.9426,38.90086],[-76.9426,38.90053],[-76.9426,38.89457],[-76.94191,38.89449],[-76.94206,38.89381],[-76.94138,38.89371],[-76.94142,38.89364],[-76.94152,38.89347],[-76.94123,38.89335],[-76.94119,38.89341],[-76.9392,38.8926],[-76.9392,38.89257],[-76.9392,38.89253],[-76.9392,38.89218],[-76.9392,38.89199],[-76.93921,38.8919],[-76.93919,38.8919],[-76.93909,38.8919],[-76.93899,38.8919],[-76.93892,38.8919],[-76.93886,38.8919],[-76.93874,38.8919],[-76.93872,38.8919],[-76.93867,38.8919],[-76.93866,38.8919],[-76.93857,38.8919],[-76.93848,38.8919],[-76.93844,38.8919],[-76.93842,38.8919],[-76.93841,38.8919],[-76.93829,38.8919],[-76.93817,38.8919],[-76.93806,38.8919],[-76.93797,38.8919],[-76.93788,38.8919],[-76.93787,38.8919],[-76.93777,38.8919],[-76.93776,38.8919],[-76.93775,38.8919],[-76.93765,38.8919],[-76.93764,38.8919],[-76.93761,38.8919],[-76.93744,38.8919],[-76.93728,38.8919],[-76.93721,38.8919],[-76.93717,38.8919],[-76.93717,38.89181],[-76.93717,38.89177],[-76.93717,38.89167],[-76.93717,38.89158],[-76.93717,38.8915],[-76.93717,38.89148],[-76.93721,38.89148],[-76.93726,38.89148],[-76.93726,38.89147],[-76.93726,38.89146],[-76.93726,38.89145],[-76.93726,38.89144],[-76.93726,38.89143],[-76.93726,38.89142],[-76.93726,38.89141],[-76.93726,38.8914],[-76.93726,38.89139],[-76.93726,38.89138],[-76.93726,38.89137],[-76.93726,38.89136],[-76.93726,38.89135],[-76.93726,38.89134],[-76.93726,38.89133],[-76.93726,38.89132],[-76.93726,38.89131],[-76.93726,38.8913],[-76.93726,38.89129],[-76.93726,38.89128],[-76.93725,38.89127],[-76.93725,38.89126],[-76.93725,38.89125],[-76.93725,38.89124],[-76.93725,38.89122],[-76.93725,38.89119],[-76.93725,38.89115],[-76.93725,38.89112],[-76.93725,38.89108],[-76.93725,38.89102],[-76.93725,38.89098],[-76.93725,38.89093],[-76.93725,38.89092],[-76.93725,38.89086],[-76.93725,38.8908],[-76.93725,38.89079],[-76.93725,38.89078],[-76.93725,38.89073],[-76.93725,38.89065],[-76.93725,38.89063],[-76.93725,38.89062],[-76.93725,38.89061],[-76.93725,38.8906],[-76.93725,38.89057],[-76.93725,38.89054],[-76.93725,38.89051],[-76.93725,38.89043],[-76.93725,38.89036],[-76.93725,38.89028],[-76.93725,38.89023],[-76.93725,38.89019],[-76.93725,38.89011],[-76.93698,38.89014],[-76.93697,38.89014],[-76.93688,38.89014],[-76.93687,38.89015],[-76.93684,38.89015],[-76.93679,38.89015],[-76.93676,38.89015],[-76.93672,38.89016],[-76.9367,38.89016],[-76.93669,38.89016],[-76.93664,38.89016],[-76.93661,38.89016],[-76.93657,38.89017],[-76.93649,38.89017],[-76.93633,38.89019],[-76.93632,38.89019],[-76.9362,38.8902],[-76.93594,38.89022],[-76.93593,38.89022],[-76.93585,38.89022],[-76.93584,38.89022],[-76.93583,38.89022],[-76.93577,38.89023],[-76.93574,38.89023],[-76.93569,38.89023],[-76.93561,38.89024],[-76.93553,38.89025],[-76.93545,38.89025],[-76.9354,38.89026],[-76.93539,38.89026],[-76.93537,38.89026],[-76.93529,38.89026],[-76.93521,38.89027],[-76.93513,38.89027],[-76.93505,38.89028],[-76.935,38.89028],[-76.93495,38.89029],[-76.93491,38.89029],[-76.93488,38.89029],[-76.93487,38.89029],[-76.93484,38.8903],[-76.93482,38.8903],[-76.93481,38.8903],[-76.93477,38.8903],[-76.93475,38.8903],[-76.93442,38.89033],[-76.93424,38.89034],[-76.93407,38.89036],[-76.93406,38.89036],[-76.934,38.89036],[-76.9339,38.89037],[-76.9339,38.89044],[-76.9339,38.89046],[-76.9339,38.89073],[-76.9339,38.89074],[-76.9339,38.89089],[-76.93381,38.89089],[-76.9338,38.89089],[-76.93345,38.89089],[-76.93343,38.89089],[-76.93342,38.89089],[-76.93342,38.89097],[-76.93291,38.89097],[-76.93291,38.8913],[-76.93281,38.8913],[-76.93276,38.8913],[-76.93262,38.8913],[-76.93249,38.8913],[-76.93241,38.8913],[-76.93238,38.8913],[-76.93238,38.89134],[-76.93229,38.89134],[-76.93217,38.89134],[-76.93204,38.89134],[-76.93192,38.89134],[-76.9318,38.89134],[-76.93174,38.89134],[-76.93169,38.89134],[-76.93169,38.89133],[-76.93171,38.89124],[-76.93175,38.89106],[-76.93179,38.89087],[-76.9318,38.8908],[-76.9318,38.89079],[-76.93182,38.89072],[-76.93183,38.89066],[-76.93185,38.89054],[-76.93186,38.8905],[-76.93186,38.89049],[-76.93187,38.89047],[-76.93187,38.89046],[-76.93187,38.89045],[-76.93188,38.89044],[-76.93188,38.89043],[-76.93188,38.89042],[-76.93189,38.89041],[-76.9319,38.89039],[-76.9319,38.89038],[-76.9319,38.89037],[-76.93193,38.89033],[-76.93193,38.89032],[-76.93194,38.89031],[-76.93194,38.8903],[-76.93195,38.89025],[-76.93196,38.8902],[-76.93197,38.89017],[-76.93198,38.89012],[-76.93199,38.89008],[-76.932,38.89004],[-76.93201,38.89],[-76.93202,38.88992],[-76.93204,38.88988],[-76.93204,38.88984],[-76.93205,38.88981],[-76.93206,38.88978],[-76.93206,38.88977],[-76.93207,38.8897],[-76.93209,38.88963],[-76.93209,38.8896],[-76.93211,38.88953],[-76.93212,38.88947],[-76.93214,38.8894],[-76.93214,38.88937],[-76.93215,38.88937],[-76.93215,38.88935],[-76.932,38.88933],[-76.93194,38.88932],[-76.93186,38.88931],[-76.93185,38.88931],[-76.93174,38.8893],[-76.93172,38.8893],[-76.93122,38.88923],[-76.93096,38.88919],[-76.93089,38.88918],[-76.93088,38.88918],[-76.93086,38.88918],[-76.93083,38.88918],[-76.93078,38.88917],[-76.93076,38.88917],[-76.93075,38.88917],[-76.93068,38.88916],[-76.93059,38.88914],[-76.93051,38.88913],[-76.93026,38.8891],[-76.9302,38.88909],[-76.93019,38.88909],[-76.93015,38.88908],[-76.93014,38.88908],[-76.93011,38.88908],[-76.9301,38.88908],[-76.93006,38.88907],[-76.93001,38.88906],[-76.92996,38.88906],[-76.92993,38.88905],[-76.92984,38.88904],[-76.92985,38.889],[-76.92987,38.88893],[-76.9299,38.88878],[-76.92992,38.8887],[-76.92992,38.88866],[-76.92993,38.88862],[-76.92994,38.88859],[-76.92995,38.88855],[-76.92995,38.88852],[-76.92997,38.88846],[-76.92998,38.8884],[-76.92999,38.88837],[-76.92999,38.88835],[-76.9299,38.88834],[-76.92976,38.88833],[-76.92962,38.88831],[-76.92948,38.88829],[-76.92934,38.88827],[-76.9292,38.88825],[-76.92907,38.88824],[-76.92893,38.88822],[-76.92886,38.88821],[-76.92879,38.8882],[-76.92865,38.88818],[-76.92851,38.88816],[-76.92837,38.88814],[-76.92824,38.88812],[-76.92823,38.88812],[-76.9281,38.8881],[-76.92796,38.88809],[-76.92782,38.88807],[-76.92774,38.88805],[-76.92775,38.888],[-76.92776,38.88794],[-76.92777,38.8879],[-76.92778,38.88786],[-76.92779,38.8878],[-76.92781,38.88772],[-76.92771,38.88771],[-76.92759,38.88769],[-76.92767,38.88735],[-76.92715,38.88728],[-76.92714,38.88728],[-76.92711,38.88728],[-76.92698,38.88726],[-76.92697,38.88726],[-76.92691,38.88725],[-76.92684,38.88724],[-76.92682,38.88724],[-76.92677,38.88723],[-76.9267,38.88722],[-76.92656,38.8872],[-76.92657,38.88714],[-76.92659,38.88705],[-76.92661,38.88699],[-76.92661,38.88697],[-76.92662,38.88693],[-76.92663,38.88688],[-76.92663,38.88687],[-76.92629,38.88682],[-76.92628,38.88682],[-76.92627,38.88682],[-76.92623,38.88681],[-76.92619,38.88681],[-76.92609,38.88679],[-76.92608,38.88679],[-76.92608,38.88678],[-76.92608,38.88675],[-76.92609,38.88673],[-76.92611,38.88664],[-76.92611,38.88661],[-76.92612,38.88658],[-76.92613,38.88652],[-76.92614,38.88649],[-76.92615,38.88646],[-76.92615,38.88645],[-76.92615,38.88644],[-76.92616,38.88641],[-76.92616,38.8864],[-76.92616,38.88639],[-76.92616,38.88637],[-76.92617,38.88633],[-76.92617,38.88632],[-76.92618,38.88632],[-76.92618,38.88631],[-76.92618,38.88629],[-76.92618,38.88628],[-76.92619,38.88627],[-76.92619,38.88626],[-76.92622,38.88611],[-76.92624,38.88605],[-76.92624,38.88601],[-76.92625,38.88597],[-76.92625,38.88596],[-76.92627,38.8859],[-76.92627,38.88589],[-76.92627,38.88588],[-76.92628,38.88587],[-76.92628,38.88586],[-76.92628,38.88584],[-76.92629,38.88578],[-76.92616,38.88576],[-76.92604,38.88574],[-76.92593,38.88573],[-76.92585,38.88572],[-76.92584,38.88572],[-76.9257,38.8857],[-76.92567,38.8857],[-76.92557,38.88568],[-76.92546,38.88567],[-76.92543,38.88567],[-76.92529,38.88565],[-76.92526,38.88564],[-76.92515,38.88563],[-76.92508,38.88562],[-76.92501,38.88561],[-76.92489,38.88559],[-76.92487,38.88559],[-76.92476,38.88558],[-76.92475,38.88557],[-76.92474,38.88557],[-76.92473,38.88557],[-76.92471,38.88557],[-76.92462,38.88556],[-76.9246,38.88555],[-76.92447,38.88554],[-76.92446,38.88553],[-76.92432,38.88552],[-76.92422,38.8855],[-76.92418,38.8855],[-76.92404,38.88548],[-76.92407,38.88536],[-76.92407,38.88534],[-76.92408,38.88532],[-76.92408,38.88529],[-76.9241,38.88521],[-76.92412,38.88514],[-76.92412,38.88513],[-76.92417,38.88489],[-76.92419,38.8848],[-76.9242,38.88473],[-76.92422,38.88467],[-76.92422,38.88466],[-76.92422,38.88463],[-76.92423,38.88461],[-76.92424,38.88457],[-76.92425,38.8845],[-76.92426,38.88448],[-76.92426,38.88446],[-76.92427,38.88443],[-76.92427,38.8844],[-76.92428,38.88436],[-76.92428,38.88435],[-76.92429,38.88433],[-76.92431,38.88422],[-76.92431,38.88421],[-76.92433,38.88414],[-76.92433,38.88413],[-76.92412,38.8841],[-76.92406,38.88409],[-76.92399,38.88408],[-76.92397,38.88407],[-76.92394,38.88407],[-76.9239,38.88406],[-76.92386,38.88405],[-76.92377,38.88404],[-76.92375,38.88404],[-76.92361,38.88402],[-76.92347,38.884],[-76.9234,38.88399],[-76.92336,38.88399],[-76.92333,38.88398],[-76.92328,38.88398],[-76.92326,38.88397],[-76.92319,38.88396],[-76.92317,38.88396],[-76.92316,38.88396],[-76.9231,38.88395],[-76.92305,38.88394],[-76.92299,38.88394],[-76.92291,38.88393],[-76.9229,38.88392],[-76.92287,38.88392],[-76.92286,38.88392],[-76.92281,38.88391],[-76.92278,38.88391],[-76.92273,38.8839],[-76.92271,38.8839],[-76.92264,38.88389],[-76.92256,38.88388],[-76.92255,38.88388],[-76.9225,38.88387],[-76.92242,38.88386],[-76.92236,38.88385],[-76.92226,38.88384],[-76.92222,38.88383],[-76.92213,38.88382],[-76.92208,38.88381],[-76.92199,38.8838],[-76.92195,38.88379],[-76.92192,38.88379],[-76.9219,38.88379],[-76.92189,38.88379],[-76.92184,38.88378],[-76.92181,38.88378],[-76.92177,38.88377],[-76.92176,38.88377],[-76.92175,38.88377],[-76.92167,38.88376],[-76.92162,38.88375],[-76.92161,38.88375],[-76.92153,38.88374],[-76.92147,38.88373],[-76.92137,38.88372],[-76.92135,38.88371],[-76.92131,38.88371],[-76.92127,38.8837],[-76.92124,38.8837],[-76.9212,38.8837],[-76.92117,38.88369],[-76.92104,38.88368],[-76.92091,38.88378],[-76.92079,38.88387],[-76.92068,38.88395],[-76.92055,38.88406],[-76.92054,38.88406],[-76.92054,38.88407],[-76.92053,38.88407],[-76.92043,38.88415],[-76.92024,38.8843],[-76.92018,38.88434],[-76.92013,38.88438],[-76.92009,38.88441],[-76.92009,38.88442],[-76.92008,38.88442],[-76.92008,38.88443],[-76.92007,38.88443],[-76.92006,38.88444],[-76.92005,38.88445],[-76.92004,38.88445],[-76.92003,38.88446],[-76.92002,38.88447],[-76.92001,38.88448],[-76.91999,38.8845],[-76.91997,38.88451],[-76.91996,38.88451],[-76.91996,38.88452],[-76.91994,38.88453],[-76.91993,38.88454],[-76.91991,38.88456],[-76.91989,38.88457],[-76.91988,38.88458],[-76.91987,38.88459],[-76.91986,38.8846],[-76.91985,38.8846],[-76.91984,38.88461],[-76.91979,38.88465],[-76.91975,38.88468],[-76.91971,38.88471],[-76.91967,38.88474],[-76.91966,38.88475],[-76.91962,38.88478],[-76.91961,38.88479],[-76.9196,38.8848],[-76.91957,38.88482],[-76.91949,38.88488],[-76.91948,38.88489],[-76.91943,38.88493],[-76.91939,38.88496],[-76.91938,38.88497],[-76.91933,38.88501],[-76.9193,38.88503],[-76.91926,38.88506],[-76.91924,38.88508],[-76.91922,38.88509],[-76.91921,38.8851],[-76.91919,38.88511],[-76.91909,38.88519],[-76.91897,38.88529],[-76.91887,38.88537],[-76.91898,38.88539],[-76.9191,38.88542],[-76.91916,38.88544],[-76.91947,38.8855],[-76.91955,38.88552],[-76.91963,38.88554],[-76.91959,38.88563],[-76.91953,38.8858],[-76.91947,38.88594],[-76.91944,38.88602],[-76.91942,38.88605],[-76.91942,38.88606],[-76.91937,38.88618],[-76.91935,38.88623],[-76.91931,38.88633],[-76.9193,38.88636],[-76.91916,38.88632],[-76.91915,38.88632],[-76.91912,38.88631],[-76.91897,38.88628],[-76.91877,38.88623],[-76.91863,38.8862],[-76.91828,38.88612],[-76.91823,38.8861],[-76.91822,38.8861],[-76.91811,38.88608],[-76.91799,38.88605],[-76.91726,38.88662],[-76.91722,38.88665],[-76.91717,38.88669],[-76.9171,38.88675],[-76.91702,38.8868],[-76.91697,38.88685],[-76.917,38.88688],[-76.91701,38.88691],[-76.91702,38.88692],[-76.91703,38.88694],[-76.91704,38.88695],[-76.91705,38.88695],[-76.91706,38.88697],[-76.91706,38.88698],[-76.91707,38.88699],[-76.91707,38.887],[-76.91708,38.88702],[-76.91709,38.88703],[-76.9171,38.88705],[-76.9171,38.88706],[-76.9171,38.88707],[-76.91711,38.88707],[-76.91711,38.88708],[-76.91711,38.88709],[-76.91711,38.8871],[-76.91714,38.88722],[-76.91715,38.88724],[-76.91716,38.8873],[-76.91717,38.88731],[-76.91717,38.88734],[-76.91718,38.88737],[-76.91718,38.88738],[-76.91719,38.88741],[-76.9172,38.88743],[-76.9172,38.88744],[-76.91721,38.88748],[-76.91721,38.8875],[-76.91724,38.8876],[-76.91724,38.88761],[-76.91726,38.88769],[-76.91727,38.88772],[-76.91728,38.88774],[-76.91728,38.88775],[-76.91728,38.88776],[-76.91728,38.88777],[-76.91729,38.88777],[-76.91729,38.88778],[-76.91729,38.88779],[-76.91729,38.8878],[-76.91729,38.88781],[-76.9173,38.88781],[-76.9173,38.88782],[-76.9173,38.88783],[-76.9173,38.88784],[-76.91732,38.88789],[-76.91732,38.8879],[-76.91736,38.88806],[-76.91738,38.88816],[-76.91741,38.88827],[-76.91741,38.88828],[-76.91742,38.88828],[-76.91742,38.88832],[-76.91745,38.88843],[-76.91746,38.88844],[-76.91748,38.88855],[-76.91749,38.88856],[-76.91751,38.88866],[-76.91754,38.88876],[-76.91755,38.88883],[-76.91758,38.88891],[-76.91758,38.88894],[-76.91759,38.88897],[-76.91761,38.88904],[-76.91761,38.88905],[-76.91761,38.88906],[-76.91762,38.8891],[-76.91763,38.88914],[-76.91764,38.88917],[-76.91766,38.88924],[-76.91767,38.88928],[-76.91769,38.88935],[-76.91769,38.88936],[-76.9177,38.88942],[-76.91772,38.88948],[-76.91773,38.88951],[-76.91773,38.88954],[-76.91774,38.88958],[-76.91774,38.88959],[-76.91775,38.8896],[-76.91775,38.88961],[-76.91775,38.88963],[-76.91776,38.88963],[-76.91776,38.88964],[-76.91776,38.88965],[-76.91776,38.88966],[-76.91776,38.88967],[-76.91777,38.88968],[-76.91777,38.88969],[-76.91777,38.8897],[-76.91777,38.88971],[-76.91777,38.88972],[-76.91778,38.88973],[-76.91778,38.88974],[-76.91778,38.88975],[-76.91778,38.88976],[-76.91778,38.88977],[-76.9179,38.88977],[-76.91803,38.88977],[-76.91845,38.88977],[-76.91872,38.88976],[-76.91877,38.88976],[-76.91877,38.88989],[-76.91877,38.89035],[-76.91892,38.89051],[-76.91892,38.89052],[-76.91912,38.89052],[-76.91922,38.89052],[-76.9192,38.89058],[-76.91907,38.89057],[-76.919,38.89057],[-76.91886,38.89056],[-76.91878,38.89056],[-76.91862,38.89056],[-76.91844,38.89056],[-76.91813,38.89056],[-76.9178,38.89056],[-76.91779,38.89056],[-76.91779,38.89057],[-76.91779,38.89058],[-76.91779,38.89059],[-76.91779,38.8906],[-76.91779,38.89061],[-76.91779,38.89062],[-76.91779,38.89063],[-76.91779,38.89064],[-76.91779,38.89065],[-76.91779,38.89066],[-76.91779,38.89067],[-76.91779,38.89068],[-76.91779,38.89069],[-76.91779,38.89071],[-76.91779,38.89073],[-76.91779,38.89075],[-76.91779,38.89076],[-76.91779,38.89077],[-76.91779,38.89079],[-76.91779,38.89089],[-76.91789,38.89089],[-76.91852,38.89089],[-76.91879,38.89089],[-76.91901,38.89089],[-76.91911,38.89089],[-76.91912,38.89089],[-76.91914,38.89089],[-76.91914,38.8909],[-76.91899,38.89143],[-76.91896,38.89143],[-76.91888,38.89141],[-76.91887,38.89141],[-76.91873,38.89137],[-76.91867,38.89135],[-76.91847,38.89133],[-76.91847,38.89246],[-76.91782,38.89246],[-76.91782,38.89247],[-76.91782,38.89291],[-76.91782,38.89293],[-76.91859,38.89293],[-76.91859,38.89295],[-76.91858,38.89299],[-76.91858,38.893],[-76.91857,38.89302],[-76.91856,38.89305],[-76.91856,38.89306],[-76.91856,38.89309],[-76.91855,38.89312],[-76.91854,38.89314],[-76.91853,38.89318],[-76.91853,38.89319],[-76.91853,38.8932],[-76.91852,38.89325],[-76.91851,38.89328],[-76.9185,38.89331],[-76.9185,38.89333],[-76.91842,38.89333],[-76.91841,38.89333],[-76.91838,38.89333],[-76.91829,38.89333],[-76.91822,38.89333],[-76.9182,38.89333],[-76.91817,38.89333],[-76.91812,38.89333],[-76.91803,38.89333],[-76.91794,38.89333],[-76.91778,38.89334],[-76.91762,38.89334],[-76.91745,38.89334],[-76.91735,38.89334],[-76.91728,38.89334],[-76.91721,38.89334],[-76.9171,38.89334],[-76.9171,38.89332],[-76.9171,38.89303],[-76.9171,38.8929],[-76.91641,38.8929],[-76.91641,38.89247],[-76.9164,38.89247],[-76.91625,38.89247],[-76.91573,38.89247],[-76.91573,38.89217],[-76.91569,38.89217],[-76.9152,38.89217],[-76.91505,38.89217],[-76.91505,38.8921],[-76.91504,38.8921],[-76.91489,38.8921],[-76.9144,38.8921],[-76.91436,38.8921],[-76.91432,38.8921],[-76.91383,38.8921],[-76.91367,38.8921],[-76.91366,38.89198],[-76.91367,38.89164],[-76.91367,38.89163],[-76.91367,38.89154],[-76.91367,38.89151],[-76.91367,38.89148],[-76.91367,38.8907],[-76.91366,38.89061],[-76.91366,38.89056],[-76.91366,38.8905],[-76.91366,38.8904],[-76.91367,38.89022],[-76.91367,38.89019],[-76.91367,38.89007],[-76.91367,38.89006],[-76.91367,38.88994],[-76.91367,38.88993],[-76.91367,38.88992],[-76.91367,38.88991],[-76.91367,38.88984],[-76.91367,38.88977],[-76.91353,38.88976],[-76.91339,38.88976],[-76.91327,38.88975],[-76.91325,38.88974],[-76.91297,38.88996],[-76.91294,38.88998],[-76.91286,38.89005],[-76.9127,38.89017],[-76.91267,38.89019],[-76.91263,38.89022],[-76.91261,38.89024],[-76.9126,38.89025],[-76.91257,38.89027],[-76.91255,38.89029],[-76.91253,38.8903],[-76.91251,38.89031],[-76.91246,38.89035],[-76.91244,38.89037],[-76.91239,38.89041],[-76.91238,38.89042],[-76.91234,38.89045],[-76.91174,38.89092],[-76.91171,38.89094],[-76.91167,38.89097],[-76.91151,38.89109],[-76.91145,38.89114],[-76.91144,38.89115],[-76.91142,38.89116],[-76.91139,38.89119],[-76.91136,38.89121],[-76.91129,38.89126],[-76.91126,38.89129],[-76.91122,38.89132],[-76.9112,38.89134],[-76.91116,38.89137],[-76.91114,38.89138],[-76.91107,38.89143],[-76.91106,38.89145],[-76.91104,38.89146],[-76.91103,38.89147],[-76.91097,38.89152],[-76.91096,38.89153],[-76.91095,38.89153],[-76.91091,38.89156],[-76.91049,38.89189],[-76.90915,38.89293],[-76.9105,38.89399],[-76.91073,38.89393],[-76.91087,38.8939],[-76.91088,38.8939],[-76.91108,38.8939],[-76.91109,38.8939],[-76.91134,38.89391],[-76.91136,38.89391],[-76.91144,38.89391],[-76.91145,38.89391],[-76.91156,38.89391],[-76.91158,38.89391],[-76.9116,38.89391],[-76.91161,38.89391],[-76.91161,38.89356],[-76.91165,38.89356],[-76.91214,38.89356],[-76.91229,38.89356],[-76.91229,38.89359],[-76.91229,38.89362],[-76.91229,38.89367],[-76.91229,38.89372],[-76.91229,38.89376],[-76.91229,38.89381],[-76.91229,38.89386],[-76.91229,38.89391],[-76.91229,38.89395],[-76.91229,38.89396],[-76.91229,38.894],[-76.9123,38.89401],[-76.9123,38.89405],[-76.91237,38.89405],[-76.91246,38.89405],[-76.91249,38.89404],[-76.91279,38.89405],[-76.91286,38.89405],[-76.91299,38.89405],[-76.91315,38.89405],[-76.91343,38.89405],[-76.91352,38.89405],[-76.91355,38.89405],[-76.91365,38.89405],[-76.91366,38.89405],[-76.91367,38.89405],[-76.91369,38.89405],[-76.91371,38.89405],[-76.91373,38.89405],[-76.91374,38.89405],[-76.91375,38.89405],[-76.91376,38.89405],[-76.91377,38.89405],[-76.9138,38.89405],[-76.91382,38.89405],[-76.91383,38.89405],[-76.91385,38.89405],[-76.91386,38.89405],[-76.91387,38.89405],[-76.91389,38.89405],[-76.91391,38.89405],[-76.91393,38.89405],[-76.91409,38.89405],[-76.91435,38.89405],[-76.91436,38.89405],[-76.91451,38.89404],[-76.91455,38.89404],[-76.91456,38.89404],[-76.9146,38.89405],[-76.91464,38.89405],[-76.91471,38.89405],[-76.91478,38.89405],[-76.91479,38.89405],[-76.91481,38.89405],[-76.91483,38.89405],[-76.91484,38.89405],[-76.91486,38.89405],[-76.91489,38.89405],[-76.91492,38.89405],[-76.91497,38.89405],[-76.91504,38.89405],[-76.91641,38.89405],[-76.91657,38.89405],[-76.91778,38.89405],[-76.91794,38.89405],[-76.91824,38.89405],[-76.91829,38.89407],[-76.91838,38.89412],[-76.91846,38.89418],[-76.91855,38.89423],[-76.91859,38.89425],[-76.91864,38.89427],[-76.91873,38.89429],[-76.91881,38.89432],[-76.9189,38.89434],[-76.91899,38.89437],[-76.91916,38.8944],[-76.91916,38.89503],[-76.91871,38.89503],[-76.91871,38.89504],[-76.91822,38.89504],[-76.91822,38.89503],[-76.91778,38.89503],[-76.91778,38.89493],[-76.91709,38.89492],[-76.91709,38.89494],[-76.91691,38.89494],[-76.91671,38.89494],[-76.9168,38.89497],[-76.91692,38.89501],[-76.9171,38.89508],[-76.91727,38.89515],[-76.91742,38.89521],[-76.91761,38.89531],[-76.91778,38.89539],[-76.91778,38.89564],[-76.91761,38.89556],[-76.91748,38.89549],[-76.91741,38.89545],[-76.91727,38.89539],[-76.91712,38.89532],[-76.91709,38.8953],[-76.91692,38.89524],[-76.91656,38.89512],[-76.91641,38.89506],[-76.91641,38.89505],[-76.91597,38.89496],[-76.91575,38.89492],[-76.91572,38.89492],[-76.91569,38.89491],[-76.91556,38.8949],[-76.9154,38.89488],[-76.91519,38.89486],[-76.91504,38.89484],[-76.91504,38.89485],[-76.91504,38.89487],[-76.91504,38.89493],[-76.91504,38.89528],[-76.91504,38.89533],[-76.91504,38.89534],[-76.91503,38.89567],[-76.91503,38.89575],[-76.91504,38.89583],[-76.91504,38.8959],[-76.91504,38.89591],[-76.91504,38.89612],[-76.91504,38.8963],[-76.91504,38.89631],[-76.91504,38.89644],[-76.91504,38.89666],[-76.91504,38.89716],[-76.91514,38.89716],[-76.91574,38.89716],[-76.91678,38.89716],[-76.91724,38.89716],[-76.91778,38.89716],[-76.91778,38.89724],[-76.91778,38.89731],[-76.91778,38.89757],[-76.91778,38.89758],[-76.91778,38.89765],[-76.91778,38.89785],[-76.91778,38.89793],[-76.91767,38.89793],[-76.91751,38.89794],[-76.9172,38.89794],[-76.91682,38.89794],[-76.91643,38.89794],[-76.91616,38.89794],[-76.91614,38.89794],[-76.91613,38.89794],[-76.91611,38.89795],[-76.91609,38.89795],[-76.91608,38.89795],[-76.91606,38.89795],[-76.91605,38.89796],[-76.91603,38.89796],[-76.91601,38.89797],[-76.91599,38.89797],[-76.91593,38.89799],[-76.91577,38.89812],[-76.916,38.8983],[-76.91703,38.8991],[-76.91798,38.89985],[-76.91881,38.9005],[-76.92063,38.90192],[-76.92079,38.90205],[-76.92095,38.90193],[-76.92103,38.90186],[-76.92104,38.90186],[-76.92116,38.90176],[-76.92128,38.90167],[-76.92158,38.90143],[-76.92178,38.90128],[-76.92183,38.90132],[-76.92205,38.90149],[-76.92212,38.90144],[-76.92219,38.90139],[-76.92226,38.90133],[-76.92229,38.90131],[-76.9223,38.9013],[-76.92231,38.90129],[-76.92232,38.90129],[-76.92243,38.90137],[-76.92245,38.90139],[-76.92248,38.90141],[-76.92249,38.90142],[-76.92255,38.90146],[-76.92262,38.90152],[-76.92269,38.90158],[-76.9227,38.90158],[-76.92279,38.90166],[-76.92271,38.90172],[-76.92277,38.90188],[-76.92278,38.9019],[-76.92278,38.90191],[-76.92278,38.90192],[-76.92301,38.90196],[-76.92301,38.90197],[-76.92321,38.90201],[-76.92353,38.90208],[-76.92373,38.90212],[-76.92374,38.90212],[-76.92387,38.90215],[-76.92414,38.90221],[-76.92415,38.90221],[-76.92415,38.90222],[-76.92426,38.90224],[-76.92425,38.90229],[-76.92419,38.90246],[-76.92408,38.90276],[-76.92407,38.90277],[-76.92403,38.90289],[-76.92415,38.90289],[-76.92435,38.90288],[-76.92461,38.90286],[-76.9247,38.90285],[-76.92475,38.90284],[-76.92482,38.90284],[-76.92504,38.90283],[-76.92515,38.90282],[-76.92528,38.90282],[-76.92525,38.90291],[-76.92524,38.90291],[-76.92518,38.90311],[-76.92512,38.90328],[-76.925,38.9036],[-76.92499,38.90365],[-76.92496,38.90376],[-76.92514,38.90373],[-76.92515,38.90373],[-76.9252,38.90372],[-76.92521,38.90372],[-76.92524,38.90384],[-76.92532,38.90413],[-76.92533,38.90414],[-76.92533,38.90416],[-76.9253,38.90417],[-76.92524,38.90418],[-76.92521,38.90418],[-76.9252,38.90419],[-76.92516,38.90419],[-76.92516,38.90467],[-76.92518,38.90467],[-76.92534,38.90467],[-76.92534,38.90468],[-76.92534,38.90475],[-76.92534,38.90476],[-76.92534,38.90477],[-76.92534,38.90478],[-76.92535,38.90479],[-76.92535,38.9048],[-76.92536,38.90481],[-76.92537,38.90481],[-76.92538,38.90483],[-76.92541,38.90485],[-76.92546,38.90489],[-76.92549,38.90491],[-76.92551,38.90493],[-76.92552,38.90493],[-76.92558,38.90498],[-76.92563,38.90502],[-76.92569,38.90506],[-76.92569,38.90507],[-76.9257,38.90507],[-76.92571,38.90508],[-76.92579,38.90508],[-76.92579,38.9051],[-76.92579,38.90518],[-76.9258,38.90521],[-76.92582,38.90524],[-76.92572,38.90532],[-76.92557,38.90543],[-76.92549,38.90549],[-76.92534,38.90561],[-76.92593,38.90607],[-76.92597,38.9061],[-76.92628,38.90635],[-76.92662,38.90661],[-76.92677,38.90649],[-76.92684,38.90644],[-76.92712,38.90622],[-76.92714,38.90621],[-76.9277,38.90664],[-76.92804,38.90664],[-76.9281,38.90665],[-76.92811,38.90662],[-76.92816,38.90651],[-76.92848,38.90651],[-76.92859,38.90651],[-76.92859,38.90662],[-76.92859,38.90674],[-76.92859,38.90675],[-76.92859,38.90678],[-76.92859,38.90679],[-76.92912,38.90679],[-76.92964,38.90679],[-76.93015,38.90679],[-76.93066,38.90679],[-76.93114,38.90679],[-76.93114,38.90678],[-76.93114,38.90652],[-76.93114,38.90651],[-76.93114,38.9065],[-76.93115,38.9065],[-76.93117,38.9065],[-76.93125,38.9065],[-76.93135,38.9065],[-76.93135,38.90646],[-76.93135,38.90645],[-76.93135,38.90621],[-76.93135,38.90617],[-76.93135,38.90616],[-76.93135,38.90608],[-76.93153,38.90608],[-76.93155,38.90608],[-76.93167,38.90608],[-76.93167,38.90615],[-76.93167,38.90616],[-76.93167,38.90617],[-76.93167,38.90625],[-76.93167,38.90626],[-76.93167,38.9063],[-76.93167,38.9065],[-76.93167,38.90651],[-76.93167,38.90654],[-76.93167,38.9073],[-76.93167,38.90731],[-76.93182,38.90731],[-76.93262,38.90731],[-76.93262,38.90735],[-76.9336,38.90735],[-76.93375,38.90735],[-76.93375,38.90727],[-76.93375,38.90722],[-76.93384,38.90722],[-76.93385,38.90722],[-76.93386,38.90722],[-76.934,38.90721],[-76.93402,38.90721],[-76.93423,38.90721],[-76.93429,38.90721],[-76.93476,38.90721],[-76.93476,38.90665],[-76.93484,38.90665],[-76.93485,38.90665],[-76.93503,38.90665],[-76.93511,38.90665],[-76.93517,38.9066],[-76.93528,38.90652],[-76.93562,38.90625],[-76.93563,38.90625],[-76.93567,38.90621],[-76.93568,38.90621],[-76.93584,38.90608],[-76.93595,38.90608],[-76.93598,38.90607],[-76.93634,38.90608],[-76.93645,38.90608],[-76.93651,38.90608],[-76.93668,38.90608],[-76.93686,38.90608],[-76.93687,38.90608],[-76.93688,38.90608],[-76.93696,38.90608],[-76.93702,38.90608],[-76.93705,38.90608],[-76.93706,38.90608],[-76.93726,38.90608],[-76.93731,38.90609],[-76.93768,38.90612],[-76.93771,38.90609],[-76.93774,38.90606],[-76.93801,38.90585],[-76.93836,38.90558],[-76.9386,38.9054],[-76.93861,38.90539],[-76.93864,38.90537],[-76.93866,38.90535],[-76.93868,38.90534],[-76.939,38.90509],[-76.93948,38.90471],[-76.9399,38.90439],[-76.94046,38.90395],[-76.94081,38.90368],[-76.94114,38.90341],[-76.94153,38.90311],[-76.94169,38.90298],[-76.94151,38.90297],[-76.94123,38.90295],[-76.94118,38.90295],[-76.94107,38.90294],[-76.94104,38.90294],[-76.94103,38.90294],[-76.94096,38.90293],[-76.94095,38.90293],[-76.94093,38.90293],[-76.94088,38.90293],[-76.94082,38.90292],[-76.94078,38.90292],[-76.94077,38.90292],[-76.94076,38.90292],[-76.94045,38.90289],[-76.94036,38.90288],[-76.94027,38.90288],[-76.94026,38.90296],[-76.94025,38.90298],[-76.94025,38.903],[-76.94022,38.90323],[-76.94015,38.90323],[-76.94006,38.90322],[-76.94004,38.90322],[-76.93998,38.90321],[-76.93996,38.90321],[-76.93989,38.90321],[-76.93987,38.90321],[-76.9398,38.9032],[-76.93978,38.9032],[-76.93971,38.90319],[-76.93969,38.90319],[-76.93963,38.90319],[-76.93961,38.90318],[-76.93954,38.90318],[-76.93949,38.90317],[-76.93947,38.90323],[-76.93946,38.90326],[-76.93942,38.90325],[-76.9394,38.90325],[-76.9393,38.90323],[-76.93913,38.90321],[-76.93907,38.9032],[-76.93899,38.90319],[-76.93899,38.90318],[-76.93891,38.90317],[-76.93882,38.90316],[-76.93874,38.90314],[-76.93866,38.90313],[-76.9383,38.90307],[-76.9383,38.90306],[-76.9383,38.90305],[-76.93827,38.90305],[-76.93826,38.90305],[-76.93822,38.90305],[-76.93819,38.90305],[-76.93783,38.90306],[-76.93775,38.90306],[-76.93661,38.90309],[-76.93659,38.90316],[-76.93648,38.90316],[-76.93638,38.90316],[-76.93628,38.90316],[-76.93621,38.90316],[-76.93615,38.90316],[-76.93612,38.90316],[-76.93611,38.90316],[-76.93609,38.90316],[-76.93609,38.90317],[-76.93607,38.90322],[-76.93607,38.90323],[-76.93604,38.90323],[-76.93601,38.90323],[-76.93594,38.90323],[-76.93583,38.90324],[-76.93582,38.90324],[-76.93573,38.90324],[-76.93567,38.90324],[-76.93561,38.90325],[-76.9355,38.90325],[-76.93538,38.90325],[-76.93526,38.90326],[-76.93514,38.90326],[-76.93495,38.90327],[-76.93483,38.90328],[-76.93478,38.90328],[-76.93471,38.90328],[-76.93464,38.90328],[-76.93458,38.90329],[-76.93456,38.90329],[-76.93452,38.90329],[-76.93451,38.90329],[-76.93448,38.90329],[-76.93446,38.90329],[-76.93445,38.90329],[-76.9344,38.90329],[-76.93438,38.90329],[-76.93431,38.90329],[-76.9342,38.9033],[-76.93409,38.9033],[-76.93387,38.90331],[-76.93384,38.90331],[-76.93379,38.90332],[-76.93376,38.90332],[-76.93376,38.90308],[-76.93376,38.903],[-76.93377,38.90291],[-76.93376,38.90282],[-76.93376,38.90273],[-76.93376,38.90267],[-76.93376,38.90261],[-76.93376,38.90258],[-76.93376,38.90255],[-76.93386,38.90255],[-76.93392,38.90255],[-76.93424,38.90255],[-76.93424,38.90251],[-76.93427,38.90251],[-76.9343,38.90251],[-76.93451,38.90251],[-76.93461,38.90251],[-76.9347,38.90251],[-76.9347,38.90244],[-76.93479,38.90244],[-76.93486,38.90243],[-76.93505,38.90242],[-76.93516,38.90242],[-76.93519,38.90241],[-76.93521,38.90241],[-76.93522,38.90241],[-76.93525,38.90241],[-76.93531,38.90241],[-76.93537,38.90241],[-76.93538,38.90241],[-76.93542,38.90241],[-76.93554,38.9024],[-76.93563,38.9024],[-76.93564,38.9024],[-76.93572,38.9024],[-76.93588,38.90239],[-76.93595,38.90239],[-76.93607,38.90238],[-76.93608,38.90238],[-76.93623,38.90237],[-76.9363,38.90237],[-76.93648,38.90236],[-76.93658,38.90235],[-76.93669,38.90235],[-76.9371,38.90234],[-76.93713,38.90234],[-76.93721,38.90234],[-76.9375,38.90234],[-76.93759,38.90233],[-76.93759,38.90236],[-76.93759,38.90244],[-76.93768,38.90244],[-76.93803,38.90244],[-76.93806,38.90244],[-76.93806,38.90227],[-76.93806,38.90219],[-76.93806,38.90211],[-76.93842,38.90211],[-76.93857,38.90211],[-76.93856,38.90214],[-76.93854,38.90234],[-76.93903,38.90238],[-76.93919,38.9024],[-76.93919,38.90241],[-76.93926,38.90242],[-76.93969,38.90244],[-76.93979,38.90245],[-76.9398,38.90245],[-76.94003,38.90247],[-76.94013,38.90248],[-76.94028,38.90249],[-76.94036,38.90249],[-76.94036,38.90232],[-76.94037,38.90195],[-76.94038,38.90188],[-76.94039,38.90163],[-76.94039,38.90158],[-76.9404,38.90154],[-76.9404,38.9015],[-76.9404,38.90139],[-76.9404,38.90137],[-76.9404,38.90134],[-76.9404,38.90125],[-76.94031,38.90122],[-76.94031,38.90121],[-76.94025,38.90119],[-76.94005,38.90111],[-76.94003,38.9011],[-76.93989,38.90104],[-76.9398,38.90101],[-76.93971,38.90097],[-76.93958,38.90092],[-76.93953,38.9009],[-76.93935,38.90083],[-76.93929,38.9008],[-76.93919,38.90076],[-76.93919,38.90075],[-76.93919,38.90071],[-76.93919,38.90067],[-76.93919,38.90057],[-76.93907,38.90051],[-76.93896,38.90047],[-76.93844,38.90026],[-76.93835,38.90022],[-76.93811,38.90013],[-76.93775,38.89998],[-76.93754,38.89989],[-76.93753,38.89989],[-76.9375,38.89988],[-76.93736,38.89982],[-76.93722,38.89976],[-76.93719,38.89975],[-76.93718,38.89975],[-76.93716,38.89974],[-76.93715,38.89973],[-76.93705,38.8997],[-76.93699,38.89968],[-76.93698,38.89968],[-76.93686,38.89963],[-76.9368,38.89962],[-76.93674,38.8996],[-76.93667,38.89957],[-76.93656,38.89954],[-76.9365,38.89953],[-76.93645,38.89951],[-76.93642,38.8995],[-76.93638,38.89949],[-76.93633,38.89947],[-76.93632,38.89947],[-76.93626,38.89946],[-76.9362,38.89944],[-76.93614,38.89943],[-76.93606,38.89941],[-76.93601,38.89939],[-76.936,38.89939],[-76.93594,38.89938],[-76.93587,38.89936],[-76.93581,38.89935],[-76.93574,38.89933],[-76.93567,38.89932],[-76.93558,38.8993],[-76.93553,38.89929],[-76.93547,38.89928],[-76.93546,38.89928],[-76.93538,38.89926],[-76.93528,38.89924],[-76.9352,38.89923],[-76.93442,38.89909],[-76.93432,38.89908],[-76.93425,38.89907],[-76.93425,38.89906],[-76.93417,38.89905],[-76.93414,38.89905],[-76.93404,38.89903],[-76.93388,38.899],[-76.93382,38.89899],[-76.93376,38.89898],[-76.93376,38.89908],[-76.93376,38.89917],[-76.93376,38.89918],[-76.93376,38.89919],[-76.93376,38.89923],[-76.93376,38.89928],[-76.93376,38.89933],[-76.93376,38.89934],[-76.93366,38.89935],[-76.9336,38.89935],[-76.93359,38.89935],[-76.93344,38.89937],[-76.93338,38.89937],[-76.93334,38.89937],[-76.93224,38.89918],[-76.93218,38.89919],[-76.93212,38.89918],[-76.9321,38.89917],[-76.93183,38.89913],[-76.93167,38.8991],[-76.93167,38.89909],[-76.93167,38.89899],[-76.93151,38.89899],[-76.93116,38.89899],[-76.93114,38.89899],[-76.93113,38.89899],[-76.93113,38.89895],[-76.93114,38.89885],[-76.93111,38.89885],[-76.93104,38.89885],[-76.93097,38.89885],[-76.9309,38.89885],[-76.93083,38.89885],[-76.93076,38.89885],[-76.93067,38.89885],[-76.93067,38.89883],[-76.93058,38.89883],[-76.93042,38.89883],[-76.93019,38.89883],[-76.93018,38.89883],[-76.93016,38.89883],[-76.93015,38.89884],[-76.93005,38.89933],[-76.93019,38.89959],[-76.93024,38.89972],[-76.93031,38.89972],[-76.93067,38.8997],[-76.93088,38.89968],[-76.93115,38.89964],[-76.93115,38.89994],[-76.93115,38.90106],[-76.93108,38.90106],[-76.93109,38.90108],[-76.93128,38.9014],[-76.93134,38.90149],[-76.93167,38.90149],[-76.93167,38.90156],[-76.93167,38.90157],[-76.93167,38.90158],[-76.93167,38.90159],[-76.93167,38.90186],[-76.93167,38.9019],[-76.93167,38.90217],[-76.93167,38.90259],[-76.93167,38.90275],[-76.93167,38.90294],[-76.93167,38.90305],[-76.93154,38.90308],[-76.93149,38.90309],[-76.93135,38.90312],[-76.93122,38.90316],[-76.93113,38.90319],[-76.9311,38.9032],[-76.93109,38.9032],[-76.93096,38.90324],[-76.93078,38.9033],[-76.93074,38.90332],[-76.93073,38.90332],[-76.9307,38.90333],[-76.93068,38.90334],[-76.93066,38.90334],[-76.93063,38.90335],[-76.93058,38.90337],[-76.93053,38.90338],[-76.93052,38.90338],[-76.9305,38.90339],[-76.93042,38.90341],[-76.93032,38.90343],[-76.93021,38.90345],[-76.93011,38.90347],[-76.93002,38.90349],[-76.92993,38.9035],[-76.92984,38.90351],[-76.92975,38.90352],[-76.92964,38.90353],[-76.92963,38.90353],[-76.92954,38.90354],[-76.92943,38.90354],[-76.92937,38.90354],[-76.92933,38.90354],[-76.92922,38.90354],[-76.92912,38.90354],[-76.92903,38.90353],[-76.92895,38.90353],[-76.92886,38.90353],[-76.92878,38.90353],[-76.92877,38.90353],[-76.92872,38.90352],[-76.9286,38.90352],[-76.92859,38.90352],[-76.92856,38.90352],[-76.92856,38.90351],[-76.92856,38.90346],[-76.92856,38.90345],[-76.92856,38.9034],[-76.92856,38.90312],[-76.92857,38.90307],[-76.92857,38.90302],[-76.92857,38.90277],[-76.92857,38.90275],[-76.92857,38.90266],[-76.92857,38.90259],[-76.92857,38.90257],[-76.92857,38.9023],[-76.92857,38.90227],[-76.92858,38.90227],[-76.92859,38.90227],[-76.92859,38.90217],[-76.92859,38.90216],[-76.92859,38.90214],[-76.92859,38.90205],[-76.92859,38.90199],[-76.92859,38.90195],[-76.92859,38.90193],[-76.92859,38.90192],[-76.92859,38.90184],[-76.92859,38.90183],[-76.92859,38.90149],[-76.92858,38.90148],[-76.92858,38.90147],[-76.92858,38.90144],[-76.9286,38.90144],[-76.9286,38.90131],[-76.9286,38.90122],[-76.92861,38.90093],[-76.92861,38.90089],[-76.92861,38.90086],[-76.92861,38.90084],[-76.92861,38.90082],[-76.92861,38.90081],[-76.9286,38.90081],[-76.92853,38.9008],[-76.9285,38.90079],[-76.92851,38.90078],[-76.92852,38.90076],[-76.92852,38.90074],[-76.92852,38.90072],[-76.92853,38.9007],[-76.92853,38.90069],[-76.92853,38.90067],[-76.92853,38.9003],[-76.92853,38.90009],[-76.92853,38.89999],[-76.92853,38.89998],[-76.92853,38.89991],[-76.92852,38.8999],[-76.92849,38.8999],[-76.92844,38.89989],[-76.92835,38.89986],[-76.92831,38.89985],[-76.92821,38.89982],[-76.92817,38.89981],[-76.92804,38.89978],[-76.92781,38.89975],[-76.92779,38.89975],[-76.9277,38.89975],[-76.92759,38.89975],[-76.92758,38.89975],[-76.92752,38.89975],[-76.92746,38.89975],[-76.92718,38.89975],[-76.9271,38.89975],[-76.92688,38.89975],[-76.92675,38.89975],[-76.92664,38.89975],[-76.92659,38.89975],[-76.92658,38.89975],[-76.92652,38.89975],[-76.92627,38.89975],[-76.92597,38.89975],[-76.92586,38.89975],[-76.92583,38.89975],[-76.9258,38.89975],[-76.92576,38.89975],[-76.92539,38.89975],[-76.92527,38.89975],[-76.92515,38.89975],[-76.92519,38.89964],[-76.92523,38.89951],[-76.92527,38.8994],[-76.9253,38.89932],[-76.92533,38.89925],[-76.92542,38.899],[-76.92551,38.89875],[-76.92561,38.89852],[-76.92561,38.8985],[-76.92562,38.89849],[-76.92563,38.89846],[-76.92567,38.89836],[-76.92555,38.89836],[-76.92547,38.89836],[-76.92524,38.89836],[-76.92516,38.89835],[-76.92515,38.89835],[-76.92516,38.89822],[-76.92516,38.89794],[-76.92523,38.89794],[-76.92528,38.89794],[-76.92528,38.89792],[-76.92528,38.89783],[-76.92528,38.89782],[-76.92528,38.89781],[-76.92528,38.8978],[-76.92528,38.89779],[-76.92528,38.89778],[-76.92528,38.89777],[-76.92528,38.89776],[-76.92528,38.89775],[-76.92528,38.89774],[-76.92528,38.89772],[-76.92528,38.89761],[-76.92528,38.8976],[-76.92524,38.8976],[-76.92524,38.89727],[-76.92524,38.89713],[-76.92525,38.89713],[-76.92526,38.89713],[-76.92526,38.89714],[-76.92527,38.89714],[-76.92528,38.89714],[-76.92529,38.89714],[-76.9253,38.89714],[-76.92531,38.89714],[-76.92532,38.89714],[-76.92533,38.89714],[-76.92543,38.89715],[-76.92562,38.89715],[-76.92583,38.89715],[-76.92594,38.89715],[-76.92597,38.89715],[-76.92599,38.89716],[-76.92604,38.89716],[-76.92609,38.89718],[-76.92611,38.89711],[-76.92612,38.89708],[-76.92614,38.89703],[-76.92616,38.89698],[-76.92616,38.89696],[-76.92618,38.89691],[-76.9262,38.89686],[-76.92621,38.89682],[-76.92624,38.89675],[-76.92625,38.8967],[-76.92628,38.89662],[-76.92629,38.89659],[-76.9263,38.89656],[-76.92631,38.89652],[-76.92632,38.89651],[-76.92634,38.89644],[-76.92638,38.89646],[-76.92639,38.89646],[-76.92641,38.89647],[-76.92642,38.89647],[-76.92644,38.89648],[-76.92645,38.89648],[-76.92646,38.89648],[-76.92646,38.89649],[-76.92648,38.89649],[-76.92649,38.8965],[-76.9265,38.8965],[-76.92654,38.89651],[-76.92655,38.89651],[-76.92656,38.89652],[-76.92658,38.89652],[-76.92658,38.89653],[-76.92662,38.89654],[-76.92666,38.89655],[-76.9267,38.89656],[-76.92671,38.89657],[-76.92674,38.89658],[-76.92675,38.89658],[-76.92677,38.89653],[-76.92679,38.8965],[-76.9268,38.89649],[-76.92682,38.89645],[-76.92682,38.89644],[-76.92687,38.89636],[-76.92689,38.89631],[-76.92693,38.89623],[-76.92696,38.89616],[-76.92698,38.89608],[-76.92699,38.89606],[-76.92699,38.89604],[-76.92701,38.89597],[-76.92703,38.89591],[-76.92703,38.89589],[-76.92704,38.89587],[-76.92705,38.89581],[-76.92706,38.89579],[-76.92707,38.89575],[-76.92708,38.89572],[-76.9271,38.89564],[-76.92712,38.89557],[-76.92714,38.89548],[-76.92716,38.89541],[-76.92718,38.89534],[-76.92719,38.89532],[-76.9272,38.89527],[-76.92722,38.89519],[-76.92723,38.89516],[-76.92724,38.89512],[-76.92727,38.89504],[-76.9273,38.89494],[-76.9273,38.89493],[-76.92731,38.89491],[-76.92733,38.89484],[-76.92736,38.89475],[-76.92736,38.89474],[-76.9274,38.89464],[-76.92741,38.89462],[-76.92743,38.89457],[-76.92746,38.89457],[-76.9275,38.89458],[-76.92751,38.89459],[-76.92752,38.89459],[-76.92755,38.8945],[-76.92757,38.89444],[-76.92762,38.89434],[-76.92763,38.89429],[-76.92766,38.89422],[-76.9277,38.89413],[-76.92773,38.89405],[-76.92775,38.89401],[-76.92775,38.894],[-76.9278,38.89388],[-76.92781,38.89385],[-76.92784,38.89376],[-76.92786,38.89373],[-76.92786,38.89371],[-76.92789,38.89363],[-76.9279,38.89362],[-76.92796,38.89346],[-76.92797,38.89346],[-76.92797,38.89345],[-76.92797,38.89344],[-76.92798,38.89343],[-76.92798,38.89342],[-76.92799,38.89341],[-76.92799,38.8934],[-76.92799,38.89339],[-76.928,38.89339],[-76.928,38.89338],[-76.92801,38.89337],[-76.92802,38.89336],[-76.92802,38.89335],[-76.92803,38.89335],[-76.92803,38.89334],[-76.92804,38.89334],[-76.92805,38.89333],[-76.92805,38.89332],[-76.92806,38.89332],[-76.92806,38.89331],[-76.92807,38.89331],[-76.92807,38.8933],[-76.92808,38.8933],[-76.92808,38.89329],[-76.92809,38.89328],[-76.9281,38.89327],[-76.9281,38.89326],[-76.92811,38.89325],[-76.92811,38.89324],[-76.92812,38.89324],[-76.92812,38.89322],[-76.92813,38.89321],[-76.92813,38.8932],[-76.92814,38.89319],[-76.92814,38.89318],[-76.92814,38.89317],[-76.92815,38.89317],[-76.92815,38.89316],[-76.92815,38.89315],[-76.92815,38.89314],[-76.92816,38.89314],[-76.92816,38.89313],[-76.92816,38.89311],[-76.92817,38.89311],[-76.92817,38.8931],[-76.92817,38.89308],[-76.92818,38.89308],[-76.92818,38.89307],[-76.92818,38.89306],[-76.92819,38.89304],[-76.92819,38.89303],[-76.9282,38.89301],[-76.9282,38.89299],[-76.92821,38.89296],[-76.92821,38.89295],[-76.92822,38.89293],[-76.92823,38.89291],[-76.92824,38.89285],[-76.92825,38.89282],[-76.92826,38.8928],[-76.92827,38.89274],[-76.92828,38.89273],[-76.92829,38.89269],[-76.9283,38.89266],[-76.92831,38.89263],[-76.92832,38.89258],[-76.92833,38.89254],[-76.92834,38.89252],[-76.92835,38.89247],[-76.92836,38.89245],[-76.92837,38.89241],[-76.92839,38.89236],[-76.92842,38.89226],[-76.92843,38.8922],[-76.92843,38.89219],[-76.92847,38.89204],[-76.92854,38.89205],[-76.92857,38.89206],[-76.92872,38.89207],[-76.9288,38.89209],[-76.92895,38.8921],[-76.92917,38.89214],[-76.92918,38.89214],[-76.92928,38.89215],[-76.92938,38.89217],[-76.9294,38.89217],[-76.9296,38.89219],[-76.92966,38.8922],[-76.92972,38.8922],[-76.92973,38.8922],[-76.92978,38.89221],[-76.92983,38.89221],[-76.92989,38.89222],[-76.92994,38.89222],[-76.92995,38.89222],[-76.92996,38.89222],[-76.92998,38.89223],[-76.93001,38.89223],[-76.93005,38.89224],[-76.93006,38.89224],[-76.93007,38.89224],[-76.93012,38.89225],[-76.93014,38.89225],[-76.93016,38.89225],[-76.93018,38.89225],[-76.93025,38.89227],[-76.93037,38.89228],[-76.93042,38.89229],[-76.93046,38.89229],[-76.93046,38.8923],[-76.93046,38.89231],[-76.93046,38.89232],[-76.93046,38.89233],[-76.93045,38.89235],[-76.93045,38.89237],[-76.93044,38.89239],[-76.9304,38.89261],[-76.93042,38.89262],[-76.93043,38.89262],[-76.93048,38.89262],[-76.93048,38.89263],[-76.93048,38.89266],[-76.93047,38.89267],[-76.93047,38.89268],[-76.93046,38.89272],[-76.93046,38.89274],[-76.93045,38.89278],[-76.93045,38.89281],[-76.93044,38.89281],[-76.93044,38.89284],[-76.93043,38.89287],[-76.93042,38.89291],[-76.93042,38.89294],[-76.93041,38.89297],[-76.9304,38.893],[-76.9304,38.89301],[-76.93039,38.89305],[-76.93039,38.89306],[-76.93039,38.89307],[-76.93039,38.89308],[-76.93039,38.89315],[-76.93038,38.89322],[-76.93038,38.89329],[-76.93038,38.89336],[-76.93038,38.89343],[-76.93037,38.8935],[-76.93037,38.89357],[-76.93037,38.89363],[-76.93037,38.89364],[-76.93037,38.89366],[-76.93037,38.89367],[-76.93037,38.8937],[-76.93037,38.89371],[-76.93036,38.89384],[-76.93036,38.89385],[-76.93035,38.89398],[-76.93035,38.89399],[-76.93035,38.8941],[-76.93035,38.89412],[-76.93034,38.89426],[-76.93034,38.8944],[-76.93033,38.89454],[-76.93032,38.89479],[-76.93032,38.89486],[-76.93032,38.89496],[-76.93031,38.89507],[-76.93073,38.89508],[-76.93076,38.89508],[-76.93076,38.8951],[-76.93071,38.89526],[-76.93068,38.89552],[-76.93068,38.89554],[-76.93067,38.89554],[-76.93065,38.89561],[-76.93065,38.89562],[-76.93065,38.89565],[-76.93065,38.89567],[-76.93064,38.89569],[-76.93064,38.8957],[-76.93064,38.89571],[-76.93064,38.89573],[-76.93064,38.89574],[-76.93063,38.89576],[-76.93063,38.89577],[-76.93063,38.89578],[-76.93063,38.89579],[-76.93063,38.8958],[-76.93063,38.89581],[-76.93063,38.89582],[-76.93062,38.89584],[-76.93062,38.89585],[-76.93062,38.89587],[-76.93062,38.89588],[-76.93062,38.8959],[-76.93062,38.89592],[-76.93062,38.89593],[-76.93063,38.89594],[-76.93064,38.89595],[-76.93064,38.89598],[-76.93063,38.89623],[-76.93062,38.89635],[-76.9306,38.8966],[-76.93057,38.8966],[-76.93054,38.8966],[-76.93052,38.8966],[-76.9305,38.89672],[-76.93049,38.8968],[-76.93047,38.89697],[-76.93046,38.89705],[-76.93047,38.89705],[-76.93045,38.89711],[-76.93039,38.89743],[-76.93046,38.89743],[-76.93034,38.89793],[-76.93039,38.89793],[-76.93184,38.89793],[-76.93181,38.89799],[-76.93179,38.89802],[-76.93178,38.89804],[-76.93177,38.89807],[-76.93176,38.8981],[-76.93175,38.89811],[-76.93175,38.89812],[-76.93174,38.89815],[-76.93173,38.89818],[-76.93172,38.89821],[-76.93171,38.89823],[-76.9317,38.89826],[-76.9317,38.89828],[-76.93169,38.89831],[-76.93169,38.89833],[-76.93168,38.89834],[-76.93168,38.89835],[-76.93168,38.89837],[-76.93168,38.89839],[-76.93168,38.89842],[-76.93167,38.89844],[-76.93167,38.89846],[-76.93167,38.89848],[-76.93166,38.89862],[-76.93174,38.89863],[-76.93189,38.89865],[-76.93214,38.8987],[-76.93221,38.89871],[-76.93243,38.89875],[-76.93283,38.89882],[-76.93337,38.89892],[-76.93362,38.89896],[-76.93374,38.89898],[-76.93375,38.89898],[-76.93375,38.89834],[-76.93448,38.89834],[-76.93502,38.89834],[-76.93528,38.89834],[-76.93582,38.89834],[-76.93582,38.89851],[-76.93582,38.89873],[-76.93582,38.89875],[-76.93528,38.89875],[-76.93502,38.89875],[-76.93475,38.89875],[-76.93475,38.89877],[-76.93475,38.89899],[-76.93475,38.89906],[-76.93659,38.89906],[-76.93659,38.89914],[-76.93659,38.89927],[-76.93659,38.89937],[-76.93671,38.89937],[-76.93674,38.89937],[-76.93675,38.89937],[-76.9368,38.89937],[-76.93683,38.89937],[-76.9369,38.89937],[-76.93693,38.89937],[-76.93699,38.89937],[-76.93702,38.89937],[-76.93709,38.89937],[-76.93711,38.89937],[-76.93718,38.89937],[-76.93719,38.89937],[-76.93719,38.89938],[-76.93719,38.8994],[-76.93718,38.8995],[-76.93718,38.89962],[-76.93719,38.89962],[-76.93719,38.89967],[-76.93719,38.89971],[-76.93719,38.89975],[-76.93842,38.89975],[-76.93843,38.89975],[-76.93842,38.89985],[-76.93842,38.90013],[-76.93842,38.90016],[-76.93919,38.90015],[-76.93934,38.90015],[-76.93976,38.90015],[-76.93978,38.90015],[-76.93982,38.90015],[-76.94029,38.90015]],[[-76.92594,38.88921],[-76.92594,38.88922],[-76.92595,38.88926],[-76.92596,38.88931],[-76.92597,38.88936],[-76.92598,38.88937],[-76.92598,38.88939],[-76.92599,38.8894],[-76.92599,38.88942],[-76.92599,38.88943],[-76.92599,38.88944],[-76.926,38.88945],[-76.926,38.88947],[-76.926,38.88948],[-76.92601,38.88949],[-76.92601,38.8895],[-76.92601,38.88951],[-76.92602,38.88952],[-76.92602,38.88953],[-76.92602,38.88954],[-76.92602,38.88955],[-76.92603,38.88955],[-76.92603,38.88956],[-76.92603,38.88957],[-76.92603,38.88958],[-76.92603,38.88959],[-76.92604,38.88959],[-76.92604,38.8896],[-76.92604,38.88961],[-76.92604,38.88962],[-76.92604,38.88963],[-76.92605,38.88964],[-76.92605,38.88965],[-76.92605,38.88966],[-76.92605,38.88967],[-76.92606,38.88977],[-76.92578,38.88977],[-76.92577,38.88977],[-76.92565,38.88976],[-76.92561,38.88976],[-76.92552,38.88976],[-76.92546,38.88976],[-76.9254,38.88976],[-76.92532,38.88976],[-76.92529,38.88976],[-76.92522,38.88976],[-76.92517,38.88976],[-76.92499,38.88976],[-76.92499,38.88975],[-76.92498,38.8897],[-76.92497,38.88964],[-76.92496,38.88962],[-76.92495,38.88953],[-76.92494,38.88953],[-76.92493,38.88947],[-76.92493,38.88946],[-76.92491,38.8894],[-76.92488,38.88929],[-76.92487,38.88922],[-76.92486,38.88921],[-76.92493,38.88921],[-76.92494,38.88921],[-76.92499,38.88921],[-76.925,38.88921],[-76.92522,38.88921],[-76.9254,38.88921],[-76.9255,38.88921],[-76.92569,38.88921],[-76.92575,38.88921],[-76.92584,38.88921],[-76.92587,38.88921],[-76.92592,38.88921],[-76.92594,38.88921]],[[-76.92585,38.8919],[-76.92582,38.89198],[-76.92581,38.89201],[-76.9258,38.89203],[-76.92579,38.89205],[-76.92576,38.89213],[-76.92574,38.89218],[-76.92573,38.8922],[-76.92573,38.89221],[-76.9257,38.89227],[-76.9257,38.89228],[-76.92568,38.89235],[-76.92565,38.89243],[-76.92563,38.89248],[-76.92562,38.89251],[-76.92562,38.89252],[-76.92559,38.8926],[-76.92556,38.89267],[-76.92556,38.89268],[-76.92553,38.89276],[-76.9255,38.89284],[-76.9255,38.89285],[-76.92549,38.89286],[-76.92548,38.89289],[-76.92548,38.89291],[-76.92545,38.89298],[-76.92543,38.89305],[-76.9254,38.89312],[-76.92538,38.89318],[-76.92538,38.89319],[-76.92535,38.89325],[-76.92533,38.89333],[-76.92532,38.89334],[-76.92532,38.89335],[-76.92531,38.89337],[-76.9253,38.8934],[-76.92529,38.89341],[-76.9253,38.89341],[-76.92535,38.89342],[-76.9254,38.89343],[-76.92541,38.89343],[-76.92551,38.89344],[-76.92562,38.89346],[-76.92563,38.89346],[-76.9257,38.89347],[-76.92583,38.89348],[-76.92586,38.89349],[-76.92596,38.8935],[-76.92598,38.8935],[-76.92599,38.8935],[-76.926,38.89351],[-76.92599,38.89354],[-76.92599,38.89357],[-76.92598,38.89359],[-76.92598,38.8936],[-76.92598,38.89361],[-76.92597,38.89363],[-76.92597,38.89364],[-76.92597,38.89366],[-76.92596,38.89369],[-76.92596,38.89371],[-76.92595,38.89372],[-76.92595,38.89374],[-76.92595,38.89375],[-76.92595,38.89376],[-76.92594,38.89376],[-76.92594,38.8938],[-76.92593,38.89382],[-76.92593,38.89384],[-76.92592,38.89386],[-76.92592,38.89388],[-76.92592,38.89389],[-76.92592,38.8939],[-76.92591,38.89391],[-76.92591,38.89393],[-76.92587,38.89417],[-76.92585,38.89426],[-76.92584,38.89434],[-76.9258,38.89434],[-76.92575,38.89433],[-76.9257,38.89433],[-76.92565,38.89432],[-76.92561,38.89432],[-76.92559,38.89431],[-76.92555,38.89431],[-76.92554,38.89431],[-76.92549,38.8943],[-76.92544,38.8943],[-76.92539,38.89429],[-76.92534,38.89428],[-76.92529,38.89428],[-76.92524,38.89427],[-76.92519,38.89426],[-76.92518,38.89426],[-76.92513,38.89426],[-76.92513,38.89425],[-76.92511,38.89425],[-76.92509,38.89425],[-76.92506,38.89424],[-76.92504,38.89424],[-76.92502,38.89424],[-76.92501,38.89424],[-76.92472,38.89507],[-76.92469,38.89506],[-76.92438,38.89502],[-76.92332,38.89489],[-76.9233,38.89489],[-76.92326,38.89488],[-76.92322,38.89488],[-76.92318,38.89487],[-76.92314,38.89487],[-76.92307,38.89486],[-76.92298,38.89485],[-76.9229,38.89484],[-76.92288,38.89484],[-76.92287,38.89484],[-76.92283,38.89483],[-76.92278,38.89483],[-76.92383,38.89188],[-76.92394,38.89157],[-76.92397,38.8915],[-76.92402,38.8915],[-76.92406,38.89151],[-76.92409,38.89151],[-76.9241,38.89151],[-76.92418,38.89152],[-76.92427,38.89153],[-76.92435,38.89154],[-76.92444,38.89156],[-76.92452,38.89157],[-76.92461,38.89158],[-76.92469,38.89159],[-76.92478,38.8916],[-76.92486,38.89161],[-76.92495,38.89162],[-76.92496,38.89162],[-76.92503,38.89163],[-76.92504,38.89163],[-76.92511,38.89164],[-76.92519,38.89165],[-76.9252,38.89165],[-76.92526,38.89166],[-76.92534,38.89167],[-76.92541,38.89168],[-76.92542,38.89168],[-76.92544,38.89168],[-76.92549,38.89169],[-76.92556,38.8917],[-76.9256,38.8917],[-76.92561,38.8917],[-76.9258,38.89172],[-76.92587,38.89173],[-76.92588,38.89173],[-76.92591,38.89174],[-76.9259,38.89177],[-76.92587,38.89182],[-76.92587,38.89183],[-76.92587,38.89184],[-76.92586,38.89187],[-76.92585,38.8919]]]},"properties":{"zone":"R-2","label":"R-2","desc":"Provide areas predominantly developed with semi-detached houses on moderately-sized lots that also contain some detached dwellings"}},{"type":"Feature","geometry":{"type":"Polygon","coordinates":[[[-76.98247,38.84168],[-76.98214,38.84182],[-76.98159,38.84206],[-76.981,38.84232],[-76.98096,38.84234],[-76.981,38.84244],[-76.981,38.84245],[-76.98042,38.8427],[-76.98065,38.84315],[-76.98076,38.84336],[-76.98082,38.84347],[-76.98103,38.84387],[-76.98104,38.8439],[-76.98129,38.84408],[-76.98131,38.84409],[-76.98188,38.8445],[-76.98255,38.845],[-76.98258,38.84496],[-76.9826,38.84491],[-76.98271,38.84471],[-76.98271,38.8447],[-76.98274,38.84466],[-76.98287,38.84441],[-76.98317,38.84387],[-76.98322,38.84377],[-76.98332,38.8436],[-76.98332,38.84338],[-76.98332,38.84326],[-76.98332,38.84322],[-76.98332,38.84321],[-76.98332,38.84318],[-76.98331,38.84314],[-76.98331,38.84309],[-76.9833,38.84305],[-76.9833,38.84301],[-76.98329,38.84297],[-76.98328,38.84293],[-76.98327,38.84288],[-76.98327,38.84284],[-76.98325,38.84278],[-76.98323,38.84272],[-76.98321,38.84265],[-76.98318,38.84259],[-76.98316,38.84253],[-76.98313,38.84247],[-76.9831,38.84241],[-76.98307,38.84235],[-76.98303,38.84229],[-76.98303,38.84228],[-76.983,38.84223],[-76.98299,38.84222],[-76.98296,38.84218],[-76.98292,38.84212],[-76.98288,38.84207],[-76.98284,38.84201],[-76.9828,38.84196],[-76.98276,38.8419],[-76.98272,38.84184],[-76.98268,38.84179],[-76.98265,38.84173],[-76.98263,38.84171],[-76.98261,38.84168],[-76.98258,38.84163],[-76.98257,38.84163],[-76.98247,38.84168]]]},"properties":{"zone":"R-3","label":"R-3","desc":"Allows for attached rowhouses on small lots and row dwellings mingled with detached, semi-detached, and groupings of three or more row dwellings"}},{"type":"Feature","geometry":{"type":"Polygon","coordinates":[[[-76.98933,38.84415],[-76.98934,38.84417],[-76.9894,38.84437],[-76.98944,38.84452],[-76.9895,38.84451],[-76.98955,38.8445],[-76.98952,38.84435],[-76.98954,38.84419],[-76.98952,38.84414],[-76.98952,38.84412],[-76.98933,38.84415]]]},"properties":{"zone":"R-3","label":"R-3","desc":"Allows for attached rowhouses on small lots and row dwellings mingled with detached, semi-detached, and groupings of three or more row dwellings"}},{"type":"Feature","geometry":{"type":"Polygon","coordinates":[[[-76.9996,38.8441],[-76.9996,38.84414],[-76.9996,38.8443],[-76.9996,38.84436],[-76.9996,38.84437],[-77.00205,38.84438],[-77.00206,38.8441],[-77.00201,38.84391],[-77.00201,38.8439],[-77.00209,38.8439],[-77.0021,38.8439],[-77.00216,38.8439],[-77.00217,38.8439],[-77.00219,38.8439],[-77.0022,38.8439],[-77.00221,38.8439],[-77.00222,38.8439],[-77.00223,38.8439],[-77.00224,38.8439],[-77.00225,38.8439],[-77.00226,38.8439],[-77.00227,38.8439],[-77.00228,38.8439],[-77.0023,38.8439],[-77.00231,38.8439],[-77.00232,38.8439],[-77.00234,38.8439],[-77.00236,38.8439],[-77.00237,38.8439],[-77.00238,38.8439],[-77.00239,38.8439],[-77.0024,38.8439],[-77.00241,38.8439],[-77.00242,38.8439],[-77.00243,38.8439],[-77.00245,38.8439],[-77.00246,38.8439],[-77.00247,38.8439],[-77.00248,38.8439],[-77.00251,38.84389],[-77.00253,38.84389],[-77.00254,38.84389],[-77.00256,38.84389],[-77.00257,38.84389],[-77.0026,38.84389],[-77.00265,38.84388],[-77.00269,38.84388],[-77.00274,38.84387],[-77.00282,38.84386],[-77.0029,38.84385],[-77.00291,38.84385],[-77.00293,38.84384],[-77.003,38.84383],[-77.00307,38.84381],[-77.00308,38.84381],[-77.00316,38.84379],[-77.00324,38.84377],[-77.00325,38.84377],[-77.00333,38.84375],[-77.0034,38.84373],[-77.00341,38.84372],[-77.00349,38.8437],[-77.00351,38.84369],[-77.00357,38.84367],[-77.00365,38.84364],[-77.00372,38.84361],[-77.00373,38.84361],[-77.00377,38.84359],[-77.00381,38.84357],[-77.00382,38.84357],[-77.00388,38.84354],[-77.00396,38.8435],[-77.00403,38.84346],[-77.0041,38.84342],[-77.00415,38.84339],[-77.00417,38.84338],[-77.00424,38.84334],[-77.00431,38.8433],[-77.00437,38.84325],[-77.00443,38.84321],[-77.00446,38.84319],[-77.00448,38.84317],[-77.00451,38.84316],[-77.00455,38.84312],[-77.00456,38.84311],[-77.00462,38.84306],[-77.00466,38.84302],[-77.00468,38.84301],[-77.00474,38.84295],[-77.00477,38.84292],[-77.00479,38.8429],[-77.00484,38.84284],[-77.00487,38.84281],[-77.00489,38.84279],[-77.00494,38.84273],[-77.00495,38.84271],[-77.00498,38.84268],[-77.00499,38.84267],[-77.00503,38.84261],[-77.00508,38.84255],[-77.00512,38.84249],[-77.00516,38.84243],[-77.00521,38.84237],[-77.00525,38.84232],[-77.0053,38.84226],[-77.00535,38.84219],[-77.00534,38.84218],[-77.00533,38.84218],[-77.00538,38.84213],[-77.00551,38.84195],[-77.00555,38.84189],[-77.0056,38.84183],[-77.00564,38.84177],[-77.00569,38.84171],[-77.00573,38.84165],[-77.00578,38.84159],[-77.00582,38.84153],[-77.00587,38.84147],[-77.00591,38.84141],[-77.00595,38.84136],[-77.00603,38.84126],[-77.00608,38.84128],[-77.0061,38.84129],[-77.00611,38.8413],[-77.00613,38.8413],[-77.00614,38.8413],[-77.00616,38.8413],[-77.00617,38.8413],[-77.00618,38.84129],[-77.0062,38.84129],[-77.0062,38.84128],[-77.00621,38.84128],[-77.00622,38.84127],[-77.00623,38.84126],[-77.00633,38.84111],[-77.00645,38.8409],[-77.00656,38.84071],[-77.00658,38.84067],[-77.00661,38.84063],[-77.00663,38.84058],[-77.00665,38.84054],[-77.00667,38.8405],[-77.00669,38.84046],[-77.00669,38.84045],[-77.00671,38.84041],[-77.00672,38.8404],[-77.00672,38.84039],[-77.00673,38.84037],[-77.00675,38.84032],[-77.00677,38.84028],[-77.00679,38.84024],[-77.00681,38.84019],[-77.00682,38.84015],[-77.00684,38.84011],[-77.00685,38.84006],[-77.00687,38.84002],[-77.00688,38.83997],[-77.00689,38.83993],[-77.0069,38.8399],[-77.0069,38.83988],[-77.00691,38.83984],[-77.00695,38.83962],[-77.0071,38.83878],[-77.00693,38.83868],[-77.00648,38.83844],[-77.00657,38.83832],[-77.00624,38.83814],[-77.0062,38.83812],[-77.00619,38.83811],[-77.00603,38.83802],[-77.00603,38.83803],[-77.00593,38.83801],[-77.00589,38.83801],[-77.00578,38.838],[-77.00577,38.838],[-77.00553,38.838],[-77.00552,38.838],[-77.00552,38.83799],[-77.00552,38.83787],[-77.00552,38.8377],[-77.00552,38.83753],[-77.00552,38.83751],[-77.00552,38.8375],[-77.00548,38.8375],[-77.00543,38.8375],[-77.00529,38.8375],[-77.00527,38.8375],[-77.00526,38.8375],[-77.00525,38.8375],[-77.00524,38.8375],[-77.00523,38.8375],[-77.00522,38.8375],[-77.00521,38.8375],[-77.0052,38.8375],[-77.00519,38.8375],[-77.00518,38.8375],[-77.00516,38.8375],[-77.00515,38.8375],[-77.00514,38.8375],[-77.00513,38.8375],[-77.00511,38.8375],[-77.0051,38.8375],[-77.00509,38.8375],[-77.00509,38.83729],[-77.00509,38.83724],[-77.0046,38.8369],[-77.0046,38.83689],[-77.00462,38.83688],[-77.00491,38.83662],[-77.00497,38.83658],[-77.00498,38.83658],[-77.00501,38.8366],[-77.00503,38.83662],[-77.0051,38.83657],[-77.00509,38.83657],[-77.00444,38.83568],[-77.00435,38.83568],[-77.00363,38.83568],[-77.00284,38.83568],[-77.00283,38.83568],[-77.00283,38.83567],[-77.00282,38.83567],[-77.00268,38.83567],[-77.00233,38.83589],[-77.00222,38.83596],[-77.00219,38.83598],[-77.00208,38.83605],[-77.00201,38.83609],[-77.00198,38.83611],[-77.00197,38.83611],[-77.00198,38.83611],[-77.00199,38.83611],[-77.00211,38.83611],[-77.00282,38.83612],[-77.00281,38.83654],[-77.00283,38.83654],[-77.00297,38.83654],[-77.00359,38.83654],[-77.00361,38.83654],[-77.00361,38.83655],[-77.00361,38.83659],[-77.00361,38.83692],[-77.00361,38.83711],[-77.00361,38.83712],[-77.00361,38.83727],[-77.00361,38.83728],[-77.00361,38.83729],[-77.00361,38.83732],[-77.00361,38.83734],[-77.00361,38.83737],[-77.00361,38.83738],[-77.00361,38.8374],[-77.00361,38.83742],[-77.00361,38.83745],[-77.00361,38.83749],[-77.0035,38.83749],[-77.00347,38.83749],[-77.0034,38.83749],[-77.00336,38.83749],[-77.00328,38.83749],[-77.00326,38.83749],[-77.00318,38.83749],[-77.00316,38.83749],[-77.00308,38.83749],[-77.00306,38.83749],[-77.00297,38.83749],[-77.00294,38.83749],[-77.00282,38.83749],[-77.00282,38.83751],[-77.00282,38.83766],[-77.00281,38.83792],[-77.00281,38.83799],[-77.00272,38.83799],[-77.00259,38.83799],[-77.00257,38.83799],[-77.00254,38.83799],[-77.00252,38.83799],[-77.0025,38.83799],[-77.00249,38.83799],[-77.00246,38.83799],[-77.00245,38.83799],[-77.00246,38.838],[-77.00246,38.83801],[-77.00247,38.83801],[-77.00247,38.83802],[-77.00251,38.83807],[-77.00254,38.83811],[-77.00258,38.83816],[-77.00261,38.83821],[-77.00265,38.83826],[-77.00268,38.8383],[-77.0027,38.83832],[-77.00271,38.83835],[-77.00272,38.83824],[-77.00272,38.83811],[-77.00284,38.83824],[-77.00285,38.83826],[-77.00291,38.83831],[-77.00293,38.83834],[-77.00302,38.83844],[-77.0031,38.83853],[-77.00312,38.83854],[-77.00312,38.83855],[-77.00313,38.83856],[-77.00315,38.83858],[-77.00316,38.83859],[-77.00318,38.83861],[-77.00333,38.83879],[-77.00336,38.83883],[-77.00338,38.83885],[-77.00338,38.83886],[-77.00346,38.83894],[-77.00355,38.83905],[-77.00357,38.83907],[-77.00358,38.83909],[-77.00368,38.8392],[-77.00377,38.8393],[-77.00381,38.83936],[-77.00387,38.83943],[-77.00398,38.83955],[-77.00408,38.83966],[-77.00412,38.83971],[-77.00425,38.83986],[-77.00426,38.83987],[-77.00428,38.8399],[-77.00431,38.83993],[-77.00433,38.83996],[-77.00437,38.84],[-77.0044,38.84003],[-77.00442,38.84005],[-77.00442,38.84006],[-77.00443,38.84007],[-77.00444,38.84008],[-77.00446,38.8401],[-77.00438,38.8402],[-77.00431,38.84029],[-77.00427,38.84034],[-77.00421,38.84041],[-77.00416,38.84048],[-77.00407,38.84061],[-77.00393,38.84079],[-77.00385,38.84089],[-77.00364,38.84118],[-77.00356,38.84128],[-77.00354,38.8413],[-77.00351,38.84134],[-77.00346,38.84141],[-77.00307,38.84192],[-77.00306,38.84193],[-77.00306,38.84194],[-77.00304,38.84196],[-77.00303,38.84197],[-77.00302,38.84198],[-77.00301,38.842],[-77.003,38.84201],[-77.00299,38.84202],[-77.00298,38.84204],[-77.00296,38.84206],[-77.00295,38.84207],[-77.00294,38.84208],[-77.00292,38.8421],[-77.00292,38.84211],[-77.00291,38.84212],[-77.00289,38.84214],[-77.00288,38.84215],[-77.00287,38.84215],[-77.00286,38.84217],[-77.00285,38.84218],[-77.00284,38.84219],[-77.00282,38.8422],[-77.0028,38.84222],[-77.00279,38.84223],[-77.00279,38.84224],[-77.00277,38.84225],[-77.00276,38.84226],[-77.00275,38.84227],[-77.00274,38.84227],[-77.00273,38.84228],[-77.00271,38.8423],[-77.00269,38.84231],[-77.00268,38.84232],[-77.00267,38.84233],[-77.00265,38.84234],[-77.00264,38.84235],[-77.00263,38.84235],[-77.0026,38.84237],[-77.00258,38.84238],[-77.00257,38.84239],[-77.00256,38.84239],[-77.00254,38.84241],[-77.00253,38.84241],[-77.00252,38.84242],[-77.00246,38.84245],[-77.00241,38.84248],[-77.00235,38.8425],[-77.00231,38.84252],[-77.00225,38.84254],[-77.0022,38.84256],[-77.00215,38.84258],[-77.0021,38.84259],[-77.00204,38.84261],[-77.00199,38.84262],[-77.00193,38.84264],[-77.00178,38.84267],[-77.00165,38.8427],[-77.00156,38.84272],[-77.00146,38.84275],[-77.00143,38.84275],[-77.00136,38.84277],[-77.0013,38.84278],[-77.00124,38.8428],[-77.00117,38.84281],[-77.00111,38.84283],[-77.00104,38.84284],[-77.00098,38.84286],[-77.00092,38.84287],[-77.00088,38.84288],[-77.00085,38.84289],[-77.00084,38.84289],[-77.00083,38.84289],[-77.00082,38.8429],[-77.00081,38.8429],[-77.00085,38.84301],[-77.00086,38.84304],[-77.0009,38.84315],[-77.00096,38.8433],[-77.00097,38.84333],[-77.00082,38.84336],[-77.00058,38.84342],[-77.00057,38.84342],[-77.00055,38.84343],[-77.00046,38.84345],[-77.00039,38.84348],[-77.00034,38.8435],[-77.00031,38.84352],[-77.00028,38.84354],[-77.00019,38.84358],[-77.00004,38.84366],[-76.99988,38.84375],[-76.99972,38.84384],[-76.99971,38.84384],[-76.99956,38.84393],[-76.99939,38.84403],[-76.99943,38.84403],[-76.99951,38.84403],[-76.99955,38.84403],[-76.9996,38.84403],[-76.9996,38.8441]]]},"properties":{"zone":"R-2","label":"R-2","desc":"Provide areas predominantly developed with semi-detached houses on moderately-sized lots that also contain some detached dwellings"}},{"type":"Feature","geometry":{"type":"Polygon","coordinates":[[[-77.01989,38.87647],[-77.02003,38.87649],[-77.02021,38.87654],[-77.02024,38.87655],[-77.02025,38.87655],[-77.02043,38.87643],[-77.02054,38.87635],[-77.0206,38.87631],[-77.02074,38.87621],[-77.02073,38.8757],[-77.02003,38.8757],[-77.02003,38.8756],[-77.02003,38.87477],[-77.02003,38.87466],[-77.01895,38.87466],[-77.01895,38.87464],[-77.01894,38.87462],[-77.01894,38.87461],[-77.01893,38.8746],[-77.01893,38.87459],[-77.01892,38.87459],[-77.01891,38.87458],[-77.0189,38.87457],[-77.01889,38.87456],[-77.01888,38.87455],[-77.01887,38.87454],[-77.01886,38.87454],[-77.01884,38.87453],[-77.01882,38.87452],[-77.0188,38.87452],[-77.01878,38.87452],[-77.01876,38.87452],[-77.01875,38.87452],[-77.01873,38.87452],[-77.01872,38.87452],[-77.0187,38.87452],[-77.01868,38.87453],[-77.01867,38.87454],[-77.01865,38.87455],[-77.01864,38.87456],[-77.01818,38.87456],[-77.01818,38.87365],[-77.01756,38.87365],[-77.01756,38.87347],[-77.01756,38.87337],[-77.01756,38.87303],[-77.01756,38.87289],[-77.01773,38.87289],[-77.01822,38.87289],[-77.01822,38.87282],[-77.01822,38.87277],[-77.01822,38.87272],[-77.01822,38.87267],[-77.01822,38.87262],[-77.01822,38.87255],[-77.01773,38.87255],[-77.01756,38.87255],[-77.01756,38.87205],[-77.0167,38.87205],[-77.0167,38.87244],[-77.01587,38.87244],[-77.01587,38.87205],[-77.01513,38.87205],[-77.01513,38.87298],[-77.01514,38.87298],[-77.0152,38.87298],[-77.01523,38.87298],[-77.01534,38.87298],[-77.01545,38.87298],[-77.01555,38.87298],[-77.01555,38.87304],[-77.01565,38.87311],[-77.01568,38.87311],[-77.01568,38.87319],[-77.01568,38.87382],[-77.01575,38.87382],[-77.01581,38.87382],[-77.01581,38.87421],[-77.01574,38.87421],[-77.01568,38.87421],[-77.01568,38.87435],[-77.01568,38.87453],[-77.01564,38.87453],[-77.01554,38.87461],[-77.01554,38.8747],[-77.01513,38.8747],[-77.0151,38.8747],[-77.015,38.8747],[-77.01455,38.8747],[-77.01444,38.8747],[-77.01443,38.87484],[-77.01387,38.87647],[-77.01521,38.87647],[-77.01616,38.87647],[-77.0162,38.87647],[-77.01623,38.87647],[-77.01628,38.87647],[-77.01628,38.8763],[-77.01628,38.87601],[-77.01628,38.87559],[-77.01569,38.87559],[-77.01522,38.87559],[-77.01522,38.87526],[-77.01583,38.87526],[-77.01619,38.87526],[-77.01697,38.87526],[-77.01697,38.87472],[-77.01738,38.87472],[-77.01756,38.87472],[-77.01756,38.87522],[-77.01773,38.87522],[-77.01832,38.87522],[-77.01832,38.87523],[-77.01875,38.87523],[-77.01875,38.87479],[-77.01878,38.8748],[-77.01881,38.8748],[-77.01884,38.87479],[-77.01887,38.87478],[-77.0189,38.87477],[-77.01892,38.87475],[-77.01894,38.87473],[-77.01915,38.87473],[-77.01915,38.8755],[-77.01972,38.8755],[-77.01971,38.8756],[-77.01971,38.87582],[-77.0193,38.87582],[-77.01915,38.87582],[-77.01915,38.87581],[-77.01907,38.87581],[-77.01872,38.87581],[-77.01872,38.87597],[-77.01871,38.87647],[-77.01896,38.87647],[-77.01989,38.87647]]]},"properties":{"zone":"R-3","label":"R-3","desc":"Allows for attached rowhouses on small lots and row dwellings mingled with detached, semi-detached, and groupings of three or more row dwellings"}},{"type":"Feature","geometry":{"type":"Polygon","coordinates":[[[-77.00632,38.8347],[-77.00659,38.83489],[-77.00709,38.83524],[-77.00711,38.83521],[-77.00712,38.8352],[-77.00713,38.83519],[-77.00713,38.83517],[-77.00713,38.83516],[-77.00714,38.83514],[-77.00714,38.83513],[-77.00714,38.83511],[-77.00714,38.8351],[-77.00713,38.83455],[-77.00727,38.83455],[-77.00762,38.83455],[-77.00765,38.83455],[-77.00765,38.8335],[-77.00765,38.83349],[-77.00765,38.83341],[-77.00765,38.83331],[-77.00765,38.83322],[-77.00765,38.83311],[-77.00765,38.83302],[-77.00765,38.83295],[-77.00765,38.83287],[-77.00765,38.83273],[-77.00765,38.83267],[-77.00765,38.83262],[-77.00765,38.83256],[-77.00765,38.83253],[-77.00768,38.83253],[-77.00805,38.83253],[-77.00828,38.83253],[-77.00824,38.83243],[-77.00801,38.83239],[-77.00765,38.83233],[-77.00763,38.83232],[-77.00762,38.83232],[-77.00757,38.83231],[-77.00756,38.83231],[-77.00749,38.8323],[-77.00741,38.83228],[-77.00734,38.83227],[-77.00727,38.83226],[-77.0072,38.83224],[-77.00717,38.83224],[-77.00715,38.83223],[-77.00711,38.83223],[-77.00709,38.83222],[-77.00707,38.83222],[-77.00705,38.83222],[-77.00701,38.83221],[-77.00702,38.8322],[-77.00703,38.83218],[-77.00704,38.83218],[-77.00704,38.83217],[-77.00705,38.83217],[-77.00706,38.83216],[-77.00707,38.83215],[-77.00709,38.83212],[-77.00713,38.83208],[-77.00713,38.83207],[-77.00714,38.83206],[-77.00715,38.83205],[-77.00717,38.83202],[-77.00718,38.83201],[-77.00718,38.832],[-77.00719,38.83199],[-77.00721,38.83197],[-77.00703,38.83197],[-77.00655,38.83197],[-77.00652,38.83197],[-77.0066,38.83178],[-77.0066,38.83176],[-77.0066,38.83175],[-77.00661,38.83175],[-77.00661,38.83174],[-77.00695,38.83174],[-77.00695,38.83172],[-77.00698,38.83158],[-77.007,38.83145],[-77.00702,38.83133],[-77.00589,38.83121],[-77.00589,38.83207],[-77.00529,38.83206],[-77.00377,38.83207],[-77.00377,38.83218],[-77.00377,38.83252],[-77.00377,38.83254],[-77.00352,38.83254],[-77.00336,38.83254],[-77.00311,38.83302],[-77.00327,38.83302],[-77.00393,38.83302],[-77.00393,38.83304],[-77.00393,38.83314],[-77.00393,38.83366],[-77.00394,38.83368],[-77.0039,38.83371],[-77.00377,38.8338],[-77.00369,38.83386],[-77.00403,38.8341],[-77.00415,38.83419],[-77.00417,38.83418],[-77.00418,38.83418],[-77.00429,38.83426],[-77.00473,38.83457],[-77.00474,38.83457],[-77.00531,38.83497],[-77.00573,38.83497],[-77.00588,38.83497],[-77.00589,38.83446],[-77.0059,38.83446],[-77.00591,38.83446],[-77.00593,38.83446],[-77.00594,38.83446],[-77.00595,38.83446],[-77.00596,38.83447],[-77.00598,38.83448],[-77.00599,38.83448],[-77.00632,38.8347]]]},"properties":{"zone":"R-3","label":"R-3","desc":"Allows for attached rowhouses on small lots and row dwellings mingled with detached, semi-detached, and groupings of three or more row dwellings"}},{"type":"Feature","geometry":{"type":"Polygon","coordinates":[[[-76.9237,38.90335],[-76.92386,38.90338],[-76.92381,38.90351],[-76.92373,38.90374],[-76.92369,38.90386],[-76.92367,38.9039],[-76.9236,38.90401],[-76.92397,38.90394],[-76.92434,38.90387],[-76.92453,38.90334],[-76.9245,38.90333],[-76.92403,38.90323],[-76.92392,38.90321],[-76.92403,38.90289],[-76.92407,38.90277],[-76.92408,38.90276],[-76.92419,38.90246],[-76.92425,38.90229],[-76.92426,38.90224],[-76.92415,38.90222],[-76.92415,38.90221],[-76.92414,38.90221],[-76.92387,38.90215],[-76.92374,38.90212],[-76.92373,38.90212],[-76.92353,38.90208],[-76.92321,38.90201],[-76.92301,38.90197],[-76.92301,38.90196],[-76.92278,38.90192],[-76.92279,38.90195],[-76.92283,38.90205],[-76.92206,38.90264],[-76.92196,38.90272],[-76.92181,38.90284],[-76.92233,38.90325],[-76.92248,38.90313],[-76.92258,38.90305],[-76.92309,38.90266],[-76.92322,38.90252],[-76.92343,38.90257],[-76.92324,38.9031],[-76.92341,38.90314],[-76.92336,38.90327],[-76.92335,38.90328],[-76.92338,38.9033],[-76.9234,38.90328],[-76.9237,38.90335]]]},"properties":{"zone":"R-3","label":"R-3","desc":"Allows for attached rowhouses on small lots and row dwellings mingled with detached, semi-detached, and groupings of three or more row dwellings"}},{"type":"Feature","geometry":{"type":"Polygon","coordinates":[[[-77.07982,38.96103],[-77.07998,38.96103],[-77.08009,38.96103],[-77.0803,38.96103],[-77.08031,38.96103],[-77.0803,38.96095],[-77.0803,38.96079],[-77.0803,38.96055],[-77.0803,38.96049],[-77.0803,38.96013],[-77.0803,38.9598],[-77.0803,38.95945],[-77.0803,38.95913],[-77.0803,38.95912],[-77.0803,38.95911],[-77.0803,38.95903],[-77.0803,38.95897],[-77.0803,38.95889],[-77.0803,38.95864],[-77.0803,38.95853],[-77.0803,38.95837],[-77.0803,38.95831],[-77.0803,38.95809],[-77.0803,38.95804],[-77.0803,38.95797],[-77.0803,38.95776],[-77.0803,38.9577],[-77.0803,38.95762],[-77.0803,38.95754],[-77.0803,38.95715],[-77.0803,38.95713],[-77.0803,38.95712],[-77.0803,38.95711],[-77.0803,38.95703],[-77.0803,38.95695],[-77.0803,38.95694],[-77.0803,38.95606],[-77.0803,38.95605],[-77.0803,38.95604],[-77.0803,38.95596],[-77.0803,38.95589],[-77.0803,38.95586],[-77.0803,38.95585],[-77.0803,38.95583],[-77.08031,38.95554],[-77.08031,38.95553],[-77.08031,38.95518],[-77.08031,38.95517],[-77.08031,38.95516],[-77.08031,38.95483],[-77.08031,38.95482],[-77.08031,38.95478],[-77.08031,38.95471],[-77.08031,38.95463],[-77.08031,38.9546],[-77.08031,38.95447],[-77.08031,38.95424],[-77.08031,38.95423],[-77.08031,38.954],[-77.08031,38.95394],[-77.08031,38.95387],[-77.08031,38.95381],[-77.08031,38.95378],[-77.08031,38.95354],[-77.08031,38.9534],[-77.08031,38.95332],[-77.0803,38.95332],[-77.08029,38.95332],[-77.08028,38.95332],[-77.08027,38.95332],[-77.08026,38.95332],[-77.08025,38.95332],[-77.08024,38.95332],[-77.08023,38.95332],[-77.08022,38.95332],[-77.08021,38.95332],[-77.08008,38.95332],[-77.08002,38.95332],[-77.07998,38.95332],[-77.07996,38.95332],[-77.07994,38.95332],[-77.07981,38.95332],[-77.07967,38.95332],[-77.07966,38.95332],[-77.07965,38.95332],[-77.07964,38.95332],[-77.07963,38.95332],[-77.07962,38.95332],[-77.07961,38.95332],[-77.0796,38.95332],[-77.07959,38.95332],[-77.07958,38.95332],[-77.07958,38.95331],[-77.07957,38.95331],[-77.07958,38.95324],[-77.0796,38.95317],[-77.07964,38.95301],[-77.07967,38.95285],[-77.07968,38.95283],[-77.0797,38.95275],[-77.07972,38.95267],[-77.07972,38.95266],[-77.07972,38.95265],[-77.07973,38.95263],[-77.07973,38.95261],[-77.07974,38.95259],[-77.07974,38.95258],[-77.07975,38.95255],[-77.07975,38.95253],[-77.07976,38.9525],[-77.07977,38.95247],[-77.07977,38.95245],[-77.07978,38.95242],[-77.07978,38.95239],[-77.07979,38.95237],[-77.07979,38.95234],[-77.0798,38.9523],[-77.0798,38.95227],[-77.07981,38.95223],[-77.07982,38.9522],[-77.07982,38.95219],[-77.07982,38.95218],[-77.07982,38.95216],[-77.07983,38.95213],[-77.07984,38.95211],[-77.07994,38.95211],[-77.07995,38.95211],[-77.07996,38.95211],[-77.08022,38.95211],[-77.08031,38.95211],[-77.08031,38.95203],[-77.08031,38.95202],[-77.08031,38.95181],[-77.08031,38.95172],[-77.08031,38.95143],[-77.08031,38.95128],[-77.08031,38.95114],[-77.08031,38.95089],[-77.08031,38.95087],[-77.08031,38.95073],[-77.0802,38.9507],[-77.08019,38.9507],[-77.08018,38.9507],[-77.08017,38.9507],[-77.08016,38.95069],[-77.08015,38.95069],[-77.08014,38.95069],[-77.08013,38.95069],[-77.08012,38.95069],[-77.08011,38.95069],[-77.0801,38.95069],[-77.07986,38.95071],[-77.07975,38.95071],[-77.07972,38.95072],[-77.07971,38.95072],[-77.07966,38.95072],[-77.0796,38.95073],[-77.07958,38.95073],[-77.07957,38.95073],[-77.07955,38.95073],[-77.07954,38.95073],[-77.07953,38.95073],[-77.07951,38.95073],[-77.0795,38.95073],[-77.07948,38.95073],[-77.07947,38.95073],[-77.07945,38.95073],[-77.07928,38.95073],[-77.07924,38.95073],[-77.0792,38.95073],[-77.07916,38.95073],[-77.07912,38.95073],[-77.07907,38.95073],[-77.07903,38.95074],[-77.07899,38.95074],[-77.07895,38.95074],[-77.07891,38.95074],[-77.07887,38.95074],[-77.07882,38.95074],[-77.0788,38.95074],[-77.07879,38.95074],[-77.07877,38.95074],[-77.07876,38.95074],[-77.07874,38.95074],[-77.07874,38.95065],[-77.07874,38.95064],[-77.07874,38.95037],[-77.07874,38.95022],[-77.07874,38.95009],[-77.07874,38.95008],[-77.07874,38.95001],[-77.07874,38.94994],[-77.07874,38.94989],[-77.07874,38.94978],[-77.07874,38.94969],[-77.07875,38.94959],[-77.07875,38.94958],[-77.07875,38.94957],[-77.07875,38.94933],[-77.07875,38.94876],[-77.07875,38.94836],[-77.07875,38.94816],[-77.07875,38.948],[-77.07875,38.94796],[-77.07876,38.94791],[-77.07885,38.94791],[-77.07889,38.94791],[-77.0789,38.94791],[-77.07891,38.94791],[-77.07884,38.94778],[-77.07872,38.94757],[-77.07874,38.94757],[-77.07878,38.94755],[-77.07891,38.94751],[-77.07884,38.94739],[-77.07881,38.94734],[-77.07878,38.94729],[-77.07876,38.94724],[-77.07875,38.94724],[-77.07874,38.94725],[-77.07871,38.94719],[-77.07867,38.94712],[-77.07865,38.94708],[-77.07874,38.94704],[-77.07899,38.94696],[-77.07912,38.94692],[-77.07917,38.94701],[-77.07921,38.94709],[-77.07924,38.94715],[-77.07937,38.94737],[-77.07947,38.94756],[-77.07965,38.94749],[-77.07975,38.94745],[-77.07976,38.94745],[-77.07988,38.9474],[-77.07989,38.9474],[-77.07997,38.94736],[-77.08012,38.94762],[-77.08013,38.94763],[-77.08023,38.94779],[-77.08024,38.9478],[-77.08031,38.94792],[-77.08054,38.94792],[-77.08085,38.94792],[-77.08115,38.94792],[-77.08139,38.94792],[-77.0814,38.94792],[-77.08149,38.94792],[-77.08181,38.94792],[-77.08193,38.94792],[-77.08204,38.94792],[-77.08204,38.94801],[-77.08204,38.94802],[-77.08205,38.9482],[-77.08205,38.94821],[-77.08205,38.94824],[-77.08205,38.94831],[-77.08205,38.94835],[-77.08204,38.94839],[-77.08204,38.94844],[-77.08204,38.94849],[-77.08204,38.94855],[-77.08204,38.9486],[-77.08204,38.94862],[-77.08204,38.94864],[-77.08204,38.94865],[-77.08204,38.94873],[-77.08204,38.94882],[-77.08204,38.9489],[-77.08204,38.94891],[-77.08204,38.94921],[-77.08204,38.94959],[-77.08204,38.94961],[-77.08204,38.9497],[-77.08214,38.9497],[-77.08215,38.9497],[-77.08255,38.9497],[-77.08277,38.9497],[-77.08314,38.9497],[-77.08341,38.9497],[-77.08368,38.9497],[-77.08369,38.9497],[-77.0837,38.9497],[-77.08371,38.9497],[-77.08372,38.9497],[-77.08374,38.9497],[-77.08375,38.9497],[-77.08376,38.9497],[-77.08377,38.9497],[-77.08379,38.9497],[-77.08388,38.9497],[-77.08396,38.94969],[-77.08429,38.94969],[-77.08464,38.9497],[-77.0849,38.9497],[-77.085,38.9497],[-77.085,38.94963],[-77.085,38.94928],[-77.085,38.9489],[-77.085,38.9485],[-77.085,38.94843],[-77.08509,38.94844],[-77.0851,38.94844],[-77.08537,38.94849],[-77.0854,38.94849],[-77.08561,38.94852],[-77.08577,38.94854],[-77.08612,38.94859],[-77.08613,38.94859],[-77.08614,38.94859],[-77.08621,38.94862],[-77.08621,38.94871],[-77.08621,38.94922],[-77.08621,38.94925],[-77.08621,38.94928],[-77.08621,38.94953],[-77.08621,38.94962],[-77.08621,38.9497],[-77.08621,38.94978],[-77.08621,38.94996],[-77.08621,38.95006],[-77.08621,38.95007],[-77.08621,38.95008],[-77.08621,38.95026],[-77.08621,38.95031],[-77.08621,38.95038],[-77.08621,38.95044],[-77.08621,38.95066],[-77.08621,38.95068],[-77.08621,38.95069],[-77.08621,38.95089],[-77.08621,38.95097],[-77.08621,38.95105],[-77.08621,38.95112],[-77.08621,38.95128],[-77.08621,38.95142],[-77.0862,38.95157],[-77.08621,38.95204],[-77.08621,38.95212],[-77.08621,38.95219],[-77.08621,38.9524],[-77.08621,38.95278],[-77.08621,38.95282],[-77.08621,38.95294],[-77.08621,38.95305],[-77.08621,38.95311],[-77.08621,38.95324],[-77.08621,38.95333],[-77.08621,38.9534],[-77.08621,38.9537],[-77.08621,38.95418],[-77.08621,38.95426],[-77.08621,38.95463],[-77.08621,38.95471],[-77.0863,38.95471],[-77.08647,38.95471],[-77.08678,38.95471],[-77.08732,38.95471],[-77.08789,38.95471],[-77.08804,38.95471],[-77.0885,38.95471],[-77.08867,38.95471],[-77.08864,38.95481],[-77.08863,38.95506],[-77.08863,38.95521],[-77.08863,38.9553],[-77.08863,38.95536],[-77.08863,38.95541],[-77.08863,38.95566],[-77.08863,38.95589],[-77.08863,38.95597],[-77.08863,38.95603],[-77.08863,38.9565],[-77.08863,38.95696],[-77.08863,38.95704],[-77.08863,38.95713],[-77.08863,38.95739],[-77.08863,38.9574],[-77.08863,38.95781],[-77.08863,38.95804],[-77.08863,38.95805],[-77.08863,38.95806],[-77.08863,38.95807],[-77.08863,38.95808],[-77.08863,38.95809],[-77.08863,38.9581],[-77.08863,38.95811],[-77.08863,38.95812],[-77.08864,38.95812],[-77.08864,38.95813],[-77.08864,38.95814],[-77.08865,38.95815],[-77.08865,38.95816],[-77.08866,38.95817],[-77.08867,38.95818],[-77.08867,38.95819],[-77.08868,38.9582],[-77.08871,38.95822],[-77.08873,38.95824],[-77.08875,38.95826],[-77.08877,38.95828],[-77.08887,38.95835],[-77.08899,38.95845],[-77.09068,38.95712],[-77.09138,38.95658],[-77.09157,38.95643],[-77.09178,38.95627],[-77.09225,38.9559],[-77.0927,38.95555],[-77.0927,38.95554],[-77.0939,38.95461],[-77.09561,38.95327],[-77.09653,38.95256],[-77.09774,38.95161],[-77.0984,38.95109],[-77.09897,38.95065],[-77.09929,38.95039],[-77.09983,38.94997],[-77.10058,38.94939],[-77.10058,38.94938],[-77.10046,38.94929],[-77.1003,38.94916],[-77.10027,38.94914],[-77.10021,38.94909],[-77.10016,38.94906],[-77.1001,38.94901],[-77.10004,38.94896],[-77.10002,38.94894],[-77.10014,38.94881],[-77.1005,38.94881],[-77.1005,38.9488],[-77.10051,38.94879],[-77.10053,38.94875],[-77.10056,38.94871],[-77.1006,38.94867],[-77.10061,38.94867],[-77.10061,38.94866],[-77.10048,38.94856],[-77.10044,38.94853],[-77.10043,38.94852],[-77.10059,38.94835],[-77.10074,38.94821],[-77.10074,38.9482],[-77.10075,38.94819],[-77.10091,38.94804],[-77.10119,38.94781],[-77.10145,38.94756],[-77.10146,38.94755],[-77.10129,38.94744],[-77.10016,38.94744],[-77.09916,38.94671],[-77.09916,38.94669],[-77.09915,38.9463],[-77.09906,38.9463],[-77.09898,38.9463],[-77.09889,38.9463],[-77.0988,38.9463],[-77.09872,38.9463],[-77.09863,38.9463],[-77.09855,38.9463],[-77.09854,38.9463],[-77.09853,38.9463],[-77.09846,38.9463],[-77.09842,38.9463],[-77.09837,38.9463],[-77.09832,38.9463],[-77.09827,38.9463],[-77.09818,38.9463],[-77.09808,38.9463],[-77.09799,38.9463],[-77.09793,38.9463],[-77.09787,38.9463],[-77.09782,38.9463],[-77.09781,38.9463],[-77.09738,38.9463],[-77.09719,38.9463],[-77.0969,38.9463],[-77.09688,38.9463],[-77.09687,38.9463],[-77.09677,38.9463],[-77.09667,38.9463],[-77.09623,38.9463],[-77.09561,38.9463],[-77.09535,38.9463],[-77.09483,38.9463],[-77.09459,38.9463],[-77.09444,38.9463],[-77.09434,38.9463],[-77.09434,38.94621],[-77.09435,38.94617],[-77.09434,38.94581],[-77.09434,38.94562],[-77.09435,38.94555],[-77.09435,38.94554],[-77.09435,38.94547],[-77.09435,38.94546],[-77.09434,38.94523],[-77.09434,38.94489],[-77.09434,38.94488],[-77.09434,38.94487],[-77.09434,38.9448],[-77.09434,38.94478],[-77.09435,38.94478],[-77.09436,38.94478],[-77.09437,38.94477],[-77.09438,38.94476],[-77.09439,38.94476],[-77.0944,38.94475],[-77.09441,38.94474],[-77.09442,38.94474],[-77.09442,38.94473],[-77.09453,38.94464],[-77.09459,38.94458],[-77.09471,38.94449],[-77.09471,38.94448],[-77.09472,38.94448],[-77.09472,38.94447],[-77.09473,38.94447],[-77.09474,38.94446],[-77.09475,38.94446],[-77.09476,38.94445],[-77.09477,38.94444],[-77.09478,38.94444],[-77.09478,38.94443],[-77.09479,38.94442],[-77.0948,38.94442],[-77.09494,38.94431],[-77.095,38.94427],[-77.09501,38.94426],[-77.09502,38.94425],[-77.09506,38.94424],[-77.0951,38.94422],[-77.09514,38.94421],[-77.09519,38.9442],[-77.09523,38.9442],[-77.09528,38.94419],[-77.09532,38.9442],[-77.09537,38.9442],[-77.09541,38.9442],[-77.09546,38.94421],[-77.09561,38.94425],[-77.09571,38.94427],[-77.09581,38.94429],[-77.09582,38.94429],[-77.09583,38.94429],[-77.09588,38.9443],[-77.09589,38.9443],[-77.09596,38.94431],[-77.09602,38.94431],[-77.09608,38.94431],[-77.09615,38.94432],[-77.09621,38.94432],[-77.09627,38.94431],[-77.09634,38.94431],[-77.0964,38.94431],[-77.09646,38.9443],[-77.0965,38.9443],[-77.09653,38.94429],[-77.09656,38.94429],[-77.0966,38.94428],[-77.09664,38.94428],[-77.09665,38.94427],[-77.09666,38.94427],[-77.09677,38.94425],[-77.09686,38.94423],[-77.0969,38.94422],[-77.09698,38.94419],[-77.09706,38.94417],[-77.09714,38.94414],[-77.09722,38.94411],[-77.09729,38.94407],[-77.09732,38.94406],[-77.09736,38.94404],[-77.09737,38.94404],[-77.09744,38.944],[-77.09751,38.94396],[-77.09752,38.94395],[-77.09758,38.94392],[-77.09764,38.94387],[-77.09767,38.94385],[-77.0977,38.94383],[-77.09772,38.94381],[-77.09775,38.94379],[-77.09777,38.94377],[-77.0978,38.94375],[-77.09782,38.94373],[-77.09785,38.94371],[-77.09787,38.94369],[-77.09789,38.94367],[-77.09793,38.94363],[-77.09796,38.9436],[-77.098,38.94356],[-77.09803,38.94352],[-77.09806,38.94349],[-77.09809,38.94345],[-77.09811,38.94341],[-77.09814,38.94337],[-77.09816,38.94333],[-77.09819,38.94329],[-77.09823,38.94319],[-77.09827,38.94312],[-77.09829,38.94308],[-77.09834,38.94298],[-77.09834,38.94297],[-77.09836,38.94293],[-77.09862,38.94237],[-77.09865,38.9423],[-77.09868,38.94222],[-77.0987,38.94217],[-77.09871,38.94214],[-77.09872,38.94214],[-77.09879,38.94191],[-77.0988,38.94187],[-77.09881,38.94182],[-77.09883,38.94178],[-77.09884,38.94173],[-77.09885,38.94168],[-77.09886,38.94164],[-77.09887,38.94159],[-77.09888,38.94155],[-77.09889,38.9415],[-77.0989,38.94146],[-77.09892,38.94135],[-77.09893,38.94127],[-77.09895,38.94118],[-77.09897,38.9411],[-77.09898,38.94102],[-77.099,38.94094],[-77.09902,38.94086],[-77.09903,38.94078],[-77.09905,38.9407],[-77.09906,38.94062],[-77.09908,38.94054],[-77.09909,38.94046],[-77.09911,38.94038],[-77.09912,38.9403],[-77.09913,38.94029],[-77.09914,38.94022],[-77.09915,38.94015],[-77.09915,38.94014],[-77.09915,38.94013],[-77.09917,38.94005],[-77.09918,38.93996],[-77.0992,38.93987],[-77.09921,38.93979],[-77.09922,38.9397],[-77.09923,38.93961],[-77.09924,38.93952],[-77.09925,38.93945],[-77.09925,38.93944],[-77.09926,38.93938],[-77.09917,38.93938],[-77.09914,38.93938],[-77.09831,38.93938],[-77.09829,38.93938],[-77.09824,38.93938],[-77.0973,38.93938],[-77.09729,38.93938],[-77.09728,38.93938],[-77.09686,38.93938],[-77.09677,38.93938],[-77.09667,38.93938],[-77.09666,38.93938],[-77.09665,38.93938],[-77.09647,38.93938],[-77.09623,38.93938],[-77.09622,38.93938],[-77.09547,38.93938],[-77.09488,38.93938],[-77.09487,38.93938],[-77.0947,38.93938],[-77.09459,38.93938],[-77.09447,38.93938],[-77.09446,38.93938],[-77.09445,38.93938],[-77.09434,38.93938],[-77.09434,38.9393],[-77.09434,38.93929],[-77.09434,38.93905],[-77.09434,38.93877],[-77.09434,38.93853],[-77.09434,38.93823],[-77.09434,38.93818],[-77.09434,38.9381],[-77.09424,38.93808],[-77.09421,38.93807],[-77.09401,38.93802],[-77.09396,38.938],[-77.0939,38.93799],[-77.09385,38.93798],[-77.0938,38.93796],[-77.09375,38.93795],[-77.09369,38.93793],[-77.09364,38.93792],[-77.09359,38.9379],[-77.09354,38.93789],[-77.09349,38.93787],[-77.09343,38.93785],[-77.09337,38.93783],[-77.09332,38.93782],[-77.09326,38.9378],[-77.0932,38.93778],[-77.09315,38.93776],[-77.09309,38.93774],[-77.09304,38.93772],[-77.09298,38.9377],[-77.09293,38.93768],[-77.09284,38.93765],[-77.09281,38.93764],[-77.09274,38.93762],[-77.09272,38.93761],[-77.09271,38.93764],[-77.0927,38.93766],[-77.0927,38.93767],[-77.09268,38.93769],[-77.09268,38.9377],[-77.09267,38.93771],[-77.0925,38.93803],[-77.09234,38.9383],[-77.09217,38.93861],[-77.09199,38.93893],[-77.0918,38.93925],[-77.09178,38.93928],[-77.09174,38.93936],[-77.09169,38.93944],[-77.09163,38.93955],[-77.0915,38.93978],[-77.09149,38.93979],[-77.09147,38.93984],[-77.09128,38.94016],[-77.09124,38.94022],[-77.09119,38.94031],[-77.09114,38.94039],[-77.09112,38.94043],[-77.09096,38.94071],[-77.0909,38.94083],[-77.09082,38.94097],[-77.09077,38.94106],[-77.09073,38.94111],[-77.09065,38.94119],[-77.09058,38.94114],[-77.09057,38.94113],[-77.09056,38.94112],[-77.09055,38.94111],[-77.09054,38.94111],[-77.09053,38.9411],[-77.09052,38.9411],[-77.09052,38.94109],[-77.09051,38.94109],[-77.0905,38.94109],[-77.09049,38.94108],[-77.09048,38.94108],[-77.09047,38.94108],[-77.09046,38.94108],[-77.09045,38.94108],[-77.09044,38.94108],[-77.09041,38.94107],[-77.09039,38.94107],[-77.09037,38.94107],[-77.09036,38.94107],[-77.09035,38.94107],[-77.09033,38.94108],[-77.09032,38.94108],[-77.09031,38.94108],[-77.0903,38.94109],[-77.09029,38.94109],[-77.09028,38.9411],[-77.09027,38.94111],[-77.09016,38.94103],[-77.09008,38.94097],[-77.08976,38.94073],[-77.08975,38.94073],[-77.08974,38.94072],[-77.08965,38.94065],[-77.08964,38.94065],[-77.08954,38.94057],[-77.0895,38.94054],[-77.08916,38.9403],[-77.08903,38.9402],[-77.08885,38.94007],[-77.08874,38.93999],[-77.08871,38.93997],[-77.08846,38.93979],[-77.08812,38.93953],[-77.08765,38.93919],[-77.08751,38.93909],[-77.08743,38.93904],[-77.08742,38.93903],[-77.08735,38.93898],[-77.08725,38.9389],[-77.08702,38.93874],[-77.08662,38.93845],[-77.08658,38.93842],[-77.08657,38.93841],[-77.08656,38.93841],[-77.08646,38.93833],[-77.08637,38.93827],[-77.08623,38.93818],[-77.08622,38.93818],[-77.08619,38.9382],[-77.08618,38.93821],[-77.08615,38.93822],[-77.08613,38.93823],[-77.08612,38.93824],[-77.0861,38.93824],[-77.08609,38.93825],[-77.08608,38.93825],[-77.08606,38.93826],[-77.08601,38.93827],[-77.08596,38.93828],[-77.08594,38.93828],[-77.08589,38.93828],[-77.08587,38.93828],[-77.08585,38.93828],[-77.08583,38.93828],[-77.08582,38.93828],[-77.08581,38.93828],[-77.08579,38.93828],[-77.08578,38.93827],[-77.08576,38.93827],[-77.08572,38.93826],[-77.0857,38.93826],[-77.08569,38.93825],[-77.08568,38.93825],[-77.08566,38.93824],[-77.08565,38.93824],[-77.08564,38.93823],[-77.08318,38.94111],[-77.08297,38.94111],[-77.08187,38.94111],[-77.08187,38.94045],[-77.08187,38.94029],[-77.08187,38.94021],[-77.08187,38.93922],[-77.08129,38.93922],[-77.08129,38.93945],[-77.08058,38.93964],[-77.0801,38.94001],[-77.07993,38.94088],[-77.07994,38.9409],[-77.07963,38.94121],[-77.07928,38.94221],[-77.07929,38.9423],[-77.0787,38.9423],[-77.07844,38.94306],[-77.07844,38.94317],[-77.07852,38.94317],[-77.07857,38.94317],[-77.07858,38.94317],[-77.07931,38.94317],[-77.07931,38.94329],[-77.07931,38.94335],[-77.07931,38.9435],[-77.07931,38.94357],[-77.07931,38.94364],[-77.07931,38.94385],[-77.07931,38.94389],[-77.07931,38.94392],[-77.07931,38.94394],[-77.07932,38.94397],[-77.07932,38.94398],[-77.07932,38.94399],[-77.07932,38.94401],[-77.07931,38.94406],[-77.07931,38.94407],[-77.07931,38.94411],[-77.07931,38.94421],[-77.07931,38.94429],[-77.07931,38.94446],[-77.07931,38.94459],[-77.07931,38.94466],[-77.07931,38.94475],[-77.07931,38.94479],[-77.07908,38.94479],[-77.07889,38.94479],[-77.07884,38.94479],[-77.07876,38.94479],[-77.07876,38.94486],[-77.07876,38.94498],[-77.07875,38.94514],[-77.07875,38.9452],[-77.07875,38.94536],[-77.07875,38.94538],[-77.07875,38.94539],[-77.07875,38.9454],[-77.07875,38.94542],[-77.07875,38.94543],[-77.07875,38.94545],[-77.07875,38.94546],[-77.07875,38.94547],[-77.07874,38.94549],[-77.07874,38.9455],[-77.07874,38.94551],[-77.07874,38.94552],[-77.07874,38.94554],[-77.07873,38.94554],[-77.07873,38.94555],[-77.07873,38.94556],[-77.07873,38.94557],[-77.07872,38.94557],[-77.07872,38.94559],[-77.07871,38.94561],[-77.0787,38.94562],[-77.0787,38.94563],[-77.07869,38.94565],[-77.07868,38.94565],[-77.07868,38.94566],[-77.07867,38.94568],[-77.07866,38.94569],[-77.07866,38.9457],[-77.07865,38.9457],[-77.07864,38.94571],[-77.07863,38.94572],[-77.07862,38.94573],[-77.07862,38.94574],[-77.07861,38.94575],[-77.0786,38.94575],[-77.07859,38.94576],[-77.07858,38.94577],[-77.07856,38.94578],[-77.07855,38.94579],[-77.07853,38.9458],[-77.07852,38.9458],[-77.07851,38.94581],[-77.0785,38.94581],[-77.07844,38.9457],[-77.07824,38.94578],[-77.07792,38.94589],[-77.07791,38.94589],[-77.07791,38.94587],[-77.07791,38.94585],[-77.07791,38.94584],[-77.07791,38.94583],[-77.07791,38.94582],[-77.07791,38.94581],[-77.07791,38.9458],[-77.07791,38.94579],[-77.07791,38.94578],[-77.07791,38.94577],[-77.07791,38.94576],[-77.07791,38.94575],[-77.07791,38.94573],[-77.07791,38.94572],[-77.07791,38.94571],[-77.07791,38.9457],[-77.07791,38.94568],[-77.07791,38.94566],[-77.07791,38.94565],[-77.07791,38.94564],[-77.07791,38.94563],[-77.07791,38.94562],[-77.07791,38.94554],[-77.0779,38.94554],[-77.07779,38.94554],[-77.07778,38.94546],[-77.07777,38.94543],[-77.07776,38.94541],[-77.07775,38.94539],[-77.07774,38.94536],[-77.07773,38.94536],[-77.07772,38.94534],[-77.07771,38.94531],[-77.07759,38.94521],[-77.07749,38.94525],[-77.07746,38.94518],[-77.07736,38.94518],[-77.07719,38.94518],[-77.07703,38.94518],[-77.07691,38.94519],[-77.07687,38.94519],[-77.07686,38.94518],[-77.07685,38.94518],[-77.0767,38.94519],[-77.07639,38.94518],[-77.07616,38.94518],[-77.07615,38.94518],[-77.07614,38.94518],[-77.07593,38.94518],[-77.07574,38.94518],[-77.07553,38.94518],[-77.07536,38.94518],[-77.07518,38.94519],[-77.07504,38.94519],[-77.07495,38.94519],[-77.07483,38.94519],[-77.07472,38.94519],[-77.07471,38.94519],[-77.07461,38.94518],[-77.07461,38.94519],[-77.07461,38.94527],[-77.07461,38.94545],[-77.07461,38.94546],[-77.07461,38.94547],[-77.07461,38.94554],[-77.07455,38.94554],[-77.07451,38.94554],[-77.07423,38.94554],[-77.07407,38.94554],[-77.07407,38.94562],[-77.07407,38.94571],[-77.07407,38.94578],[-77.07407,38.94589],[-77.07407,38.9459],[-77.07407,38.94591],[-77.07407,38.9461],[-77.07407,38.94617],[-77.07407,38.94618],[-77.07407,38.94629],[-77.07407,38.9464],[-77.07407,38.94642],[-77.07407,38.94646],[-77.07407,38.94666],[-77.07407,38.9467],[-77.07407,38.94671],[-77.07407,38.94674],[-77.07407,38.9468],[-77.07407,38.94686],[-77.07407,38.9469],[-77.07407,38.94702],[-77.07407,38.9471],[-77.07429,38.9471],[-77.07448,38.9471],[-77.0745,38.9471],[-77.07451,38.9471],[-77.07461,38.9471],[-77.07461,38.94718],[-77.07461,38.94719],[-77.07461,38.94746],[-77.07461,38.94747],[-77.07461,38.94748],[-77.07461,38.94749],[-77.07461,38.94766],[-77.07461,38.94782],[-77.07461,38.9479],[-77.07461,38.94791],[-77.0745,38.94791],[-77.07418,38.94791],[-77.07399,38.94791],[-77.07366,38.9479],[-77.07334,38.9479],[-77.07299,38.9479],[-77.07271,38.94791],[-77.0727,38.94791],[-77.07258,38.94791],[-77.07258,38.94786],[-77.07257,38.94783],[-77.07257,38.94781],[-77.07257,38.9478],[-77.07256,38.94777],[-77.07256,38.94773],[-77.07255,38.9477],[-77.07255,38.94767],[-77.07254,38.94764],[-77.07253,38.94761],[-77.07253,38.94758],[-77.07252,38.94754],[-77.07251,38.94751],[-77.0725,38.94747],[-77.07249,38.94744],[-77.07248,38.9474],[-77.07247,38.94737],[-77.07245,38.94733],[-77.07244,38.9473],[-77.07243,38.94726],[-77.07241,38.94723],[-77.0724,38.94719],[-77.07238,38.94716],[-77.07237,38.94713],[-77.07235,38.9471],[-77.07222,38.9471],[-77.07219,38.9471],[-77.07179,38.9471],[-77.07149,38.94709],[-77.07089,38.94709],[-77.07042,38.9471],[-77.07,38.9471],[-77.06994,38.9471],[-77.06985,38.9471],[-77.06985,38.94702],[-77.06985,38.94698],[-77.06985,38.94672],[-77.06985,38.94637],[-77.06985,38.94636],[-77.06985,38.94629],[-77.06985,38.94621],[-77.06985,38.94615],[-77.06985,38.94575],[-77.06985,38.94539],[-77.06985,38.94516],[-77.06985,38.94505],[-77.06985,38.94486],[-77.06985,38.94479],[-77.06985,38.94475],[-77.06985,38.94472],[-77.06985,38.94429],[-77.06985,38.94424],[-77.06984,38.94416],[-77.06983,38.94409],[-77.06982,38.94404],[-77.06977,38.94394],[-77.06976,38.94394],[-77.06976,38.94393],[-77.06972,38.94387],[-77.06968,38.94381],[-77.06964,38.94375],[-77.06961,38.94369],[-77.06957,38.94363],[-77.06956,38.94361],[-77.06953,38.94357],[-77.0695,38.94351],[-77.06946,38.94345],[-77.06943,38.94339],[-77.06939,38.94332],[-77.06936,38.94326],[-77.06932,38.94317],[-77.06927,38.94308],[-77.06921,38.94295],[-77.06919,38.9429],[-77.06917,38.94287],[-77.06917,38.94285],[-77.06927,38.94282],[-77.06942,38.94278],[-77.06964,38.94272],[-77.06965,38.94272],[-77.06967,38.94272],[-77.06971,38.9427],[-77.06995,38.9427],[-77.07009,38.9427],[-77.07047,38.94269],[-77.07082,38.9427],[-77.07116,38.9427],[-77.07149,38.94269],[-77.0715,38.94269],[-77.07182,38.94269],[-77.07215,38.9427],[-77.07231,38.9427],[-77.07241,38.9427],[-77.07242,38.9427],[-77.07252,38.9427],[-77.07253,38.9427],[-77.07264,38.94269],[-77.07319,38.9427],[-77.07374,38.9427],[-77.07375,38.9427],[-77.0741,38.9427],[-77.0741,38.94231],[-77.0741,38.94222],[-77.07493,38.94222],[-77.07493,38.94216],[-77.07493,38.94117],[-77.07505,38.94117],[-77.0752,38.94117],[-77.07534,38.94117],[-77.07452,38.93972],[-77.07513,38.93972],[-77.07427,38.93816],[-77.07366,38.93816],[-77.07365,38.93816],[-77.07364,38.93816],[-77.0736,38.93816],[-77.07346,38.93816],[-77.07253,38.93816],[-77.07243,38.93816],[-77.07242,38.93816],[-77.07233,38.93816],[-77.07223,38.93816],[-77.07213,38.93816],[-77.07203,38.93816],[-77.07193,38.93816],[-77.07183,38.93816],[-77.07173,38.93816],[-77.07163,38.93816],[-77.07157,38.93816],[-77.07153,38.93816],[-77.07143,38.93816],[-77.07142,38.93817],[-77.07139,38.93821],[-77.07137,38.93824],[-77.07122,38.93843],[-77.07092,38.93878],[-77.0707,38.93905],[-77.07069,38.93906],[-77.07068,38.93907],[-77.07067,38.93907],[-77.07066,38.93908],[-77.07065,38.93908],[-77.07064,38.93909],[-77.07062,38.93909],[-77.07061,38.93909],[-77.0706,38.9391],[-77.07058,38.9391],[-77.07045,38.9391],[-77.0699,38.9391],[-77.06989,38.9391],[-77.06968,38.9391],[-77.06944,38.9391],[-77.06911,38.93909],[-77.06887,38.93909],[-77.0688,38.93909],[-77.06872,38.93909],[-77.06866,38.93909],[-77.06865,38.93909],[-77.06864,38.93909],[-77.06856,38.93909],[-77.06855,38.93909],[-77.06851,38.93909],[-77.06826,38.93909],[-77.06816,38.93909],[-77.06807,38.93909],[-77.06788,38.93909],[-77.06759,38.93909],[-77.06746,38.93909],[-77.06719,38.93909],[-77.06704,38.93909],[-77.06703,38.93909],[-77.067,38.93909],[-77.06694,38.93909],[-77.0669,38.93909],[-77.0668,38.93909],[-77.06665,38.93909],[-77.06658,38.93909],[-77.06629,38.93909],[-77.06628,38.93909],[-77.06627,38.93909],[-77.06626,38.93909],[-77.06624,38.93909],[-77.06623,38.93909],[-77.06622,38.93909],[-77.06621,38.93909],[-77.06619,38.93909],[-77.06618,38.93909],[-77.06617,38.93909],[-77.06616,38.93909],[-77.06614,38.93909],[-77.06611,38.93909],[-77.0661,38.93909],[-77.06609,38.93909],[-77.06607,38.93909],[-77.06606,38.93909],[-77.06605,38.93909],[-77.06604,38.93909],[-77.06597,38.93909],[-77.0659,38.93909],[-77.06583,38.93909],[-77.06582,38.93909],[-77.06575,38.93909],[-77.06568,38.93909],[-77.06561,38.93909],[-77.06554,38.93909],[-77.06547,38.93909],[-77.0654,38.93909],[-77.06539,38.93909],[-77.06532,38.93909],[-77.06528,38.93909],[-77.06523,38.93909],[-77.06518,38.93909],[-77.06514,38.93909],[-77.06513,38.93909],[-77.06509,38.93909],[-77.06504,38.93909],[-77.06499,38.93909],[-77.06495,38.93909],[-77.06494,38.93909],[-77.0649,38.93909],[-77.06485,38.93909],[-77.06479,38.93909],[-77.06472,38.93908],[-77.06466,38.93908],[-77.0646,38.93908],[-77.06454,38.93907],[-77.06447,38.93907],[-77.06441,38.93906],[-77.06435,38.93905],[-77.06428,38.93904],[-77.06422,38.93903],[-77.06416,38.93902],[-77.06411,38.93901],[-77.06405,38.939],[-77.06399,38.93899],[-77.06393,38.93898],[-77.06387,38.93897],[-77.06382,38.93896],[-77.06376,38.93894],[-77.0637,38.93893],[-77.06364,38.93892],[-77.06358,38.9389],[-77.06352,38.93889],[-77.06347,38.93887],[-77.06341,38.93885],[-77.06335,38.93883],[-77.06329,38.93881],[-77.06323,38.93879],[-77.06318,38.93877],[-77.06312,38.93875],[-77.0631,38.93874],[-77.06309,38.93873],[-77.06306,38.93872],[-77.06305,38.93872],[-77.06304,38.93871],[-77.06301,38.9387],[-77.063,38.9387],[-77.06299,38.93869],[-77.06297,38.93868],[-77.06295,38.93868],[-77.06294,38.93867],[-77.06292,38.93866],[-77.06291,38.93865],[-77.06289,38.93865],[-77.06287,38.93864],[-77.06285,38.93863],[-77.06283,38.93862],[-77.06282,38.93862],[-77.0628,38.93861],[-77.06277,38.9386],[-77.06276,38.9386],[-77.06275,38.93859],[-77.06269,38.93857],[-77.06262,38.93854],[-77.06255,38.93852],[-77.06252,38.93851],[-77.06248,38.9385],[-77.06241,38.93848],[-77.06234,38.93846],[-77.06227,38.93843],[-77.06226,38.93843],[-77.06225,38.93843],[-77.06224,38.93843],[-77.06223,38.93842],[-77.06222,38.93842],[-77.06221,38.93842],[-77.0622,38.93842],[-77.06217,38.93841],[-77.06216,38.93841],[-77.06217,38.93849],[-77.06216,38.93853],[-77.06216,38.93865],[-77.06195,38.93863],[-77.06187,38.93861],[-77.06178,38.9386],[-77.06169,38.93859],[-77.0616,38.93858],[-77.06156,38.93858],[-77.06151,38.93857],[-77.06143,38.93856],[-77.06134,38.93855],[-77.06129,38.93855],[-77.06125,38.93854],[-77.06116,38.93853],[-77.06108,38.93852],[-77.06099,38.93851],[-77.0609,38.9385],[-77.06081,38.93849],[-77.06067,38.93847],[-77.06053,38.93846],[-77.06043,38.93845],[-77.06017,38.93842],[-77.06022,38.93851],[-77.06031,38.93867],[-77.06034,38.93871],[-77.06035,38.93873],[-77.06056,38.9387],[-77.06058,38.9387],[-77.0606,38.9387],[-77.06062,38.9387],[-77.06064,38.9387],[-77.06064,38.93869],[-77.06065,38.93869],[-77.06066,38.93869],[-77.06067,38.93869],[-77.06073,38.93868],[-77.0608,38.93868],[-77.06081,38.93868],[-77.06082,38.93867],[-77.06083,38.93867],[-77.06084,38.93867],[-77.06085,38.93867],[-77.06086,38.93867],[-77.06087,38.93867],[-77.06088,38.93867],[-77.06089,38.93867],[-77.06089,38.93866],[-77.0609,38.93866],[-77.06091,38.93866],[-77.06092,38.93866],[-77.06101,38.93865],[-77.06109,38.93866],[-77.06128,38.93868],[-77.0614,38.9387],[-77.0614,38.93871],[-77.06144,38.93871],[-77.0616,38.93878],[-77.06169,38.93883],[-77.06169,38.93886],[-77.06168,38.93889],[-77.06167,38.93892],[-77.0615,38.93937],[-77.06147,38.93944],[-77.06149,38.93945],[-77.0615,38.93945],[-77.06154,38.93946],[-77.06158,38.93946],[-77.06161,38.93947],[-77.06165,38.93948],[-77.06169,38.93949],[-77.06172,38.9395],[-77.06176,38.93951],[-77.06179,38.93952],[-77.06182,38.93953],[-77.06186,38.93954],[-77.06189,38.93955],[-77.06193,38.93956],[-77.06196,38.93957],[-77.062,38.93958],[-77.06203,38.9396],[-77.06206,38.93961],[-77.0621,38.93962],[-77.06213,38.93963],[-77.06216,38.93965],[-77.06219,38.93966],[-77.06223,38.93968],[-77.06241,38.93975],[-77.06268,38.93987],[-77.06298,38.94],[-77.06329,38.94013],[-77.06362,38.94027],[-77.064,38.94043],[-77.06401,38.94044],[-77.06402,38.94045],[-77.06404,38.94046],[-77.06405,38.94047],[-77.06406,38.94047],[-77.06407,38.94048],[-77.06408,38.94049],[-77.06409,38.94049],[-77.06409,38.9405],[-77.0641,38.9405],[-77.0641,38.94051],[-77.06411,38.94052],[-77.06412,38.94052],[-77.06413,38.94053],[-77.06413,38.94054],[-77.06414,38.94055],[-77.06415,38.94056],[-77.06416,38.94056],[-77.06416,38.94057],[-77.06417,38.94058],[-77.06403,38.94062],[-77.06387,38.94065],[-77.06385,38.94065],[-77.06384,38.94065],[-77.06382,38.94066],[-77.06381,38.94066],[-77.0638,38.94066],[-77.06377,38.94067],[-77.06374,38.94067],[-77.06373,38.94068],[-77.06371,38.94068],[-77.06368,38.94069],[-77.06366,38.94069],[-77.06365,38.94069],[-77.06362,38.9407],[-77.0636,38.9407],[-77.06359,38.94071],[-77.06357,38.94071],[-77.06355,38.94072],[-77.06354,38.94072],[-77.06352,38.94072],[-77.06349,38.94073],[-77.06348,38.94073],[-77.06347,38.94074],[-77.06344,38.94074],[-77.06343,38.94075],[-77.06341,38.94075],[-77.06339,38.94076],[-77.06337,38.94076],[-77.06336,38.94076],[-77.06333,38.94077],[-77.0633,38.94078],[-77.06329,38.94078],[-77.06328,38.94078],[-77.06325,38.94079],[-77.06324,38.94079],[-77.06323,38.9408],[-77.0632,38.9408],[-77.06319,38.9408],[-77.06317,38.94081],[-77.06315,38.94081],[-77.06312,38.94082],[-77.0631,38.94082],[-77.06309,38.94083],[-77.06306,38.94083],[-77.06305,38.94084],[-77.06303,38.94084],[-77.063,38.94085],[-77.06298,38.94085],[-77.06296,38.94085],[-77.06295,38.94086],[-77.06293,38.94086],[-77.06284,38.94088],[-77.06271,38.9409],[-77.06259,38.94092],[-77.0625,38.94093],[-77.06241,38.94094],[-77.06236,38.94095],[-77.06234,38.94095],[-77.06233,38.94095],[-77.06232,38.94095],[-77.0623,38.94095],[-77.06228,38.94095],[-77.06227,38.94095],[-77.06225,38.94096],[-77.06222,38.94096],[-77.06221,38.94096],[-77.0622,38.94096],[-77.06217,38.94096],[-77.06215,38.94096],[-77.06213,38.94096],[-77.06212,38.94096],[-77.06192,38.94097],[-77.06166,38.94098],[-77.06168,38.94102],[-77.06169,38.94103],[-77.06169,38.94104],[-77.06173,38.9411],[-77.06173,38.94111],[-77.06174,38.94112],[-77.06216,38.94184],[-77.06221,38.94193],[-77.06226,38.94202],[-77.06229,38.94206],[-77.06231,38.94211],[-77.06236,38.94219],[-77.06281,38.94297],[-77.06285,38.94304],[-77.06286,38.94305],[-77.06286,38.94306],[-77.06292,38.94316],[-77.06299,38.94328],[-77.06311,38.94348],[-77.06346,38.94408],[-77.0635,38.94415],[-77.0635,38.94416],[-77.06351,38.94417],[-77.06362,38.94436],[-77.06386,38.94436],[-77.06452,38.94436],[-77.06476,38.94478],[-77.0649,38.94503],[-77.06492,38.94505],[-77.06499,38.94518],[-77.065,38.94519],[-77.06505,38.94528],[-77.06514,38.94543],[-77.06513,38.94543],[-77.06512,38.94544],[-77.06515,38.9455],[-77.06516,38.94552],[-77.06517,38.94552],[-77.06517,38.94553],[-77.06517,38.94554],[-77.06518,38.94554],[-77.06518,38.94555],[-77.06518,38.94556],[-77.06519,38.94556],[-77.06519,38.94557],[-77.0652,38.94557],[-77.0652,38.94558],[-77.0652,38.94559],[-77.06536,38.94586],[-77.06544,38.94599],[-77.06558,38.94623],[-77.06572,38.94648],[-77.06569,38.94649],[-77.06572,38.94654],[-77.06572,38.94655],[-77.06573,38.94655],[-77.06573,38.94656],[-77.06574,38.94658],[-77.06577,38.94662],[-77.0658,38.94667],[-77.06583,38.94674],[-77.06594,38.94693],[-77.06607,38.94715],[-77.0661,38.94719],[-77.06627,38.94748],[-77.06627,38.94749],[-77.06628,38.9475],[-77.06628,38.94752],[-77.06627,38.94765],[-77.06627,38.94778],[-77.06627,38.9479],[-77.06651,38.9479],[-77.0667,38.9479],[-77.06695,38.94835],[-77.06695,38.9488],[-77.06723,38.9488],[-77.06748,38.9488],[-77.06748,38.94887],[-77.06748,38.94889],[-77.06748,38.9489],[-77.06748,38.94891],[-77.06748,38.94894],[-77.06748,38.94912],[-77.06748,38.94914],[-77.06748,38.94916],[-77.06748,38.94919],[-77.06748,38.94923],[-77.06748,38.94924],[-77.06748,38.94945],[-77.06749,38.9496],[-77.06749,38.94961],[-77.06749,38.94962],[-77.06749,38.94969],[-77.06775,38.94969],[-77.06775,38.94976],[-77.06775,38.9498],[-77.06775,38.94989],[-77.06775,38.95015],[-77.06775,38.95016],[-77.06776,38.95017],[-77.06776,38.95018],[-77.06776,38.95019],[-77.06777,38.9502],[-77.06778,38.9502],[-77.0678,38.95021],[-77.06782,38.95021],[-77.06785,38.95021],[-77.06787,38.95021],[-77.06797,38.95021],[-77.06803,38.95021],[-77.06803,38.95024],[-77.06803,38.95026],[-77.06803,38.95027],[-77.06803,38.95028],[-77.06803,38.95031],[-77.06803,38.95032],[-77.06803,38.95033],[-77.06803,38.95038],[-77.06803,38.9504],[-77.06803,38.95055],[-77.06803,38.95058],[-77.06803,38.95063],[-77.06803,38.95064],[-77.06803,38.95065],[-77.06804,38.95073],[-77.06819,38.95073],[-77.06842,38.95073],[-77.06842,38.9508],[-77.06842,38.95082],[-77.06842,38.95108],[-77.06842,38.95109],[-77.06843,38.95109],[-77.06847,38.95109],[-77.06848,38.95109],[-77.06847,38.95129],[-77.06847,38.95135],[-77.06847,38.95142],[-77.0689,38.95142],[-77.0689,38.95149],[-77.0689,38.95175],[-77.0689,38.95177],[-77.0689,38.95183],[-77.0689,38.95186],[-77.0689,38.95191],[-77.0689,38.95194],[-77.0689,38.95202],[-77.0689,38.9521],[-77.06893,38.9521],[-77.06948,38.9521],[-77.06975,38.9521],[-77.06985,38.9521],[-77.06985,38.95218],[-77.06985,38.95301],[-77.06985,38.95324],[-77.06985,38.95325],[-77.06985,38.95326],[-77.06984,38.95331],[-77.06984,38.95332],[-77.06983,38.95334],[-77.06982,38.95336],[-77.06982,38.95339],[-77.06981,38.95341],[-77.0698,38.95345],[-77.06978,38.95348],[-77.06977,38.95351],[-77.06975,38.95357],[-77.06973,38.95362],[-77.06972,38.95366],[-77.0697,38.95372],[-77.06968,38.95377],[-77.06963,38.95389],[-77.06962,38.95392],[-77.0696,38.95398],[-77.06968,38.95398],[-77.07019,38.95398],[-77.07023,38.95398],[-77.07023,38.95406],[-77.07023,38.95407],[-77.07023,38.95408],[-77.07023,38.95409],[-77.07023,38.95414],[-77.07023,38.95421],[-77.07023,38.95428],[-77.07023,38.95429],[-77.07024,38.9543],[-77.07025,38.95431],[-77.07026,38.95431],[-77.07027,38.95431],[-77.07028,38.95432],[-77.07043,38.95432],[-77.07046,38.95432],[-77.07053,38.95432],[-77.07061,38.95432],[-77.07069,38.95432],[-77.07071,38.95432],[-77.07075,38.95432],[-77.07084,38.95432],[-77.07094,38.95432],[-77.07098,38.95432],[-77.07104,38.95432],[-77.07115,38.95432],[-77.07118,38.95432],[-77.07119,38.95432],[-77.0712,38.95432],[-77.07121,38.95432],[-77.07121,38.95433],[-77.07122,38.95433],[-77.07123,38.95433],[-77.07122,38.95434],[-77.07122,38.95435],[-77.07121,38.95435],[-77.07121,38.95436],[-77.07121,38.95437],[-77.07121,38.95443],[-77.07121,38.9545],[-77.07121,38.95459],[-77.07121,38.95461],[-77.07121,38.95463],[-77.07121,38.95465],[-77.07121,38.95468],[-77.07121,38.9547],[-77.07142,38.9547],[-77.07156,38.9547],[-77.07148,38.95479],[-77.07145,38.95482],[-77.07137,38.95492],[-77.07136,38.95493],[-77.07138,38.95494],[-77.07141,38.95496],[-77.07144,38.95497],[-77.07147,38.95499],[-77.0715,38.955],[-77.07152,38.95501],[-77.07154,38.95502],[-77.07156,38.95503],[-77.07162,38.95506],[-77.07172,38.95511],[-77.07178,38.95514],[-77.07184,38.95517],[-77.07189,38.9552],[-77.0719,38.9552],[-77.0719,38.95521],[-77.07191,38.95521],[-77.07192,38.95521],[-77.07193,38.95522],[-77.07194,38.95523],[-77.07195,38.95523],[-77.07196,38.95523],[-77.07196,38.95524],[-77.07198,38.95524],[-77.07191,38.95532],[-77.07177,38.9555],[-77.07165,38.95564],[-77.07143,38.95589],[-77.07125,38.95611],[-77.07122,38.95614],[-77.07123,38.95614],[-77.07124,38.95615],[-77.07124,38.95616],[-77.07125,38.95616],[-77.07126,38.95617],[-77.07126,38.95618],[-77.07127,38.95619],[-77.07127,38.9562],[-77.07128,38.95621],[-77.07128,38.95622],[-77.07129,38.95623],[-77.07129,38.95624],[-77.0713,38.95625],[-77.07131,38.95627],[-77.07132,38.95629],[-77.07132,38.9563],[-77.07141,38.95644],[-77.07144,38.9565],[-77.07147,38.95654],[-77.0715,38.95659],[-77.07157,38.9567],[-77.07155,38.95672],[-77.07151,38.95675],[-77.07148,38.95679],[-77.07145,38.95683],[-77.07141,38.95687],[-77.07138,38.95691],[-77.07135,38.95695],[-77.0713,38.957],[-77.07128,38.95703],[-77.0714,38.95703],[-77.07141,38.95703],[-77.07142,38.95703],[-77.07143,38.95703],[-77.07146,38.95703],[-77.07149,38.95703],[-77.07151,38.95703],[-77.07152,38.95703],[-77.07153,38.95703],[-77.07154,38.95703],[-77.07156,38.95703],[-77.07157,38.95703],[-77.07158,38.95703],[-77.07159,38.95703],[-77.0716,38.95702],[-77.07161,38.95702],[-77.07168,38.95702],[-77.07175,38.95702],[-77.0718,38.95711],[-77.07193,38.95736],[-77.07194,38.95736],[-77.07201,38.95736],[-77.07202,38.95736],[-77.07202,38.95738],[-77.07202,38.95741],[-77.07202,38.95758],[-77.07202,38.95762],[-77.07202,38.95769],[-77.07205,38.95769],[-77.07207,38.95769],[-77.07208,38.95769],[-77.07209,38.95769],[-77.07212,38.95769],[-77.07214,38.95769],[-77.07216,38.95769],[-77.07221,38.95778],[-77.07223,38.95782],[-77.07229,38.95792],[-77.07234,38.95801],[-77.07233,38.95803],[-77.07233,38.95804],[-77.07233,38.95807],[-77.07233,38.95812],[-77.07233,38.95814],[-77.07233,38.95825],[-77.07233,38.95829],[-77.07233,38.95834],[-77.07233,38.95837],[-77.07237,38.95837],[-77.07253,38.95837],[-77.07259,38.95848],[-77.07262,38.95855],[-77.07265,38.95861],[-77.07268,38.95864],[-77.07268,38.95865],[-77.07269,38.95866],[-77.07269,38.95867],[-77.07269,38.95868],[-77.0727,38.95868],[-77.07271,38.95869],[-77.07271,38.95872],[-77.07271,38.95884],[-77.07271,38.95887],[-77.07271,38.95891],[-77.07271,38.95896],[-77.07271,38.95903],[-77.07285,38.95903],[-77.07293,38.95903],[-77.07293,38.95904],[-77.07294,38.95905],[-77.07294,38.95906],[-77.07294,38.95907],[-77.07295,38.95908],[-77.07295,38.95909],[-77.07296,38.9591],[-77.07296,38.95911],[-77.07297,38.95912],[-77.07302,38.95921],[-77.07307,38.9593],[-77.07308,38.95931],[-77.07308,38.95932],[-77.07309,38.95933],[-77.0731,38.95934],[-77.0731,38.95935],[-77.07311,38.95935],[-77.07312,38.95936],[-77.07313,38.95936],[-77.07313,38.95938],[-77.07313,38.95957],[-77.07313,38.95961],[-77.07313,38.95969],[-77.0733,38.95969],[-77.07331,38.95971],[-77.07332,38.95972],[-77.07332,38.95973],[-77.07333,38.95974],[-77.07333,38.95975],[-77.07334,38.95976],[-77.07334,38.95977],[-77.07335,38.95978],[-77.07335,38.95979],[-77.07337,38.95983],[-77.0734,38.95987],[-77.0734,38.95988],[-77.07341,38.95989],[-77.07346,38.95997],[-77.07348,38.96],[-77.07349,38.96001],[-77.07362,38.96001],[-77.07362,38.96002],[-77.07362,38.96003],[-77.07362,38.96021],[-77.07362,38.96025],[-77.07362,38.96032],[-77.07367,38.96033],[-77.07384,38.96064],[-77.07381,38.9607],[-77.07381,38.96099],[-77.07381,38.96103],[-77.074,38.96103],[-77.07423,38.96103],[-77.07425,38.96103],[-77.07436,38.96102],[-77.0745,38.96102],[-77.0746,38.96102],[-77.07465,38.96102],[-77.07468,38.96102],[-77.07469,38.96102],[-77.0747,38.96102],[-77.07488,38.96103],[-77.07492,38.96103],[-77.07497,38.96103],[-77.075,38.96103],[-77.07502,38.96103],[-77.07505,38.96103],[-77.07537,38.96103],[-77.0754,38.96103],[-77.07572,38.96103],[-77.07581,38.96103],[-77.07584,38.96103],[-77.0761,38.96103],[-77.07615,38.96103],[-77.07622,38.96103],[-77.07632,38.96103],[-77.07652,38.96103],[-77.07667,38.96103],[-77.07672,38.96103],[-77.07675,38.96103],[-77.07678,38.96103],[-77.0768,38.96103],[-77.07681,38.96103],[-77.07682,38.96103],[-77.07684,38.96103],[-77.077,38.96103],[-77.07702,38.96103],[-77.07703,38.96103],[-77.07704,38.96103],[-77.07706,38.96103],[-77.0771,38.96103],[-77.07714,38.96103],[-77.07719,38.96103],[-77.07724,38.96103],[-77.07726,38.96103],[-77.07777,38.96103],[-77.07802,38.96103],[-77.07803,38.96103],[-77.0786,38.96103],[-77.07914,38.96103],[-77.07966,38.96103],[-77.07982,38.96103]]]},"properties":{"zone":"R-1B","label":"R-1B","desc":"Provides areas predominantly developed with detached houses on moderately sized lots."}},{"type":"Feature","geometry":{"type":"Polygon","coordinates":[[[-77.05473,38.91264],[-77.05489,38.91271],[-77.05526,38.9129],[-77.05547,38.913],[-77.05603,38.91357],[-77.05687,38.91413],[-77.05734,38.91445],[-77.05816,38.915],[-77.0587,38.91548],[-77.05872,38.91542],[-77.05889,38.9151],[-77.05923,38.91426],[-77.05979,38.91273],[-77.05984,38.91263],[-77.05981,38.91262],[-77.05953,38.91257],[-77.05945,38.91255],[-77.0594,38.91255],[-77.05939,38.91254],[-77.05938,38.91254],[-77.05934,38.91254],[-77.05931,38.91253],[-77.0593,38.91254],[-77.05929,38.91255],[-77.05924,38.91255],[-77.05916,38.91255],[-77.05906,38.91256],[-77.05895,38.91256],[-77.05886,38.91256],[-77.05879,38.91256],[-77.05876,38.91256],[-77.05875,38.91256],[-77.05874,38.91256],[-77.05847,38.91256],[-77.05835,38.91256],[-77.05825,38.91256],[-77.05813,38.91256],[-77.05787,38.91257],[-77.05765,38.91257],[-77.05744,38.91258],[-77.05728,38.91258],[-77.05727,38.91258],[-77.05726,38.91258],[-77.05725,38.91258],[-77.05724,38.91257],[-77.05723,38.91257],[-77.05722,38.91257],[-77.05708,38.91257],[-77.0568,38.91258],[-77.05646,38.91259],[-77.0555,38.91262],[-77.05473,38.91264]]]},"properties":{"zone":"R-1B","label":"R-1B","desc":"Provides areas predominantly developed with detached houses on moderately sized lots."}},{"type":"Feature","geometry":{"type":"Polygon","coordinates":[[[-77.07046,38.95473],[-77.07046,38.95478],[-77.07046,38.95479],[-77.07046,38.9548],[-77.07046,38.95481],[-77.07046,38.95482],[-77.07046,38.95483],[-77.07047,38.95483],[-77.07047,38.95484],[-77.07047,38.95485],[-77.07056,38.955],[-77.07056,38.95501],[-77.07061,38.9551],[-77.07067,38.95519],[-77.07069,38.95523],[-77.07071,38.95526],[-77.07073,38.95529],[-77.07075,38.95533],[-77.07078,38.95537],[-77.07079,38.95538],[-77.0708,38.95539],[-77.0708,38.9554],[-77.07081,38.9554],[-77.07085,38.95542],[-77.07089,38.95544],[-77.07091,38.95545],[-77.07092,38.95545],[-77.07079,38.9556],[-77.07075,38.95564],[-77.07065,38.95577],[-77.0706,38.95583],[-77.07067,38.95586],[-77.07073,38.95589],[-77.07074,38.95589],[-77.07082,38.95594],[-77.07093,38.956],[-77.07105,38.95606],[-77.07107,38.95607],[-77.07108,38.95607],[-77.0711,38.95608],[-77.0712,38.95612],[-77.07121,38.95613],[-77.07122,38.95613],[-77.07122,38.95614],[-77.07125,38.95611],[-77.07143,38.95589],[-77.07165,38.95564],[-77.07177,38.9555],[-77.07191,38.95532],[-77.07198,38.95524],[-77.07196,38.95524],[-77.07196,38.95523],[-77.07195,38.95523],[-77.07194,38.95523],[-77.07193,38.95522],[-77.07192,38.95521],[-77.07191,38.95521],[-77.0719,38.95521],[-77.0719,38.9552],[-77.07189,38.9552],[-77.07184,38.95517],[-77.07178,38.95514],[-77.07172,38.95511],[-77.07162,38.95506],[-77.07156,38.95503],[-77.07154,38.95502],[-77.07152,38.95501],[-77.0715,38.955],[-77.07147,38.95499],[-77.07144,38.95497],[-77.07141,38.95496],[-77.07138,38.95494],[-77.07136,38.95493],[-77.07137,38.95492],[-77.07145,38.95482],[-77.07148,38.95479],[-77.07156,38.9547],[-77.07142,38.9547],[-77.07121,38.9547],[-77.07121,38.95468],[-77.07121,38.95465],[-77.07121,38.95463],[-77.07121,38.95461],[-77.07121,38.95459],[-77.07121,38.9545],[-77.07121,38.95443],[-77.07121,38.95437],[-77.07121,38.95436],[-77.07121,38.95435],[-77.07122,38.95435],[-77.07122,38.95434],[-77.07123,38.95433],[-77.07122,38.95433],[-77.07121,38.95433],[-77.07121,38.95432],[-77.0712,38.95432],[-77.07119,38.95432],[-77.07118,38.95432],[-77.07115,38.95432],[-77.07104,38.95432],[-77.07098,38.95432],[-77.07094,38.95432],[-77.07084,38.95432],[-77.07075,38.95432],[-77.07071,38.95432],[-77.07069,38.95432],[-77.07061,38.95432],[-77.07053,38.95432],[-77.07046,38.95432],[-77.07043,38.95432],[-77.07028,38.95432],[-77.07027,38.95432],[-77.07023,38.95431],[-77.0702,38.95431],[-77.0702,38.95434],[-77.0702,38.95435],[-77.0702,38.95455],[-77.0702,38.95459],[-77.0702,38.9547],[-77.07046,38.9547],[-77.07046,38.95473]]]},"properties":{"zone":"R-2","label":"R-2","desc":"Provide areas predominantly developed with semi-detached houses on moderately-sized lots that also contain some detached dwellings"}},{"type":"Feature","geometry":{"type":"Polygon","coordinates":[[[-77.03214,38.98908],[-77.03275,38.98956],[-77.03332,38.99],[-77.03626,38.9923],[-77.03632,38.99228],[-77.03632,38.99204],[-77.03632,38.99068],[-77.03642,38.99068],[-77.03646,38.99068],[-77.03651,38.99068],[-77.03659,38.99068],[-77.03668,38.99068],[-77.03676,38.99067],[-77.03684,38.99067],[-77.03692,38.99067],[-77.03701,38.99067],[-77.03706,38.99066],[-77.03712,38.99066],[-77.03717,38.99065],[-77.03722,38.99065],[-77.03728,38.99064],[-77.03733,38.99063],[-77.03738,38.99062],[-77.03744,38.99061],[-77.03749,38.9906],[-77.03754,38.99058],[-77.03759,38.99057],[-77.03764,38.99055],[-77.03769,38.99053],[-77.03774,38.99051],[-77.03779,38.99048],[-77.03784,38.99046],[-77.03788,38.99043],[-77.03793,38.99041],[-77.03797,38.99038],[-77.03801,38.99036],[-77.03839,38.99009],[-77.03881,38.98979],[-77.03923,38.98948],[-77.03924,38.98948],[-77.03925,38.98947],[-77.0393,38.98943],[-77.03936,38.98938],[-77.03945,38.98931],[-77.03945,38.9893],[-77.03946,38.9893],[-77.03948,38.98928],[-77.03949,38.98928],[-77.0395,38.98927],[-77.03951,38.98927],[-77.03953,38.98926],[-77.03953,38.98925],[-77.03954,38.98925],[-77.03955,38.98924],[-77.03956,38.98924],[-77.03957,38.98924],[-77.03958,38.98923],[-77.0396,38.98922],[-77.03961,38.98922],[-77.03963,38.98921],[-77.03963,38.9892],[-77.03965,38.98919],[-77.03967,38.98919],[-77.03968,38.98918],[-77.0397,38.98917],[-77.03971,38.98916],[-77.03972,38.98915],[-77.03974,38.98914],[-77.03975,38.98913],[-77.03976,38.98912],[-77.03978,38.98911],[-77.03979,38.9891],[-77.0398,38.98909],[-77.03991,38.989],[-77.03999,38.98893],[-77.04008,38.98885],[-77.04026,38.9887],[-77.04017,38.98864],[-77.03995,38.9885],[-77.03979,38.9884],[-77.03976,38.9884],[-77.03976,38.98839],[-77.03975,38.98838],[-77.03951,38.98822],[-77.0395,38.98822],[-77.03948,38.98821],[-77.03947,38.9882],[-77.03945,38.9882],[-77.03942,38.9882],[-77.03914,38.98822],[-77.03914,38.9882],[-77.03902,38.9879],[-77.03894,38.98784],[-77.03888,38.9878],[-77.03886,38.98779],[-77.03866,38.98765],[-77.03851,38.98755],[-77.0385,38.98755],[-77.03844,38.98749],[-77.03829,38.98737],[-77.03824,38.98733],[-77.03819,38.98728],[-77.03806,38.98718],[-77.03806,38.98717],[-77.03805,38.98716],[-77.03804,38.98715],[-77.03802,38.98714],[-77.03801,38.98713],[-77.038,38.98713],[-77.038,38.98712],[-77.038,38.98713],[-77.03799,38.98713],[-77.03798,38.98713],[-77.03797,38.98713],[-77.03796,38.98714],[-77.03789,38.98716],[-77.03783,38.98717],[-77.03776,38.98719],[-77.03769,38.98721],[-77.03763,38.98723],[-77.03756,38.98725],[-77.0375,38.98727],[-77.03743,38.98729],[-77.03739,38.9873],[-77.03738,38.98731],[-77.03738,38.9873],[-77.03737,38.98728],[-77.03736,38.98726],[-77.03735,38.98724],[-77.03732,38.98717],[-77.03726,38.98706],[-77.03717,38.98687],[-77.03717,38.98663],[-77.03717,38.98641],[-77.03717,38.98598],[-77.03717,38.98595],[-77.03717,38.98593],[-77.03718,38.98592],[-77.03717,38.98582],[-77.03713,38.98582],[-77.03669,38.98574],[-77.03647,38.98569],[-77.03635,38.98567],[-77.03634,38.98416],[-77.03634,38.98322],[-77.03634,38.98229],[-77.03635,38.98136],[-77.03635,38.98087],[-77.03635,38.9807],[-77.03635,38.98039],[-77.03635,38.9794],[-77.03635,38.9787],[-77.03635,38.97859],[-77.03635,38.97858],[-77.03636,38.97707],[-77.03636,38.9762],[-77.03636,38.97612],[-77.03637,38.97487],[-77.03637,38.97449],[-77.03637,38.97392],[-77.03637,38.97354],[-77.03637,38.97313],[-77.03629,38.97313],[-77.03627,38.97313],[-77.03625,38.97313],[-77.03624,38.97313],[-77.03622,38.97313],[-77.0362,38.97313],[-77.03618,38.97313],[-77.03617,38.97313],[-77.03616,38.97313],[-77.03614,38.97313],[-77.03613,38.97313],[-77.03611,38.97313],[-77.03609,38.97313],[-77.03608,38.97313],[-77.03607,38.97313],[-77.03606,38.97313],[-77.03604,38.97313],[-77.03602,38.97313],[-77.03601,38.97313],[-77.03599,38.97314],[-77.03597,38.97314],[-77.03595,38.97314],[-77.03594,38.97315],[-77.03592,38.97315],[-77.03591,38.97315],[-77.03588,38.97316],[-77.03586,38.97317],[-77.03584,38.97317],[-77.03582,38.97318],[-77.0358,38.97318],[-77.03577,38.97319],[-77.03575,38.97319],[-77.03572,38.9732],[-77.0357,38.97321],[-77.03567,38.97321],[-77.03565,38.97322],[-77.03562,38.97323],[-77.03561,38.97323],[-77.03559,38.97324],[-77.03558,38.97324],[-77.03556,38.97325],[-77.03555,38.97325],[-77.03553,38.97326],[-77.03552,38.97327],[-77.03551,38.97328],[-77.03549,38.97329],[-77.03548,38.9733],[-77.03546,38.97331],[-77.03545,38.97332],[-77.03544,38.97333],[-77.03542,38.97334],[-77.03541,38.97335],[-77.0354,38.97336],[-77.03538,38.97337],[-77.03537,38.97338],[-77.03535,38.97339],[-77.03534,38.9734],[-77.03533,38.97341],[-77.03531,38.97342],[-77.0353,38.97343],[-77.03528,38.97344],[-77.03527,38.97345],[-77.03525,38.97346],[-77.03524,38.97347],[-77.03522,38.97348],[-77.03521,38.97349],[-77.03519,38.9735],[-77.03517,38.97351],[-77.03515,38.97352],[-77.03513,38.97353],[-77.03511,38.97354],[-77.03509,38.97356],[-77.03507,38.97357],[-77.03505,38.97357],[-77.03503,38.97358],[-77.03501,38.97359],[-77.03499,38.9736],[-77.03497,38.97361],[-77.03495,38.97361],[-77.03494,38.97362],[-77.03491,38.97363],[-77.03489,38.97364],[-77.03487,38.97364],[-77.03485,38.97365],[-77.03483,38.97366],[-77.03481,38.97366],[-77.03479,38.97367],[-77.03477,38.97368],[-77.03475,38.97368],[-77.03473,38.97369],[-77.0347,38.9737],[-77.03468,38.9737],[-77.03466,38.97371],[-77.03464,38.97371],[-77.03461,38.97371],[-77.03459,38.97372],[-77.03458,38.97372],[-77.03451,38.97373],[-77.03444,38.97362],[-77.03436,38.97357],[-77.03424,38.97356],[-77.03412,38.97356],[-77.03403,38.97357],[-77.03396,38.9736],[-77.03385,38.97371],[-77.03376,38.97369],[-77.03367,38.97367],[-77.03366,38.97367],[-77.03364,38.97366],[-77.03362,38.97366],[-77.0336,38.97365],[-77.03358,38.97364],[-77.03356,38.97363],[-77.03354,38.97363],[-77.03352,38.97362],[-77.0335,38.97361],[-77.03348,38.9736],[-77.03347,38.97359],[-77.03345,38.97358],[-77.03344,38.97358],[-77.03342,38.97357],[-77.03341,38.97356],[-77.03339,38.97355],[-77.03338,38.97355],[-77.03336,38.97354],[-77.03335,38.97353],[-77.03333,38.97352],[-77.03332,38.97351],[-77.0333,38.9735],[-77.03329,38.97349],[-77.03327,38.97348],[-77.03326,38.97347],[-77.03325,38.97346],[-77.03323,38.97345],[-77.03322,38.97344],[-77.03321,38.97343],[-77.03319,38.97342],[-77.03318,38.97341],[-77.03317,38.9734],[-77.03315,38.97339],[-77.03314,38.97338],[-77.03313,38.97337],[-77.03311,38.97336],[-77.0331,38.97335],[-77.03309,38.97334],[-77.03307,38.97333],[-77.03306,38.97332],[-77.03304,38.97331],[-77.03303,38.9733],[-77.03301,38.97329],[-77.033,38.97328],[-77.03298,38.97328],[-77.03297,38.97327],[-77.03295,38.97326],[-77.03294,38.97325],[-77.03292,38.97325],[-77.03291,38.97324],[-77.03289,38.97323],[-77.03288,38.97323],[-77.03286,38.97322],[-77.03284,38.97322],[-77.03283,38.97321],[-77.03281,38.9732],[-77.03279,38.9732],[-77.03278,38.97319],[-77.03276,38.97319],[-77.03274,38.97319],[-77.03273,38.97318],[-77.03271,38.97318],[-77.0327,38.97317],[-77.03268,38.97317],[-77.03266,38.97317],[-77.03264,38.97317],[-77.03263,38.97316],[-77.03261,38.97316],[-77.03259,38.97316],[-77.03257,38.97316],[-77.03256,38.97316],[-77.03253,38.97315],[-77.03251,38.97315],[-77.03249,38.97315],[-77.03247,38.97315],[-77.03245,38.97315],[-77.03243,38.97315],[-77.03241,38.97315],[-77.03239,38.97315],[-77.03238,38.97315],[-77.03236,38.97316],[-77.03234,38.97316],[-77.03233,38.97316],[-77.03231,38.97316],[-77.03229,38.97317],[-77.03228,38.97317],[-77.03226,38.97317],[-77.03224,38.97318],[-77.03222,38.97318],[-77.0322,38.97318],[-77.03219,38.97319],[-77.03217,38.9732],[-77.03215,38.9732],[-77.03214,38.9732],[-77.03213,38.97321],[-77.03211,38.97321],[-77.03209,38.97322],[-77.03207,38.97323],[-77.03204,38.97324],[-77.03202,38.97325],[-77.03201,38.97326],[-77.032,38.97326],[-77.03198,38.97327],[-77.03196,38.97329],[-77.03193,38.9733],[-77.03192,38.9733],[-77.03191,38.97331],[-77.03181,38.97339],[-77.03149,38.97373],[-77.03119,38.97403],[-77.03097,38.97423],[-77.03098,38.97424],[-77.03098,38.97579],[-77.03098,38.97585],[-77.03105,38.97585],[-77.03172,38.97585],[-77.03192,38.97585],[-77.03295,38.97585],[-77.03296,38.97619],[-77.03296,38.97677],[-77.03301,38.97677],[-77.03301,38.97731],[-77.03301,38.97751],[-77.03319,38.97762],[-77.03331,38.97771],[-77.03323,38.97779],[-77.03318,38.97783],[-77.03304,38.97797],[-77.03297,38.97803],[-77.03296,38.97803],[-77.03294,38.97802],[-77.03293,38.97801],[-77.03292,38.97801],[-77.0329,38.97801],[-77.03289,38.978],[-77.03288,38.978],[-77.03286,38.978],[-77.03285,38.978],[-77.03283,38.97799],[-77.03252,38.978],[-77.03213,38.978],[-77.03205,38.97799],[-77.03197,38.978],[-77.03192,38.978],[-77.03185,38.978],[-77.03177,38.978],[-77.03174,38.978],[-77.03172,38.978],[-77.03158,38.978],[-77.03109,38.978],[-77.03107,38.978],[-77.03061,38.978],[-77.03057,38.97799],[-77.03014,38.97799],[-77.03001,38.97799],[-77.02979,38.97799],[-77.02968,38.97799],[-77.02959,38.97799],[-77.02958,38.97799],[-77.02864,38.97799],[-77.02816,38.97799],[-77.02796,38.97799],[-77.02788,38.97799],[-77.02788,38.97806],[-77.02788,38.97834],[-77.02788,38.97843],[-77.02787,38.97862],[-77.02787,38.97863],[-77.02788,38.9787],[-77.02788,38.97877],[-77.02788,38.97903],[-77.02788,38.97932],[-77.02788,38.97933],[-77.02788,38.9794],[-77.02788,38.97947],[-77.02788,38.97989],[-77.02788,38.98013],[-77.02788,38.98031],[-77.02788,38.98032],[-77.02788,38.98039],[-77.02796,38.98039],[-77.02823,38.98039],[-77.02824,38.98039],[-77.02824,38.9804],[-77.02824,38.98043],[-77.02824,38.98045],[-77.02824,38.98047],[-77.02824,38.98051],[-77.02824,38.98063],[-77.02824,38.98079],[-77.02825,38.98081],[-77.02827,38.98081],[-77.02847,38.98081],[-77.02866,38.98081],[-77.02912,38.98081],[-77.02912,38.98119],[-77.02895,38.98118],[-77.0286,38.98139],[-77.02853,38.98143],[-77.02853,38.98144],[-77.02852,38.98144],[-77.02851,38.98145],[-77.0285,38.98145],[-77.0285,38.98146],[-77.02849,38.98147],[-77.02848,38.98148],[-77.02844,38.98157],[-77.02841,38.98164],[-77.02838,38.9817],[-77.02836,38.98173],[-77.02836,38.98174],[-77.02832,38.98182],[-77.02827,38.98193],[-77.02826,38.98194],[-77.02826,38.98195],[-77.02825,38.98196],[-77.02825,38.98197],[-77.02813,38.98208],[-77.02812,38.98208],[-77.02811,38.98208],[-77.0281,38.98208],[-77.02798,38.98208],[-77.02788,38.98209],[-77.02788,38.98217],[-77.02788,38.9823],[-77.02788,38.98243],[-77.02788,38.98256],[-77.02788,38.98269],[-77.02788,38.98271],[-77.02788,38.98272],[-77.02789,38.98273],[-77.0279,38.98274],[-77.0279,38.98275],[-77.02791,38.98276],[-77.02792,38.98277],[-77.02794,38.98278],[-77.02795,38.98278],[-77.02796,38.98279],[-77.02788,38.98287],[-77.02773,38.98301],[-77.02742,38.9833],[-77.02727,38.98344],[-77.02727,38.98345],[-77.02708,38.98362],[-77.02695,38.98373],[-77.02692,38.98376],[-77.02688,38.98383],[-77.02705,38.98385],[-77.02741,38.98393],[-77.02742,38.98393],[-77.02743,38.98393],[-77.02744,38.98393],[-77.02742,38.98397],[-77.0274,38.98402],[-77.02739,38.98405],[-77.02737,38.98411],[-77.02736,38.98413],[-77.02733,38.98416],[-77.02732,38.98418],[-77.02731,38.98419],[-77.02731,38.9842],[-77.0272,38.98429],[-77.02719,38.98429],[-77.02718,38.98429],[-77.02712,38.98429],[-77.02709,38.98429],[-77.02709,38.98431],[-77.02709,38.98433],[-77.02709,38.98451],[-77.02717,38.98451],[-77.02719,38.98451],[-77.02725,38.98451],[-77.02741,38.98463],[-77.02779,38.98493],[-77.02781,38.98494],[-77.02796,38.98506],[-77.02799,38.98508],[-77.02804,38.98512],[-77.02807,38.98515],[-77.02806,38.98515],[-77.02806,38.98516],[-77.02806,38.98517],[-77.02805,38.98517],[-77.02805,38.98518],[-77.02805,38.98519],[-77.02803,38.98521],[-77.02802,38.98523],[-77.02801,38.98523],[-77.02801,38.98524],[-77.02799,38.98526],[-77.02797,38.98528],[-77.02795,38.9853],[-77.02794,38.98532],[-77.02793,38.98532],[-77.02792,38.98534],[-77.02791,38.98534],[-77.0279,38.98535],[-77.02788,38.98536],[-77.02788,38.98537],[-77.02787,38.98537],[-77.02787,38.98538],[-77.02762,38.98555],[-77.02829,38.98608],[-77.02952,38.98704],[-77.03094,38.98815],[-77.03214,38.98908]]]},"properties":{"zone":"R-1B","label":"R-1B","desc":"Provides areas predominantly developed with detached houses on moderately sized lots."}},{"type":"Feature","geometry":{"type":"Polygon","coordinates":[[[-77.0546,38.93286],[-77.05459,38.93287],[-77.05451,38.93294],[-77.05407,38.93333],[-77.05367,38.93343],[-77.05357,38.93345],[-77.05349,38.93348],[-77.05348,38.93349],[-77.05348,38.93354],[-77.05322,38.9336],[-77.05297,38.93367],[-77.05282,38.93371],[-77.05274,38.9341],[-77.05271,38.93424],[-77.0527,38.93428],[-77.05269,38.9343],[-77.05265,38.93448],[-77.05265,38.93447],[-77.05179,38.93433],[-77.05169,38.93431],[-77.05156,38.93428],[-77.05147,38.93426],[-77.05139,38.93425],[-77.05136,38.93425],[-77.05128,38.93424],[-77.05123,38.93424],[-77.05117,38.93423],[-77.05106,38.93423],[-77.05089,38.93422],[-77.05087,38.93422],[-77.05071,38.93423],[-77.05069,38.93423],[-77.05068,38.93423],[-77.05062,38.93423],[-77.05055,38.93423],[-77.05051,38.93424],[-77.0504,38.93425],[-77.04975,38.9346],[-77.0497,38.93462],[-77.04967,38.93465],[-77.04965,38.93466],[-77.04964,38.93467],[-77.04963,38.93468],[-77.04959,38.93472],[-77.04957,38.93475],[-77.04956,38.93476],[-77.04955,38.93478],[-77.04955,38.93479],[-77.04953,38.93482],[-77.04952,38.93486],[-77.04951,38.93488],[-77.04951,38.93489],[-77.0495,38.93492],[-77.0495,38.93496],[-77.0495,38.935],[-77.04951,38.93503],[-77.04951,38.93505],[-77.04952,38.93507],[-77.04953,38.93511],[-77.04955,38.93515],[-77.04957,38.93516],[-77.04958,38.93518],[-77.0496,38.93521],[-77.04963,38.93524],[-77.04965,38.93526],[-77.04966,38.93527],[-77.04969,38.93529],[-77.04973,38.93531],[-77.04975,38.93532],[-77.04977,38.93534],[-77.04979,38.93535],[-77.04982,38.93536],[-77.04984,38.93537],[-77.04986,38.93537],[-77.04988,38.93538],[-77.04989,38.93538],[-77.04995,38.93539],[-77.05,38.9354],[-77.05013,38.93541],[-77.05015,38.93541],[-77.05018,38.93542],[-77.05024,38.93543],[-77.05028,38.93544],[-77.05031,38.93544],[-77.05031,38.93545],[-77.05038,38.93547],[-77.05045,38.93549],[-77.05053,38.93553],[-77.05061,38.93558],[-77.05065,38.93561],[-77.05066,38.93562],[-77.05067,38.93562],[-77.05069,38.93564],[-77.05131,38.93625],[-77.0514,38.93633],[-77.05165,38.93658],[-77.05231,38.93721],[-77.0524,38.9373],[-77.05241,38.9373],[-77.05243,38.93729],[-77.05257,38.93722],[-77.05266,38.93717],[-77.05277,38.93711],[-77.05286,38.93707],[-77.05293,38.93703],[-77.05299,38.937],[-77.05305,38.93706],[-77.05314,38.93709],[-77.05326,38.93707],[-77.05331,38.93703],[-77.05342,38.93692],[-77.05345,38.93689],[-77.05347,38.93687],[-77.05355,38.9368],[-77.0536,38.93677],[-77.05366,38.93673],[-77.0537,38.93674],[-77.05377,38.93675],[-77.05381,38.93675],[-77.05403,38.93683],[-77.05413,38.93682],[-77.05414,38.93682],[-77.05417,38.93682],[-77.05422,38.93682],[-77.05426,38.93682],[-77.05438,38.93682],[-77.05441,38.93683],[-77.05446,38.93683],[-77.05455,38.93606],[-77.05462,38.93607],[-77.05465,38.93578],[-77.05466,38.93575],[-77.05467,38.93561],[-77.05469,38.93548],[-77.05469,38.93543],[-77.0547,38.93535],[-77.05471,38.93532],[-77.05471,38.93529],[-77.05474,38.9353],[-77.05475,38.93527],[-77.05475,38.93524],[-77.05476,38.93516],[-77.05482,38.93467],[-77.05485,38.93434],[-77.05489,38.93404],[-77.05489,38.93403],[-77.05489,38.93402],[-77.05489,38.93399],[-77.0549,38.93392],[-77.0549,38.93389],[-77.05493,38.93356],[-77.05495,38.93335],[-77.05497,38.93309],[-77.055,38.93282],[-77.0546,38.93286]]]},"properties":{"zone":"R-1A","label":"R-1A","desc":"Provides areas predominantly developed with detached houses on large lots."}},{"type":"Feature","geometry":{"type":"Polygon","coordinates":[[[-77.06155,38.91485],[-77.06153,38.91496],[-77.06157,38.91503],[-77.06157,38.91509],[-77.06157,38.9151],[-77.06157,38.91511],[-77.06157,38.91514],[-77.06158,38.9152],[-77.0616,38.91525],[-77.06163,38.9153],[-77.06188,38.91546],[-77.06278,38.91553],[-77.06281,38.91554],[-77.06382,38.91559],[-77.0643,38.91562],[-77.06515,38.91608],[-77.06565,38.91644],[-77.06627,38.91688],[-77.06629,38.91687],[-77.06602,38.91653],[-77.06587,38.91633],[-77.06588,38.91632],[-77.06659,38.91599],[-77.06721,38.91578],[-77.06709,38.91556],[-77.06689,38.91521],[-77.06691,38.9152],[-77.06674,38.91489],[-77.0667,38.91482],[-77.06665,38.91473],[-77.0667,38.91473],[-77.06672,38.91473],[-77.0667,38.9147],[-77.06669,38.91469],[-77.06668,38.91466],[-77.06667,38.91464],[-77.06666,38.91463],[-77.06666,38.91462],[-77.06665,38.91461],[-77.06663,38.91457],[-77.06662,38.91456],[-77.0666,38.91452],[-77.06658,38.91448],[-77.06658,38.91447],[-77.06655,38.91442],[-77.06654,38.91441],[-77.06653,38.91438],[-77.06651,38.91436],[-77.06651,38.91435],[-77.0665,38.91434],[-77.0665,38.91433],[-77.0665,38.91432],[-77.0665,38.91431],[-77.06649,38.91428],[-77.06649,38.91426],[-77.06649,38.91425],[-77.06648,38.9142],[-77.06648,38.91418],[-77.06647,38.91414],[-77.06646,38.91407],[-77.06646,38.91406],[-77.06644,38.91395],[-77.06643,38.91387],[-77.06642,38.91382],[-77.06641,38.91373],[-77.06633,38.91365],[-77.06617,38.91349],[-77.066,38.91331],[-77.06582,38.91313],[-77.06568,38.91299],[-77.06568,38.91306],[-77.06568,38.91311],[-77.0653,38.91311],[-77.06514,38.91312],[-77.06509,38.91312],[-77.06506,38.91312],[-77.06496,38.91313],[-77.06495,38.91312],[-77.06493,38.91312],[-77.06492,38.91312],[-77.06478,38.91312],[-77.06466,38.91313],[-77.06462,38.91313],[-77.0646,38.91313],[-77.06459,38.91313],[-77.06457,38.91313],[-77.06449,38.91314],[-77.06447,38.91314],[-77.06444,38.91314],[-77.06443,38.91314],[-77.06441,38.91314],[-77.06438,38.91314],[-77.06437,38.91314],[-77.06416,38.91315],[-77.06416,38.91314],[-77.06413,38.91295],[-77.06413,38.91291],[-77.06411,38.91279],[-77.06411,38.91278],[-77.0641,38.91271],[-77.0641,38.9127],[-77.0641,38.91269],[-77.0641,38.91264],[-77.06408,38.91252],[-77.06407,38.91243],[-77.06403,38.91211],[-77.06403,38.9121],[-77.06403,38.91209],[-77.064,38.91185],[-77.06396,38.9116],[-77.06393,38.9113],[-77.06389,38.911],[-77.06386,38.91068],[-77.06384,38.91054],[-77.06383,38.91046],[-77.06373,38.91046],[-77.06338,38.91047],[-77.06323,38.91047],[-77.06303,38.91047],[-77.06267,38.91047],[-77.06231,38.91048],[-77.06205,38.91048],[-77.06204,38.91048],[-77.06203,38.91048],[-77.06195,38.91048],[-77.06184,38.91049],[-77.06172,38.91049],[-77.06161,38.91049],[-77.06127,38.91049],[-77.06106,38.9105],[-77.06109,38.91058],[-77.0611,38.91061],[-77.06112,38.91065],[-77.06114,38.91072],[-77.06116,38.91079],[-77.06118,38.91085],[-77.06119,38.91088],[-77.0612,38.9109],[-77.06122,38.91097],[-77.06114,38.91097],[-77.06107,38.91097],[-77.06105,38.91097],[-77.06099,38.91097],[-77.06097,38.91097],[-77.06094,38.91097],[-77.06093,38.91097],[-77.06092,38.91097],[-77.06091,38.91097],[-77.0609,38.91097],[-77.06089,38.91097],[-77.06086,38.91097],[-77.0609,38.91108],[-77.06091,38.9111],[-77.06095,38.91119],[-77.06096,38.91124],[-77.06099,38.91131],[-77.061,38.91133],[-77.061,38.91134],[-77.06103,38.91141],[-77.06105,38.91145],[-77.06105,38.91146],[-77.06108,38.91154],[-77.06114,38.91168],[-77.06116,38.91174],[-77.0612,38.91185],[-77.06141,38.91239],[-77.06142,38.91239],[-77.06144,38.91238],[-77.06175,38.91234],[-77.06212,38.91228],[-77.06216,38.91235],[-77.06215,38.91236],[-77.06217,38.91247],[-77.0622,38.91246],[-77.06228,38.91279],[-77.06226,38.91293],[-77.06225,38.913],[-77.06225,38.91301],[-77.06225,38.91302],[-77.06221,38.91307],[-77.0622,38.91311],[-77.06219,38.91315],[-77.06217,38.91321],[-77.06215,38.91326],[-77.06211,38.91334],[-77.06205,38.91347],[-77.062,38.91358],[-77.06196,38.91367],[-77.0619,38.9138],[-77.06184,38.91392],[-77.06182,38.91396],[-77.06179,38.91403],[-77.06171,38.9142],[-77.06166,38.91432],[-77.06165,38.91435],[-77.06163,38.91441],[-77.06161,38.91452],[-77.06158,38.91468],[-77.06155,38.91485]]]},"properties":{"zone":"R-1B/GT","label":"R-1B/GT","desc":"Permits detached houses on moderately-sized lots"}},{"type":"Feature","geometry":{"type":"Polygon","coordinates":[[[-77.03276,38.97227],[-77.03276,38.9722],[-77.03276,38.97215],[-77.03276,38.97204],[-77.03276,38.97184],[-77.03276,38.97155],[-77.03276,38.97154],[-77.03276,38.97131],[-77.03278,38.97131],[-77.03278,38.97125],[-77.03278,38.97106],[-77.0323,38.97114],[-77.0321,38.97118],[-77.03209,38.97117],[-77.03214,38.97111],[-77.03276,38.97048],[-77.03298,38.97026],[-77.03318,38.97004],[-77.03324,38.96999],[-77.03338,38.96993],[-77.0333,38.96994],[-77.03314,38.96994],[-77.03313,38.96994],[-77.03312,38.96994],[-77.03308,38.96993],[-77.03265,38.96993],[-77.03246,38.96993],[-77.03246,38.96982],[-77.03246,38.96946],[-77.03246,38.96942],[-77.03251,38.96942],[-77.03263,38.96942],[-77.03272,38.96942],[-77.03277,38.96942],[-77.03277,38.96941],[-77.03277,38.9691],[-77.03277,38.96908],[-77.03277,38.96899],[-77.03277,38.96891],[-77.03277,38.96885],[-77.03277,38.96873],[-77.03277,38.96863],[-77.03277,38.9686],[-77.03277,38.96858],[-77.03277,38.96851],[-77.03277,38.96846],[-77.03277,38.96836],[-77.03277,38.96833],[-77.03277,38.96828],[-77.03277,38.96821],[-77.03277,38.96813],[-77.03277,38.96801],[-77.03277,38.96794],[-77.03277,38.9679],[-77.03277,38.96788],[-77.03277,38.96777],[-77.03277,38.96768],[-77.03277,38.96766],[-77.03277,38.96757],[-77.03283,38.96757],[-77.03288,38.96757],[-77.03288,38.96749],[-77.03288,38.96745],[-77.03288,38.96724],[-77.03288,38.96721],[-77.03306,38.96722],[-77.03308,38.96722],[-77.03323,38.96722],[-77.03328,38.96722],[-77.03342,38.96722],[-77.03342,38.96694],[-77.03342,38.96686],[-77.03342,38.96678],[-77.03342,38.9665],[-77.03322,38.9665],[-77.03319,38.9665],[-77.03318,38.9665],[-77.03305,38.9665],[-77.03292,38.9665],[-77.03252,38.9665],[-77.0323,38.9665],[-77.03193,38.9665],[-77.03137,38.9665],[-77.03086,38.9665],[-77.03046,38.9665],[-77.03027,38.9665],[-77.03,38.9665],[-77.02985,38.9665],[-77.02969,38.9665],[-77.02969,38.96622],[-77.02969,38.96614],[-77.02969,38.96606],[-77.02969,38.96579],[-77.02969,38.96572],[-77.02971,38.96544],[-77.02972,38.96542],[-77.02972,38.9654],[-77.02973,38.96523],[-77.02973,38.96514],[-77.02973,38.96507],[-77.02973,38.96506],[-77.02973,38.96505],[-77.02973,38.96504],[-77.02973,38.96503],[-77.02973,38.96502],[-77.02973,38.96501],[-77.02973,38.965],[-77.02973,38.96499],[-77.02973,38.96498],[-77.02973,38.96497],[-77.02973,38.96496],[-77.02965,38.96496],[-77.02959,38.96496],[-77.02956,38.96496],[-77.02947,38.96496],[-77.02945,38.96496],[-77.02942,38.96496],[-77.02939,38.96496],[-77.02938,38.96496],[-77.02937,38.96496],[-77.02936,38.96496],[-77.02935,38.96496],[-77.02934,38.96496],[-77.02933,38.96496],[-77.02932,38.96496],[-77.0293,38.96496],[-77.02928,38.96496],[-77.02927,38.96496],[-77.02926,38.96496],[-77.02925,38.96496],[-77.02924,38.96496],[-77.02923,38.96496],[-77.02922,38.96496],[-77.0292,38.96496],[-77.02918,38.96496],[-77.02917,38.96496],[-77.02916,38.96496],[-77.02915,38.96496],[-77.02914,38.96496],[-77.02913,38.96496],[-77.02912,38.96496],[-77.02911,38.96496],[-77.0291,38.96496],[-77.02909,38.96496],[-77.02908,38.96496],[-77.02907,38.96496],[-77.02906,38.96496],[-77.02905,38.96496],[-77.02904,38.96496],[-77.02903,38.96496],[-77.02902,38.96496],[-77.02876,38.96496],[-77.02873,38.96496],[-77.0287,38.96496],[-77.02868,38.96496],[-77.02867,38.96496],[-77.02866,38.96496],[-77.02864,38.96496],[-77.02863,38.96496],[-77.02862,38.96496],[-77.0286,38.96496],[-77.02858,38.96496],[-77.02857,38.96496],[-77.02855,38.96496],[-77.02853,38.96496],[-77.02852,38.96496],[-77.02851,38.96496],[-77.0285,38.96496],[-77.02819,38.96496],[-77.02819,38.96505],[-77.02818,38.96507],[-77.02818,38.96509],[-77.02818,38.9651],[-77.02816,38.96538],[-77.02813,38.96572],[-77.02813,38.96579],[-77.02812,38.9658],[-77.02811,38.96603],[-77.0281,38.96615],[-77.02838,38.96615],[-77.02847,38.96615],[-77.02847,38.96616],[-77.02847,38.9662],[-77.02847,38.96621],[-77.02847,38.96622],[-77.02847,38.96623],[-77.02847,38.96624],[-77.02847,38.96627],[-77.02847,38.96628],[-77.02847,38.96629],[-77.02847,38.9663],[-77.02847,38.96633],[-77.02847,38.96634],[-77.02847,38.96635],[-77.02847,38.96636],[-77.02847,38.96638],[-77.02847,38.96639],[-77.02847,38.9664],[-77.02847,38.96641],[-77.02847,38.96642],[-77.02847,38.96643],[-77.02847,38.96644],[-77.02847,38.96645],[-77.02847,38.96651],[-77.02847,38.96654],[-77.02845,38.96658],[-77.02827,38.96684],[-77.02811,38.96708],[-77.0281,38.9671],[-77.02808,38.96712],[-77.02807,38.96714],[-77.02799,38.96725],[-77.02796,38.96728],[-77.02791,38.96731],[-77.02783,38.96735],[-77.02791,38.9674],[-77.02796,38.96743],[-77.02802,38.96745],[-77.02813,38.96746],[-77.02812,38.96759],[-77.02808,38.96793],[-77.02808,38.96798],[-77.02807,38.96804],[-77.02806,38.9681],[-77.02806,38.96815],[-77.02806,38.96816],[-77.02806,38.96817],[-77.02806,38.96818],[-77.02805,38.96819],[-77.02805,38.9682],[-77.02805,38.96821],[-77.02804,38.96822],[-77.02804,38.96823],[-77.02804,38.96824],[-77.02803,38.96826],[-77.02803,38.96827],[-77.02803,38.96828],[-77.02803,38.96829],[-77.02803,38.9683],[-77.02803,38.96831],[-77.02803,38.96832],[-77.02803,38.96833],[-77.02804,38.96834],[-77.02804,38.96835],[-77.02804,38.96836],[-77.02804,38.96837],[-77.02804,38.96838],[-77.02802,38.96854],[-77.02802,38.96859],[-77.02802,38.96861],[-77.02801,38.96863],[-77.02799,38.96891],[-77.02798,38.96899],[-77.02797,38.96907],[-77.02796,38.96915],[-77.02796,38.96922],[-77.02796,38.96924],[-77.02795,38.96935],[-77.02794,38.9694],[-77.02794,38.96942],[-77.02794,38.96943],[-77.02794,38.96945],[-77.02794,38.96947],[-77.02793,38.96955],[-77.02791,38.96974],[-77.02791,38.96975],[-77.02791,38.96976],[-77.02791,38.96977],[-77.02791,38.96978],[-77.02791,38.96979],[-77.02791,38.9698],[-77.02791,38.96981],[-77.02791,38.96982],[-77.02791,38.96983],[-77.02791,38.96985],[-77.02791,38.96986],[-77.02791,38.96987],[-77.02791,38.96993],[-77.02796,38.96993],[-77.028,38.96993],[-77.028,38.96994],[-77.028,38.96996],[-77.028,38.96997],[-77.02801,38.97006],[-77.02801,38.97012],[-77.02801,38.97017],[-77.02801,38.97032],[-77.02801,38.97043],[-77.02801,38.97044],[-77.02801,38.97045],[-77.02801,38.97046],[-77.02801,38.97048],[-77.028,38.97048],[-77.028,38.97049],[-77.028,38.97051],[-77.028,38.97052],[-77.028,38.97054],[-77.02799,38.97055],[-77.02799,38.97056],[-77.02799,38.97057],[-77.02799,38.97058],[-77.02798,38.97064],[-77.02796,38.9707],[-77.02793,38.9707],[-77.02793,38.97071],[-77.0279,38.97091],[-77.02789,38.97098],[-77.02786,38.97098],[-77.02785,38.97108],[-77.02784,38.97112],[-77.02784,38.97119],[-77.02783,38.97125],[-77.02797,38.97126],[-77.02796,38.9713],[-77.02796,38.97137],[-77.02796,38.9714],[-77.02804,38.97141],[-77.02804,38.97154],[-77.02804,38.97165],[-77.02804,38.97175],[-77.02804,38.97186],[-77.02804,38.97197],[-77.02804,38.97207],[-77.02804,38.97217],[-77.02804,38.97221],[-77.02804,38.97227],[-77.02826,38.97227],[-77.02837,38.97227],[-77.02847,38.97227],[-77.02859,38.97227],[-77.02868,38.97227],[-77.02884,38.97227],[-77.02891,38.97227],[-77.02926,38.97227],[-77.02933,38.97227],[-77.02954,38.97227],[-77.02957,38.97227],[-77.0296,38.97227],[-77.02969,38.97227],[-77.02981,38.97227],[-77.0299,38.97227],[-77.03001,38.97227],[-77.03005,38.97227],[-77.03024,38.97227],[-77.03058,38.97227],[-77.0307,38.97227],[-77.03076,38.97227],[-77.03102,38.97227],[-77.03105,38.97227],[-77.03119,38.97227],[-77.03167,38.97227],[-77.03186,38.97227],[-77.03211,38.97227],[-77.0322,38.97227],[-77.03231,38.97227],[-77.03241,38.97227],[-77.03256,38.97227],[-77.03276,38.97227]]]},"properties":{"zone":"R-1B","label":"R-1B","desc":"Provides areas predominantly developed with detached houses on moderately sized lots."}},{"type":"Feature","geometry":{"type":"Polygon","coordinates":[[[-76.97311,38.85409],[-76.9732,38.85409],[-76.9732,38.85395],[-76.97321,38.85356],[-76.97307,38.85356],[-76.97274,38.85356],[-76.97274,38.85349],[-76.97274,38.85342],[-76.97274,38.85327],[-76.97274,38.85315],[-76.97274,38.85303],[-76.97271,38.85303],[-76.9727,38.85303],[-76.97259,38.85302],[-76.97237,38.85302],[-76.97232,38.85302],[-76.97231,38.85302],[-76.97221,38.85302],[-76.97211,38.85302],[-76.97174,38.85302],[-76.97169,38.85302],[-76.97133,38.85302],[-76.97123,38.85302],[-76.97113,38.85302],[-76.97097,38.85302],[-76.97061,38.85302],[-76.97061,38.85303],[-76.97061,38.85314],[-76.97061,38.85342],[-76.97064,38.85344],[-76.97078,38.85344],[-76.97079,38.85344],[-76.97079,38.85345],[-76.97079,38.85346],[-76.97079,38.85375],[-76.97079,38.85376],[-76.97111,38.85398],[-76.97123,38.85407],[-76.97126,38.85409],[-76.97274,38.85409],[-76.97284,38.85409],[-76.97307,38.85409],[-76.97311,38.85409]]]},"properties":{"zone":"R-3","label":"R-3","desc":"Allows for attached rowhouses on small lots and row dwellings mingled with detached, semi-detached, and groupings of three or more row dwellings"}},{"type":"Feature","geometry":{"type":"Polygon","coordinates":[[[-76.93229,38.89134],[-76.93238,38.89134],[-76.93238,38.8913],[-76.93241,38.8913],[-76.93249,38.8913],[-76.93262,38.8913],[-76.93276,38.8913],[-76.93281,38.8913],[-76.93291,38.8913],[-76.93291,38.89097],[-76.93342,38.89097],[-76.93342,38.89089],[-76.93343,38.89089],[-76.93345,38.89089],[-76.9338,38.89089],[-76.93381,38.89089],[-76.9339,38.89089],[-76.9339,38.89074],[-76.9339,38.89073],[-76.9339,38.89046],[-76.9339,38.89044],[-76.9339,38.89037],[-76.934,38.89036],[-76.93406,38.89036],[-76.93407,38.89036],[-76.93424,38.89034],[-76.93442,38.89033],[-76.93475,38.8903],[-76.93477,38.8903],[-76.93481,38.8903],[-76.93482,38.8903],[-76.93484,38.8903],[-76.93487,38.89029],[-76.93488,38.89029],[-76.93491,38.89029],[-76.93495,38.89029],[-76.935,38.89028],[-76.93505,38.89028],[-76.93513,38.89027],[-76.93521,38.89027],[-76.93529,38.89026],[-76.93537,38.89026],[-76.93539,38.89026],[-76.9354,38.89026],[-76.93545,38.89025],[-76.93553,38.89025],[-76.93561,38.89024],[-76.93569,38.89023],[-76.93574,38.89023],[-76.93577,38.89023],[-76.93583,38.89022],[-76.93584,38.89022],[-76.93585,38.89022],[-76.93593,38.89022],[-76.93594,38.89022],[-76.9362,38.8902],[-76.93632,38.89019],[-76.93633,38.89019],[-76.93649,38.89017],[-76.93657,38.89017],[-76.93661,38.89016],[-76.9366,38.8901],[-76.93659,38.89],[-76.93655,38.88978],[-76.93649,38.88978],[-76.93609,38.88978],[-76.93488,38.88977],[-76.9347,38.88977],[-76.93461,38.88977],[-76.9345,38.88977],[-76.93437,38.88977],[-76.93425,38.88977],[-76.93358,38.88977],[-76.93206,38.88977],[-76.93206,38.88978],[-76.93205,38.88981],[-76.93204,38.88984],[-76.93204,38.88988],[-76.93202,38.88992],[-76.93201,38.89],[-76.932,38.89004],[-76.93199,38.89008],[-76.93198,38.89012],[-76.93197,38.89017],[-76.93196,38.8902],[-76.93195,38.89025],[-76.93194,38.8903],[-76.93194,38.89031],[-76.93193,38.89032],[-76.93193,38.89033],[-76.9319,38.89037],[-76.9319,38.89038],[-76.9319,38.89039],[-76.93189,38.89041],[-76.93188,38.89042],[-76.93188,38.89043],[-76.93188,38.89044],[-76.93187,38.89045],[-76.93187,38.89046],[-76.93187,38.89047],[-76.93186,38.89049],[-76.93186,38.8905],[-76.93185,38.89054],[-76.93183,38.89066],[-76.93182,38.89072],[-76.9318,38.89079],[-76.9318,38.8908],[-76.93179,38.89087],[-76.93175,38.89106],[-76.93171,38.89124],[-76.93169,38.89133],[-76.93169,38.89134],[-76.93174,38.89134],[-76.9318,38.89134],[-76.93192,38.89134],[-76.93204,38.89134],[-76.93217,38.89134],[-76.93229,38.89134]]]},"properties":{"zone":"R-3","label":"R-3","desc":"Allows for attached rowhouses on small lots and row dwellings mingled with detached, semi-detached, and groupings of three or more row dwellings"}},{"type":"Feature","geometry":{"type":"Polygon","coordinates":[[[-76.9572,38.9295],[-76.95738,38.92966],[-76.95746,38.92973],[-76.95754,38.92981],[-76.95762,38.92988],[-76.9577,38.92995],[-76.95779,38.93003],[-76.95787,38.93011],[-76.95789,38.93012],[-76.95791,38.93014],[-76.95812,38.93033],[-76.95822,38.93042],[-76.95827,38.93039],[-76.95832,38.93035],[-76.95838,38.93031],[-76.95846,38.93026],[-76.95856,38.93019],[-76.95864,38.93014],[-76.95871,38.93009],[-76.95881,38.93002],[-76.95908,38.92984],[-76.9591,38.92983],[-76.95899,38.92975],[-76.95876,38.92956],[-76.95873,38.92953],[-76.95863,38.92946],[-76.95854,38.92939],[-76.95845,38.92932],[-76.95836,38.92924],[-76.95827,38.92917],[-76.95825,38.92915],[-76.95786,38.92928],[-76.95775,38.92932],[-76.95766,38.92935],[-76.95721,38.9295],[-76.9572,38.9295]]]},"properties":{"zone":"R-1B","label":"R-1B","desc":"Provides areas predominantly developed with detached houses on moderately sized lots."}},{"type":"Feature","geometry":{"type":"Polygon","coordinates":[[[-77.06872,38.93909],[-77.0688,38.93909],[-77.06887,38.93909],[-77.06911,38.93909],[-77.06944,38.9391],[-77.06968,38.9391],[-77.06989,38.9391],[-77.0699,38.9391],[-77.07045,38.9391],[-77.07058,38.9391],[-77.0706,38.9391],[-77.07061,38.93909],[-77.07062,38.93909],[-77.07064,38.93909],[-77.07065,38.93908],[-77.07066,38.93908],[-77.07067,38.93907],[-77.07068,38.93907],[-77.07069,38.93906],[-77.0707,38.93905],[-77.07092,38.93878],[-77.07122,38.93843],[-77.07137,38.93824],[-77.07139,38.93821],[-77.07142,38.93817],[-77.07143,38.93816],[-77.07153,38.93816],[-77.07157,38.93816],[-77.07163,38.93816],[-77.07173,38.93816],[-77.07183,38.93816],[-77.07193,38.93816],[-77.07203,38.93816],[-77.07213,38.93816],[-77.07223,38.93816],[-77.07233,38.93816],[-77.07242,38.93816],[-77.07243,38.93816],[-77.07253,38.93816],[-77.07346,38.93816],[-77.0736,38.93816],[-77.07364,38.93816],[-77.07365,38.93816],[-77.07366,38.93816],[-77.07365,38.93814],[-77.07364,38.93812],[-77.07363,38.93811],[-77.07362,38.93808],[-77.07361,38.93807],[-77.0736,38.93805],[-77.07359,38.93803],[-77.07354,38.93793],[-77.07343,38.93774],[-77.07343,38.93741],[-77.07343,38.93733],[-77.0732,38.93734],[-77.07319,38.93734],[-77.07318,38.93732],[-77.07317,38.9373],[-77.07315,38.93727],[-77.07314,38.93725],[-77.07312,38.93721],[-77.07295,38.9369],[-77.07286,38.93674],[-77.07284,38.9367],[-77.07283,38.93668],[-77.07281,38.93666],[-77.0728,38.93663],[-77.07278,38.9366],[-77.07277,38.93657],[-77.07276,38.93655],[-77.07289,38.9364],[-77.07298,38.93629],[-77.07267,38.93629],[-77.07228,38.93629],[-77.07225,38.93629],[-77.07202,38.93629],[-77.07149,38.93629],[-77.07142,38.93629],[-77.07104,38.9363],[-77.07098,38.9363],[-77.07088,38.9363],[-77.0708,38.9363],[-77.07047,38.93629],[-77.07002,38.93629],[-77.0694,38.93629],[-77.06916,38.9363],[-77.06901,38.9363],[-77.06873,38.9363],[-77.06863,38.9363],[-77.06854,38.9363],[-77.06824,38.9363],[-77.06811,38.9363],[-77.06774,38.9363],[-77.0676,38.9363],[-77.06752,38.9363],[-77.06744,38.9363],[-77.06714,38.9363],[-77.06703,38.9363],[-77.0669,38.9363],[-77.0666,38.9363],[-77.06649,38.9363],[-77.06639,38.9363],[-77.06628,38.9363],[-77.06605,38.9363],[-77.06591,38.9363],[-77.0659,38.9363],[-77.06584,38.9363],[-77.06576,38.9363],[-77.0653,38.9363],[-77.06474,38.9363],[-77.06424,38.9363],[-77.06352,38.9363],[-77.06303,38.9363],[-77.06297,38.9363],[-77.06292,38.9363],[-77.06286,38.9363],[-77.06281,38.93629],[-77.06275,38.93629],[-77.0627,38.93629],[-77.06264,38.93628],[-77.06259,38.93628],[-77.06254,38.93627],[-77.06249,38.93626],[-77.06243,38.93625],[-77.06236,38.93624],[-77.06229,38.93623],[-77.06221,38.93621],[-77.06214,38.9362],[-77.06207,38.93618],[-77.062,38.93616],[-77.06193,38.93614],[-77.06186,38.93611],[-77.06179,38.93609],[-77.06172,38.93606],[-77.06165,38.93603],[-77.06124,38.93588],[-77.06117,38.93586],[-77.06113,38.93584],[-77.06108,38.93583],[-77.06103,38.93581],[-77.06098,38.9358],[-77.06089,38.93577],[-77.0608,38.93575],[-77.06071,38.93573],[-77.06062,38.93571],[-77.06053,38.93569],[-77.06044,38.93567],[-77.06034,38.93565],[-77.06025,38.93564],[-77.06017,38.93563],[-77.06009,38.93562],[-77.06001,38.93561],[-77.05993,38.9356],[-77.05989,38.9356],[-77.05985,38.93559],[-77.0598,38.93559],[-77.05976,38.93559],[-77.05968,38.93559],[-77.0596,38.93558],[-77.05951,38.93558],[-77.05943,38.93558],[-77.05937,38.93558],[-77.05936,38.93558],[-77.05935,38.93558],[-77.05912,38.93558],[-77.05908,38.93558],[-77.05901,38.93558],[-77.05904,38.93562],[-77.05904,38.93563],[-77.0591,38.93573],[-77.05921,38.93591],[-77.05923,38.9359],[-77.05933,38.93587],[-77.05946,38.93581],[-77.05947,38.93581],[-77.05949,38.9358],[-77.0595,38.93582],[-77.05955,38.93591],[-77.05958,38.93595],[-77.0596,38.936],[-77.05964,38.93606],[-77.05968,38.93614],[-77.05969,38.93616],[-77.05972,38.93621],[-77.05972,38.93622],[-77.05979,38.93633],[-77.05981,38.93637],[-77.05981,38.93638],[-77.05981,38.9364],[-77.05981,38.93649],[-77.05982,38.93663],[-77.05982,38.93673],[-77.05982,38.93674],[-77.05982,38.93678],[-77.05982,38.93679],[-77.05982,38.93684],[-77.05986,38.93684],[-77.0599,38.93685],[-77.05994,38.93685],[-77.05999,38.93686],[-77.06003,38.93686],[-77.06008,38.93687],[-77.06016,38.93699],[-77.06025,38.93716],[-77.06037,38.93736],[-77.06049,38.93758],[-77.06051,38.93761],[-77.06052,38.93762],[-77.06052,38.93763],[-77.06058,38.93774],[-77.0606,38.93777],[-77.0606,38.93778],[-77.06061,38.93779],[-77.06061,38.9378],[-77.06061,38.93781],[-77.06062,38.93782],[-77.06062,38.93783],[-77.06062,38.93784],[-77.06062,38.93785],[-77.06062,38.93791],[-77.06062,38.93804],[-77.06063,38.93812],[-77.06063,38.93819],[-77.06066,38.93819],[-77.06067,38.93819],[-77.06067,38.93828],[-77.06067,38.93832],[-77.06067,38.93847],[-77.06081,38.93849],[-77.0609,38.9385],[-77.06099,38.93851],[-77.06108,38.93852],[-77.06116,38.93853],[-77.06125,38.93854],[-77.06129,38.93855],[-77.06134,38.93855],[-77.06143,38.93856],[-77.06151,38.93857],[-77.06156,38.93858],[-77.0616,38.93858],[-77.06169,38.93859],[-77.06178,38.9386],[-77.06187,38.93861],[-77.06195,38.93863],[-77.06216,38.93865],[-77.06216,38.93853],[-77.06217,38.93849],[-77.06216,38.93841],[-77.06217,38.93841],[-77.0622,38.93842],[-77.06221,38.93842],[-77.06222,38.93842],[-77.06223,38.93842],[-77.06224,38.93843],[-77.06225,38.93843],[-77.06226,38.93843],[-77.06227,38.93843],[-77.06234,38.93846],[-77.06241,38.93848],[-77.06248,38.9385],[-77.06252,38.93851],[-77.06255,38.93852],[-77.06262,38.93854],[-77.06269,38.93857],[-77.06275,38.93859],[-77.06276,38.9386],[-77.06277,38.9386],[-77.0628,38.93861],[-77.06282,38.93862],[-77.06283,38.93862],[-77.06285,38.93863],[-77.06287,38.93864],[-77.06289,38.93865],[-77.06291,38.93865],[-77.06292,38.93866],[-77.06294,38.93867],[-77.06295,38.93868],[-77.06297,38.93868],[-77.06299,38.93869],[-77.063,38.9387],[-77.06301,38.9387],[-77.06304,38.93871],[-77.06305,38.93872],[-77.06306,38.93872],[-77.06309,38.93873],[-77.0631,38.93874],[-77.06312,38.93875],[-77.06318,38.93877],[-77.06323,38.93879],[-77.06329,38.93881],[-77.06335,38.93883],[-77.06341,38.93885],[-77.06347,38.93887],[-77.06352,38.93889],[-77.06358,38.9389],[-77.06364,38.93892],[-77.0637,38.93893],[-77.06376,38.93894],[-77.06382,38.93896],[-77.06387,38.93897],[-77.06393,38.93898],[-77.06399,38.93899],[-77.06405,38.939],[-77.06411,38.93901],[-77.06416,38.93902],[-77.06422,38.93903],[-77.06428,38.93904],[-77.06435,38.93905],[-77.06441,38.93906],[-77.06447,38.93907],[-77.06454,38.93907],[-77.0646,38.93908],[-77.06466,38.93908],[-77.06472,38.93908],[-77.06479,38.93909],[-77.06485,38.93909],[-77.0649,38.93909],[-77.06494,38.93909],[-77.06495,38.93909],[-77.06499,38.93909],[-77.06504,38.93909],[-77.06509,38.93909],[-77.06513,38.93909],[-77.06514,38.93909],[-77.06518,38.93909],[-77.06523,38.93909],[-77.06528,38.93909],[-77.06532,38.93909],[-77.06539,38.93909],[-77.0654,38.93909],[-77.06547,38.93909],[-77.06554,38.93909],[-77.06561,38.93909],[-77.06568,38.93909],[-77.06575,38.93909],[-77.06582,38.93909],[-77.06583,38.93909],[-77.0659,38.93909],[-77.06597,38.93909],[-77.06604,38.93909],[-77.06605,38.93909],[-77.06606,38.93909],[-77.06607,38.93909],[-77.06609,38.93909],[-77.0661,38.93909],[-77.06611,38.93909],[-77.06614,38.93909],[-77.06616,38.93909],[-77.06617,38.93909],[-77.06618,38.93909],[-77.06619,38.93909],[-77.06621,38.93909],[-77.06622,38.93909],[-77.06623,38.93909],[-77.06624,38.93909],[-77.06626,38.93909],[-77.06627,38.93909],[-77.06628,38.93909],[-77.06629,38.93909],[-77.06658,38.93909],[-77.06665,38.93909],[-77.0668,38.93909],[-77.0669,38.93909],[-77.06694,38.93909],[-77.067,38.93909],[-77.06703,38.93909],[-77.06704,38.93909],[-77.06719,38.93909],[-77.06746,38.93909],[-77.06759,38.93909],[-77.06788,38.93909],[-77.06807,38.93909],[-77.06816,38.93909],[-77.06826,38.93909],[-77.06851,38.93909],[-77.06855,38.93909],[-77.06856,38.93909],[-77.06864,38.93909],[-77.06865,38.93909],[-77.06866,38.93909],[-77.06872,38.93909]]]},"properties":{"zone":"R-2","label":"R-2","desc":"Provide areas predominantly developed with semi-detached houses on moderately-sized lots that also contain some detached dwellings"}},{"type":"Feature","geometry":{"type":"Polygon","coordinates":[[[-77.05798,38.9331],[-77.05804,38.9331],[-77.05819,38.9331],[-77.05833,38.9331],[-77.0585,38.9331],[-77.05862,38.9331],[-77.05873,38.9331],[-77.05888,38.9331],[-77.05902,38.9331],[-77.05902,38.9329],[-77.05913,38.9329],[-77.0592,38.9329],[-77.05931,38.9329],[-77.05934,38.9329],[-77.05935,38.9329],[-77.05936,38.9329],[-77.05955,38.9329],[-77.05973,38.9329],[-77.05992,38.9329],[-77.06011,38.9329],[-77.06018,38.9329],[-77.06024,38.9329],[-77.06029,38.9329],[-77.06029,38.93297],[-77.06029,38.93299],[-77.06045,38.93302],[-77.06057,38.93304],[-77.06061,38.93304],[-77.06068,38.93306],[-77.06071,38.93306],[-77.06075,38.93307],[-77.06075,38.93308],[-77.06075,38.93309],[-77.06075,38.93337],[-77.06075,38.93338],[-77.06075,38.93339],[-77.06075,38.93343],[-77.06076,38.9335],[-77.06079,38.9335],[-77.06089,38.9335],[-77.06099,38.9335],[-77.06189,38.9335],[-77.06193,38.9335],[-77.06279,38.93349],[-77.0636,38.9335],[-77.06411,38.9335],[-77.0642,38.93338],[-77.06439,38.93297],[-77.06443,38.9329],[-77.06446,38.93283],[-77.06453,38.93269],[-77.06459,38.93255],[-77.06466,38.93242],[-77.06472,38.93228],[-77.06479,38.93214],[-77.06486,38.93201],[-77.06492,38.93187],[-77.06499,38.93173],[-77.06515,38.93139],[-77.06519,38.93132],[-77.06527,38.93122],[-77.06524,38.93121],[-77.06517,38.93119],[-77.06486,38.93112],[-77.06482,38.93111],[-77.06477,38.9311],[-77.06473,38.93109],[-77.06468,38.93108],[-77.06464,38.93106],[-77.06459,38.93105],[-77.06455,38.93104],[-77.06455,38.93103],[-77.0645,38.93102],[-77.06446,38.931],[-77.06442,38.93098],[-77.06395,38.9308],[-77.06332,38.93054],[-77.06326,38.93052],[-77.06315,38.93047],[-77.06292,38.93038],[-77.06274,38.93031],[-77.06262,38.93026],[-77.06257,38.93024],[-77.0624,38.93018],[-77.06238,38.93017],[-77.06235,38.93016],[-77.06233,38.93015],[-77.06231,38.93014],[-77.0623,38.93014],[-77.06228,38.93014],[-77.06224,38.93015],[-77.06221,38.93015],[-77.06218,38.93015],[-77.06215,38.93016],[-77.06214,38.93016],[-77.06213,38.93016],[-77.06212,38.93016],[-77.06211,38.93016],[-77.0621,38.93016],[-77.06206,38.93017],[-77.06202,38.93017],[-77.06198,38.93017],[-77.06194,38.93018],[-77.06191,38.93018],[-77.06188,38.93018],[-77.06156,38.93021],[-77.06151,38.93021],[-77.06145,38.93022],[-77.06116,38.93024],[-77.06111,38.93025],[-77.06103,38.93025],[-77.06093,38.93026],[-77.06084,38.93027],[-77.06061,38.93029],[-77.06055,38.93029],[-77.06042,38.9303],[-77.06026,38.93031],[-77.06022,38.93031],[-77.06019,38.93032],[-77.06015,38.93032],[-77.06012,38.93032],[-77.06009,38.93033],[-77.06006,38.93033],[-77.06002,38.93034],[-77.05999,38.93035],[-77.05996,38.93036],[-77.05993,38.93037],[-77.0599,38.93039],[-77.05988,38.9304],[-77.05975,38.93047],[-77.05959,38.93058],[-77.05945,38.93067],[-77.0592,38.93083],[-77.0591,38.93089],[-77.05902,38.93096],[-77.05878,38.93114],[-77.05849,38.93134],[-77.05845,38.93137],[-77.05807,38.93272],[-77.05798,38.93305],[-77.05798,38.9331]]]},"properties":{"zone":"R-1A","label":"R-1A","desc":"Provides areas predominantly developed with detached houses on large lots."}},{"type":"Feature","geometry":{"type":"Polygon","coordinates":[[[-76.9318,38.87566],[-76.93213,38.87567],[-76.93235,38.87567],[-76.93275,38.87567],[-76.93339,38.87567],[-76.93376,38.87567],[-76.93377,38.87567],[-76.93378,38.87567],[-76.93379,38.87567],[-76.93388,38.87567],[-76.93388,38.87569],[-76.93389,38.87574],[-76.9339,38.87583],[-76.93392,38.87591],[-76.93392,38.87596],[-76.93393,38.876],[-76.93394,38.87603],[-76.93394,38.87606],[-76.93395,38.87609],[-76.93397,38.87617],[-76.93399,38.87626],[-76.93402,38.87635],[-76.93404,38.87641],[-76.93404,38.87642],[-76.93405,38.87644],[-76.93406,38.87649],[-76.93407,38.87654],[-76.93409,38.87658],[-76.9341,38.87663],[-76.93414,38.87672],[-76.93417,38.87681],[-76.9342,38.87689],[-76.93421,38.8769],[-76.93424,38.87699],[-76.93428,38.87707],[-76.93428,38.87708],[-76.93432,38.87717],[-76.93435,38.87722],[-76.93437,38.87728],[-76.9344,38.87733],[-76.93443,38.87739],[-76.93446,38.87744],[-76.93449,38.8775],[-76.93452,38.87755],[-76.93455,38.8776],[-76.93458,38.87766],[-76.93462,38.87771],[-76.93493,38.87818],[-76.93503,38.87833],[-76.93519,38.87858],[-76.93525,38.87866],[-76.93537,38.87866],[-76.93548,38.87866],[-76.93586,38.87866],[-76.93599,38.87866],[-76.93617,38.87866],[-76.9362,38.87866],[-76.93621,38.87866],[-76.93634,38.87866],[-76.93634,38.87865],[-76.93633,38.87864],[-76.93633,38.87863],[-76.93632,38.87862],[-76.93632,38.8786],[-76.93631,38.8786],[-76.93631,38.87859],[-76.93631,38.87858],[-76.9363,38.87858],[-76.9363,38.87856],[-76.93629,38.87855],[-76.93628,38.87854],[-76.93628,38.87853],[-76.93627,38.87853],[-76.93627,38.87852],[-76.93623,38.87846],[-76.93619,38.8784],[-76.93629,38.87839],[-76.93725,38.87828],[-76.93823,38.87815],[-76.93823,38.87814],[-76.93836,38.87813],[-76.93841,38.87812],[-76.93849,38.87811],[-76.93868,38.87809],[-76.93878,38.87808],[-76.93882,38.87807],[-76.93883,38.87807],[-76.9392,38.87803],[-76.93932,38.87801],[-76.93943,38.878],[-76.9398,38.87796],[-76.93983,38.87795],[-76.93985,38.87795],[-76.93991,38.87794],[-76.94022,38.87791],[-76.94027,38.8779],[-76.94036,38.87789],[-76.94038,38.87792],[-76.94266,38.87766],[-76.94266,38.87764],[-76.94328,38.87757],[-76.94356,38.87754],[-76.94348,38.87747],[-76.94343,38.87742],[-76.94338,38.87738],[-76.94334,38.87734],[-76.9433,38.8773],[-76.94325,38.87727],[-76.94321,38.87723],[-76.94317,38.87719],[-76.94312,38.87716],[-76.94308,38.87712],[-76.94303,38.87709],[-76.94298,38.87705],[-76.94294,38.87702],[-76.9429,38.87699],[-76.94285,38.87697],[-76.94281,38.87694],[-76.94277,38.87692],[-76.94273,38.8769],[-76.94268,38.87688],[-76.94264,38.87686],[-76.94259,38.87684],[-76.94254,38.87682],[-76.9425,38.8768],[-76.94207,38.87666],[-76.94203,38.87665],[-76.94198,38.87663],[-76.94194,38.87662],[-76.94189,38.87661],[-76.94185,38.87659],[-76.94181,38.87657],[-76.94176,38.87656],[-76.94172,38.87654],[-76.94167,38.87653],[-76.94163,38.87651],[-76.94159,38.87649],[-76.94155,38.87648],[-76.94151,38.87646],[-76.94147,38.87644],[-76.94143,38.87642],[-76.94139,38.8764],[-76.94136,38.87638],[-76.94132,38.87636],[-76.94129,38.87634],[-76.94125,38.87631],[-76.94084,38.87606],[-76.9405,38.87585],[-76.94019,38.87565],[-76.9399,38.87548],[-76.93936,38.8752],[-76.93908,38.87505],[-76.93902,38.87502],[-76.93901,38.87501],[-76.93894,38.87497],[-76.93887,38.8748],[-76.93879,38.87459],[-76.93879,38.87455],[-76.93878,38.87452],[-76.93876,38.87447],[-76.93869,38.87425],[-76.93866,38.87416],[-76.93857,38.87385],[-76.93849,38.87357],[-76.93847,38.87349],[-76.93845,38.87338],[-76.93844,38.87335],[-76.93843,38.87332],[-76.93842,38.87329],[-76.93841,38.87325],[-76.9384,38.87322],[-76.93839,38.87319],[-76.93838,38.87316],[-76.93837,38.87312],[-76.93836,38.87309],[-76.93836,38.87308],[-76.93836,38.87307],[-76.93836,38.87306],[-76.93835,38.87306],[-76.93835,38.87305],[-76.93833,38.87294],[-76.93832,38.87288],[-76.93831,38.87281],[-76.93829,38.87273],[-76.93828,38.87266],[-76.93827,38.87265],[-76.93827,38.87262],[-76.93827,38.87261],[-76.93826,38.8726],[-76.93826,38.87259],[-76.93826,38.87258],[-76.93826,38.87257],[-76.93826,38.87255],[-76.93826,38.87252],[-76.93825,38.8725],[-76.93824,38.8725],[-76.93811,38.87253],[-76.93785,38.87267],[-76.93782,38.87269],[-76.93781,38.8727],[-76.9378,38.8727],[-76.93777,38.87272],[-76.93776,38.87273],[-76.93775,38.87274],[-76.93771,38.87277],[-76.93766,38.87281],[-76.93762,38.87285],[-76.93758,38.87289],[-76.93755,38.87293],[-76.93751,38.87297],[-76.93748,38.87302],[-76.93745,38.87306],[-76.93698,38.8733],[-76.93685,38.87336],[-76.93672,38.87343],[-76.93651,38.87353],[-76.93649,38.87354],[-76.93638,38.87359],[-76.93635,38.8736],[-76.93618,38.87351],[-76.9361,38.87347],[-76.93605,38.87355],[-76.93605,38.87356],[-76.93604,38.87358],[-76.93603,38.8736],[-76.93602,38.87362],[-76.936,38.87367],[-76.93598,38.87373],[-76.93598,38.87374],[-76.93504,38.87398],[-76.93453,38.87411],[-76.93396,38.87426],[-76.93389,38.87427],[-76.93388,38.87433],[-76.93387,38.87441],[-76.93386,38.87449],[-76.93315,38.87449],[-76.93298,38.87449],[-76.93291,38.87455],[-76.9329,38.87455],[-76.93282,38.8745],[-76.93271,38.87459],[-76.93258,38.87469],[-76.93244,38.8748],[-76.9323,38.87491],[-76.93227,38.87493],[-76.93209,38.87507],[-76.932,38.87515],[-76.93196,38.87517],[-76.93175,38.87534],[-76.93155,38.87549],[-76.93138,38.87562],[-76.93139,38.87563],[-76.93142,38.87564],[-76.93145,38.87565],[-76.93148,38.87566],[-76.93166,38.87566],[-76.93167,38.87566],[-76.93176,38.87566],[-76.9318,38.87566]]]},"properties":{"zone":"R-1B","label":"R-1B","desc":"Provides areas predominantly developed with detached houses on moderately sized lots."}},{"type":"Feature","geometry":{"type":"Polygon","coordinates":[[[-77.08613,38.93403],[-77.08622,38.93417],[-77.08628,38.93428],[-77.08642,38.93452],[-77.08645,38.93458],[-77.08647,38.93462],[-77.0865,38.93467],[-77.08652,38.93469],[-77.08653,38.93471],[-77.08653,38.93472],[-77.08654,38.93474],[-77.08656,38.93477],[-77.08657,38.93479],[-77.08659,38.93482],[-77.08661,38.93484],[-77.08662,38.93487],[-77.08664,38.9349],[-77.08665,38.93492],[-77.08667,38.93495],[-77.08669,38.93497],[-77.0867,38.93499],[-77.08672,38.93501],[-77.08674,38.93503],[-77.08675,38.93505],[-77.08677,38.93507],[-77.08679,38.9351],[-77.0868,38.93512],[-77.08682,38.93514],[-77.08684,38.93516],[-77.08686,38.93518],[-77.08688,38.9352],[-77.0869,38.93522],[-77.08692,38.93524],[-77.08694,38.93526],[-77.08696,38.93528],[-77.08698,38.9353],[-77.08701,38.93532],[-77.08703,38.93534],[-77.08705,38.93536],[-77.08706,38.93537],[-77.08707,38.93537],[-77.08709,38.93539],[-77.08711,38.93541],[-77.08714,38.93543],[-77.08716,38.93544],[-77.08718,38.93546],[-77.0872,38.93548],[-77.08723,38.93549],[-77.08725,38.93551],[-77.08727,38.93553],[-77.08729,38.93554],[-77.08731,38.93555],[-77.08733,38.93557],[-77.08735,38.93558],[-77.08737,38.93559],[-77.08739,38.93561],[-77.08741,38.93562],[-77.08743,38.93563],[-77.08745,38.93564],[-77.08747,38.93565],[-77.08762,38.93573],[-77.08763,38.93574],[-77.08773,38.93579],[-77.08781,38.93569],[-77.08784,38.93567],[-77.088,38.93547],[-77.08802,38.93545],[-77.08804,38.93543],[-77.08806,38.93541],[-77.08808,38.93539],[-77.0881,38.93537],[-77.08812,38.93535],[-77.08814,38.93533],[-77.08817,38.93531],[-77.08819,38.93529],[-77.08821,38.93527],[-77.08826,38.93523],[-77.08838,38.93514],[-77.08857,38.935],[-77.08859,38.93499],[-77.08869,38.93491],[-77.0888,38.93483],[-77.08882,38.93481],[-77.08902,38.93466],[-77.08905,38.93464],[-77.08917,38.93455],[-77.08932,38.93443],[-77.08941,38.93437],[-77.08972,38.93414],[-77.09019,38.93378],[-77.09038,38.93364],[-77.0905,38.93356],[-77.09063,38.93346],[-77.09064,38.93345],[-77.09065,38.93344],[-77.09068,38.93342],[-77.0907,38.9334],[-77.09073,38.93338],[-77.09076,38.93337],[-77.09079,38.93335],[-77.09081,38.93333],[-77.09084,38.93332],[-77.09087,38.9333],[-77.0909,38.93329],[-77.09093,38.93327],[-77.09097,38.93325],[-77.09101,38.93323],[-77.09105,38.93322],[-77.09107,38.93321],[-77.09107,38.93309],[-77.09107,38.93306],[-77.09107,38.93286],[-77.09106,38.93249],[-77.09107,38.93242],[-77.09107,38.93235],[-77.09107,38.93231],[-77.09107,38.93207],[-77.09107,38.93191],[-77.09107,38.93187],[-77.09107,38.93185],[-77.09107,38.93168],[-77.09107,38.93143],[-77.09107,38.93135],[-77.09107,38.93129],[-77.09107,38.93123],[-77.09107,38.93101],[-77.09107,38.93082],[-77.09091,38.93082],[-77.09056,38.93082],[-77.09047,38.93082],[-77.09038,38.93082],[-77.09029,38.93082],[-77.09003,38.93082],[-77.08991,38.93082],[-77.08985,38.93082],[-77.08968,38.93082],[-77.08959,38.93082],[-77.0895,38.93082],[-77.08915,38.93082],[-77.0888,38.93082],[-77.08864,38.93082],[-77.08848,38.93082],[-77.08813,38.93082],[-77.08795,38.93082],[-77.08782,38.93082],[-77.08778,38.93082],[-77.08773,38.93082],[-77.08751,38.93082],[-77.08742,38.93082],[-77.08734,38.93082],[-77.08725,38.93082],[-77.08707,38.93082],[-77.08698,38.93082],[-77.0869,38.93082],[-77.08676,38.93082],[-77.08672,38.93082],[-77.08653,38.93082],[-77.08637,38.93082],[-77.08621,38.93082],[-77.08621,38.93081],[-77.08617,38.93081],[-77.08613,38.93081],[-77.08606,38.93081],[-77.08589,38.93081],[-77.0858,38.93081],[-77.08576,38.93081],[-77.08571,38.93081],[-77.08553,38.93081],[-77.08546,38.93081],[-77.08545,38.93081],[-77.08536,38.93081],[-77.08527,38.93081],[-77.08518,38.93081],[-77.08515,38.93081],[-77.08511,38.93081],[-77.08509,38.93081],[-77.08503,38.93081],[-77.08501,38.93081],[-77.08494,38.93081],[-77.08492,38.93081],[-77.08483,38.93081],[-77.08478,38.93081],[-77.08474,38.93081],[-77.08465,38.93081],[-77.08457,38.93081],[-77.08448,38.93081],[-77.0843,38.93081],[-77.0843,38.93082],[-77.08434,38.93088],[-77.08453,38.93121],[-77.08457,38.93129],[-77.08463,38.93139],[-77.08467,38.93146],[-77.08476,38.93163],[-77.08487,38.93181],[-77.08488,38.93184],[-77.0849,38.93187],[-77.08491,38.93188],[-77.08491,38.93189],[-77.08494,38.93193],[-77.08494,38.93194],[-77.08508,38.93217],[-77.08513,38.93226],[-77.08519,38.93237],[-77.08524,38.93245],[-77.08529,38.93255],[-77.08535,38.93265],[-77.08536,38.93266],[-77.08541,38.93276],[-77.08543,38.93279],[-77.08551,38.93292],[-77.08551,38.93293],[-77.08553,38.93296],[-77.0857,38.93296],[-77.08593,38.93296],[-77.08606,38.93296],[-77.08622,38.93296],[-77.08622,38.93341],[-77.08622,38.93349],[-77.08622,38.93358],[-77.08619,38.93384],[-77.08617,38.93395],[-77.08616,38.93398],[-77.08615,38.93399],[-77.08613,38.93403]]]},"properties":{"zone":"R-1B/WH","label":"R-1B/WH","desc":"Permits detached houses on moderately-sized lots"}},{"type":"Feature","geometry":{"type":"Polygon","coordinates":[[[-77.03408,38.97111],[-77.03408,38.97143],[-77.03408,38.97151],[-77.03408,38.97159],[-77.03408,38.9719],[-77.03408,38.97215],[-77.03408,38.97221],[-77.03408,38.97227],[-77.03454,38.97227],[-77.035,38.97227],[-77.0351,38.97227],[-77.03529,38.97227],[-77.03623,38.97227],[-77.03637,38.97228],[-77.03637,38.97152],[-77.03637,38.97151],[-77.03637,38.97073],[-77.03637,38.97055],[-77.03637,38.97054],[-77.03637,38.97046],[-77.03637,38.97045],[-77.03665,38.97045],[-77.03727,38.97036],[-77.03732,38.97035],[-77.0375,38.97032],[-77.03767,38.97029],[-77.03785,38.97026],[-77.03794,38.97025],[-77.03803,38.97023],[-77.03818,38.97021],[-77.03838,38.97018],[-77.03829,38.96983],[-77.03828,38.96979],[-77.03825,38.96966],[-77.03823,38.96962],[-77.03821,38.96951],[-77.03814,38.96927],[-77.03813,38.96921],[-77.03804,38.96887],[-77.03803,38.96883],[-77.03799,38.9687],[-77.03798,38.96865],[-77.03792,38.96842],[-77.03789,38.96832],[-77.03788,38.96826],[-77.03781,38.968],[-77.03779,38.96792],[-77.03779,38.96791],[-77.03778,38.96787],[-77.03774,38.96774],[-77.03773,38.9677],[-77.03767,38.96748],[-77.03767,38.96747],[-77.03766,38.96746],[-77.03763,38.96742],[-77.03757,38.96732],[-77.03751,38.96724],[-77.03747,38.96719],[-77.03738,38.96705],[-77.0373,38.96694],[-77.03721,38.96681],[-77.03711,38.96667],[-77.03708,38.96662],[-77.037,38.9665],[-77.03691,38.96637],[-77.03685,38.96628],[-77.03666,38.96601],[-77.03659,38.9659],[-77.03655,38.96584],[-77.03652,38.96581],[-77.03651,38.9658],[-77.03649,38.96576],[-77.03639,38.96561],[-77.03639,38.96559],[-77.03639,38.96543],[-77.03639,38.96484],[-77.03639,38.96483],[-77.03639,38.96331],[-77.03639,38.9633],[-77.03639,38.96325],[-77.03639,38.96323],[-77.03639,38.96321],[-77.03639,38.96319],[-77.03639,38.96316],[-77.03639,38.96315],[-77.03639,38.96293],[-77.03639,38.96273],[-77.03639,38.96271],[-77.03639,38.9627],[-77.03639,38.96259],[-77.03639,38.96253],[-77.03639,38.96242],[-77.03633,38.96241],[-77.03627,38.96239],[-77.03625,38.96239],[-77.03622,38.96238],[-77.03616,38.96237],[-77.03612,38.96237],[-77.0361,38.96236],[-77.03604,38.96235],[-77.036,38.96234],[-77.03595,38.96233],[-77.03589,38.96232],[-77.03584,38.96231],[-77.03583,38.96231],[-77.03579,38.9623],[-77.03578,38.9623],[-77.03578,38.96246],[-77.03578,38.96249],[-77.03578,38.96258],[-77.03577,38.96287],[-77.03577,38.96294],[-77.03577,38.96301],[-77.03577,38.96302],[-77.03577,38.96313],[-77.03577,38.96318],[-77.03577,38.96323],[-77.03577,38.96341],[-77.03577,38.96343],[-77.03576,38.96368],[-77.03576,38.96369],[-77.03576,38.96371],[-77.03576,38.96383],[-77.03576,38.96396],[-77.03576,38.96404],[-77.03576,38.9641],[-77.03575,38.96441],[-77.03575,38.96444],[-77.03575,38.96462],[-77.03575,38.96487],[-77.03575,38.9649],[-77.03575,38.96506],[-77.03574,38.96521],[-77.03574,38.96528],[-77.03574,38.96535],[-77.03574,38.96543],[-77.03574,38.96551],[-77.03574,38.96556],[-77.03574,38.96562],[-77.03574,38.96567],[-77.03574,38.96571],[-77.03574,38.96577],[-77.03574,38.96584],[-77.03574,38.96585],[-77.03574,38.96586],[-77.03574,38.96588],[-77.03573,38.96593],[-77.03573,38.96594],[-77.03573,38.96602],[-77.03573,38.96606],[-77.03573,38.96614],[-77.03573,38.96615],[-77.03573,38.96622],[-77.03573,38.96634],[-77.03573,38.9665],[-77.03573,38.96667],[-77.03572,38.96677],[-77.03572,38.96686],[-77.03561,38.96686],[-77.03548,38.96686],[-77.03548,38.96693],[-77.03528,38.96721],[-77.03528,38.96744],[-77.03528,38.96749],[-77.03528,38.96757],[-77.03494,38.96757],[-77.03396,38.9686],[-77.03396,38.96864],[-77.03396,38.96869],[-77.03396,38.9687],[-77.03396,38.96876],[-77.03396,38.96881],[-77.03396,38.96882],[-77.03396,38.96885],[-77.03396,38.96888],[-77.03396,38.96889],[-77.03396,38.9689],[-77.03396,38.96891],[-77.03396,38.96892],[-77.03396,38.96893],[-77.03396,38.96894],[-77.03396,38.96895],[-77.03396,38.96896],[-77.03396,38.96898],[-77.03396,38.969],[-77.03396,38.96903],[-77.03416,38.96904],[-77.03409,38.96911],[-77.03402,38.96919],[-77.03395,38.96927],[-77.03378,38.96944],[-77.03391,38.96952],[-77.03421,38.9697],[-77.03423,38.96971],[-77.03425,38.96969],[-77.03427,38.96967],[-77.03437,38.96957],[-77.03437,38.96956],[-77.03444,38.9695],[-77.03445,38.96949],[-77.03446,38.96949],[-77.03448,38.96949],[-77.03466,38.96949],[-77.03485,38.96949],[-77.03498,38.96949],[-77.03506,38.96949],[-77.0352,38.96949],[-77.03524,38.96949],[-77.03545,38.96949],[-77.03554,38.96949],[-77.03561,38.96949],[-77.03568,38.96949],[-77.03568,38.9696],[-77.03568,38.96965],[-77.03568,38.96969],[-77.03568,38.96971],[-77.03568,38.96972],[-77.03568,38.96973],[-77.03567,38.96974],[-77.03567,38.96975],[-77.03567,38.96977],[-77.03567,38.96978],[-77.03567,38.96979],[-77.03567,38.9698],[-77.03567,38.96981],[-77.03567,38.96982],[-77.03567,38.96983],[-77.03567,38.96985],[-77.03567,38.96987],[-77.03567,38.96993],[-77.03565,38.96993],[-77.03563,38.96993],[-77.03563,38.96999],[-77.03563,38.97004],[-77.03564,38.97006],[-77.03564,38.97012],[-77.03564,38.9703],[-77.03564,38.97034],[-77.03564,38.97035],[-77.03564,38.97038],[-77.03564,38.9705],[-77.03564,38.97065],[-77.03564,38.97073],[-77.03563,38.97082],[-77.03563,38.97089],[-77.03563,38.97099],[-77.03563,38.97109],[-77.03563,38.9711],[-77.03562,38.97111],[-77.03561,38.97111],[-77.03555,38.97111],[-77.03541,38.97111],[-77.03533,38.97111],[-77.03526,38.97111],[-77.03512,38.97111],[-77.03493,38.97111],[-77.03479,38.97111],[-77.03469,38.97111],[-77.03461,38.97111],[-77.0345,38.97111],[-77.03433,38.97111],[-77.03429,38.97111],[-77.03428,38.97111],[-77.03408,38.97111]]]},"properties":{"zone":"R-1B","label":"R-1B","desc":"Provides areas predominantly developed with detached houses on moderately sized lots."}},{"type":"Feature","geometry":{"type":"Polygon","coordinates":[[[-77.06513,38.95849],[-77.06519,38.95851],[-77.06526,38.95852],[-77.06533,38.95854],[-77.06539,38.95855],[-77.06553,38.95857],[-77.06559,38.95858],[-77.06566,38.95859],[-77.06579,38.9586],[-77.06593,38.95861],[-77.06604,38.95863],[-77.06617,38.95856],[-77.06621,38.95852],[-77.06624,38.9585],[-77.06632,38.95844],[-77.06669,38.95819],[-77.06692,38.95802],[-77.06709,38.95791],[-77.06711,38.95789],[-77.06713,38.95787],[-77.06717,38.95784],[-77.06722,38.95781],[-77.06726,38.95778],[-77.06729,38.95776],[-77.06731,38.95774],[-77.06733,38.95772],[-77.06735,38.95771],[-77.0674,38.95767],[-77.06742,38.95765],[-77.06744,38.95764],[-77.06748,38.9576],[-77.06759,38.95751],[-77.06769,38.95742],[-77.06779,38.95732],[-77.06785,38.95726],[-77.06793,38.95717],[-77.06798,38.95711],[-77.06803,38.95705],[-77.06807,38.957],[-77.06811,38.95694],[-77.06814,38.95689],[-77.06817,38.95684],[-77.0682,38.9568],[-77.06823,38.95675],[-77.06826,38.9567],[-77.06829,38.95666],[-77.06839,38.9565],[-77.06847,38.95637],[-77.06856,38.95624],[-77.06864,38.95611],[-77.06873,38.95597],[-77.06883,38.95582],[-77.06886,38.95577],[-77.06889,38.95572],[-77.06891,38.95569],[-77.06892,38.95567],[-77.06893,38.95564],[-77.06894,38.95561],[-77.06895,38.95559],[-77.06896,38.95556],[-77.06898,38.95551],[-77.06898,38.9555],[-77.06901,38.95544],[-77.06901,38.95542],[-77.06902,38.9554],[-77.06903,38.95538],[-77.06904,38.95535],[-77.06905,38.95532],[-77.06906,38.95532],[-77.06906,38.95529],[-77.06907,38.95527],[-77.06907,38.95526],[-77.06908,38.95525],[-77.06908,38.95524],[-77.06909,38.95521],[-77.06908,38.95521],[-77.06907,38.9552],[-77.06906,38.9552],[-77.06905,38.9552],[-77.06904,38.9552],[-77.06903,38.9552],[-77.06902,38.95519],[-77.069,38.95519],[-77.06898,38.95519],[-77.06897,38.95519],[-77.06896,38.95519],[-77.06895,38.95519],[-77.06894,38.95519],[-77.06893,38.95519],[-77.06892,38.95519],[-77.06891,38.95519],[-77.0689,38.95519],[-77.06889,38.95519],[-77.06888,38.95519],[-77.06887,38.95519],[-77.06886,38.95519],[-77.06885,38.95519],[-77.06884,38.95519],[-77.06883,38.95519],[-77.06882,38.95519],[-77.06881,38.95519],[-77.06879,38.95519],[-77.06878,38.95519],[-77.06877,38.95519],[-77.06876,38.95519],[-77.06875,38.95519],[-77.06874,38.95519],[-77.06873,38.95519],[-77.0685,38.95519],[-77.0682,38.95519],[-77.06787,38.95519],[-77.06785,38.95519],[-77.06784,38.95519],[-77.06783,38.95518],[-77.06781,38.95518],[-77.0678,38.95518],[-77.06761,38.95512],[-77.0676,38.95511],[-77.06752,38.95509],[-77.06753,38.95506],[-77.06754,38.95503],[-77.06755,38.95501],[-77.06757,38.95498],[-77.06758,38.95496],[-77.06759,38.95493],[-77.0676,38.95491],[-77.06761,38.95488],[-77.06762,38.95485],[-77.06763,38.95483],[-77.06764,38.9548],[-77.06765,38.95478],[-77.06765,38.95477],[-77.06765,38.95476],[-77.06766,38.95475],[-77.06766,38.95474],[-77.06766,38.95473],[-77.06766,38.95472],[-77.06766,38.95471],[-77.06766,38.9547],[-77.06659,38.9547],[-77.06618,38.95471],[-77.06614,38.95471],[-77.06611,38.95471],[-77.06607,38.95471],[-77.06604,38.9547],[-77.066,38.9547],[-77.06597,38.9547],[-77.06594,38.95469],[-77.0659,38.95469],[-77.06589,38.95469],[-77.06587,38.95468],[-77.06584,38.95468],[-77.0658,38.95467],[-77.06579,38.95466],[-77.06576,38.95466],[-77.06572,38.95464],[-77.06567,38.95463],[-77.06566,38.95462],[-77.06564,38.95463],[-77.06563,38.95465],[-77.06562,38.95467],[-77.06561,38.95469],[-77.06561,38.95471],[-77.06561,38.95473],[-77.06561,38.95474],[-77.06561,38.95475],[-77.06561,38.95477],[-77.06562,38.95479],[-77.06563,38.9548],[-77.06567,38.95487],[-77.06567,38.95488],[-77.06571,38.95495],[-77.06574,38.95501],[-77.06574,38.95502],[-77.06578,38.95509],[-77.06582,38.95516],[-77.06585,38.95523],[-77.06585,38.95524],[-77.06589,38.95531],[-77.06593,38.95538],[-77.06593,38.95539],[-77.06596,38.95544],[-77.06597,38.95545],[-77.066,38.95552],[-77.06593,38.95555],[-77.06592,38.95556],[-77.0659,38.95556],[-77.0659,38.95557],[-77.06589,38.95557],[-77.06588,38.95558],[-77.06587,38.95558],[-77.06586,38.95559],[-77.06585,38.95559],[-77.06585,38.9556],[-77.06584,38.9556],[-77.06584,38.95561],[-77.06583,38.95561],[-77.06582,38.95562],[-77.06581,38.95562],[-77.0658,38.95563],[-77.06579,38.95564],[-77.06579,38.95565],[-77.06577,38.95566],[-77.06575,38.95568],[-77.06571,38.95571],[-77.06567,38.95574],[-77.0655,38.95586],[-77.06548,38.95588],[-77.06537,38.95597],[-77.06518,38.95612],[-77.0651,38.95617],[-77.0651,38.95618],[-77.06509,38.95618],[-77.06509,38.95619],[-77.06508,38.95619],[-77.06506,38.95621],[-77.06505,38.95621],[-77.06505,38.95622],[-77.06504,38.95622],[-77.06502,38.95624],[-77.065,38.95625],[-77.06498,38.95627],[-77.06496,38.95629],[-77.06494,38.9563],[-77.06491,38.95633],[-77.06488,38.95636],[-77.06488,38.95637],[-77.06485,38.95639],[-77.06484,38.9564],[-77.06483,38.95641],[-77.06482,38.95642],[-77.06481,38.95643],[-77.06479,38.95645],[-77.06478,38.95646],[-77.06475,38.95649],[-77.06474,38.9565],[-77.06441,38.95682],[-77.06439,38.95684],[-77.06436,38.95681],[-77.06431,38.95686],[-77.06427,38.95689],[-77.0642,38.95696],[-77.06416,38.95699],[-77.06413,38.95703],[-77.06401,38.95713],[-77.06401,38.95714],[-77.06415,38.95729],[-77.06431,38.95747],[-77.06437,38.95753],[-77.06437,38.95754],[-77.06443,38.9576],[-77.06464,38.95784],[-77.06467,38.95787],[-77.0647,38.9579],[-77.06472,38.95792],[-77.06474,38.95794],[-77.06475,38.95796],[-77.06478,38.95799],[-77.06481,38.95802],[-77.06484,38.95805],[-77.06487,38.95809],[-77.06489,38.95811],[-77.06492,38.95815],[-77.06495,38.95818],[-77.06499,38.95822],[-77.06502,38.95826],[-77.06505,38.95829],[-77.06507,38.95832],[-77.06512,38.95839],[-77.06513,38.95842],[-77.06513,38.95844],[-77.06513,38.95846],[-77.06513,38.95849]],[[-77.06612,38.9558],[-77.06618,38.95574],[-77.06619,38.95574],[-77.06622,38.95577],[-77.06626,38.95579],[-77.06626,38.9558],[-77.06629,38.95582],[-77.0663,38.95582],[-77.0667,38.95604],[-77.06671,38.95605],[-77.06679,38.95609],[-77.06687,38.95613],[-77.06718,38.95629],[-77.0672,38.9563],[-77.0676,38.95651],[-77.06753,38.95658],[-77.06737,38.95678],[-77.06734,38.95681],[-77.06731,38.95685],[-77.06728,38.95688],[-77.06725,38.95692],[-77.06722,38.95695],[-77.0672,38.95697],[-77.06719,38.95698],[-77.06716,38.95702],[-77.06713,38.95705],[-77.06711,38.95709],[-77.06708,38.95712],[-77.06705,38.95715],[-77.06703,38.95718],[-77.067,38.95721],[-77.06698,38.95723],[-77.06695,38.95726],[-77.06692,38.95729],[-77.06689,38.95731],[-77.06685,38.95733],[-77.06682,38.95735],[-77.06679,38.95737],[-77.06676,38.95739],[-77.06674,38.9574],[-77.06671,38.95741],[-77.06669,38.95742],[-77.06666,38.95743],[-77.06664,38.95744],[-77.06661,38.95745],[-77.06659,38.95746],[-77.06656,38.95747],[-77.06654,38.95748],[-77.06651,38.95749],[-77.06648,38.9575],[-77.06644,38.9575],[-77.06641,38.95751],[-77.06638,38.95751],[-77.06637,38.95751],[-77.06635,38.95751],[-77.06632,38.95751],[-77.06628,38.95751],[-77.06625,38.95751],[-77.06622,38.95751],[-77.06615,38.9575],[-77.06609,38.95749],[-77.06602,38.95749],[-77.06596,38.95748],[-77.06589,38.95747],[-77.06583,38.95746],[-77.06576,38.95745],[-77.0657,38.95744],[-77.06566,38.95744],[-77.06563,38.95743],[-77.06558,38.95742],[-77.06557,38.95742],[-77.0655,38.95741],[-77.06543,38.9574],[-77.06537,38.95739],[-77.0653,38.95738],[-77.06524,38.95737],[-77.06523,38.95737],[-77.06517,38.95736],[-77.06511,38.95735],[-77.06504,38.95734],[-77.06497,38.95733],[-77.06491,38.95731],[-77.0648,38.9573],[-77.06482,38.95724],[-77.06483,38.95723],[-77.06483,38.95722],[-77.06492,38.957],[-77.06495,38.95695],[-77.06498,38.95691],[-77.065,38.95687],[-77.06504,38.95682],[-77.06507,38.95678],[-77.0651,38.95674],[-77.06514,38.9567],[-77.06518,38.95666],[-77.06522,38.95662],[-77.06526,38.95659],[-77.06554,38.95637],[-77.06559,38.95633],[-77.06565,38.95628],[-77.0657,38.95624],[-77.06575,38.95619],[-77.0658,38.95615],[-77.06585,38.9561],[-77.06588,38.95607],[-77.0659,38.95605],[-77.06594,38.956],[-77.06599,38.95595],[-77.06603,38.9559],[-77.06612,38.9558]]]},"properties":{"zone":"R-1B/FH","label":"R-1B/FH","desc":"Permits detached houses on moderately-sized lots"}},{"type":"Feature","geometry":{"type":"Polygon","coordinates":[[[-77.02126,38.98059],[-77.02137,38.98067],[-77.02195,38.98074],[-77.02238,38.9808],[-77.02249,38.98081],[-77.02248,38.98075],[-77.02248,38.98074],[-77.02247,38.98072],[-77.02247,38.9807],[-77.02247,38.98069],[-77.02247,38.98067],[-77.02246,38.98065],[-77.02246,38.98064],[-77.02246,38.98063],[-77.02245,38.98061],[-77.02245,38.9806],[-77.02245,38.98059],[-77.02244,38.98053],[-77.02243,38.98048],[-77.02242,38.98044],[-77.02242,38.98043],[-77.0224,38.98035],[-77.0224,38.98034],[-77.0224,38.98032],[-77.02239,38.9803],[-77.02239,38.98029],[-77.02239,38.98028],[-77.02238,38.98025],[-77.02238,38.98023],[-77.02238,38.98021],[-77.02238,38.9802],[-77.02237,38.98018],[-77.02237,38.98016],[-77.02237,38.98015],[-77.02237,38.98013],[-77.02237,38.9801],[-77.02237,38.97998],[-77.02236,38.97993],[-77.02236,38.97989],[-77.02236,38.97988],[-77.02236,38.97977],[-77.02236,38.97953],[-77.02236,38.97948],[-77.02236,38.9794],[-77.02236,38.97933],[-77.02236,38.97932],[-77.02235,38.97913],[-77.02235,38.97911],[-77.02235,38.9791],[-77.02235,38.97909],[-77.02235,38.97908],[-77.02235,38.97907],[-77.02235,38.97906],[-77.02234,38.97904],[-77.02234,38.97903],[-77.02233,38.97901],[-77.02233,38.979],[-77.02233,38.97899],[-77.02232,38.97898],[-77.02231,38.97897],[-77.02231,38.97896],[-77.02229,38.97892],[-77.02228,38.97892],[-77.02227,38.9789],[-77.02234,38.9789],[-77.0224,38.9789],[-77.02246,38.9789],[-77.02264,38.9789],[-77.02274,38.9789],[-77.02283,38.9789],[-77.02297,38.9789],[-77.02301,38.9789],[-77.02311,38.9789],[-77.02312,38.9789],[-77.02317,38.9789],[-77.02333,38.9789],[-77.02347,38.9789],[-77.02351,38.9789],[-77.02361,38.9789],[-77.02376,38.9789],[-77.02379,38.9789],[-77.02382,38.9789],[-77.02382,38.97886],[-77.02382,38.97878],[-77.02382,38.97871],[-77.02382,38.97868],[-77.02385,38.97868],[-77.02388,38.97868],[-77.02395,38.97868],[-77.02405,38.97868],[-77.02411,38.97868],[-77.02413,38.97868],[-77.02416,38.97868],[-77.02417,38.97868],[-77.02419,38.97868],[-77.02436,38.97868],[-77.02446,38.97868],[-77.02446,38.97873],[-77.02446,38.97883],[-77.02597,38.97882],[-77.02597,38.9785],[-77.02597,38.97849],[-77.02597,38.97844],[-77.02597,38.97838],[-77.02597,38.97834],[-77.02597,38.97831],[-77.0258,38.97831],[-77.0258,38.97788],[-77.02587,38.97729],[-77.02604,38.97729],[-77.02604,38.97722],[-77.02604,38.97716],[-77.02604,38.9771],[-77.02605,38.97683],[-77.02605,38.97659],[-77.02605,38.97646],[-77.02604,38.97631],[-77.02604,38.97618],[-77.02604,38.97603],[-77.02605,38.97591],[-77.02605,38.9759],[-77.02605,38.97589],[-77.02605,38.97582],[-77.02609,38.97582],[-77.02609,38.97576],[-77.02609,38.97573],[-77.02609,38.97563],[-77.0261,38.97552],[-77.0261,38.97541],[-77.0261,38.97533],[-77.0261,38.97525],[-77.0261,38.9752],[-77.0261,38.97518],[-77.0261,38.97517],[-77.02609,38.97516],[-77.02608,38.97515],[-77.02604,38.97513],[-77.02605,38.97512],[-77.02607,38.97488],[-77.02609,38.97476],[-77.0261,38.97467],[-77.0261,38.97463],[-77.02611,38.97451],[-77.02612,38.9744],[-77.02612,38.97439],[-77.02614,38.97426],[-77.02614,38.97425],[-77.02615,38.97414],[-77.02631,38.97415],[-77.02631,38.97408],[-77.02636,38.97408],[-77.02638,38.97408],[-77.02638,38.974],[-77.02638,38.97376],[-77.02638,38.97362],[-77.02625,38.97362],[-77.02625,38.9735],[-77.02625,38.97324],[-77.02625,38.97321],[-77.02624,38.97321],[-77.02625,38.97303],[-77.02625,38.97292],[-77.02625,38.97283],[-77.02625,38.97273],[-77.02627,38.97273],[-77.02634,38.97273],[-77.02642,38.97273],[-77.02642,38.97271],[-77.02642,38.97248],[-77.02642,38.97244],[-77.02641,38.97236],[-77.0264,38.97236],[-77.02639,38.9723],[-77.02639,38.97229],[-77.02639,38.97228],[-77.02639,38.97227],[-77.02639,38.97226],[-77.0264,38.97225],[-77.0264,38.97224],[-77.0264,38.97223],[-77.0264,38.97215],[-77.02641,38.97208],[-77.02642,38.97198],[-77.02643,38.97191],[-77.02644,38.97187],[-77.02645,38.97173],[-77.02645,38.97169],[-77.02646,38.9716],[-77.02646,38.97157],[-77.02647,38.9715],[-77.02647,38.97148],[-77.02665,38.97148],[-77.02665,38.97146],[-77.02664,38.97141],[-77.02664,38.97113],[-77.02664,38.97112],[-77.02663,38.97112],[-77.02662,38.97111],[-77.02661,38.97111],[-77.0266,38.97111],[-77.0266,38.97108],[-77.0266,38.97107],[-77.0266,38.97106],[-77.0266,38.97105],[-77.0266,38.97102],[-77.02653,38.97101],[-77.02652,38.97101],[-77.02644,38.97101],[-77.02635,38.971],[-77.02629,38.971],[-77.02632,38.97074],[-77.02632,38.97067],[-77.02633,38.97065],[-77.02633,38.97064],[-77.02633,38.97061],[-77.02634,38.97053],[-77.02635,38.97042],[-77.02635,38.9704],[-77.02636,38.9704],[-77.02642,38.9704],[-77.02665,38.97042],[-77.02666,38.97041],[-77.02667,38.97041],[-77.02668,38.97041],[-77.02668,38.9704],[-77.02669,38.9704],[-77.02669,38.97039],[-77.0267,38.97031],[-77.0267,38.9703],[-77.0267,38.97029],[-77.0267,38.97028],[-77.02672,38.97003],[-77.02672,38.97002],[-77.02672,38.97001],[-77.02672,38.97],[-77.02672,38.96999],[-77.02672,38.96998],[-77.02672,38.96993],[-77.02661,38.96993],[-77.02625,38.96993],[-77.02619,38.96993],[-77.02613,38.96993],[-77.02606,38.96993],[-77.026,38.96993],[-77.02593,38.96993],[-77.02587,38.96993],[-77.02581,38.96993],[-77.02574,38.96993],[-77.02568,38.96993],[-77.02561,38.96993],[-77.0256,38.96993],[-77.02548,38.96993],[-77.02541,38.96993],[-77.02544,38.96989],[-77.02545,38.96986],[-77.02547,38.96984],[-77.02547,38.96983],[-77.02548,38.96981],[-77.0255,38.96979],[-77.02551,38.96976],[-77.02554,38.9697],[-77.02564,38.96949],[-77.02573,38.9693],[-77.02582,38.96912],[-77.02585,38.96907],[-77.02598,38.9688],[-77.02602,38.96871],[-77.02606,38.96864],[-77.02599,38.96864],[-77.02588,38.96864],[-77.02587,38.96864],[-77.02586,38.96864],[-77.02557,38.96864],[-77.02552,38.96864],[-77.02511,38.96864],[-77.02477,38.96864],[-77.02461,38.96864],[-77.02435,38.96864],[-77.02433,38.96864],[-77.02432,38.96864],[-77.02421,38.96864],[-77.02413,38.96864],[-77.02412,38.96864],[-77.0241,38.96864],[-77.0238,38.96864],[-77.02361,38.96864],[-77.02343,38.96864],[-77.02333,38.96864],[-77.02324,38.96864],[-77.02314,38.96864],[-77.02281,38.96864],[-77.02256,38.96864],[-77.02255,38.96864],[-77.02245,38.96864],[-77.02237,38.96864],[-77.02236,38.96864],[-77.02235,38.96864],[-77.02221,38.96864],[-77.02187,38.96864],[-77.02156,38.96864],[-77.02133,38.96864],[-77.02126,38.96864],[-77.02117,38.96864],[-77.02111,38.96864],[-77.02108,38.96864],[-77.02077,38.96864],[-77.02053,38.96864],[-77.02022,38.96864],[-77.02,38.96864],[-77.01999,38.96864],[-77.0199,38.96864],[-77.0199,38.96857],[-77.0199,38.96856],[-77.0199,38.96832],[-77.0199,38.96826],[-77.0199,38.96795],[-77.0199,38.96765],[-77.0199,38.9674],[-77.0199,38.96738],[-77.0199,38.96737],[-77.0199,38.9673],[-77.0199,38.96729],[-77.0199,38.96721],[-77.0199,38.96701],[-77.0199,38.96689],[-77.0199,38.96678],[-77.0199,38.96672],[-77.0199,38.96665],[-77.0199,38.96648],[-77.0199,38.96632],[-77.0199,38.96622],[-77.0199,38.96616],[-77.0199,38.96614],[-77.01988,38.96614],[-77.01983,38.96614],[-77.01982,38.96614],[-77.01981,38.96614],[-77.0198,38.96614],[-77.01946,38.96614],[-77.01916,38.96614],[-77.01885,38.96614],[-77.01863,38.96614],[-77.01832,38.96614],[-77.01823,38.96614],[-77.01813,38.96614],[-77.01804,38.96614],[-77.01793,38.96614],[-77.01792,38.96614],[-77.01756,38.96614],[-77.01749,38.96614],[-77.01702,38.96614],[-77.01676,38.96614],[-77.01675,38.96614],[-77.01674,38.96614],[-77.01632,38.96614],[-77.01631,38.96614],[-77.01617,38.96614],[-77.01603,38.96606],[-77.01602,38.96605],[-77.016,38.96604],[-77.01597,38.96603],[-77.01595,38.96601],[-77.01594,38.966],[-77.01566,38.9658],[-77.01554,38.96572],[-77.01545,38.96565],[-77.01549,38.96562],[-77.01556,38.96556],[-77.01579,38.96537],[-77.01581,38.96535],[-77.01577,38.96533],[-77.01577,38.96524],[-77.01577,38.9651],[-77.01577,38.96506],[-77.01577,38.96496],[-77.01596,38.96496],[-77.01603,38.96496],[-77.01617,38.96496],[-77.01617,38.96488],[-77.01617,38.96486],[-77.01617,38.96485],[-77.01617,38.96434],[-77.01617,38.96386],[-77.01617,38.96378],[-77.01617,38.9637],[-77.01617,38.9634],[-77.01617,38.96316],[-77.01617,38.96289],[-77.01617,38.96279],[-77.01617,38.96271],[-77.01617,38.96263],[-77.01617,38.96259],[-77.01617,38.96213],[-77.01617,38.96175],[-77.01617,38.9614],[-77.01617,38.96132],[-77.01617,38.96125],[-77.01617,38.96124],[-77.01617,38.96122],[-77.01617,38.96102],[-77.01617,38.96076],[-77.01617,38.96047],[-77.01617,38.96025],[-77.01617,38.96024],[-77.01617,38.96017],[-77.01617,38.9601],[-77.01617,38.95996],[-77.01617,38.95953],[-77.01617,38.95917],[-77.01617,38.9591],[-77.01617,38.959],[-77.01617,38.95887],[-77.01617,38.95874],[-77.01614,38.95874],[-77.01613,38.95874],[-77.01612,38.95874],[-77.01611,38.95874],[-77.0161,38.95874],[-77.01609,38.95874],[-77.01608,38.95874],[-77.01607,38.95874],[-77.01606,38.95874],[-77.0158,38.95874],[-77.01577,38.95874],[-77.01576,38.95874],[-77.01574,38.95874],[-77.01571,38.95874],[-77.0157,38.95874],[-77.01568,38.95874],[-77.01566,38.95874],[-77.01565,38.95874],[-77.01564,38.95874],[-77.01563,38.95874],[-77.01561,38.95874],[-77.01556,38.95874],[-77.01555,38.95874],[-77.01552,38.95874],[-77.01551,38.95874],[-77.0155,38.95874],[-77.01549,38.95874],[-77.01547,38.95874],[-77.01546,38.95874],[-77.01541,38.95874],[-77.01535,38.95874],[-77.01534,38.95874],[-77.01533,38.95874],[-77.01532,38.95874],[-77.01531,38.95874],[-77.0153,38.95874],[-77.01529,38.95874],[-77.01528,38.95874],[-77.01527,38.95874],[-77.01526,38.95874],[-77.01525,38.95874],[-77.01524,38.95874],[-77.01523,38.95874],[-77.01522,38.95874],[-77.01521,38.95874],[-77.0152,38.95874],[-77.01519,38.95874],[-77.01518,38.95874],[-77.01517,38.95874],[-77.01516,38.95874],[-77.01515,38.95874],[-77.01514,38.95874],[-77.01511,38.95874],[-77.0151,38.95874],[-77.01505,38.95874],[-77.01476,38.95874],[-77.01469,38.95874],[-77.01468,38.95874],[-77.01465,38.95874],[-77.01458,38.95874],[-77.01457,38.95874],[-77.01456,38.95874],[-77.01455,38.95874],[-77.01445,38.95874],[-77.01439,38.95874],[-77.01433,38.95874],[-77.01432,38.95874],[-77.01422,38.95874],[-77.01421,38.95874],[-77.01412,38.95874],[-77.01411,38.95874],[-77.0141,38.95874],[-77.01402,38.95874],[-77.01395,38.95874],[-77.01393,38.95874],[-77.01388,38.95874],[-77.01386,38.95874],[-77.01384,38.95874],[-77.01382,38.95874],[-77.01381,38.95874],[-77.0138,38.95874],[-77.01378,38.95874],[-77.01377,38.95874],[-77.01376,38.95874],[-77.01375,38.95874],[-77.01374,38.95874],[-77.01372,38.95874],[-77.01371,38.95874],[-77.0137,38.95874],[-77.01369,38.95874],[-77.01367,38.95874],[-77.01366,38.95874],[-77.01365,38.95874],[-77.01364,38.95874],[-77.01363,38.95874],[-77.0136,38.95874],[-77.01359,38.95874],[-77.01357,38.95874],[-77.01353,38.95874],[-77.01351,38.95874],[-77.0135,38.95874],[-77.01348,38.95874],[-77.01346,38.95874],[-77.01345,38.95874],[-77.01342,38.95874],[-77.01314,38.95912],[-77.0124,38.95912],[-77.01162,38.95912],[-77.01162,38.95903],[-77.01162,38.95901],[-77.01162,38.959],[-77.01162,38.95898],[-77.01162,38.95894],[-77.01162,38.95889],[-77.01162,38.95884],[-77.01161,38.95882],[-77.01161,38.95879],[-77.01161,38.95878],[-77.01161,38.95877],[-77.01161,38.95876],[-77.01161,38.95875],[-77.01161,38.95874],[-77.0116,38.95874],[-77.01158,38.95874],[-77.01155,38.95874],[-77.01154,38.95874],[-77.01151,38.95874],[-77.01146,38.95874],[-77.01143,38.95874],[-77.01142,38.95874],[-77.01136,38.95874],[-77.01135,38.95874],[-77.01133,38.95874],[-77.01131,38.95874],[-77.01127,38.95874],[-77.01125,38.95874],[-77.01121,38.95874],[-77.01118,38.95874],[-77.01116,38.95874],[-77.01114,38.95874],[-77.01113,38.95874],[-77.01111,38.95874],[-77.0111,38.95874],[-77.01108,38.95874],[-77.01107,38.95874],[-77.01106,38.95874],[-77.01105,38.95874],[-77.01103,38.95874],[-77.01101,38.95874],[-77.01101,38.95872],[-77.01101,38.9587],[-77.01101,38.95869],[-77.01101,38.95868],[-77.01101,38.95867],[-77.01101,38.95866],[-77.01101,38.95865],[-77.01101,38.95864],[-77.01101,38.95862],[-77.01101,38.95861],[-77.01101,38.9586],[-77.01101,38.95859],[-77.01101,38.95858],[-77.01101,38.95857],[-77.01101,38.95856],[-77.01101,38.95855],[-77.01101,38.95854],[-77.01101,38.95853],[-77.01101,38.95852],[-77.01101,38.95851],[-77.01101,38.9585],[-77.01101,38.95849],[-77.01101,38.95848],[-77.01101,38.95847],[-77.01101,38.95846],[-77.01101,38.95845],[-77.01101,38.95844],[-77.01101,38.95843],[-77.01101,38.95842],[-77.01101,38.95841],[-77.01101,38.9584],[-77.01101,38.95839],[-77.01101,38.95837],[-77.01101,38.95836],[-77.01101,38.9583],[-77.01101,38.95829],[-77.01101,38.95825],[-77.01101,38.95823],[-77.01101,38.9582],[-77.01101,38.95814],[-77.01101,38.95809],[-77.01101,38.95804],[-77.01101,38.95803],[-77.01101,38.95798],[-77.01101,38.95797],[-77.01101,38.9579],[-77.01101,38.95788],[-77.01101,38.95787],[-77.01101,38.95783],[-77.01101,38.95782],[-77.01101,38.95778],[-77.01101,38.95777],[-77.01101,38.95775],[-77.01101,38.95774],[-77.01101,38.95767],[-77.01101,38.95713],[-77.01099,38.95713],[-77.01098,38.95713],[-77.01094,38.95713],[-77.01093,38.95713],[-77.01076,38.95713],[-77.01064,38.95713],[-77.01056,38.95713],[-77.01048,38.95713],[-77.01042,38.95713],[-77.01023,38.95713],[-77.01002,38.95713],[-77.00995,38.95713],[-77.00985,38.95713],[-77.00973,38.95713],[-77.00971,38.95713],[-77.0097,38.95713],[-77.00964,38.95713],[-77.00964,38.95711],[-77.00964,38.95701],[-77.00964,38.95697],[-77.00964,38.95687],[-77.00964,38.95672],[-77.00964,38.95668],[-77.00964,38.95659],[-77.00943,38.95659],[-77.0093,38.95659],[-77.00937,38.9565],[-77.00946,38.95637],[-77.00953,38.95628],[-77.00957,38.95622],[-77.00959,38.9562],[-77.00959,38.95619],[-77.00961,38.95617],[-77.00963,38.95614],[-77.00963,38.95613],[-77.00966,38.9561],[-77.00968,38.95607],[-77.0097,38.95604],[-77.00972,38.95603],[-77.00973,38.956],[-77.00974,38.956],[-77.00975,38.95599],[-77.00975,38.95598],[-77.00976,38.95597],[-77.00976,38.95596],[-77.00977,38.95595],[-77.00977,38.95594],[-77.00978,38.95593],[-77.00978,38.95592],[-77.00978,38.95591],[-77.00979,38.9559],[-77.00979,38.95589],[-77.0098,38.95588],[-77.0098,38.95587],[-77.00981,38.95586],[-77.00981,38.95585],[-77.00982,38.95584],[-77.00982,38.95583],[-77.00983,38.95582],[-77.00997,38.95563],[-77.01006,38.95551],[-77.01013,38.95542],[-77.01021,38.95531],[-77.01024,38.95527],[-77.0103,38.95519],[-77.01019,38.95515],[-77.01018,38.95515],[-77.01017,38.95514],[-77.00983,38.95503],[-77.00977,38.95501],[-77.00971,38.95499],[-77.0097,38.95499],[-77.00969,38.95498],[-77.00965,38.95497],[-77.00959,38.95495],[-77.00953,38.95493],[-77.00947,38.95492],[-77.00941,38.9549],[-77.00935,38.95488],[-77.00929,38.95487],[-77.00923,38.95485],[-77.00919,38.95484],[-77.00916,38.95483],[-77.00912,38.95483],[-77.00908,38.95482],[-77.00905,38.95482],[-77.00904,38.95482],[-77.00903,38.95482],[-77.00902,38.95482],[-77.00901,38.95482],[-77.009,38.95482],[-77.00899,38.95482],[-77.00897,38.95482],[-77.00896,38.95482],[-77.00895,38.95482],[-77.00894,38.95482],[-77.00893,38.95482],[-77.00892,38.95482],[-77.00891,38.95482],[-77.00891,38.95483],[-77.0089,38.95483],[-77.00889,38.95483],[-77.00888,38.95483],[-77.00887,38.95483],[-77.00886,38.95483],[-77.00885,38.95483],[-77.00884,38.95483],[-77.00883,38.95483],[-77.00883,38.95484],[-77.00882,38.95484],[-77.00881,38.95484],[-77.00879,38.95484],[-77.00876,38.95485],[-77.00874,38.95486],[-77.00872,38.95486],[-77.00864,38.95488],[-77.00861,38.95488],[-77.00829,38.95495],[-77.00823,38.95496],[-77.00775,38.95508],[-77.00774,38.95508],[-77.0077,38.95509],[-77.00736,38.95516],[-77.00728,38.95518],[-77.00721,38.95519],[-77.00721,38.9552],[-77.00687,38.95527],[-77.00679,38.95529],[-77.00672,38.9553],[-77.00665,38.95532],[-77.00658,38.95534],[-77.0065,38.95535],[-77.00643,38.95537],[-77.00639,38.95538],[-77.00636,38.95539],[-77.00628,38.9554],[-77.00627,38.95541],[-77.00626,38.95541],[-77.00621,38.95542],[-77.00615,38.95543],[-77.00614,38.95544],[-77.0061,38.95544],[-77.00571,38.95553],[-77.00563,38.95555],[-77.00558,38.95557],[-77.00552,38.95558],[-77.00546,38.95559],[-77.0054,38.9556],[-77.00534,38.95562],[-77.00528,38.95563],[-77.00523,38.95564],[-77.00517,38.95566],[-77.0048,38.95574],[-77.00469,38.95577],[-77.00389,38.95594],[-77.00388,38.95594],[-77.00386,38.95595],[-77.0039,38.95603],[-77.00392,38.95607],[-77.00394,38.95612],[-77.00403,38.95637],[-77.00415,38.95666],[-77.00428,38.95697],[-77.00456,38.95767],[-77.0047,38.95802],[-77.00473,38.95809],[-77.00476,38.95815],[-77.00478,38.95822],[-77.00481,38.95828],[-77.00484,38.95834],[-77.00487,38.95841],[-77.0049,38.95847],[-77.00492,38.95851],[-77.00492,38.95852],[-77.00493,38.95853],[-77.00496,38.95859],[-77.00496,38.95861],[-77.00497,38.95862],[-77.00497,38.95863],[-77.00498,38.95864],[-77.00499,38.95866],[-77.005,38.95868],[-77.00501,38.9587],[-77.00502,38.95872],[-77.00505,38.95879],[-77.00509,38.95885],[-77.00512,38.95892],[-77.00515,38.95898],[-77.00519,38.95904],[-77.00522,38.95911],[-77.00526,38.95917],[-77.00529,38.95924],[-77.00533,38.9593],[-77.00536,38.95936],[-77.0054,38.95942],[-77.00544,38.95948],[-77.00547,38.95954],[-77.00551,38.9596],[-77.00555,38.95966],[-77.00558,38.95972],[-77.00562,38.95978],[-77.00566,38.95984],[-77.0057,38.9599],[-77.00574,38.95995],[-77.00578,38.96001],[-77.00581,38.96006],[-77.00585,38.96012],[-77.00589,38.96017],[-77.00593,38.96023],[-77.00597,38.96028],[-77.00601,38.96034],[-77.00605,38.96039],[-77.00605,38.9604],[-77.00606,38.96042],[-77.00608,38.96044],[-77.00609,38.96045],[-77.0061,38.96047],[-77.00611,38.96048],[-77.00612,38.9605],[-77.00613,38.96051],[-77.00615,38.96053],[-77.00615,38.96054],[-77.00617,38.96055],[-77.00624,38.96065],[-77.0062,38.9607],[-77.00618,38.96074],[-77.00613,38.9608],[-77.00612,38.96081],[-77.0061,38.96085],[-77.00609,38.96085],[-77.00607,38.96088],[-77.00605,38.96091],[-77.00592,38.96108],[-77.00589,38.96113],[-77.00578,38.96128],[-77.00577,38.96129],[-77.00567,38.96142],[-77.00566,38.96144],[-77.00565,38.96145],[-77.00556,38.96141],[-77.00555,38.9614],[-77.00549,38.96138],[-77.00541,38.96136],[-77.00524,38.96131],[-77.0051,38.96128],[-77.00504,38.96128],[-77.00487,38.96128],[-77.00469,38.96127],[-77.00439,38.96127],[-77.0041,38.96127],[-77.00376,38.96127],[-77.00344,38.96127],[-77.00313,38.96127],[-77.00291,38.96127],[-77.0029,38.96127],[-77.00277,38.96127],[-77.00265,38.96127],[-77.00264,38.96127],[-77.00231,38.96127],[-77.0023,38.96127],[-77.00224,38.96127],[-77.00199,38.96127],[-77.00199,38.9614],[-77.00199,38.96144],[-77.00199,38.96166],[-77.00199,38.96167],[-77.00202,38.96167],[-77.00202,38.9617],[-77.00202,38.96195],[-77.00202,38.96202],[-77.00202,38.96209],[-77.00202,38.96234],[-77.00202,38.96235],[-77.00193,38.96235],[-77.00189,38.96235],[-77.00181,38.96235],[-77.00144,38.96235],[-77.00101,38.96235],[-77.001,38.96235],[-77.00101,38.96238],[-77.00101,38.96258],[-77.001,38.9627],[-77.001,38.96282],[-77.001,38.96321],[-77.001,38.96324],[-77.001,38.96325],[-77.001,38.96364],[-77.001,38.96369],[-77.001,38.96377],[-77.001,38.96386],[-77.001,38.96406],[-77.001,38.9641],[-77.001,38.9643],[-77.001,38.96444],[-77.001,38.96445],[-77.001,38.96457],[-77.001,38.96478],[-77.00123,38.96496],[-77.00124,38.96496],[-77.00125,38.96496],[-77.00126,38.96496],[-77.00127,38.96496],[-77.00129,38.96496],[-77.0013,38.96496],[-77.00133,38.96495],[-77.00137,38.96495],[-77.00141,38.96495],[-77.00145,38.96495],[-77.00149,38.96495],[-77.0015,38.96495],[-77.00153,38.96495],[-77.00156,38.96495],[-77.0016,38.96495],[-77.00164,38.96495],[-77.00165,38.96495],[-77.00166,38.96495],[-77.00168,38.96495],[-77.00191,38.96495],[-77.00196,38.96495],[-77.00223,38.96495],[-77.00231,38.96496],[-77.0026,38.96496],[-77.00262,38.96496],[-77.00264,38.96496],[-77.00267,38.96497],[-77.00268,38.96497],[-77.00269,38.96497],[-77.00271,38.96498],[-77.00272,38.96498],[-77.00274,38.96498],[-77.00276,38.96499],[-77.00278,38.965],[-77.00279,38.965],[-77.0028,38.96501],[-77.00282,38.96502],[-77.00284,38.96503],[-77.00287,38.96505],[-77.0029,38.96507],[-77.00292,38.96508],[-77.00294,38.96509],[-77.00295,38.96509],[-77.00247,38.9657],[-77.00242,38.96577],[-77.00236,38.96584],[-77.00343,38.96668],[-77.00431,38.96736],[-77.00512,38.96799],[-77.00595,38.96864],[-77.01086,38.97247],[-77.01277,38.97396],[-77.01277,38.97397],[-77.01282,38.9739],[-77.01315,38.97354],[-77.01328,38.97339],[-77.01334,38.97332],[-77.01335,38.97332],[-77.01341,38.97325],[-77.01341,38.97324],[-77.0137,38.97293],[-77.01376,38.97286],[-77.01406,38.97252],[-77.0141,38.97248],[-77.01418,38.97237],[-77.01422,38.97233],[-77.0144,38.97233],[-77.01482,38.97233],[-77.01483,38.97233],[-77.01484,38.97233],[-77.01521,38.97233],[-77.01531,38.97233],[-77.01545,38.97233],[-77.01546,38.97233],[-77.0155,38.97233],[-77.01551,38.97233],[-77.01552,38.97233],[-77.01554,38.97233],[-77.01556,38.97233],[-77.01557,38.97233],[-77.01558,38.97233],[-77.01561,38.97234],[-77.01562,38.97234],[-77.01563,38.97234],[-77.01565,38.97234],[-77.01566,38.97234],[-77.01567,38.97234],[-77.0157,38.97234],[-77.01565,38.97226],[-77.01565,38.97225],[-77.01554,38.97208],[-77.01551,38.97202],[-77.01548,38.97198],[-77.01546,38.97194],[-77.01543,38.97191],[-77.01541,38.97187],[-77.01539,38.97183],[-77.01536,38.97179],[-77.01533,38.97175],[-77.01531,38.97172],[-77.01528,38.97168],[-77.01526,38.97164],[-77.01523,38.97161],[-77.0152,38.97158],[-77.01518,38.97155],[-77.01515,38.97152],[-77.01513,38.97149],[-77.0151,38.97146],[-77.01508,38.97142],[-77.01507,38.97142],[-77.01507,38.97141],[-77.01505,38.97139],[-77.01503,38.97136],[-77.01501,38.97134],[-77.01501,38.97133],[-77.015,38.97133],[-77.01489,38.9712],[-77.01476,38.97106],[-77.01463,38.97092],[-77.01461,38.97089],[-77.01455,38.97083],[-77.0145,38.97077],[-77.01449,38.97076],[-77.01448,38.97076],[-77.01435,38.97061],[-77.01432,38.97058],[-77.01428,38.97054],[-77.01425,38.97051],[-77.01422,38.97047],[-77.01419,38.97044],[-77.01419,38.97043],[-77.01416,38.9704],[-77.01413,38.97036],[-77.0141,38.97032],[-77.01407,38.97029],[-77.01405,38.97025],[-77.01404,38.97022],[-77.01402,38.9702],[-77.01401,38.97017],[-77.014,38.97015],[-77.01399,38.97012],[-77.01398,38.97009],[-77.01397,38.97007],[-77.01393,38.96999],[-77.01392,38.96999],[-77.0139,38.96999],[-77.01386,38.96999],[-77.01382,38.96999],[-77.01379,38.96999],[-77.01378,38.96999],[-77.0134,38.96999],[-77.01339,38.96999],[-77.01302,38.96998],[-77.01294,38.96998],[-77.01285,38.96998],[-77.01276,38.96998],[-77.01275,38.96998],[-77.01229,38.96999],[-77.01217,38.96999],[-77.01182,38.96999],[-77.01177,38.96998],[-77.01167,38.96998],[-77.01157,38.96998],[-77.01156,38.96998],[-77.01154,38.96998],[-77.01106,38.96998],[-77.01093,38.96998],[-77.01058,38.96998],[-77.0105,38.96998],[-77.01042,38.96998],[-77.01024,38.96998],[-77.00939,38.96998],[-77.00917,38.96999],[-77.00916,38.96999],[-77.00915,38.96999],[-77.00914,38.96999],[-77.00912,38.96999],[-77.00911,38.96998],[-77.0091,38.96998],[-77.00909,38.96998],[-77.00908,38.96998],[-77.00907,38.96997],[-77.00905,38.96997],[-77.00904,38.96996],[-77.00902,38.96996],[-77.00902,38.96997],[-77.009,38.96998],[-77.00899,38.96999],[-77.00898,38.97],[-77.00896,38.97001],[-77.00892,38.97005],[-77.00889,38.97007],[-77.00871,38.97004],[-77.00852,38.97],[-77.00852,38.96996],[-77.00852,38.96991],[-77.00852,38.96983],[-77.00839,38.96983],[-77.00839,38.9698],[-77.00838,38.96977],[-77.00838,38.96971],[-77.00838,38.9697],[-77.00838,38.96969],[-77.00838,38.96965],[-77.00837,38.96959],[-77.00837,38.96953],[-77.00836,38.96947],[-77.00836,38.96942],[-77.00834,38.96918],[-77.00835,38.96909],[-77.00837,38.96909],[-77.00838,38.96909],[-77.00841,38.9691],[-77.00842,38.9691],[-77.00844,38.9691],[-77.00846,38.9691],[-77.00859,38.9691],[-77.00859,38.96902],[-77.00859,38.96893],[-77.00859,38.96888],[-77.0086,38.96881],[-77.00859,38.96853],[-77.0086,38.9684],[-77.0086,38.96831],[-77.0086,38.96823],[-77.00859,38.96814],[-77.00858,38.96806],[-77.00858,38.968],[-77.00857,38.96793],[-77.00856,38.96786],[-77.00856,38.96779],[-77.00855,38.96772],[-77.00854,38.96764],[-77.00853,38.96757],[-77.00853,38.9675],[-77.00852,38.96743],[-77.00852,38.96735],[-77.00852,38.96685],[-77.00805,38.96685],[-77.00805,38.96688],[-77.00802,38.96688],[-77.00795,38.96688],[-77.00777,38.96688],[-77.00765,38.96688],[-77.0076,38.96689],[-77.00735,38.96689],[-77.00734,38.96689],[-77.00711,38.96689],[-77.00688,38.9669],[-77.0068,38.9669],[-77.0068,38.96682],[-77.0068,38.96655],[-77.0068,38.96642],[-77.00697,38.96642],[-77.00731,38.96643],[-77.00731,38.96631],[-77.00731,38.96607],[-77.00731,38.96603],[-77.00734,38.96599],[-77.00741,38.96589],[-77.00759,38.96565],[-77.00768,38.96552],[-77.00759,38.96552],[-77.00748,38.96552],[-77.00743,38.96552],[-77.00713,38.96552],[-77.00692,38.96552],[-77.00682,38.96552],[-77.00675,38.96552],[-77.00672,38.96552],[-77.00629,38.96552],[-77.00595,38.96552],[-77.0059,38.96552],[-77.0059,38.96541],[-77.00591,38.96518],[-77.00591,38.96517],[-77.00587,38.96516],[-77.00586,38.96517],[-77.00567,38.96502],[-77.00555,38.96493],[-77.00563,38.96487],[-77.00579,38.96474],[-77.0058,38.96473],[-77.00581,38.96472],[-77.00582,38.96471],[-77.00583,38.9647],[-77.00584,38.96469],[-77.00586,38.96468],[-77.00587,38.96467],[-77.00587,38.96466],[-77.00589,38.96465],[-77.0059,38.96463],[-77.00591,38.96462],[-77.00592,38.96461],[-77.00593,38.9646],[-77.00594,38.96459],[-77.00595,38.96458],[-77.00614,38.96434],[-77.00615,38.96433],[-77.00616,38.96433],[-77.00633,38.9641],[-77.0065,38.96388],[-77.00677,38.96354],[-77.00702,38.96323],[-77.00709,38.96316],[-77.00702,38.96309],[-77.0068,38.96285],[-77.00674,38.96279],[-77.00673,38.96279],[-77.00673,38.96278],[-77.00671,38.96277],[-77.0067,38.96276],[-77.00668,38.96275],[-77.00667,38.96274],[-77.00666,38.96274],[-77.00664,38.96273],[-77.00661,38.96272],[-77.00659,38.96272],[-77.00657,38.96271],[-77.00679,38.96272],[-77.0068,38.96272],[-77.00682,38.96272],[-77.00684,38.96272],[-77.00687,38.96272],[-77.00688,38.96272],[-77.00689,38.96272],[-77.00692,38.96272],[-77.00695,38.96272],[-77.00696,38.96272],[-77.00697,38.96272],[-77.007,38.96273],[-77.00702,38.96273],[-77.00704,38.96273],[-77.00705,38.96273],[-77.00715,38.96273],[-77.00716,38.96273],[-77.00717,38.96273],[-77.00728,38.96269],[-77.00734,38.96268],[-77.0075,38.96248],[-77.0075,38.96247],[-77.00752,38.96245],[-77.00759,38.96236],[-77.0074,38.96218],[-77.00735,38.96214],[-77.00731,38.9621],[-77.00726,38.96205],[-77.00722,38.96201],[-77.00717,38.96197],[-77.00713,38.96192],[-77.00708,38.96188],[-77.00704,38.96183],[-77.007,38.96179],[-77.00695,38.96174],[-77.0069,38.96169],[-77.00686,38.96164],[-77.00681,38.96159],[-77.00676,38.96154],[-77.00671,38.96148],[-77.00666,38.96143],[-77.00663,38.9614],[-77.00662,38.96138],[-77.00657,38.96132],[-77.00652,38.96127],[-77.00647,38.96122],[-77.00645,38.96119],[-77.00653,38.96118],[-77.00659,38.96117],[-77.00666,38.96116],[-77.00667,38.96116],[-77.0069,38.96115],[-77.00758,38.96112],[-77.00759,38.96112],[-77.0076,38.96112],[-77.00761,38.96112],[-77.00763,38.96111],[-77.00795,38.9611],[-77.00803,38.9611],[-77.00812,38.9611],[-77.00819,38.9611],[-77.00825,38.96109],[-77.00861,38.96108],[-77.00908,38.96107],[-77.00909,38.96107],[-77.0091,38.96107],[-77.00911,38.96107],[-77.00912,38.96107],[-77.00913,38.96107],[-77.00914,38.96107],[-77.00915,38.96107],[-77.00916,38.96107],[-77.00917,38.96107],[-77.00918,38.96107],[-77.0092,38.96107],[-77.00921,38.96107],[-77.00922,38.96107],[-77.00923,38.96107],[-77.00924,38.96107],[-77.00925,38.96107],[-77.00926,38.96107],[-77.00927,38.96107],[-77.00928,38.96107],[-77.00929,38.96107],[-77.0093,38.96107],[-77.00931,38.96107],[-77.00932,38.96107],[-77.00933,38.96107],[-77.00934,38.96107],[-77.00936,38.96107],[-77.00937,38.96107],[-77.00939,38.96107],[-77.0094,38.96107],[-77.00941,38.96107],[-77.00941,38.96106],[-77.00943,38.96106],[-77.00944,38.96106],[-77.00945,38.96106],[-77.00946,38.96106],[-77.00948,38.96106],[-77.00949,38.96105],[-77.0095,38.96105],[-77.00951,38.96105],[-77.00952,38.96105],[-77.00953,38.96104],[-77.00954,38.96104],[-77.00955,38.96104],[-77.00955,38.96103],[-77.00956,38.96103],[-77.00957,38.96103],[-77.00957,38.96102],[-77.00958,38.96102],[-77.00959,38.96101],[-77.0096,38.96101],[-77.00961,38.96101],[-77.00963,38.96103],[-77.00966,38.96107],[-77.00966,38.96108],[-77.00968,38.96111],[-77.00973,38.96118],[-77.00974,38.96119],[-77.00976,38.96121],[-77.00976,38.96122],[-77.00982,38.96129],[-77.00986,38.96135],[-77.01009,38.96163],[-77.01046,38.96209],[-77.01063,38.9623],[-77.01072,38.96236],[-77.01077,38.96246],[-77.01092,38.96265],[-77.01097,38.96271],[-77.01111,38.96291],[-77.01115,38.96299],[-77.0112,38.96308],[-77.01124,38.96316],[-77.01129,38.96324],[-77.01133,38.96332],[-77.01136,38.96339],[-77.01137,38.9634],[-77.01137,38.96341],[-77.01141,38.96349],[-77.01145,38.96357],[-77.01149,38.96366],[-77.01151,38.96369],[-77.01154,38.96377],[-77.01156,38.9638],[-77.01156,38.96381],[-77.01161,38.9639],[-77.01163,38.96394],[-77.01169,38.96406],[-77.01181,38.9643],[-77.01186,38.96439],[-77.01192,38.96452],[-77.01202,38.96471],[-77.01205,38.96477],[-77.01208,38.96484],[-77.0121,38.96487],[-77.01211,38.9649],[-77.01214,38.96496],[-77.01218,38.96503],[-77.0122,38.96507],[-77.0122,38.96508],[-77.01221,38.96509],[-77.01224,38.96515],[-77.01227,38.96522],[-77.0123,38.96528],[-77.01233,38.96534],[-77.01236,38.96539],[-77.01238,38.96544],[-77.01241,38.96549],[-77.01241,38.9655],[-77.01243,38.96554],[-77.01246,38.96559],[-77.01248,38.96564],[-77.01251,38.96569],[-77.01252,38.96572],[-77.01253,38.96573],[-77.01253,38.96574],[-77.01256,38.96579],[-77.01258,38.96584],[-77.01261,38.96588],[-77.01263,38.96593],[-77.01266,38.96598],[-77.01268,38.96602],[-77.01271,38.96607],[-77.01274,38.96611],[-77.01276,38.96616],[-77.01277,38.96616],[-77.01277,38.96617],[-77.01279,38.9662],[-77.01282,38.96625],[-77.01284,38.96627],[-77.01285,38.96628],[-77.01285,38.96629],[-77.01289,38.96634],[-77.01292,38.96639],[-77.01296,38.96644],[-77.01299,38.96648],[-77.01303,38.96653],[-77.01306,38.96658],[-77.0131,38.96663],[-77.01314,38.96667],[-77.01318,38.96672],[-77.01322,38.96677],[-77.01344,38.96702],[-77.01345,38.96703],[-77.01346,38.96704],[-77.01356,38.96715],[-77.01367,38.96728],[-77.01368,38.96729],[-77.01369,38.9673],[-77.01376,38.96738],[-77.0138,38.96742],[-77.0138,38.96743],[-77.01382,38.96745],[-77.01384,38.96748],[-77.01387,38.96751],[-77.01389,38.96754],[-77.01391,38.96757],[-77.01393,38.96761],[-77.01395,38.96764],[-77.01396,38.96767],[-77.01398,38.9677],[-77.01399,38.96773],[-77.014,38.96774],[-77.01401,38.96777],[-77.01402,38.96779],[-77.01403,38.96782],[-77.01404,38.96785],[-77.01405,38.96789],[-77.01406,38.96792],[-77.01406,38.96795],[-77.01407,38.96798],[-77.01407,38.96801],[-77.01408,38.96804],[-77.01408,38.96806],[-77.01408,38.96807],[-77.01408,38.96808],[-77.01408,38.9681],[-77.01408,38.96811],[-77.01408,38.96812],[-77.01409,38.96814],[-77.01409,38.96815],[-77.01409,38.96816],[-77.01409,38.96817],[-77.01409,38.96819],[-77.01409,38.96821],[-77.01409,38.96822],[-77.01409,38.96823],[-77.01409,38.96826],[-77.01409,38.96827],[-77.01409,38.96828],[-77.0141,38.96831],[-77.0141,38.96832],[-77.0141,38.96833],[-77.01411,38.96835],[-77.01412,38.96838],[-77.01412,38.96839],[-77.01412,38.9684],[-77.01413,38.96843],[-77.01414,38.96844],[-77.01414,38.96845],[-77.01415,38.96847],[-77.01415,38.96848],[-77.01416,38.96849],[-77.01417,38.96851],[-77.01417,38.96852],[-77.01418,38.96853],[-77.01419,38.96855],[-77.01419,38.96856],[-77.0142,38.96857],[-77.01421,38.96859],[-77.01421,38.9686],[-77.01422,38.96861],[-77.01423,38.96863],[-77.01424,38.96865],[-77.01425,38.96866],[-77.01425,38.96867],[-77.01431,38.96876],[-77.01431,38.96877],[-77.01431,38.96878],[-77.01451,38.96912],[-77.01468,38.96943],[-77.01488,38.96978],[-77.01491,38.96984],[-77.01496,38.96993],[-77.01501,38.97001],[-77.01501,38.97002],[-77.01506,38.9701],[-77.0151,38.97018],[-77.01515,38.97026],[-77.01519,38.97034],[-77.01524,38.97042],[-77.01529,38.9705],[-77.01534,38.97058],[-77.01538,38.97066],[-77.01543,38.97074],[-77.01548,38.97082],[-77.01567,38.97115],[-77.01571,38.97121],[-77.01576,38.97131],[-77.0158,38.97138],[-77.01588,38.97154],[-77.01598,38.97173],[-77.01598,38.97174],[-77.01599,38.97175],[-77.01609,38.97194],[-77.01609,38.97195],[-77.0161,38.97196],[-77.01617,38.97209],[-77.01626,38.97226],[-77.01626,38.97227],[-77.01628,38.9723],[-77.0163,38.97235],[-77.01633,38.9724],[-77.01634,38.97243],[-77.01635,38.97244],[-77.01635,38.97245],[-77.01638,38.97249],[-77.0164,38.97254],[-77.01643,38.97259],[-77.01645,38.97263],[-77.01648,38.97268],[-77.01651,38.97273],[-77.01653,38.97277],[-77.01654,38.97279],[-77.01663,38.97279],[-77.01674,38.97279],[-77.0169,38.97279],[-77.01692,38.97279],[-77.01702,38.97279],[-77.01705,38.97279],[-77.01721,38.97279],[-77.01737,38.97279],[-77.01752,38.97279],[-77.01762,38.97279],[-77.01768,38.97279],[-77.01788,38.97279],[-77.01803,38.97279],[-77.01803,38.97282],[-77.01803,38.97293],[-77.01803,38.97299],[-77.01818,38.97299],[-77.01838,38.97299],[-77.01852,38.97299],[-77.01853,38.97299],[-77.01866,38.97299],[-77.01867,38.97299],[-77.01869,38.97299],[-77.01883,38.97299],[-77.01887,38.97299],[-77.01891,38.97299],[-77.01893,38.97299],[-77.01896,38.97299],[-77.01899,38.97299],[-77.01915,38.97299],[-77.01915,38.97303],[-77.01915,38.97307],[-77.01915,38.97308],[-77.01915,38.97317],[-77.01915,38.9732],[-77.01915,38.9735],[-77.01915,38.97362],[-77.01916,38.97362],[-77.01916,38.97374],[-77.01916,38.97404],[-77.01916,38.97418],[-77.01916,38.97421],[-77.01936,38.9742],[-77.01936,38.97436],[-77.01936,38.97451],[-77.01936,38.97467],[-77.01936,38.9748],[-77.01937,38.9748],[-77.01937,38.97489],[-77.01937,38.97527],[-77.01917,38.97527],[-77.01901,38.97527],[-77.01905,38.9753],[-77.0191,38.97533],[-77.01923,38.97541],[-77.01926,38.97543],[-77.0193,38.97545],[-77.01933,38.97547],[-77.01936,38.9755],[-77.0194,38.97552],[-77.01943,38.97554],[-77.01946,38.97556],[-77.01949,38.97559],[-77.01952,38.97561],[-77.01955,38.97563],[-77.01958,38.97566],[-77.01959,38.97566],[-77.01959,38.97567],[-77.01964,38.9757],[-77.01968,38.97573],[-77.01972,38.97577],[-77.01975,38.97579],[-77.01975,38.9758],[-77.01976,38.9758],[-77.0198,38.97583],[-77.01983,38.97586],[-77.01984,38.97587],[-77.01985,38.97587],[-77.01989,38.9759],[-77.01989,38.97591],[-77.01991,38.97592],[-77.01987,38.97595],[-77.01962,38.97614],[-77.01967,38.97618],[-77.01942,38.97638],[-77.01939,38.9764],[-77.01932,38.97635],[-77.0193,38.97638],[-77.01927,38.97642],[-77.01917,38.97657],[-77.01911,38.97664],[-77.01906,38.97671],[-77.01896,38.97686],[-77.01892,38.97692],[-77.0189,38.97695],[-77.01886,38.977],[-77.01884,38.97703],[-77.01882,38.97706],[-77.0188,38.97709],[-77.01872,38.9772],[-77.01871,38.9772],[-77.01871,38.97721],[-77.01867,38.97727],[-77.01864,38.97731],[-77.01869,38.9774],[-77.01872,38.97745],[-77.01878,38.97755],[-77.01879,38.97758],[-77.01883,38.97764],[-77.01909,38.97804],[-77.01914,38.97812],[-77.01909,38.97814],[-77.01891,38.97823],[-77.0189,38.97824],[-77.01874,38.97832],[-77.01861,38.97839],[-77.01854,38.97842],[-77.0185,38.97844],[-77.01938,38.97913],[-77.01968,38.97936],[-77.02005,38.97965],[-77.02019,38.97976],[-77.02028,38.97983],[-77.02042,38.97994],[-77.02126,38.98059]]]},"properties":{"zone":"R-1B","label":"R-1B","desc":"Provides areas predominantly developed with detached houses on moderately sized lots."}},{"type":"Feature","geometry":{"type":"Polygon","coordinates":[[[-77.08302,38.95332],[-77.08367,38.95332],[-77.08368,38.95332],[-77.08378,38.95332],[-77.08378,38.95324],[-77.08378,38.95322],[-77.08378,38.95295],[-77.08378,38.95287],[-77.08378,38.9528],[-77.08366,38.9528],[-77.08361,38.9528],[-77.08353,38.9528],[-77.08333,38.9528],[-77.08333,38.95287],[-77.08333,38.9529],[-77.08321,38.95295],[-77.08319,38.95296],[-77.08305,38.95301],[-77.08279,38.95311],[-77.08276,38.95312],[-77.08272,38.95313],[-77.08272,38.95316],[-77.08272,38.95319],[-77.08272,38.9532],[-77.08272,38.95321],[-77.08272,38.95324],[-77.08272,38.95332],[-77.08302,38.95332]]]},"properties":{"zone":"R-3","label":"R-3","desc":"Allows for attached rowhouses on small lots and row dwellings mingled with detached, semi-detached, and groupings of three or more row dwellings"}},{"type":"Feature","geometry":{"type":"Polygon","coordinates":[[[-76.93488,38.88977],[-76.93609,38.88978],[-76.93609,38.88958],[-76.93609,38.88907],[-76.93609,38.88902],[-76.93608,38.88899],[-76.93608,38.88897],[-76.93607,38.88891],[-76.93607,38.8889],[-76.93607,38.88886],[-76.93606,38.88881],[-76.93605,38.8888],[-76.93605,38.88879],[-76.93604,38.88876],[-76.93603,38.88871],[-76.93602,38.88866],[-76.936,38.88861],[-76.93598,38.88856],[-76.93596,38.88851],[-76.93595,38.88847],[-76.93593,38.88843],[-76.9359,38.88838],[-76.93588,38.88834],[-76.93586,38.8883],[-76.93583,38.88826],[-76.93581,38.88822],[-76.93578,38.88818],[-76.93576,38.88816],[-76.93575,38.88814],[-76.93572,38.88811],[-76.9357,38.88808],[-76.93568,38.88806],[-76.93568,38.88805],[-76.93565,38.88801],[-76.93563,38.88798],[-76.93561,38.88795],[-76.9356,38.88794],[-76.93559,38.88792],[-76.93557,38.88789],[-76.93555,38.88785],[-76.93553,38.88782],[-76.9355,38.88777],[-76.93548,38.88773],[-76.93545,38.88768],[-76.93543,38.88764],[-76.93541,38.88759],[-76.93538,38.88754],[-76.93536,38.8875],[-76.93534,38.88745],[-76.93532,38.8874],[-76.9353,38.88736],[-76.93528,38.88733],[-76.93526,38.88731],[-76.93525,38.88729],[-76.93522,38.88727],[-76.9352,38.88725],[-76.93518,38.88723],[-76.93515,38.88721],[-76.93513,38.8872],[-76.9351,38.88718],[-76.93507,38.88716],[-76.93498,38.88712],[-76.93488,38.88708],[-76.93493,38.88701],[-76.9351,38.88678],[-76.9352,38.88665],[-76.93523,38.88662],[-76.93525,38.88659],[-76.93528,38.88655],[-76.9353,38.88651],[-76.93531,38.88651],[-76.93533,38.88647],[-76.93534,38.88646],[-76.93535,38.88644],[-76.93537,38.88642],[-76.93521,38.88641],[-76.93506,38.88641],[-76.93491,38.88641],[-76.93488,38.88641],[-76.93478,38.88641],[-76.93468,38.8864],[-76.93458,38.8864],[-76.93448,38.8864],[-76.93447,38.8864],[-76.93438,38.8864],[-76.93437,38.8864],[-76.93428,38.8864],[-76.93427,38.8864],[-76.93418,38.8864],[-76.93417,38.8864],[-76.9341,38.88639],[-76.93411,38.88635],[-76.93411,38.88628],[-76.93407,38.88627],[-76.93398,38.88624],[-76.9339,38.88622],[-76.93381,38.88619],[-76.93379,38.88618],[-76.93372,38.88616],[-76.93364,38.88614],[-76.93355,38.88611],[-76.93347,38.88609],[-76.93338,38.88606],[-76.9333,38.88603],[-76.93321,38.88601],[-76.93312,38.886],[-76.93305,38.88599],[-76.933,38.88598],[-76.93289,38.88597],[-76.93287,38.88608],[-76.93284,38.88621],[-76.93282,38.8863],[-76.9328,38.88638],[-76.93279,38.88643],[-76.93277,38.88652],[-76.93269,38.88689],[-76.93268,38.88695],[-76.93267,38.88697],[-76.93265,38.88706],[-76.93264,38.88711],[-76.93254,38.88758],[-76.93253,38.88761],[-76.93252,38.88765],[-76.93251,38.88772],[-76.93259,38.88776],[-76.93265,38.88779],[-76.93267,38.8878],[-76.93269,38.88781],[-76.93271,38.88782],[-76.93273,38.88783],[-76.93275,38.88784],[-76.93277,38.88785],[-76.93278,38.88786],[-76.9328,38.88787],[-76.93281,38.88788],[-76.93283,38.88789],[-76.93284,38.88791],[-76.93286,38.88792],[-76.93287,38.88793],[-76.93288,38.88794],[-76.93295,38.88802],[-76.93304,38.88812],[-76.93306,38.88816],[-76.93312,38.88822],[-76.93319,38.88829],[-76.93329,38.88841],[-76.93348,38.88862],[-76.93372,38.88888],[-76.93425,38.88952],[-76.93426,38.88952],[-76.93434,38.88962],[-76.93437,38.88977],[-76.9345,38.88977],[-76.93461,38.88977],[-76.9347,38.88977],[-76.93488,38.88977]]]},"properties":{"zone":"R-2","label":"R-2","desc":"Provide areas predominantly developed with semi-detached houses on moderately-sized lots that also contain some detached dwellings"}},{"type":"Feature","geometry":{"type":"Polygon","coordinates":[[[-77.06665,38.91832],[-77.06673,38.91859],[-77.06732,38.91863],[-77.06744,38.91864],[-77.06762,38.91865],[-77.06763,38.91865],[-77.06764,38.91866],[-77.06765,38.91866],[-77.06766,38.91866],[-77.06768,38.91866],[-77.06769,38.91866],[-77.0677,38.91866],[-77.06771,38.91867],[-77.06773,38.91867],[-77.06774,38.91867],[-77.06776,38.91867],[-77.06778,38.91868],[-77.0678,38.91868],[-77.06796,38.9187],[-77.06801,38.91871],[-77.06804,38.91872],[-77.06806,38.91872],[-77.06807,38.9187],[-77.06808,38.91866],[-77.06809,38.91862],[-77.0681,38.91862],[-77.06811,38.91859],[-77.06811,38.91858],[-77.06811,38.91857],[-77.06812,38.91856],[-77.06812,38.91855],[-77.06812,38.91854],[-77.06813,38.91853],[-77.06813,38.91852],[-77.06813,38.91851],[-77.06814,38.9185],[-77.06814,38.91849],[-77.06814,38.91848],[-77.06814,38.91847],[-77.06814,38.91846],[-77.06815,38.91845],[-77.06815,38.91844],[-77.06815,38.91843],[-77.06815,38.91842],[-77.06815,38.91841],[-77.06815,38.9184],[-77.06815,38.91839],[-77.06816,38.91839],[-77.06816,38.91838],[-77.06816,38.91837],[-77.06816,38.91836],[-77.06816,38.91835],[-77.06816,38.91834],[-77.06816,38.91833],[-77.06816,38.91832],[-77.06816,38.91831],[-77.06816,38.9183],[-77.06816,38.91829],[-77.06816,38.91828],[-77.06816,38.91827],[-77.06816,38.91826],[-77.06816,38.91825],[-77.06816,38.91824],[-77.06815,38.91824],[-77.06815,38.91823],[-77.06815,38.91822],[-77.06813,38.91824],[-77.06805,38.91827],[-77.06796,38.9183],[-77.06784,38.91816],[-77.06773,38.91802],[-77.06751,38.91775],[-77.06742,38.91763],[-77.06734,38.91753],[-77.0673,38.91748],[-77.06701,38.91712],[-77.06677,38.91723],[-77.06677,38.91724],[-77.0667,38.91728],[-77.06643,38.91747],[-77.0664,38.91749],[-77.06665,38.91832]]]},"properties":{"zone":"R-1B/NO","label":"R-1B/NO","desc":"Permits detached houses on moderately-sized lots"}},{"type":"Feature","geometry":{"type":"Polygon","coordinates":[[[-76.99038,38.83694],[-76.99039,38.83695],[-76.99045,38.83705],[-76.9905,38.83714],[-76.9905,38.83715],[-76.99055,38.83727],[-76.99056,38.83727],[-76.99061,38.83735],[-76.99096,38.83727],[-76.99099,38.83726],[-76.99108,38.83724],[-76.99153,38.83713],[-76.9917,38.83709],[-76.99174,38.83708],[-76.99175,38.83708],[-76.99176,38.83707],[-76.9918,38.83706],[-76.99216,38.83697],[-76.9926,38.83687],[-76.99268,38.83685],[-76.99306,38.83676],[-76.9932,38.83672],[-76.99314,38.83663],[-76.99299,38.83642],[-76.99285,38.83621],[-76.99272,38.83604],[-76.99272,38.83603],[-76.99268,38.83597],[-76.99264,38.83591],[-76.99259,38.83585],[-76.99256,38.8358],[-76.99252,38.83575],[-76.99252,38.83574],[-76.9924,38.83556],[-76.99234,38.83548],[-76.99231,38.83545],[-76.99221,38.83533],[-76.99215,38.83526],[-76.99213,38.83524],[-76.99209,38.8352],[-76.99206,38.83518],[-76.99202,38.83514],[-76.99195,38.83509],[-76.99194,38.83509],[-76.99193,38.83508],[-76.99189,38.83504],[-76.99185,38.83502],[-76.99173,38.83494],[-76.9917,38.83492],[-76.99168,38.8349],[-76.99166,38.83489],[-76.99164,38.83488],[-76.99151,38.8348],[-76.99151,38.83479],[-76.99145,38.83475],[-76.9912,38.8346],[-76.99087,38.83438],[-76.99082,38.83435],[-76.99081,38.83437],[-76.9908,38.83439],[-76.9908,38.8344],[-76.99079,38.83441],[-76.99078,38.83443],[-76.99077,38.83444],[-76.99076,38.83445],[-76.99075,38.83445],[-76.99075,38.83446],[-76.99074,38.83446],[-76.99074,38.83447],[-76.99073,38.83447],[-76.99072,38.83448],[-76.99071,38.83449],[-76.9907,38.83449],[-76.9907,38.8345],[-76.99069,38.8345],[-76.99068,38.83451],[-76.99067,38.83451],[-76.99067,38.83452],[-76.99066,38.83452],[-76.99066,38.83453],[-76.99065,38.83453],[-76.99064,38.83454],[-76.99063,38.83454],[-76.99063,38.83455],[-76.99062,38.83455],[-76.99061,38.83456],[-76.9906,38.83456],[-76.9906,38.83457],[-76.99059,38.83457],[-76.99058,38.83458],[-76.99057,38.83458],[-76.99057,38.83459],[-76.99056,38.83459],[-76.99055,38.83459],[-76.99055,38.8346],[-76.99053,38.8346],[-76.99049,38.83462],[-76.99044,38.83464],[-76.99043,38.83465],[-76.99026,38.83472],[-76.99019,38.83474],[-76.99,38.83482],[-76.98994,38.83484],[-76.98956,38.83499],[-76.98947,38.83502],[-76.9894,38.83505],[-76.98912,38.83516],[-76.98906,38.83518],[-76.98888,38.83525],[-76.98858,38.83537],[-76.98844,38.83542],[-76.98843,38.83542],[-76.98842,38.83542],[-76.98833,38.83546],[-76.98827,38.83548],[-76.98826,38.83548],[-76.98819,38.83552],[-76.98814,38.83555],[-76.9881,38.83557],[-76.98806,38.8356],[-76.98803,38.83563],[-76.988,38.83566],[-76.98797,38.83571],[-76.98794,38.83575],[-76.98791,38.8358],[-76.98789,38.83584],[-76.98788,38.83586],[-76.98784,38.83592],[-76.98782,38.83595],[-76.98779,38.83597],[-76.98776,38.836],[-76.98774,38.83602],[-76.98769,38.83605],[-76.98762,38.83608],[-76.98741,38.8362],[-76.98731,38.83626],[-76.98719,38.83632],[-76.98717,38.83633],[-76.98753,38.83675],[-76.98763,38.83669],[-76.98768,38.83666],[-76.98776,38.83662],[-76.98782,38.83659],[-76.98792,38.83654],[-76.98815,38.83645],[-76.9882,38.83643],[-76.98826,38.83651],[-76.98828,38.83654],[-76.9883,38.83656],[-76.98831,38.83658],[-76.98833,38.83661],[-76.98835,38.83664],[-76.98836,38.83666],[-76.98838,38.83668],[-76.98842,38.83669],[-76.98844,38.8367],[-76.98847,38.83671],[-76.9885,38.83671],[-76.98853,38.8367],[-76.98855,38.83669],[-76.98856,38.83669],[-76.98859,38.83668],[-76.98863,38.83667],[-76.98865,38.83666],[-76.98867,38.83666],[-76.9887,38.83665],[-76.98871,38.83665],[-76.98872,38.83665],[-76.98873,38.83665],[-76.98876,38.83665],[-76.98879,38.83666],[-76.98883,38.83666],[-76.98886,38.83666],[-76.98889,38.83666],[-76.98891,38.83666],[-76.98892,38.83666],[-76.98896,38.83666],[-76.989,38.83666],[-76.98903,38.83665],[-76.98906,38.83665],[-76.98909,38.83664],[-76.9891,38.83666],[-76.98913,38.83675],[-76.98919,38.83689],[-76.98919,38.8369],[-76.98942,38.83684],[-76.98953,38.83681],[-76.98972,38.83677],[-76.99,38.8367],[-76.99038,38.83694]],[[-76.99099,38.8364],[-76.99099,38.83645],[-76.99103,38.83649],[-76.99104,38.83663],[-76.99105,38.8367],[-76.99098,38.8367],[-76.99092,38.83671],[-76.99092,38.83664],[-76.99092,38.8364],[-76.99092,38.83636],[-76.99098,38.83636],[-76.99099,38.8364]]]},"properties":{"zone":"R-2","label":"R-2","desc":"Provide areas predominantly developed with semi-detached houses on moderately-sized lots that also contain some detached dwellings"}},{"type":"Feature","geometry":{"type":"Polygon","coordinates":[[[-76.97094,38.87296],[-76.97094,38.87283],[-76.971,38.87283],[-76.97102,38.87283],[-76.97106,38.87283],[-76.97107,38.87282],[-76.97108,38.87282],[-76.97109,38.87282],[-76.9711,38.87282],[-76.97111,38.87281],[-76.97112,38.87281],[-76.97113,38.87281],[-76.97113,38.8728],[-76.97114,38.8728],[-76.97115,38.87279],[-76.97117,38.87278],[-76.97118,38.87277],[-76.97127,38.87271],[-76.97129,38.87269],[-76.97131,38.87268],[-76.97132,38.87267],[-76.97133,38.87267],[-76.97134,38.87266],[-76.97135,38.87265],[-76.97137,38.87264],[-76.97138,38.87263],[-76.97139,38.87263],[-76.9714,38.87263],[-76.97141,38.87262],[-76.97143,38.87261],[-76.97143,38.8726],[-76.97144,38.8726],[-76.97148,38.87258],[-76.97155,38.87255],[-76.97172,38.87246],[-76.97187,38.87238],[-76.97189,38.87237],[-76.9719,38.87237],[-76.97192,38.87236],[-76.97195,38.87234],[-76.97196,38.87234],[-76.97203,38.8723],[-76.97238,38.87212],[-76.97255,38.87203],[-76.97265,38.87198],[-76.97268,38.872],[-76.97282,38.87208],[-76.97303,38.87208],[-76.97319,38.87208],[-76.97319,38.87203],[-76.97319,38.8717],[-76.97319,38.87164],[-76.97319,38.87159],[-76.97318,38.87156],[-76.97328,38.87156],[-76.97331,38.87156],[-76.97334,38.87156],[-76.97362,38.87156],[-76.97363,38.87156],[-76.97364,38.87155],[-76.97369,38.87153],[-76.97376,38.87148],[-76.97377,38.87146],[-76.97378,38.87146],[-76.97387,38.87142],[-76.97408,38.87131],[-76.97438,38.87116],[-76.97439,38.87116],[-76.97439,38.87115],[-76.9744,38.87115],[-76.97441,38.87114],[-76.97442,38.87114],[-76.97442,38.87113],[-76.97443,38.87113],[-76.97443,38.87112],[-76.97444,38.87112],[-76.9745,38.87106],[-76.9745,38.87105],[-76.97423,38.87086],[-76.97418,38.87083],[-76.97406,38.87075],[-76.97421,38.87075],[-76.97422,38.87075],[-76.97423,38.87075],[-76.97424,38.87075],[-76.97425,38.87075],[-76.97426,38.87075],[-76.97427,38.87075],[-76.97428,38.87075],[-76.97429,38.87075],[-76.9743,38.87075],[-76.97434,38.87075],[-76.97435,38.87075],[-76.97436,38.87075],[-76.97443,38.87075],[-76.97448,38.87075],[-76.97449,38.87075],[-76.97455,38.87075],[-76.97461,38.87075],[-76.97465,38.87075],[-76.97466,38.87075],[-76.97467,38.87075],[-76.97474,38.87075],[-76.9748,38.87075],[-76.97486,38.87075],[-76.97487,38.87075],[-76.97488,38.87075],[-76.97495,38.87075],[-76.97496,38.87075],[-76.97496,38.87072],[-76.97496,38.87068],[-76.97496,38.87059],[-76.97496,38.87046],[-76.97496,38.87033],[-76.97496,38.87021],[-76.97496,38.87008],[-76.97496,38.86995],[-76.97496,38.86982],[-76.97496,38.86969],[-76.97496,38.86956],[-76.97496,38.86955],[-76.97496,38.86948],[-76.97496,38.86941],[-76.97496,38.86915],[-76.97497,38.86897],[-76.97512,38.86901],[-76.9752,38.86904],[-76.97529,38.86906],[-76.97538,38.86908],[-76.97542,38.86909],[-76.97547,38.8691],[-76.97556,38.86913],[-76.97562,38.86915],[-76.97563,38.86915],[-76.97564,38.86915],[-76.97571,38.86917],[-76.97573,38.86917],[-76.97579,38.86919],[-76.97582,38.8692],[-76.97587,38.86921],[-76.97592,38.86922],[-76.97592,38.86936],[-76.97592,38.86948],[-76.97596,38.86948],[-76.97601,38.86948],[-76.97605,38.86948],[-76.97642,38.86948],[-76.9766,38.86948],[-76.97661,38.86948],[-76.97664,38.86948],[-76.97666,38.86948],[-76.97673,38.86948],[-76.97675,38.86948],[-76.97678,38.86948],[-76.97682,38.86948],[-76.97684,38.86948],[-76.97685,38.86948],[-76.97686,38.86948],[-76.97688,38.86948],[-76.97689,38.86948],[-76.9769,38.86948],[-76.97691,38.86948],[-76.97692,38.86948],[-76.97693,38.86948],[-76.97694,38.86948],[-76.97695,38.86948],[-76.97696,38.86948],[-76.97697,38.86948],[-76.97698,38.86948],[-76.97699,38.86948],[-76.97701,38.86948],[-76.97702,38.86948],[-76.97703,38.86948],[-76.97704,38.86948],[-76.97705,38.86948],[-76.97708,38.86949],[-76.97709,38.86949],[-76.97712,38.86949],[-76.97715,38.86949],[-76.97717,38.86949],[-76.9772,38.86949],[-76.97723,38.86949],[-76.97724,38.86949],[-76.97725,38.86949],[-76.97726,38.86949],[-76.97736,38.86948],[-76.97736,38.86941],[-76.97736,38.8694],[-76.97736,38.86939],[-76.97736,38.86938],[-76.97736,38.86936],[-76.97736,38.86932],[-76.97736,38.8693],[-76.97736,38.86928],[-76.97736,38.86926],[-76.97736,38.86923],[-76.97736,38.86922],[-76.97736,38.8692],[-76.97736,38.86919],[-76.97736,38.86918],[-76.97736,38.86917],[-76.97736,38.86903],[-76.97736,38.86895],[-76.97752,38.86905],[-76.97804,38.86936],[-76.97811,38.8694],[-76.97824,38.86948],[-76.97826,38.86948],[-76.97847,38.86948],[-76.97874,38.86948],[-76.97901,38.86948],[-76.97901,38.86935],[-76.979,38.86923],[-76.979,38.86922],[-76.979,38.8692],[-76.97901,38.86917],[-76.97901,38.86915],[-76.97901,38.86912],[-76.97901,38.8691],[-76.97901,38.86907],[-76.97901,38.86904],[-76.97901,38.86901],[-76.97901,38.86896],[-76.97901,38.86893],[-76.97901,38.8689],[-76.97901,38.86888],[-76.97901,38.86887],[-76.97901,38.86861],[-76.97901,38.86851],[-76.97901,38.86831],[-76.97901,38.86824],[-76.97901,38.86816],[-76.97901,38.86815],[-76.97901,38.86814],[-76.97901,38.86803],[-76.97901,38.86792],[-76.97901,38.86782],[-76.97901,38.86771],[-76.97901,38.8676],[-76.97901,38.86749],[-76.97901,38.86738],[-76.97901,38.86735],[-76.97901,38.86729],[-76.97901,38.86727],[-76.97901,38.8672],[-76.97901,38.86716],[-76.97901,38.86705],[-76.97901,38.86666],[-76.97901,38.86663],[-76.97901,38.86662],[-76.97901,38.86661],[-76.97901,38.86653],[-76.97901,38.86645],[-76.97901,38.86623],[-76.97901,38.86591],[-76.97901,38.86589],[-76.97901,38.86584],[-76.97901,38.86582],[-76.97901,38.86577],[-76.97902,38.86567],[-76.97893,38.86566],[-76.97892,38.86565],[-76.97887,38.86565],[-76.97883,38.86564],[-76.97879,38.86563],[-76.97875,38.86562],[-76.9787,38.86561],[-76.97866,38.8656],[-76.97862,38.86559],[-76.97858,38.86558],[-76.97854,38.86557],[-76.97849,38.86557],[-76.97845,38.86555],[-76.9784,38.86554],[-76.97836,38.86553],[-76.97832,38.86551],[-76.97827,38.8655],[-76.97825,38.86549],[-76.97823,38.86548],[-76.97818,38.86547],[-76.97814,38.86545],[-76.9781,38.86544],[-76.97805,38.86543],[-76.97802,38.86541],[-76.97798,38.8654],[-76.97794,38.86539],[-76.97791,38.86537],[-76.97787,38.86536],[-76.97784,38.86534],[-76.9778,38.86533],[-76.97777,38.86531],[-76.97773,38.8653],[-76.9777,38.86528],[-76.97733,38.8651],[-76.97725,38.86506],[-76.97716,38.86502],[-76.97684,38.86487],[-76.97675,38.86483],[-76.97672,38.86481],[-76.97664,38.86477],[-76.97656,38.86474],[-76.97631,38.86461],[-76.97641,38.8645],[-76.97667,38.86413],[-76.97682,38.86391],[-76.97702,38.864],[-76.97731,38.86412],[-76.97761,38.86425],[-76.97774,38.86431],[-76.97779,38.86433],[-76.9778,38.86432],[-76.97782,38.86432],[-76.97785,38.86431],[-76.97787,38.86431],[-76.97789,38.86431],[-76.97794,38.86431],[-76.97815,38.8644],[-76.97859,38.86459],[-76.97868,38.86463],[-76.97895,38.86469],[-76.979,38.86471],[-76.97907,38.86472],[-76.97909,38.86473],[-76.97943,38.86482],[-76.97945,38.86482],[-76.97946,38.86483],[-76.97957,38.86485],[-76.97972,38.86488],[-76.97981,38.8649],[-76.97983,38.86484],[-76.97983,38.86483],[-76.97992,38.86454],[-76.97994,38.86448],[-76.98006,38.86405],[-76.98004,38.86405],[-76.98001,38.86405],[-76.97998,38.86405],[-76.97996,38.86404],[-76.97993,38.86404],[-76.97912,38.86404],[-76.97902,38.86404],[-76.9789,38.86405],[-76.97884,38.86405],[-76.97875,38.86405],[-76.97865,38.86404],[-76.97856,38.86404],[-76.97848,38.86403],[-76.97836,38.86402],[-76.97825,38.86401],[-76.97814,38.86399],[-76.97802,38.86397],[-76.97791,38.86395],[-76.97779,38.86393],[-76.97771,38.86391],[-76.97762,38.86388],[-76.97752,38.86385],[-76.97744,38.86383],[-76.97731,38.86379],[-76.9772,38.86375],[-76.9771,38.86371],[-76.97702,38.86367],[-76.97694,38.86364],[-76.97687,38.8636],[-76.97679,38.86357],[-76.97636,38.86336],[-76.97606,38.86321],[-76.9757,38.86304],[-76.97533,38.86288],[-76.97503,38.86275],[-76.97502,38.86274],[-76.97501,38.86274],[-76.975,38.86274],[-76.97499,38.86273],[-76.97498,38.86273],[-76.97497,38.86273],[-76.97496,38.86273],[-76.97496,38.86272],[-76.97495,38.86272],[-76.97494,38.86272],[-76.97493,38.86272],[-76.97492,38.86272],[-76.97491,38.86271],[-76.9749,38.86271],[-76.97489,38.86271],[-76.97488,38.86271],[-76.97487,38.86271],[-76.97486,38.86271],[-76.97485,38.86271],[-76.97484,38.86271],[-76.97483,38.86271],[-76.97482,38.86271],[-76.97481,38.86271],[-76.9748,38.86271],[-76.97479,38.86271],[-76.97479,38.86272],[-76.97478,38.86272],[-76.97477,38.86272],[-76.97476,38.86272],[-76.97475,38.86272],[-76.97474,38.86272],[-76.97474,38.86273],[-76.97473,38.86273],[-76.97472,38.86273],[-76.97471,38.86273],[-76.97471,38.86274],[-76.9747,38.86274],[-76.97469,38.86274],[-76.97468,38.86274],[-76.97468,38.86275],[-76.97467,38.86275],[-76.97466,38.86275],[-76.97466,38.86276],[-76.97465,38.86276],[-76.97464,38.86276],[-76.97464,38.86277],[-76.97463,38.86277],[-76.97462,38.86278],[-76.97461,38.86278],[-76.97461,38.86279],[-76.9746,38.86279],[-76.9746,38.8628],[-76.97459,38.8628],[-76.97459,38.86281],[-76.97458,38.86281],[-76.97457,38.86282],[-76.97456,38.86283],[-76.97455,38.86284],[-76.97455,38.86285],[-76.97454,38.86285],[-76.97454,38.86286],[-76.97453,38.86287],[-76.97452,38.86288],[-76.97451,38.8629],[-76.97439,38.86306],[-76.9742,38.86334],[-76.97413,38.86344],[-76.9741,38.86348],[-76.97404,38.86357],[-76.97411,38.8636],[-76.97422,38.86364],[-76.97462,38.86381],[-76.97465,38.86382],[-76.97501,38.86399],[-76.9751,38.86403],[-76.97555,38.86425],[-76.97561,38.86428],[-76.97562,38.86428],[-76.97554,38.86444],[-76.97528,38.86495],[-76.97521,38.8651],[-76.97509,38.86533],[-76.97507,38.86538],[-76.97505,38.86541],[-76.97496,38.8656],[-76.97494,38.86564],[-76.97492,38.86567],[-76.97491,38.86569],[-76.9749,38.86571],[-76.9749,38.86572],[-76.97489,38.86572],[-76.97473,38.86587],[-76.97472,38.86587],[-76.97461,38.86597],[-76.97457,38.866],[-76.97457,38.86601],[-76.97445,38.86612],[-76.97444,38.86612],[-76.97433,38.86622],[-76.97421,38.86633],[-76.97416,38.86637],[-76.97408,38.86644],[-76.97407,38.86645],[-76.97391,38.86659],[-76.97414,38.86671],[-76.97415,38.86671],[-76.97431,38.86679],[-76.97448,38.86687],[-76.97448,38.86688],[-76.97466,38.86697],[-76.97467,38.86697],[-76.97487,38.86707],[-76.97486,38.8671],[-76.97486,38.86711],[-76.97483,38.86711],[-76.9748,38.86711],[-76.97476,38.86711],[-76.97473,38.86712],[-76.9747,38.86712],[-76.97469,38.86712],[-76.97466,38.86712],[-76.97463,38.86712],[-76.9746,38.86712],[-76.97457,38.86712],[-76.97453,38.86712],[-76.97451,38.86713],[-76.9745,38.86713],[-76.9745,38.86715],[-76.9745,38.86724],[-76.9745,38.86732],[-76.9745,38.86741],[-76.9745,38.86758],[-76.9745,38.86775],[-76.97449,38.86786],[-76.97449,38.86787],[-76.97449,38.86788],[-76.97444,38.86788],[-76.97417,38.86787],[-76.97414,38.86787],[-76.97413,38.86787],[-76.97397,38.86787],[-76.97395,38.86789],[-76.97395,38.86813],[-76.97395,38.86817],[-76.97395,38.86825],[-76.97388,38.86825],[-76.97381,38.86825],[-76.97381,38.86833],[-76.97381,38.86837],[-76.97381,38.86857],[-76.97381,38.86859],[-76.9738,38.86859],[-76.97373,38.86859],[-76.97368,38.86859],[-76.97366,38.86859],[-76.97364,38.86859],[-76.97356,38.86859],[-76.97349,38.86859],[-76.97332,38.86859],[-76.97323,38.86859],[-76.97289,38.86859],[-76.97264,38.86859],[-76.97263,38.86859],[-76.97227,38.86859],[-76.9722,38.86859],[-76.9722,38.86887],[-76.97206,38.86887],[-76.97203,38.86887],[-76.972,38.86889],[-76.97197,38.86892],[-76.97193,38.86897],[-76.97187,38.86902],[-76.97183,38.86905],[-76.97181,38.86907],[-76.97175,38.86913],[-76.97173,38.86915],[-76.97172,38.86915],[-76.97169,38.86918],[-76.97162,38.86914],[-76.97156,38.8691],[-76.97106,38.86877],[-76.97105,38.86876],[-76.97104,38.86876],[-76.97092,38.86867],[-76.9708,38.86859],[-76.97079,38.86858],[-76.97077,38.86857],[-76.97065,38.86866],[-76.97045,38.86884],[-76.9703,38.86884],[-76.97011,38.86884],[-76.97012,38.86898],[-76.97012,38.86907],[-76.97014,38.86937],[-76.97015,38.86948],[-76.9701,38.86948],[-76.97009,38.86948],[-76.97002,38.86948],[-76.97002,38.86963],[-76.97001,38.8699],[-76.97001,38.8701],[-76.97001,38.87033],[-76.97001,38.87038],[-76.97001,38.87063],[-76.97001,38.87068],[-76.97001,38.87075],[-76.96993,38.87075],[-76.9696,38.87075],[-76.96957,38.87075],[-76.9695,38.87075],[-76.9695,38.87078],[-76.9695,38.87087],[-76.9695,38.87115],[-76.9695,38.87117],[-76.9695,38.87119],[-76.9695,38.87121],[-76.9695,38.87133],[-76.9695,38.87142],[-76.9695,38.87144],[-76.9695,38.87146],[-76.9695,38.87153],[-76.9695,38.8716],[-76.9695,38.87181],[-76.9695,38.87183],[-76.9695,38.87188],[-76.9695,38.8719],[-76.9695,38.87193],[-76.9695,38.87206],[-76.9695,38.87209],[-76.96954,38.87212],[-76.96956,38.87213],[-76.96971,38.87224],[-76.96977,38.87228],[-76.96989,38.87237],[-76.97011,38.87251],[-76.97023,38.87259],[-76.97033,38.87266],[-76.97041,38.87271],[-76.97046,38.87275],[-76.97076,38.87295],[-76.97078,38.87296],[-76.97087,38.87296],[-76.97094,38.87296]]]},"properties":{"zone":"R-2","label":"R-2","desc":"Provide areas predominantly developed with semi-detached houses on moderately-sized lots that also contain some detached dwellings"}},{"type":"Feature","geometry":{"type":"Polygon","coordinates":[[[-77.0364,38.93913],[-77.03638,38.93913],[-77.03637,38.93913],[-77.03636,38.93914],[-77.03634,38.93915],[-77.03633,38.93915],[-77.03632,38.93916],[-77.03631,38.93917],[-77.0363,38.93917],[-77.03629,38.93918],[-77.03613,38.93935],[-77.03585,38.93967],[-77.03582,38.93971],[-77.03581,38.93971],[-77.03581,38.93977],[-77.03581,38.93985],[-77.03581,38.93992],[-77.03581,38.94001],[-77.03581,38.94002],[-77.03581,38.94004],[-77.03581,38.94005],[-77.03581,38.94006],[-77.03581,38.94007],[-77.03581,38.94008],[-77.03581,38.94009],[-77.03581,38.94011],[-77.03581,38.94012],[-77.03581,38.94013],[-77.03581,38.94014],[-77.03582,38.94018],[-77.03582,38.94024],[-77.03582,38.94028],[-77.03581,38.94029],[-77.03581,38.9403],[-77.0358,38.94031],[-77.0358,38.94032],[-77.03579,38.94032],[-77.03579,38.94033],[-77.03578,38.94034],[-77.03581,38.94035],[-77.03616,38.94035],[-77.03644,38.94035],[-77.03644,38.94034],[-77.03645,38.93975],[-77.03645,38.93911],[-77.0364,38.93913]]]},"properties":{"zone":"R-3","label":"R-3","desc":"Allows for attached rowhouses on small lots and row dwellings mingled with detached, semi-detached, and groupings of three or more row dwellings"}},{"type":"Feature","geometry":{"type":"Polygon","coordinates":[[[-76.96033,38.87888],[-76.96031,38.8789],[-76.96024,38.87912],[-76.96022,38.87919],[-76.96019,38.87926],[-76.9602,38.87926],[-76.96021,38.87927],[-76.96024,38.87928],[-76.96027,38.87929],[-76.96032,38.87932],[-76.96039,38.87934],[-76.96044,38.87937],[-76.96049,38.87939],[-76.96053,38.8794],[-76.96052,38.87941],[-76.96039,38.8796],[-76.96013,38.87997],[-76.96,38.88015],[-76.95993,38.88024],[-76.95988,38.88031],[-76.95981,38.88041],[-76.95965,38.88063],[-76.96064,38.88063],[-76.96145,38.88063],[-76.96224,38.88063],[-76.96229,38.88063],[-76.96311,38.88063],[-76.96388,38.88063],[-76.96393,38.88063],[-76.96452,38.88064],[-76.96484,38.88025],[-76.9652,38.87976],[-76.96552,38.87933],[-76.96604,38.8787],[-76.96633,38.87838],[-76.9666,38.8781],[-76.96741,38.87735],[-76.96755,38.87722],[-76.9676,38.87717],[-76.96753,38.87714],[-76.96738,38.87707],[-76.96728,38.87702],[-76.96727,38.87702],[-76.96726,38.87701],[-76.96704,38.87691],[-76.96691,38.87685],[-76.96667,38.87674],[-76.96633,38.87658],[-76.96611,38.87648],[-76.96604,38.87644],[-76.96597,38.87641],[-76.96588,38.87637],[-76.9656,38.87651],[-76.96542,38.87661],[-76.96517,38.87649],[-76.96505,38.87643],[-76.96492,38.87637],[-76.96479,38.87628],[-76.96477,38.87625],[-76.96477,38.87621],[-76.96477,38.87585],[-76.96465,38.8758],[-76.96461,38.87578],[-76.96344,38.87522],[-76.96311,38.87506],[-76.96301,38.87508],[-76.96291,38.87511],[-76.96281,38.87514],[-76.96271,38.87516],[-76.96269,38.87516],[-76.96268,38.87516],[-76.96268,38.87517],[-76.96266,38.87517],[-76.96265,38.87518],[-76.96264,38.87518],[-76.96263,38.87518],[-76.96262,38.87518],[-76.96261,38.87519],[-76.9626,38.87519],[-76.96259,38.87519],[-76.96258,38.8752],[-76.96256,38.8752],[-76.96255,38.87521],[-76.96253,38.87522],[-76.96251,38.87522],[-76.9625,38.87523],[-76.96249,38.87523],[-76.96248,38.87524],[-76.96247,38.87524],[-76.96246,38.87524],[-76.96246,38.87525],[-76.96245,38.87525],[-76.96244,38.87525],[-76.96243,38.87526],[-76.96242,38.87526],[-76.96241,38.87526],[-76.9624,38.87527],[-76.96238,38.87528],[-76.96235,38.87529],[-76.96234,38.8753],[-76.96233,38.8753],[-76.9623,38.87531],[-76.96229,38.87532],[-76.96228,38.87533],[-76.96221,38.87534],[-76.96215,38.87536],[-76.96208,38.87538],[-76.96201,38.8754],[-76.96195,38.87541],[-76.96188,38.87543],[-76.96182,38.87545],[-76.96175,38.87547],[-76.96169,38.87549],[-76.96162,38.87552],[-76.96154,38.87554],[-76.96133,38.8756],[-76.96125,38.87562],[-76.96117,38.87566],[-76.9611,38.87574],[-76.96102,38.87583],[-76.96101,38.87583],[-76.961,38.87584],[-76.96099,38.87585],[-76.96098,38.87586],[-76.96097,38.87586],[-76.96097,38.87587],[-76.96096,38.87588],[-76.96074,38.87609],[-76.96073,38.8761],[-76.96072,38.87611],[-76.96068,38.87616],[-76.96066,38.87618],[-76.96065,38.87618],[-76.96065,38.87619],[-76.96064,38.87619],[-76.96063,38.8762],[-76.96062,38.87621],[-76.96062,38.87622],[-76.96061,38.87622],[-76.9606,38.87623],[-76.9606,38.87624],[-76.9606,38.87625],[-76.96059,38.87625],[-76.96059,38.87626],[-76.96058,38.87626],[-76.96058,38.87628],[-76.96056,38.87632],[-76.96055,38.87634],[-76.96053,38.87641],[-76.96049,38.87651],[-76.96048,38.87654],[-76.96037,38.87683],[-76.96034,38.87687],[-76.96029,38.87698],[-76.96027,38.87702],[-76.96024,38.87711],[-76.9601,38.87742],[-76.9601,38.87743],[-76.96006,38.87751],[-76.96015,38.87755],[-76.96016,38.87756],[-76.96017,38.87756],[-76.96075,38.87781],[-76.96082,38.87783],[-76.96089,38.87785],[-76.96088,38.87787],[-76.96087,38.87788],[-76.96087,38.87789],[-76.96086,38.8779],[-76.96086,38.87791],[-76.96085,38.87792],[-76.96085,38.87793],[-76.96084,38.87794],[-76.96084,38.87795],[-76.96084,38.87796],[-76.96083,38.87797],[-76.96083,38.87798],[-76.96082,38.878],[-76.96082,38.87804],[-76.96081,38.87808],[-76.96081,38.87811],[-76.96081,38.87813],[-76.96082,38.87815],[-76.96082,38.87817],[-76.96082,38.87818],[-76.96082,38.87819],[-76.96083,38.87819],[-76.96083,38.87821],[-76.96084,38.87822],[-76.96084,38.87824],[-76.96085,38.87826],[-76.96086,38.87828],[-76.96087,38.87829],[-76.96087,38.8783],[-76.96088,38.87831],[-76.96088,38.87832],[-76.96089,38.87833],[-76.9609,38.87835],[-76.96091,38.87836],[-76.96094,38.8784],[-76.96097,38.87843],[-76.961,38.87846],[-76.96102,38.87848],[-76.96104,38.87849],[-76.96107,38.87851],[-76.96108,38.87852],[-76.96109,38.87853],[-76.9611,38.87853],[-76.96111,38.87854],[-76.96112,38.87854],[-76.96113,38.87854],[-76.96113,38.87855],[-76.96114,38.87855],[-76.96112,38.87857],[-76.9611,38.8786],[-76.96108,38.87863],[-76.96107,38.87864],[-76.96107,38.87865],[-76.96106,38.87865],[-76.96094,38.87882],[-76.96093,38.87884],[-76.9609,38.87883],[-76.96086,38.87881],[-76.96082,38.87879],[-76.96079,38.87878],[-76.96073,38.87875],[-76.96066,38.87872],[-76.9606,38.8787],[-76.96058,38.87869],[-76.96056,38.8787],[-76.96052,38.87872],[-76.96044,38.87876],[-76.9604,38.87878],[-76.96036,38.87881],[-76.96035,38.87883],[-76.96033,38.87888]]]},"properties":{"zone":"R-2","label":"R-2","desc":"Provide areas predominantly developed with semi-detached houses on moderately-sized lots that also contain some detached dwellings"}},{"type":"Feature","geometry":{"type":"Polygon","coordinates":[[[-77.00852,38.96996],[-77.00852,38.97],[-77.00871,38.97004],[-77.00889,38.97007],[-77.00892,38.97005],[-77.00896,38.97001],[-77.00898,38.97],[-77.00899,38.96999],[-77.009,38.96998],[-77.00902,38.96997],[-77.00902,38.96996],[-77.00904,38.96996],[-77.00905,38.96997],[-77.00907,38.96997],[-77.00908,38.96998],[-77.00909,38.96998],[-77.0091,38.96998],[-77.00911,38.96998],[-77.00912,38.96999],[-77.00914,38.96999],[-77.00915,38.96999],[-77.00916,38.96999],[-77.00917,38.96999],[-77.00939,38.96998],[-77.01024,38.96998],[-77.01042,38.96998],[-77.0105,38.96998],[-77.01058,38.96998],[-77.01093,38.96998],[-77.01106,38.96998],[-77.01154,38.96998],[-77.01156,38.96998],[-77.01157,38.96998],[-77.01167,38.96998],[-77.01177,38.96998],[-77.01182,38.96999],[-77.01217,38.96999],[-77.01229,38.96999],[-77.01275,38.96998],[-77.01276,38.96998],[-77.01285,38.96998],[-77.01294,38.96998],[-77.01302,38.96998],[-77.01339,38.96999],[-77.0134,38.96999],[-77.01378,38.96999],[-77.01379,38.96999],[-77.01382,38.96999],[-77.01386,38.96999],[-77.0139,38.96999],[-77.01392,38.96999],[-77.01393,38.96999],[-77.01388,38.96996],[-77.01386,38.96995],[-77.01385,38.96994],[-77.01385,38.96992],[-77.01384,38.96991],[-77.01384,38.9699],[-77.01379,38.9697],[-77.01379,38.96966],[-77.01378,38.96962],[-77.01377,38.96959],[-77.01377,38.96955],[-77.01376,38.96951],[-77.01376,38.96948],[-77.01375,38.96944],[-77.01375,38.9694],[-77.01375,38.96936],[-77.0123,38.96955],[-77.0123,38.96954],[-77.01227,38.96954],[-77.01227,38.96942],[-77.01227,38.96864],[-77.01178,38.96821],[-77.01169,38.96821],[-77.01169,38.96806],[-77.01169,38.96799],[-77.01167,38.96796],[-77.01163,38.96793],[-77.01158,38.96788],[-77.01154,38.96784],[-77.01153,38.96783],[-77.01148,38.96779],[-77.01145,38.96775],[-77.01144,38.96775],[-77.01143,38.96774],[-77.01138,38.9677],[-77.01133,38.96765],[-77.01128,38.9676],[-77.01123,38.96756],[-77.01118,38.96751],[-77.01113,38.96747],[-77.01107,38.96742],[-77.01102,38.96738],[-77.01097,38.96733],[-77.01092,38.96729],[-77.01087,38.96724],[-77.01083,38.96721],[-77.01082,38.96721],[-77.01081,38.9672],[-77.01076,38.96715],[-77.0107,38.9671],[-77.01061,38.96702],[-77.01057,38.96699],[-77.01046,38.9669],[-77.01046,38.96689],[-77.01045,38.96689],[-77.01044,38.96688],[-77.01042,38.96686],[-77.01041,38.96686],[-77.0104,38.96686],[-77.0104,38.96685],[-77.01039,38.96685],[-77.01038,38.96685],[-77.01036,38.96684],[-77.01036,38.96685],[-77.01033,38.96685],[-77.01027,38.96685],[-77.01027,38.96681],[-77.01027,38.96674],[-77.01026,38.9665],[-77.01026,38.96643],[-77.01025,38.96643],[-77.0101,38.96643],[-77.00996,38.96643],[-77.00981,38.96643],[-77.00966,38.96643],[-77.00963,38.96643],[-77.00951,38.96643],[-77.00936,38.96643],[-77.00922,38.96643],[-77.00917,38.96643],[-77.00907,38.96643],[-77.00905,38.96643],[-77.00893,38.96643],[-77.00892,38.96643],[-77.00861,38.96643],[-77.00849,38.96643],[-77.00805,38.96643],[-77.00789,38.96643],[-77.00785,38.96643],[-77.00769,38.96643],[-77.00776,38.96634],[-77.00782,38.96626],[-77.00802,38.96599],[-77.00809,38.96589],[-77.00822,38.96572],[-77.00827,38.96565],[-77.00831,38.9656],[-77.00832,38.96558],[-77.00849,38.96535],[-77.00875,38.965],[-77.00857,38.96492],[-77.00849,38.96488],[-77.00839,38.96484],[-77.00827,38.96478],[-77.00798,38.96465],[-77.00799,38.96465],[-77.00797,38.96464],[-77.00771,38.96452],[-77.00757,38.96446],[-77.0076,38.96442],[-77.00722,38.9641],[-77.00709,38.964],[-77.00708,38.96392],[-77.00731,38.96361],[-77.00743,38.96347],[-77.00735,38.9634],[-77.00716,38.96323],[-77.00715,38.96322],[-77.00714,38.96321],[-77.00709,38.96316],[-77.00702,38.96323],[-77.00677,38.96354],[-77.0065,38.96388],[-77.00633,38.9641],[-77.00616,38.96433],[-77.00615,38.96433],[-77.00614,38.96434],[-77.00595,38.96458],[-77.00594,38.96459],[-77.00593,38.9646],[-77.00592,38.96461],[-77.00591,38.96462],[-77.0059,38.96463],[-77.00589,38.96465],[-77.00587,38.96466],[-77.00587,38.96467],[-77.00586,38.96468],[-77.00584,38.96469],[-77.00583,38.9647],[-77.00582,38.96471],[-77.00581,38.96472],[-77.0058,38.96473],[-77.00579,38.96474],[-77.00563,38.96487],[-77.00555,38.96493],[-77.00567,38.96502],[-77.00586,38.96517],[-77.00587,38.96516],[-77.00591,38.96517],[-77.00591,38.96518],[-77.0059,38.96541],[-77.0059,38.96552],[-77.00595,38.96552],[-77.00629,38.96552],[-77.00672,38.96552],[-77.00675,38.96552],[-77.00682,38.96552],[-77.00692,38.96552],[-77.00713,38.96552],[-77.00743,38.96552],[-77.00748,38.96552],[-77.00759,38.96552],[-77.00768,38.96552],[-77.00759,38.96565],[-77.00741,38.96589],[-77.00734,38.96599],[-77.00731,38.96603],[-77.00731,38.96607],[-77.00731,38.96631],[-77.00731,38.96643],[-77.00697,38.96642],[-77.0068,38.96642],[-77.0068,38.96655],[-77.0068,38.96682],[-77.0068,38.9669],[-77.00688,38.9669],[-77.00711,38.96689],[-77.00734,38.96689],[-77.00735,38.96689],[-77.0076,38.96689],[-77.00765,38.96688],[-77.00777,38.96688],[-77.00795,38.96688],[-77.00802,38.96688],[-77.00805,38.96688],[-77.00805,38.96685],[-77.00852,38.96685],[-77.00852,38.96735],[-77.00852,38.96743],[-77.00853,38.9675],[-77.00853,38.96757],[-77.00854,38.96764],[-77.00855,38.96772],[-77.00856,38.96779],[-77.00856,38.96786],[-77.00857,38.96793],[-77.00858,38.968],[-77.00858,38.96806],[-77.00859,38.96814],[-77.0086,38.96823],[-77.0086,38.96831],[-77.0086,38.9684],[-77.00859,38.96853],[-77.0086,38.96881],[-77.00859,38.96888],[-77.00859,38.96893],[-77.00859,38.96902],[-77.00859,38.9691],[-77.00846,38.9691],[-77.00844,38.9691],[-77.00842,38.9691],[-77.00841,38.9691],[-77.00838,38.96909],[-77.00837,38.96909],[-77.00835,38.96909],[-77.00834,38.96918],[-77.00836,38.96942],[-77.00836,38.96947],[-77.00837,38.96953],[-77.00837,38.96959],[-77.00838,38.96965],[-77.00838,38.96969],[-77.00838,38.9697],[-77.00838,38.96971],[-77.00838,38.96977],[-77.00839,38.9698],[-77.00839,38.96983],[-77.00852,38.96983],[-77.00852,38.96991],[-77.00852,38.96996]]]},"properties":{"zone":"R-2","label":"R-2","desc":"Provide areas predominantly developed with semi-detached houses on moderately-sized lots that also contain some detached dwellings"}},{"type":"Feature","geometry":{"type":"Polygon","coordinates":[[[-77.01161,38.95875],[-77.01161,38.95876],[-77.01161,38.95877],[-77.01161,38.95878],[-77.01161,38.95879],[-77.01161,38.95882],[-77.01162,38.95884],[-77.01162,38.95889],[-77.01162,38.95894],[-77.01162,38.95898],[-77.01162,38.959],[-77.01162,38.95901],[-77.01162,38.95903],[-77.01162,38.95912],[-77.0124,38.95912],[-77.01314,38.95912],[-77.01342,38.95874],[-77.01345,38.95874],[-77.01346,38.95874],[-77.01348,38.95874],[-77.0135,38.95874],[-77.01351,38.95874],[-77.01353,38.95874],[-77.01357,38.95874],[-77.01359,38.95874],[-77.0136,38.95874],[-77.01363,38.95874],[-77.01364,38.95874],[-77.01365,38.95874],[-77.01366,38.95874],[-77.01367,38.95874],[-77.01369,38.95874],[-77.0137,38.95874],[-77.01371,38.95874],[-77.01372,38.95874],[-77.01374,38.95874],[-77.01375,38.95874],[-77.01376,38.95874],[-77.01377,38.95874],[-77.01378,38.95874],[-77.0138,38.95874],[-77.01381,38.95874],[-77.01382,38.95874],[-77.01384,38.95874],[-77.01386,38.95874],[-77.01388,38.95874],[-77.01393,38.95874],[-77.01395,38.95874],[-77.01402,38.95874],[-77.0141,38.95874],[-77.01411,38.95874],[-77.01412,38.95874],[-77.01421,38.95874],[-77.01422,38.95874],[-77.01432,38.95874],[-77.01433,38.95874],[-77.01439,38.95874],[-77.01445,38.95874],[-77.01455,38.95874],[-77.01456,38.95874],[-77.01457,38.95874],[-77.01458,38.95874],[-77.01465,38.95874],[-77.01468,38.95874],[-77.01469,38.95874],[-77.01476,38.95874],[-77.01505,38.95874],[-77.0151,38.95874],[-77.01511,38.95874],[-77.01514,38.95874],[-77.01515,38.95874],[-77.01516,38.95874],[-77.01517,38.95874],[-77.01518,38.95874],[-77.01519,38.95874],[-77.0152,38.95874],[-77.01521,38.95874],[-77.01522,38.95874],[-77.01523,38.95874],[-77.01524,38.95874],[-77.01525,38.95874],[-77.01526,38.95874],[-77.01527,38.95874],[-77.01528,38.95874],[-77.01529,38.95874],[-77.0153,38.95874],[-77.01531,38.95874],[-77.01532,38.95874],[-77.01533,38.95874],[-77.01534,38.95874],[-77.01535,38.95874],[-77.01541,38.95874],[-77.01546,38.95874],[-77.01547,38.95874],[-77.01549,38.95874],[-77.0155,38.95874],[-77.01551,38.95874],[-77.01552,38.95874],[-77.01555,38.95874],[-77.01556,38.95874],[-77.01561,38.95874],[-77.01563,38.95874],[-77.01564,38.95874],[-77.01565,38.95874],[-77.01566,38.95874],[-77.01568,38.95874],[-77.0157,38.95874],[-77.01571,38.95874],[-77.01574,38.95874],[-77.01576,38.95874],[-77.01577,38.95874],[-77.0158,38.95874],[-77.01606,38.95874],[-77.01607,38.95874],[-77.01608,38.95874],[-77.01609,38.95874],[-77.0161,38.95874],[-77.01611,38.95874],[-77.01612,38.95874],[-77.01613,38.95874],[-77.01614,38.95874],[-77.01617,38.95874],[-77.01629,38.95874],[-77.01637,38.95874],[-77.01668,38.95875],[-77.01692,38.95875],[-77.01701,38.95875],[-77.0171,38.95874],[-77.01721,38.95874],[-77.01744,38.95874],[-77.01781,38.95874],[-77.01793,38.95874],[-77.01803,38.95874],[-77.01814,38.95875],[-77.01819,38.95875],[-77.0185,38.95874],[-77.01855,38.95874],[-77.01878,38.95874],[-77.01932,38.95874],[-77.01942,38.95874],[-77.01942,38.95871],[-77.01942,38.95868],[-77.01942,38.95865],[-77.01942,38.95861],[-77.01942,38.95856],[-77.01942,38.95853],[-77.01942,38.9585],[-77.01929,38.95848],[-77.0192,38.95846],[-77.01912,38.95845],[-77.01904,38.95844],[-77.01896,38.95843],[-77.01889,38.95842],[-77.0189,38.9584],[-77.0189,38.95839],[-77.01897,38.9582],[-77.01898,38.95816],[-77.01902,38.95804],[-77.01906,38.95793],[-77.01908,38.95789],[-77.01908,38.95788],[-77.01912,38.95776],[-77.01913,38.95773],[-77.01915,38.95768],[-77.01919,38.95755],[-77.01922,38.95755],[-77.01922,38.95753],[-77.01922,38.95742],[-77.0192,38.95704],[-77.0192,38.95703],[-77.01919,38.95702],[-77.01918,38.95702],[-77.01917,38.95702],[-77.01913,38.95702],[-77.01891,38.95702],[-77.0186,38.95703],[-77.01838,38.95704],[-77.01836,38.95663],[-77.01836,38.95657],[-77.01835,38.9565],[-77.01825,38.95651],[-77.01798,38.95651],[-77.01792,38.95651],[-77.01781,38.95652],[-77.01771,38.95652],[-77.01769,38.95652],[-77.01742,38.95652],[-77.0174,38.95652],[-77.01728,38.95653],[-77.01727,38.95653],[-77.01728,38.9566],[-77.01728,38.95661],[-77.01728,38.95666],[-77.01729,38.95676],[-77.0173,38.95694],[-77.0173,38.95697],[-77.01703,38.95692],[-77.01675,38.95687],[-77.01663,38.95685],[-77.01659,38.95694],[-77.01653,38.95705],[-77.01645,38.9572],[-77.01637,38.95718],[-77.01628,38.95715],[-77.01616,38.95711],[-77.01604,38.95707],[-77.01602,38.95706],[-77.01592,38.95703],[-77.01584,38.95701],[-77.01583,38.957],[-77.01574,38.95697],[-77.01565,38.95694],[-77.01556,38.95691],[-77.01546,38.95688],[-77.01537,38.95685],[-77.01528,38.95682],[-77.01519,38.95679],[-77.01509,38.95676],[-77.01508,38.95676],[-77.01494,38.95671],[-77.01495,38.95671],[-77.01487,38.9568],[-77.01467,38.95706],[-77.01466,38.95708],[-77.01465,38.9571],[-77.01429,38.95695],[-77.0142,38.95695],[-77.01411,38.95695],[-77.01406,38.95695],[-77.01402,38.95695],[-77.01392,38.95695],[-77.01385,38.95695],[-77.01379,38.95695],[-77.01377,38.95695],[-77.01375,38.95695],[-77.01365,38.95695],[-77.01365,38.95701],[-77.01365,38.9571],[-77.01365,38.95711],[-77.01355,38.95711],[-77.01352,38.95711],[-77.0135,38.95715],[-77.0135,38.95716],[-77.01319,38.95719],[-77.01314,38.95719],[-77.01312,38.9572],[-77.01312,38.95719],[-77.01312,38.95718],[-77.01312,38.95713],[-77.01291,38.95714],[-77.01286,38.95714],[-77.01262,38.95713],[-77.0124,38.95714],[-77.01239,38.95714],[-77.01238,38.95714],[-77.01237,38.95714],[-77.01236,38.95714],[-77.01235,38.95714],[-77.01234,38.95713],[-77.01232,38.95713],[-77.01231,38.95713],[-77.01228,38.95713],[-77.01224,38.95713],[-77.01222,38.95713],[-77.0122,38.95713],[-77.01218,38.95713],[-77.01215,38.95713],[-77.01214,38.95713],[-77.01213,38.95713],[-77.01204,38.95713],[-77.01178,38.95713],[-77.01173,38.95713],[-77.01162,38.95713],[-77.01151,38.95713],[-77.01146,38.95713],[-77.01144,38.95713],[-77.01111,38.95713],[-77.01101,38.95713],[-77.01101,38.95767],[-77.01101,38.95774],[-77.01101,38.95775],[-77.01101,38.95777],[-77.01101,38.95778],[-77.01101,38.95782],[-77.01101,38.95783],[-77.01101,38.95787],[-77.01101,38.95788],[-77.01101,38.9579],[-77.01101,38.95797],[-77.01101,38.95798],[-77.01101,38.95803],[-77.01101,38.95804],[-77.01101,38.95809],[-77.01101,38.95814],[-77.01101,38.9582],[-77.01101,38.95823],[-77.01101,38.95825],[-77.01101,38.95829],[-77.01101,38.9583],[-77.01101,38.95836],[-77.01101,38.95837],[-77.01101,38.95839],[-77.01101,38.9584],[-77.01101,38.95841],[-77.01101,38.95842],[-77.01101,38.95843],[-77.01101,38.95844],[-77.01101,38.95845],[-77.01101,38.95846],[-77.01101,38.95847],[-77.01101,38.95848],[-77.01101,38.95849],[-77.01101,38.9585],[-77.01101,38.95851],[-77.01101,38.95852],[-77.01101,38.95853],[-77.01101,38.95854],[-77.01101,38.95855],[-77.01101,38.95856],[-77.01101,38.95857],[-77.01101,38.95858],[-77.01101,38.95859],[-77.01101,38.9586],[-77.01101,38.95861],[-77.01101,38.95862],[-77.01101,38.95864],[-77.01101,38.95865],[-77.01101,38.95866],[-77.01101,38.95867],[-77.01101,38.95868],[-77.01101,38.95869],[-77.01101,38.9587],[-77.01101,38.95872],[-77.01101,38.95874],[-77.01103,38.95874],[-77.01105,38.95874],[-77.01106,38.95874],[-77.01107,38.95874],[-77.01108,38.95874],[-77.0111,38.95874],[-77.01111,38.95874],[-77.01113,38.95874],[-77.01114,38.95874],[-77.01116,38.95874],[-77.01118,38.95874],[-77.01121,38.95874],[-77.01125,38.95874],[-77.01127,38.95874],[-77.01131,38.95874],[-77.01133,38.95874],[-77.01135,38.95874],[-77.01136,38.95874],[-77.01142,38.95874],[-77.01143,38.95874],[-77.01146,38.95874],[-77.01151,38.95874],[-77.01154,38.95874],[-77.01155,38.95874],[-77.01158,38.95874],[-77.0116,38.95874],[-77.01161,38.95874],[-77.01161,38.95875]]]},"properties":{"zone":"R-3","label":"R-3","desc":"Allows for attached rowhouses on small lots and row dwellings mingled with detached, semi-detached, and groupings of three or more row dwellings"}},{"type":"Feature","geometry":{"type":"Polygon","coordinates":[[[-77.05038,38.9157],[-77.05038,38.9158],[-77.05038,38.91591],[-77.05038,38.91594],[-77.05038,38.91597],[-77.05038,38.91607],[-77.05034,38.91607],[-77.05013,38.91614],[-77.0501,38.91615],[-77.05004,38.91617],[-77.05005,38.91619],[-77.05006,38.91621],[-77.0501,38.91627],[-77.05011,38.91629],[-77.04979,38.91639],[-77.04962,38.91646],[-77.04946,38.91651],[-77.04921,38.91657],[-77.04825,38.91686],[-77.04801,38.91693],[-77.04785,38.91698],[-77.04785,38.91699],[-77.04807,38.91741],[-77.0481,38.91748],[-77.04817,38.91746],[-77.04843,38.91737],[-77.04847,38.91736],[-77.04873,38.91729],[-77.04917,38.91715],[-77.04924,38.91713],[-77.04929,38.91711],[-77.04936,38.91709],[-77.04969,38.91698],[-77.05018,38.91683],[-77.05049,38.91674],[-77.05053,38.91672],[-77.05055,38.91672],[-77.05062,38.91671],[-77.05062,38.91664],[-77.05062,38.91637],[-77.05062,38.91633],[-77.05062,38.9163],[-77.05062,38.91622],[-77.05062,38.91606],[-77.05062,38.91572],[-77.05062,38.91571],[-77.05063,38.91563],[-77.05063,38.91562],[-77.05063,38.91556],[-77.05062,38.91555],[-77.05062,38.91531],[-77.05062,38.91526],[-77.05062,38.9152],[-77.05062,38.91519],[-77.05062,38.91508],[-77.05063,38.91491],[-77.05063,38.91484],[-77.05052,38.91484],[-77.05046,38.91483],[-77.05019,38.91484],[-77.05016,38.91484],[-77.05015,38.91484],[-77.04997,38.91484],[-77.0497,38.91484],[-77.04945,38.91484],[-77.04922,38.91484],[-77.04919,38.91484],[-77.04916,38.91477],[-77.04908,38.91461],[-77.04908,38.91423],[-77.04907,38.9141],[-77.0489,38.9141],[-77.04889,38.9141],[-77.04879,38.9141],[-77.04879,38.91402],[-77.04879,38.91383],[-77.04879,38.91376],[-77.04879,38.91367],[-77.04879,38.91361],[-77.04879,38.91347],[-77.04879,38.91342],[-77.04879,38.91336],[-77.04887,38.91336],[-77.04889,38.91336],[-77.04921,38.91336],[-77.04938,38.91336],[-77.04967,38.91336],[-77.04994,38.91336],[-77.05016,38.91336],[-77.05043,38.91336],[-77.05049,38.91336],[-77.05052,38.91336],[-77.05072,38.91336],[-77.05094,38.91336],[-77.05116,38.91336],[-77.05139,38.91336],[-77.05157,38.91336],[-77.05186,38.91336],[-77.05205,38.91336],[-77.05209,38.91336],[-77.05211,38.91336],[-77.05212,38.91335],[-77.05214,38.91335],[-77.05215,38.91335],[-77.05216,38.91334],[-77.05217,38.91334],[-77.05218,38.91333],[-77.05219,38.91332],[-77.0522,38.91331],[-77.05222,38.9133],[-77.05227,38.91333],[-77.05236,38.9134],[-77.05258,38.91356],[-77.0526,38.91358],[-77.05267,38.91363],[-77.05278,38.9137],[-77.05278,38.91371],[-77.05298,38.91386],[-77.05313,38.91396],[-77.05316,38.91399],[-77.05323,38.91404],[-77.0533,38.91409],[-77.05339,38.91416],[-77.05343,38.91419],[-77.05358,38.91429],[-77.05369,38.91437],[-77.05388,38.91452],[-77.05395,38.91457],[-77.05413,38.91469],[-77.05424,38.91477],[-77.05441,38.9149],[-77.05449,38.91496],[-77.05464,38.91507],[-77.05474,38.91514],[-77.05481,38.91519],[-77.05491,38.91526],[-77.05498,38.91531],[-77.05504,38.91536],[-77.05515,38.91544],[-77.05516,38.91545],[-77.05525,38.91552],[-77.05538,38.91561],[-77.05542,38.91564],[-77.05579,38.91591],[-77.05615,38.91617],[-77.05618,38.91619],[-77.05618,38.9162],[-77.05648,38.91641],[-77.05668,38.91656],[-77.05677,38.91663],[-77.05682,38.91666],[-77.05686,38.91669],[-77.05693,38.91674],[-77.05722,38.91696],[-77.05725,38.91698],[-77.05731,38.91703],[-77.05736,38.91707],[-77.05736,38.91706],[-77.05735,38.91702],[-77.05737,38.91698],[-77.05741,38.91695],[-77.05752,38.91682],[-77.0576,38.91673],[-77.05762,38.9167],[-77.05766,38.91665],[-77.05768,38.91662],[-77.0577,38.9166],[-77.05774,38.91654],[-77.05778,38.91641],[-77.0578,38.91631],[-77.05781,38.91622],[-77.0578,38.91613],[-77.05776,38.91601],[-77.05771,38.91592],[-77.05765,38.91587],[-77.05737,38.91563],[-77.05722,38.91552],[-77.0572,38.9155],[-77.05708,38.91541],[-77.05694,38.91531],[-77.05669,38.91512],[-77.05658,38.91504],[-77.05644,38.91494],[-77.05626,38.91481],[-77.05614,38.91472],[-77.05613,38.91472],[-77.056,38.91462],[-77.0558,38.91451],[-77.05564,38.91445],[-77.0556,38.91443],[-77.05553,38.91441],[-77.05543,38.91437],[-77.05535,38.91435],[-77.05535,38.91434],[-77.05534,38.91434],[-77.05533,38.91434],[-77.05532,38.91433],[-77.05531,38.91433],[-77.05527,38.91431],[-77.05523,38.9143],[-77.05518,38.91427],[-77.05513,38.91425],[-77.05512,38.91424],[-77.05511,38.91424],[-77.05507,38.91422],[-77.05502,38.9142],[-77.05499,38.91418],[-77.05496,38.91416],[-77.05493,38.91414],[-77.0549,38.91412],[-77.05483,38.91407],[-77.05481,38.91405],[-77.05475,38.914],[-77.05468,38.91395],[-77.05462,38.91389],[-77.05455,38.91381],[-77.05449,38.91371],[-77.05442,38.91362],[-77.05437,38.91353],[-77.05434,38.9135],[-77.05431,38.91347],[-77.05428,38.91343],[-77.05425,38.9134],[-77.05421,38.91336],[-77.05421,38.91335],[-77.05418,38.91333],[-77.05415,38.91329],[-77.05409,38.91324],[-77.05403,38.9132],[-77.05396,38.91316],[-77.05389,38.91312],[-77.05382,38.91307],[-77.05373,38.91302],[-77.05373,38.91301],[-77.05369,38.91299],[-77.05364,38.91295],[-77.05363,38.91295],[-77.05357,38.91291],[-77.05347,38.91286],[-77.05338,38.91282],[-77.05337,38.91282],[-77.05322,38.91275],[-77.05308,38.91268],[-77.05301,38.91263],[-77.05294,38.91259],[-77.0529,38.91256],[-77.05285,38.91253],[-77.05279,38.91248],[-77.05275,38.91245],[-77.05274,38.91245],[-77.0527,38.91241],[-77.05265,38.91238],[-77.0526,38.91234],[-77.05255,38.91231],[-77.05235,38.91215],[-77.05221,38.91202],[-77.05214,38.91197],[-77.05214,38.91196],[-77.05213,38.91196],[-77.05204,38.91185],[-77.0512,38.91124],[-77.05075,38.91108],[-77.05071,38.91106],[-77.0507,38.91105],[-77.05069,38.91105],[-77.05065,38.91102],[-77.05063,38.911],[-77.05056,38.91092],[-77.0505,38.91086],[-77.05046,38.91083],[-77.05034,38.9107],[-77.05027,38.91063],[-77.05024,38.9106],[-77.05022,38.91058],[-77.05016,38.91053],[-77.05007,38.91046],[-77.05003,38.91044],[-77.04995,38.91038],[-77.04991,38.91036],[-77.04991,38.91035],[-77.0499,38.91035],[-77.04981,38.91028],[-77.04979,38.91027],[-77.04972,38.91022],[-77.04955,38.9101],[-77.04951,38.91007],[-77.04944,38.91001],[-77.0494,38.90998],[-77.04937,38.90994],[-77.04934,38.9099],[-77.04932,38.90988],[-77.04931,38.90987],[-77.0493,38.90986],[-77.04929,38.90986],[-77.04929,38.90988],[-77.04926,38.90994],[-77.04925,38.90997],[-77.0492,38.91006],[-77.04917,38.91012],[-77.04915,38.91016],[-77.04914,38.91017],[-77.04905,38.91032],[-77.049,38.91043],[-77.04896,38.91053],[-77.04892,38.91062],[-77.04891,38.91065],[-77.04889,38.91073],[-77.04889,38.91076],[-77.04887,38.91087],[-77.04887,38.911],[-77.04887,38.91104],[-77.04887,38.91109],[-77.04887,38.91114],[-77.04887,38.91115],[-77.04887,38.91122],[-77.04887,38.9114],[-77.04886,38.9114],[-77.04886,38.91142],[-77.04886,38.91144],[-77.04879,38.91151],[-77.04849,38.91176],[-77.04843,38.9118],[-77.04823,38.91195],[-77.04822,38.91196],[-77.0482,38.91197],[-77.04817,38.912],[-77.04814,38.91202],[-77.04811,38.91204],[-77.04808,38.91207],[-77.04806,38.91209],[-77.04803,38.91212],[-77.04801,38.91214],[-77.04798,38.91217],[-77.04796,38.91219],[-77.04795,38.9122],[-77.04789,38.91227],[-77.04788,38.91227],[-77.04776,38.91241],[-77.04773,38.91243],[-77.04771,38.91246],[-77.04768,38.91248],[-77.04766,38.91251],[-77.04764,38.91253],[-77.04761,38.91255],[-77.04759,38.91257],[-77.04757,38.91259],[-77.04756,38.91262],[-77.04753,38.91264],[-77.0475,38.91267],[-77.04748,38.9127],[-77.04747,38.91271],[-77.04745,38.91275],[-77.04743,38.91279],[-77.04755,38.91284],[-77.04763,38.91286],[-77.04768,38.91287],[-77.0477,38.91285],[-77.04778,38.91287],[-77.04786,38.9129],[-77.04794,38.91293],[-77.04803,38.91296],[-77.04808,38.91298],[-77.04808,38.91327],[-77.04808,38.91336],[-77.04774,38.91336],[-77.04726,38.91336],[-77.04725,38.91336],[-77.04724,38.91336],[-77.04723,38.91336],[-77.04722,38.91335],[-77.0472,38.91335],[-77.04719,38.91335],[-77.04718,38.91334],[-77.04716,38.91334],[-77.04715,38.91333],[-77.04714,38.91333],[-77.04713,38.91332],[-77.04708,38.9134],[-77.04702,38.91352],[-77.04698,38.91358],[-77.04695,38.91364],[-77.04692,38.91369],[-77.04691,38.91371],[-77.0469,38.91373],[-77.04689,38.91374],[-77.04688,38.91376],[-77.04687,38.91377],[-77.04686,38.91379],[-77.04684,38.9138],[-77.04682,38.91382],[-77.04681,38.91383],[-77.04679,38.91384],[-77.04675,38.91388],[-77.04665,38.91396],[-77.04663,38.91398],[-77.04658,38.91404],[-77.04659,38.91405],[-77.0466,38.91406],[-77.04661,38.91407],[-77.04662,38.91408],[-77.04664,38.91408],[-77.04665,38.91409],[-77.04667,38.9141],[-77.04669,38.9141],[-77.0467,38.9141],[-77.04672,38.9141],[-77.04673,38.9141],[-77.04674,38.91422],[-77.04674,38.91446],[-77.04674,38.91448],[-77.04683,38.91448],[-77.04691,38.91448],[-77.04691,38.9145],[-77.04691,38.91473],[-77.04691,38.91476],[-77.04692,38.91484],[-77.04688,38.91484],[-77.04689,38.9149],[-77.04689,38.91493],[-77.04689,38.91518],[-77.04689,38.91524],[-77.04689,38.91527],[-77.04689,38.91532],[-77.04689,38.91535],[-77.0469,38.91538],[-77.0469,38.9154],[-77.0469,38.91543],[-77.0469,38.91545],[-77.0469,38.9155],[-77.0469,38.91552],[-77.0469,38.91554],[-77.04691,38.91556],[-77.04691,38.91558],[-77.04691,38.9156],[-77.04691,38.91562],[-77.04691,38.91564],[-77.04692,38.91565],[-77.04692,38.91566],[-77.04692,38.91567],[-77.04693,38.91573],[-77.04694,38.91573],[-77.04702,38.9157],[-77.04705,38.91578],[-77.04721,38.91606],[-77.04729,38.91603],[-77.04737,38.916],[-77.04745,38.91597],[-77.04752,38.91595],[-77.04753,38.91594],[-77.04768,38.91589],[-77.04769,38.91589],[-77.04777,38.91586],[-77.04785,38.91583],[-77.04793,38.91581],[-77.048,38.91578],[-77.04801,38.91578],[-77.04809,38.91575],[-77.04818,38.91572],[-77.0482,38.91571],[-77.04833,38.91567],[-77.04842,38.91564],[-77.0485,38.91561],[-77.04862,38.91557],[-77.04872,38.91554],[-77.04863,38.91533],[-77.04859,38.91523],[-77.0487,38.91521],[-77.0493,38.91506],[-77.04935,38.91516],[-77.04946,38.91527],[-77.04947,38.91529],[-77.04949,38.91531],[-77.05011,38.91521],[-77.05019,38.9152],[-77.05019,38.91522],[-77.05019,38.91523],[-77.05019,38.91527],[-77.05019,38.91529],[-77.05021,38.91534],[-77.05023,38.91541],[-77.05025,38.91548],[-77.05029,38.91559],[-77.05032,38.9157],[-77.05038,38.91568],[-77.05038,38.9157]]]},"properties":{"zone":"R-3","label":"R-3","desc":"Allows for attached rowhouses on small lots and row dwellings mingled with detached, semi-detached, and groupings of three or more row dwellings"}},{"type":"Feature","geometry":{"type":"Polygon","coordinates":[[[-76.93607,38.91014],[-76.93623,38.9102],[-76.93633,38.91024],[-76.93648,38.91029],[-76.93656,38.91032],[-76.93663,38.91035],[-76.93671,38.91038],[-76.93679,38.91041],[-76.93684,38.91043],[-76.93682,38.91045],[-76.93687,38.91047],[-76.93688,38.91047],[-76.93699,38.91052],[-76.9371,38.91056],[-76.93718,38.9106],[-76.9373,38.91063],[-76.93739,38.91065],[-76.93743,38.91066],[-76.93753,38.91069],[-76.93752,38.91069],[-76.93757,38.91071],[-76.93763,38.91072],[-76.93772,38.91075],[-76.93774,38.91075],[-76.93784,38.91078],[-76.93787,38.91079],[-76.93789,38.91079],[-76.93791,38.9108],[-76.93793,38.91081],[-76.93795,38.91082],[-76.93798,38.91083],[-76.93802,38.91084],[-76.93803,38.91084],[-76.93811,38.91087],[-76.93817,38.9109],[-76.93818,38.9109],[-76.93828,38.91094],[-76.93835,38.91101],[-76.93843,38.91108],[-76.93844,38.91108],[-76.93857,38.91113],[-76.93858,38.91113],[-76.93858,38.91114],[-76.93864,38.91116],[-76.93866,38.91116],[-76.93871,38.91118],[-76.93874,38.91119],[-76.93889,38.91125],[-76.93893,38.91127],[-76.93897,38.91128],[-76.93904,38.91131],[-76.93906,38.91132],[-76.9392,38.91137],[-76.93921,38.91138],[-76.9394,38.91145],[-76.93955,38.9115],[-76.93961,38.91153],[-76.93968,38.91155],[-76.93976,38.91158],[-76.93984,38.91162],[-76.93986,38.91162],[-76.93995,38.91166],[-76.94006,38.9117],[-76.94011,38.91172],[-76.94016,38.91174],[-76.9403,38.91179],[-76.94045,38.91185],[-76.9405,38.91187],[-76.9406,38.91191],[-76.94061,38.91191],[-76.94063,38.91192],[-76.94064,38.91192],[-76.94067,38.91193],[-76.94068,38.91194],[-76.94076,38.91197],[-76.94076,38.91196],[-76.94078,38.91195],[-76.94084,38.9119],[-76.94088,38.91186],[-76.94093,38.91182],[-76.94098,38.91178],[-76.94102,38.91174],[-76.94107,38.91169],[-76.94111,38.91165],[-76.94115,38.91161],[-76.94119,38.91156],[-76.94123,38.91151],[-76.94127,38.91147],[-76.94129,38.91144],[-76.9413,38.91142],[-76.94132,38.91139],[-76.94134,38.91137],[-76.94134,38.91136],[-76.94135,38.91135],[-76.94137,38.91132],[-76.94138,38.9113],[-76.94139,38.91128],[-76.94141,38.91125],[-76.94142,38.91123],[-76.94144,38.9112],[-76.94145,38.91118],[-76.94145,38.91117],[-76.94146,38.91116],[-76.9417,38.9107],[-76.9418,38.9105],[-76.94182,38.91047],[-76.94182,38.91046],[-76.94183,38.91044],[-76.94184,38.91042],[-76.94185,38.91042],[-76.94185,38.91041],[-76.94186,38.91038],[-76.94187,38.91036],[-76.94188,38.91033],[-76.94189,38.91031],[-76.9419,38.91028],[-76.9419,38.91025],[-76.94191,38.91023],[-76.94191,38.9102],[-76.94192,38.91018],[-76.94192,38.91016],[-76.94192,38.91015],[-76.94193,38.91013],[-76.94193,38.91011],[-76.94193,38.9101],[-76.94193,38.91008],[-76.94193,38.91006],[-76.94193,38.91005],[-76.94194,38.91003],[-76.94194,38.91002],[-76.94194,38.91001],[-76.94194,38.91],[-76.94194,38.90998],[-76.94194,38.90996],[-76.94194,38.90995],[-76.94194,38.90972],[-76.94194,38.90962],[-76.94194,38.90954],[-76.94194,38.90945],[-76.94194,38.90941],[-76.94195,38.90937],[-76.94195,38.90934],[-76.94195,38.9093],[-76.94196,38.90926],[-76.94197,38.90923],[-76.94197,38.90919],[-76.94198,38.90915],[-76.94199,38.90912],[-76.94199,38.90911],[-76.94199,38.90909],[-76.942,38.90908],[-76.94201,38.90904],[-76.94202,38.90901],[-76.94203,38.90897],[-76.94204,38.90893],[-76.94206,38.90889],[-76.94207,38.90885],[-76.94209,38.90882],[-76.9421,38.90878],[-76.94212,38.90874],[-76.94214,38.90871],[-76.94216,38.90867],[-76.9422,38.90859],[-76.94224,38.90849],[-76.94226,38.90846],[-76.94241,38.90814],[-76.94245,38.90805],[-76.94255,38.90785],[-76.94272,38.9075],[-76.94274,38.90744],[-76.94277,38.90739],[-76.9428,38.90733],[-76.94283,38.90729],[-76.94285,38.90725],[-76.94289,38.9072],[-76.94292,38.90716],[-76.94297,38.9071],[-76.94302,38.90705],[-76.94308,38.907],[-76.94313,38.90696],[-76.94319,38.90691],[-76.94325,38.90687],[-76.94332,38.90683],[-76.94336,38.90681],[-76.9434,38.90679],[-76.94343,38.90677],[-76.9435,38.90674],[-76.94357,38.90672],[-76.94358,38.90671],[-76.9436,38.90671],[-76.94369,38.90667],[-76.94379,38.90665],[-76.94389,38.90663],[-76.94396,38.90662],[-76.94397,38.90662],[-76.94399,38.90661],[-76.94407,38.90661],[-76.94415,38.9066],[-76.94423,38.9066],[-76.94431,38.90659],[-76.94446,38.9066],[-76.94502,38.9066],[-76.94548,38.9066],[-76.94585,38.9066],[-76.94623,38.90659],[-76.94626,38.90659],[-76.9463,38.90657],[-76.94632,38.90655],[-76.94634,38.90653],[-76.94635,38.90651],[-76.94635,38.9065],[-76.94636,38.90647],[-76.94636,38.90643],[-76.94636,38.90621],[-76.94636,38.90611],[-76.94636,38.90584],[-76.94636,38.90571],[-76.94636,38.90563],[-76.94636,38.90556],[-76.94636,38.90548],[-76.94636,38.90518],[-76.94636,38.90517],[-76.94635,38.90514],[-76.94634,38.9051],[-76.94632,38.90507],[-76.94632,38.90506],[-76.94631,38.90505],[-76.9463,38.90504],[-76.94603,38.90474],[-76.946,38.9047],[-76.94592,38.9046],[-76.94585,38.90453],[-76.94577,38.90443],[-76.94553,38.90416],[-76.94519,38.90377],[-76.94519,38.90376],[-76.94517,38.90375],[-76.94515,38.90373],[-76.94515,38.90372],[-76.94514,38.90371],[-76.94505,38.90371],[-76.94486,38.90371],[-76.94473,38.90372],[-76.94465,38.90372],[-76.94455,38.90372],[-76.94455,38.90331],[-76.9444,38.90331],[-76.94424,38.90331],[-76.94417,38.90331],[-76.94412,38.90331],[-76.94395,38.90331],[-76.9437,38.90331],[-76.94363,38.90331],[-76.94357,38.90331],[-76.94353,38.90331],[-76.9435,38.90331],[-76.94346,38.90331],[-76.94345,38.90331],[-76.94344,38.90331],[-76.94343,38.90331],[-76.94342,38.90331],[-76.94338,38.90331],[-76.94334,38.90331],[-76.94283,38.90331],[-76.94282,38.90332],[-76.94281,38.90333],[-76.94273,38.9034],[-76.94249,38.90361],[-76.94226,38.9038],[-76.94204,38.90399],[-76.9418,38.90418],[-76.94162,38.90432],[-76.94156,38.90436],[-76.94138,38.9045],[-76.94123,38.90462],[-76.94122,38.90463],[-76.94121,38.90463],[-76.94102,38.90478],[-76.94066,38.90507],[-76.94044,38.90527],[-76.94035,38.90536],[-76.94022,38.90549],[-76.94002,38.90569],[-76.93987,38.90585],[-76.93985,38.90588],[-76.9396,38.90615],[-76.93931,38.90648],[-76.93923,38.90657],[-76.93923,38.90658],[-76.93922,38.90659],[-76.939,38.90683],[-76.93868,38.90719],[-76.93835,38.90757],[-76.93802,38.90794],[-76.93792,38.90805],[-76.93774,38.90825],[-76.93769,38.90831],[-76.93735,38.90869],[-76.93735,38.9087],[-76.93734,38.90871],[-76.93695,38.90914],[-76.93685,38.90926],[-76.93669,38.90944],[-76.93667,38.90946],[-76.93666,38.90947],[-76.93665,38.90948],[-76.9364,38.90977],[-76.93627,38.90991],[-76.93607,38.91013],[-76.93607,38.91014]]]},"properties":{"zone":"R-1B","label":"R-1B","desc":"Provides areas predominantly developed with detached houses on moderately sized lots."}},{"type":"Feature","geometry":{"type":"Polygon","coordinates":[[[-76.96524,38.87307],[-76.96524,38.87322],[-76.96524,38.8734],[-76.96524,38.87342],[-76.96527,38.87342],[-76.9664,38.87342],[-76.9664,38.87296],[-76.96597,38.87296],[-76.96597,38.87294],[-76.96597,38.87281],[-76.96597,38.87249],[-76.96597,38.87247],[-76.96641,38.87247],[-76.96642,38.87202],[-76.96642,38.87178],[-76.9658,38.87151],[-76.96565,38.87144],[-76.96564,38.87145],[-76.9655,38.87163],[-76.96532,38.87189],[-76.96525,38.87201],[-76.96525,38.87202],[-76.96536,38.87202],[-76.96536,38.87213],[-76.96536,38.87245],[-76.96536,38.87247],[-76.96535,38.87247],[-76.96535,38.87249],[-76.96535,38.87281],[-76.96535,38.87294],[-76.96535,38.87296],[-76.96524,38.87296],[-76.96524,38.87307]]]},"properties":{"zone":"R-3","label":"R-3","desc":"Allows for attached rowhouses on small lots and row dwellings mingled with detached, semi-detached, and groupings of three or more row dwellings"}},{"type":"Feature","geometry":{"type":"Polygon","coordinates":[[[-77.05811,38.95681],[-77.05845,38.95709],[-77.059,38.95743],[-77.05938,38.95759],[-77.05954,38.95765],[-77.0601,38.95779],[-77.06085,38.95788],[-77.06208,38.95793],[-77.0622,38.95794],[-77.06315,38.95796],[-77.06374,38.95802],[-77.06513,38.95849],[-77.06513,38.95846],[-77.06513,38.95844],[-77.06513,38.95842],[-77.06512,38.95839],[-77.06507,38.95832],[-77.06505,38.95829],[-77.06502,38.95826],[-77.06499,38.95822],[-77.06495,38.95818],[-77.06492,38.95815],[-77.06489,38.95811],[-77.06487,38.95809],[-77.06484,38.95805],[-77.06481,38.95802],[-77.06478,38.95799],[-77.06475,38.95796],[-77.06474,38.95794],[-77.06472,38.95792],[-77.0647,38.9579],[-77.06467,38.95787],[-77.06464,38.95784],[-77.06443,38.9576],[-77.06437,38.95754],[-77.06437,38.95753],[-77.06431,38.95747],[-77.06415,38.95729],[-77.06401,38.95714],[-77.06401,38.95713],[-77.06413,38.95703],[-77.06416,38.95699],[-77.0642,38.95696],[-77.06427,38.95689],[-77.06431,38.95686],[-77.06436,38.95681],[-77.06439,38.95684],[-77.06441,38.95682],[-77.06474,38.9565],[-77.06475,38.95649],[-77.06478,38.95646],[-77.06479,38.95645],[-77.06481,38.95643],[-77.06482,38.95642],[-77.06483,38.95641],[-77.06484,38.9564],[-77.06485,38.95639],[-77.06488,38.95637],[-77.06488,38.95636],[-77.06491,38.95633],[-77.06494,38.9563],[-77.06496,38.95629],[-77.06498,38.95627],[-77.065,38.95625],[-77.06502,38.95624],[-77.06504,38.95622],[-77.06505,38.95622],[-77.06505,38.95621],[-77.06506,38.95621],[-77.06508,38.95619],[-77.06509,38.95619],[-77.06509,38.95618],[-77.0651,38.95618],[-77.0651,38.95617],[-77.06518,38.95612],[-77.06537,38.95597],[-77.06548,38.95588],[-77.0655,38.95586],[-77.06567,38.95574],[-77.06571,38.95571],[-77.06575,38.95568],[-77.06577,38.95566],[-77.06579,38.95565],[-77.06579,38.95564],[-77.0658,38.95563],[-77.06581,38.95562],[-77.06582,38.95562],[-77.06583,38.95561],[-77.06584,38.95561],[-77.06584,38.9556],[-77.06585,38.9556],[-77.06585,38.95559],[-77.06586,38.95559],[-77.06587,38.95558],[-77.06588,38.95558],[-77.06589,38.95557],[-77.0659,38.95557],[-77.0659,38.95556],[-77.06592,38.95556],[-77.06593,38.95555],[-77.066,38.95552],[-77.06597,38.95545],[-77.06596,38.95544],[-77.06593,38.95539],[-77.06593,38.95538],[-77.06589,38.95531],[-77.06585,38.95524],[-77.06585,38.95523],[-77.06582,38.95516],[-77.06578,38.95509],[-77.06574,38.95502],[-77.06574,38.95501],[-77.06571,38.95495],[-77.06567,38.95488],[-77.06567,38.95487],[-77.06563,38.9548],[-77.06562,38.95479],[-77.06561,38.95477],[-77.06561,38.95475],[-77.06561,38.95474],[-77.06561,38.95473],[-77.06561,38.95471],[-77.06561,38.95469],[-77.06562,38.95467],[-77.06563,38.95465],[-77.06564,38.95463],[-77.06566,38.95462],[-77.06567,38.95463],[-77.06572,38.95464],[-77.06576,38.95466],[-77.06579,38.95466],[-77.0658,38.95467],[-77.06584,38.95468],[-77.06587,38.95468],[-77.06589,38.95469],[-77.0659,38.95469],[-77.06594,38.95469],[-77.06597,38.9547],[-77.066,38.9547],[-77.06604,38.9547],[-77.06607,38.95471],[-77.06611,38.95471],[-77.06614,38.95471],[-77.06618,38.95471],[-77.06659,38.9547],[-77.06766,38.9547],[-77.06767,38.9547],[-77.06777,38.9547],[-77.06778,38.9547],[-77.06779,38.9547],[-77.06813,38.9547],[-77.06865,38.9547],[-77.06875,38.9547],[-77.06878,38.9547],[-77.06883,38.9547],[-77.06888,38.9547],[-77.0689,38.9547],[-77.06894,38.9547],[-77.06897,38.9547],[-77.06892,38.95462],[-77.06892,38.9546],[-77.06888,38.95454],[-77.06885,38.95449],[-77.06884,38.95448],[-77.06884,38.95447],[-77.06825,38.9534],[-77.0682,38.95331],[-77.06814,38.95331],[-77.06813,38.95331],[-77.06784,38.95331],[-77.06775,38.95331],[-77.06749,38.95331],[-77.06732,38.95331],[-77.06724,38.95331],[-77.06722,38.95331],[-77.06721,38.95331],[-77.0672,38.95331],[-77.06698,38.95331],[-77.06672,38.95331],[-77.06646,38.95331],[-77.06627,38.95331],[-77.0662,38.95331],[-77.06613,38.95331],[-77.06595,38.95331],[-77.06569,38.95331],[-77.06543,38.95331],[-77.06526,38.95331],[-77.06517,38.95331],[-77.06517,38.95324],[-77.06518,38.9528],[-77.06518,38.95267],[-77.06518,38.95261],[-77.06517,38.95194],[-77.06517,38.95186],[-77.06517,38.95178],[-77.06517,38.95131],[-77.06517,38.95127],[-77.06517,38.95096],[-77.06517,38.95081],[-77.06517,38.95073],[-77.06505,38.95073],[-77.06439,38.95073],[-77.06431,38.95073],[-77.06431,38.95069],[-77.06431,38.95065],[-77.06431,38.94987],[-77.06431,38.94977],[-77.06431,38.94969],[-77.06422,38.94969],[-77.06423,38.94961],[-77.06423,38.94949],[-77.06423,38.94948],[-77.06423,38.94945],[-77.06423,38.94942],[-77.06423,38.94941],[-77.06423,38.94938],[-77.06424,38.94934],[-77.06424,38.94933],[-77.06424,38.94932],[-77.06424,38.94931],[-77.06424,38.9493],[-77.06424,38.94929],[-77.06425,38.94928],[-77.06425,38.94927],[-77.06425,38.94926],[-77.06425,38.94924],[-77.06426,38.94923],[-77.06426,38.94921],[-77.06426,38.9492],[-77.06426,38.94919],[-77.06427,38.94917],[-77.06427,38.94916],[-77.06427,38.94915],[-77.06428,38.94914],[-77.06428,38.94913],[-77.06428,38.94912],[-77.06428,38.94911],[-77.06428,38.9491],[-77.06429,38.9491],[-77.06429,38.94909],[-77.06429,38.94908],[-77.06429,38.94907],[-77.0643,38.94906],[-77.0643,38.94905],[-77.0643,38.94904],[-77.06431,38.94902],[-77.06431,38.94901],[-77.06431,38.949],[-77.06432,38.94899],[-77.06432,38.94898],[-77.06432,38.94897],[-77.06433,38.94896],[-77.06433,38.94895],[-77.06433,38.94894],[-77.06433,38.94893],[-77.06434,38.94892],[-77.06434,38.94891],[-77.06434,38.9489],[-77.06435,38.94889],[-77.06435,38.94887],[-77.06436,38.94887],[-77.06436,38.94886],[-77.06437,38.94884],[-77.06437,38.94883],[-77.06438,38.94881],[-77.06438,38.9488],[-77.06439,38.94878],[-77.06439,38.94877],[-77.0644,38.94876],[-77.06441,38.94873],[-77.06441,38.94872],[-77.06441,38.94871],[-77.06441,38.9487],[-77.06442,38.9487],[-77.06442,38.94868],[-77.06442,38.94867],[-77.06443,38.94865],[-77.06443,38.94864],[-77.06444,38.94861],[-77.06444,38.94858],[-77.06445,38.94855],[-77.06445,38.94854],[-77.06445,38.94852],[-77.06445,38.94849],[-77.06446,38.94846],[-77.06446,38.94807],[-77.06445,38.94798],[-77.06445,38.94797],[-77.06445,38.9479],[-77.06452,38.9479],[-77.06456,38.9479],[-77.06462,38.9479],[-77.06476,38.9479],[-77.06479,38.9479],[-77.06485,38.9479],[-77.06478,38.94777],[-77.06474,38.9477],[-77.06464,38.94752],[-77.06459,38.94744],[-77.06458,38.94742],[-77.06457,38.9474],[-77.06456,38.94738],[-77.06454,38.94736],[-77.06453,38.94733],[-77.06448,38.94724],[-77.06445,38.94719],[-77.06444,38.94717],[-77.06442,38.94715],[-77.06442,38.94714],[-77.06441,38.94713],[-77.06441,38.94712],[-77.0644,38.94711],[-77.0644,38.9471],[-77.06439,38.9471],[-77.06439,38.94709],[-77.06439,38.94708],[-77.06438,38.94707],[-77.06437,38.94705],[-77.06436,38.94704],[-77.06434,38.94701],[-77.06433,38.94698],[-77.06432,38.94697],[-77.0643,38.94694],[-77.06429,38.94691],[-77.06428,38.94691],[-77.06426,38.94687],[-77.06424,38.94684],[-77.06424,38.94683],[-77.06423,38.94681],[-77.06421,38.94678],[-77.06416,38.9467],[-77.06416,38.94669],[-77.06412,38.94663],[-77.06412,38.94661],[-77.0641,38.94659],[-77.06409,38.94657],[-77.06408,38.94656],[-77.06407,38.94654],[-77.06404,38.94649],[-77.06402,38.94645],[-77.064,38.94641],[-77.06397,38.94636],[-77.06395,38.94633],[-77.06393,38.94629],[-77.06392,38.94628],[-77.0639,38.94624],[-77.06386,38.94617],[-77.06384,38.94614],[-77.0638,38.94606],[-77.06376,38.946],[-77.06374,38.94596],[-77.06373,38.94595],[-77.06368,38.94586],[-77.06367,38.94584],[-77.06363,38.94578],[-77.06363,38.94577],[-77.06357,38.94568],[-77.06353,38.9456],[-77.0635,38.94556],[-77.06348,38.94552],[-77.06345,38.94546],[-77.06344,38.94545],[-77.06344,38.94544],[-77.06343,38.94543],[-77.06341,38.9454],[-77.06341,38.94539],[-77.06308,38.94538],[-77.06268,38.94536],[-77.06268,38.94533],[-77.06112,38.94528],[-77.06018,38.94525],[-77.05926,38.94525],[-77.05928,38.94521],[-77.05941,38.94497],[-77.0595,38.9448],[-77.05993,38.94398],[-77.05995,38.94396],[-77.05996,38.94395],[-77.05998,38.94393],[-77.06002,38.94391],[-77.06006,38.9439],[-77.06049,38.94376],[-77.06057,38.94374],[-77.06057,38.94373],[-77.06057,38.94342],[-77.06057,38.94327],[-77.06057,38.94322],[-77.06057,38.94317],[-77.06057,38.94316],[-77.06048,38.94316],[-77.06044,38.94316],[-77.06039,38.94316],[-77.06034,38.94316],[-77.06034,38.94313],[-77.06034,38.9431],[-77.06034,38.94307],[-77.06034,38.94306],[-77.06034,38.94305],[-77.06034,38.94284],[-77.06034,38.94272],[-77.06034,38.94266],[-77.06034,38.94263],[-77.06035,38.94263],[-77.06056,38.94263],[-77.06056,38.94261],[-77.06056,38.94223],[-77.06056,38.94221],[-77.06055,38.94206],[-77.06029,38.94206],[-77.06023,38.94206],[-77.06012,38.94206],[-77.06,38.94206],[-77.05949,38.94206],[-77.0591,38.94206],[-77.05864,38.94206],[-77.05864,38.942],[-77.05864,38.94199],[-77.05863,38.94176],[-77.05863,38.94154],[-77.05863,38.94153],[-77.05863,38.94126],[-77.05863,38.9411],[-77.05863,38.94097],[-77.05863,38.9408],[-77.05858,38.94059],[-77.05854,38.94048],[-77.0585,38.94042],[-77.05849,38.94039],[-77.05849,38.94038],[-77.05848,38.94037],[-77.05847,38.94035],[-77.05846,38.94033],[-77.05845,38.94032],[-77.05844,38.94029],[-77.05842,38.94027],[-77.05841,38.94024],[-77.05836,38.94017],[-77.05827,38.94006],[-77.05818,38.93996],[-77.05808,38.93985],[-77.05802,38.9398],[-77.05793,38.93973],[-77.05782,38.93965],[-77.05771,38.93958],[-77.0576,38.93951],[-77.05748,38.93945],[-77.05735,38.93939],[-77.05722,38.93934],[-77.05708,38.93929],[-77.05694,38.93925],[-77.0568,38.93922],[-77.05668,38.9392],[-77.05599,38.93907],[-77.05565,38.93852],[-77.05535,38.93806],[-77.05521,38.93783],[-77.05497,38.93745],[-77.05469,38.93698],[-77.05464,38.93689],[-77.05463,38.93689],[-77.05461,38.93689],[-77.0546,38.93689],[-77.05459,38.93689],[-77.05456,38.93689],[-77.05454,38.93689],[-77.05453,38.93689],[-77.05452,38.93688],[-77.0545,38.93688],[-77.05448,38.93688],[-77.05447,38.93688],[-77.05446,38.93688],[-77.05446,38.93683],[-77.05441,38.93683],[-77.05438,38.93682],[-77.05426,38.93682],[-77.05422,38.93682],[-77.05417,38.93682],[-77.05414,38.93682],[-77.05413,38.93682],[-77.05403,38.93683],[-77.05381,38.93675],[-77.05377,38.93675],[-77.0537,38.93674],[-77.05366,38.93673],[-77.0536,38.93677],[-77.05355,38.9368],[-77.05347,38.93687],[-77.05345,38.93689],[-77.05342,38.93692],[-77.05331,38.93703],[-77.05326,38.93707],[-77.05314,38.93709],[-77.05305,38.93706],[-77.05299,38.937],[-77.05293,38.93703],[-77.05286,38.93707],[-77.05277,38.93711],[-77.05266,38.93717],[-77.05257,38.93722],[-77.05243,38.93729],[-77.05241,38.9373],[-77.0524,38.9373],[-77.05249,38.93739],[-77.05261,38.93751],[-77.05264,38.93753],[-77.05266,38.93756],[-77.0527,38.93759],[-77.05272,38.93761],[-77.05274,38.93764],[-77.05276,38.93766],[-77.05277,38.93767],[-77.05279,38.93769],[-77.05281,38.93773],[-77.05284,38.93777],[-77.05286,38.93781],[-77.05289,38.93785],[-77.05291,38.9379],[-77.05293,38.93795],[-77.05294,38.93798],[-77.05295,38.93802],[-77.05296,38.93805],[-77.05296,38.93808],[-77.05297,38.93811],[-77.05297,38.93816],[-77.05297,38.9382],[-77.05297,38.93825],[-77.05296,38.93827],[-77.05285,38.9388],[-77.05287,38.93882],[-77.05288,38.93883],[-77.0529,38.93884],[-77.05291,38.93886],[-77.05292,38.93888],[-77.05294,38.93889],[-77.05294,38.93891],[-77.05295,38.93892],[-77.05296,38.93894],[-77.05297,38.93895],[-77.05297,38.93896],[-77.05298,38.93898],[-77.05298,38.93899],[-77.05299,38.93901],[-77.05299,38.93902],[-77.05299,38.93903],[-77.05299,38.93904],[-77.05299,38.93905],[-77.05299,38.93906],[-77.053,38.93908],[-77.05299,38.93909],[-77.05299,38.93911],[-77.05299,38.93912],[-77.05299,38.93914],[-77.05299,38.93915],[-77.05289,38.93961],[-77.05287,38.9397],[-77.05282,38.93969],[-77.05281,38.93969],[-77.0528,38.93969],[-77.05279,38.93969],[-77.05278,38.93969],[-77.05277,38.93969],[-77.05275,38.9397],[-77.05274,38.93971],[-77.05273,38.93971],[-77.05273,38.93972],[-77.05272,38.93972],[-77.05272,38.93973],[-77.05272,38.93974],[-77.05265,38.94004],[-77.05265,38.94005],[-77.05264,38.94007],[-77.05264,38.94011],[-77.05263,38.94014],[-77.05263,38.94016],[-77.05262,38.94018],[-77.05262,38.9402],[-77.05261,38.94022],[-77.05261,38.94025],[-77.05261,38.94026],[-77.0526,38.94026],[-77.0526,38.94027],[-77.0526,38.94028],[-77.05259,38.94028],[-77.05259,38.94029],[-77.05258,38.9403],[-77.05257,38.94031],[-77.05257,38.94032],[-77.05256,38.94033],[-77.05249,38.94039],[-77.05248,38.9404],[-77.0524,38.94046],[-77.05241,38.94046],[-77.05244,38.94049],[-77.05239,38.9407],[-77.05236,38.94085],[-77.05218,38.9417],[-77.0521,38.94182],[-77.05023,38.94449],[-77.05018,38.94455],[-77.05022,38.9446],[-77.05023,38.94462],[-77.05026,38.94465],[-77.05033,38.94473],[-77.05041,38.94479],[-77.05046,38.94483],[-77.05048,38.94485],[-77.0505,38.94487],[-77.05052,38.94488],[-77.05054,38.9449],[-77.05056,38.94492],[-77.05058,38.94493],[-77.0506,38.94495],[-77.05061,38.94496],[-77.05063,38.94497],[-77.05064,38.94498],[-77.05066,38.94499],[-77.05073,38.94505],[-77.0508,38.94511],[-77.05081,38.94513],[-77.05082,38.94514],[-77.05083,38.94515],[-77.05085,38.94517],[-77.05086,38.94518],[-77.05088,38.9452],[-77.05089,38.94521],[-77.0509,38.94522],[-77.05092,38.94525],[-77.05097,38.94532],[-77.05097,38.94533],[-77.05098,38.94533],[-77.05099,38.94534],[-77.051,38.94536],[-77.05101,38.94537],[-77.05101,38.94538],[-77.05102,38.9454],[-77.05103,38.9454],[-77.05103,38.94541],[-77.05104,38.94542],[-77.05104,38.94543],[-77.05105,38.94544],[-77.05106,38.94545],[-77.05107,38.94546],[-77.05107,38.94547],[-77.05108,38.94548],[-77.05109,38.94549],[-77.0511,38.9455],[-77.05111,38.94551],[-77.05112,38.94553],[-77.05113,38.94555],[-77.05114,38.94556],[-77.05115,38.94557],[-77.05116,38.94559],[-77.05117,38.9456],[-77.05118,38.94561],[-77.05119,38.94563],[-77.05119,38.94564],[-77.05121,38.94566],[-77.05122,38.94567],[-77.05122,38.94568],[-77.05124,38.94569],[-77.05124,38.9457],[-77.05125,38.94572],[-77.05126,38.94573],[-77.05127,38.94573],[-77.05127,38.94574],[-77.05128,38.94575],[-77.05128,38.94576],[-77.05129,38.94577],[-77.0513,38.94578],[-77.0513,38.94579],[-77.05131,38.9458],[-77.05132,38.94582],[-77.05133,38.94583],[-77.05134,38.94584],[-77.05135,38.94586],[-77.05136,38.94587],[-77.05136,38.94588],[-77.05137,38.94588],[-77.05138,38.9459],[-77.05139,38.94591],[-77.0514,38.94592],[-77.0514,38.94593],[-77.05141,38.94595],[-77.05142,38.94596],[-77.05142,38.94597],[-77.05143,38.94597],[-77.05144,38.94598],[-77.05144,38.94599],[-77.05145,38.946],[-77.05145,38.94602],[-77.05146,38.94602],[-77.05146,38.94603],[-77.05147,38.94605],[-77.05148,38.94606],[-77.05149,38.94608],[-77.05149,38.94609],[-77.0515,38.9461],[-77.0515,38.94611],[-77.05151,38.94613],[-77.05151,38.94614],[-77.05152,38.94614],[-77.05152,38.94616],[-77.05153,38.94616],[-77.05153,38.94618],[-77.05154,38.94619],[-77.05155,38.94621],[-77.05155,38.94622],[-77.05155,38.94623],[-77.05156,38.94624],[-77.05156,38.94625],[-77.05157,38.94626],[-77.05157,38.94628],[-77.05158,38.94629],[-77.05158,38.94631],[-77.05159,38.94631],[-77.05159,38.94632],[-77.05159,38.94633],[-77.0516,38.94634],[-77.0516,38.94635],[-77.05161,38.94636],[-77.05161,38.94638],[-77.05161,38.94639],[-77.05162,38.94639],[-77.05162,38.9464],[-77.05162,38.94641],[-77.05163,38.94642],[-77.05163,38.94643],[-77.05164,38.94645],[-77.05164,38.94646],[-77.05164,38.94647],[-77.05165,38.94648],[-77.05165,38.94649],[-77.05165,38.9465],[-77.05166,38.94652],[-77.05166,38.94653],[-77.05166,38.94654],[-77.05166,38.94656],[-77.05166,38.94657],[-77.05167,38.94658],[-77.05167,38.9466],[-77.05167,38.94662],[-77.05167,38.94663],[-77.05168,38.94665],[-77.05168,38.94666],[-77.05168,38.94667],[-77.05168,38.9467],[-77.05168,38.94671],[-77.05168,38.94672],[-77.05168,38.94674],[-77.05168,38.94675],[-77.05168,38.94676],[-77.05168,38.94677],[-77.05168,38.94679],[-77.05168,38.94682],[-77.05168,38.94683],[-77.05168,38.94684],[-77.05168,38.94686],[-77.05167,38.94689],[-77.05167,38.9469],[-77.05167,38.94691],[-77.05167,38.94694],[-77.05166,38.94695],[-77.05166,38.94696],[-77.05166,38.94698],[-77.05166,38.94699],[-77.05166,38.947],[-77.05166,38.94701],[-77.05165,38.94702],[-77.05165,38.94704],[-77.05165,38.94706],[-77.05165,38.94708],[-77.05165,38.94709],[-77.05164,38.94711],[-77.05164,38.94714],[-77.05164,38.94716],[-77.05164,38.94717],[-77.05163,38.94719],[-77.05163,38.94722],[-77.05163,38.94725],[-77.05162,38.94727],[-77.05162,38.9473],[-77.05161,38.94733],[-77.05161,38.94735],[-77.0516,38.94738],[-77.05159,38.94741],[-77.05159,38.94744],[-77.05158,38.94747],[-77.05157,38.9475],[-77.05156,38.94754],[-77.05156,38.94756],[-77.05156,38.94757],[-77.05155,38.9476],[-77.05154,38.94763],[-77.05153,38.94766],[-77.05152,38.94769],[-77.05151,38.94772],[-77.0515,38.94775],[-77.0515,38.94778],[-77.05149,38.9478],[-77.05149,38.94781],[-77.05148,38.94784],[-77.05147,38.94786],[-77.05147,38.94789],[-77.05146,38.94792],[-77.05146,38.94795],[-77.05145,38.94798],[-77.05145,38.948],[-77.05145,38.94801],[-77.05145,38.94802],[-77.05145,38.94804],[-77.05145,38.94805],[-77.05145,38.94806],[-77.05145,38.94808],[-77.05145,38.94809],[-77.05145,38.9481],[-77.05145,38.94812],[-77.05145,38.94813],[-77.05146,38.94815],[-77.05146,38.94816],[-77.05146,38.94817],[-77.05146,38.9482],[-77.05147,38.94823],[-77.05147,38.94824],[-77.05147,38.94827],[-77.05148,38.9483],[-77.05148,38.94833],[-77.05149,38.94836],[-77.0515,38.94839],[-77.0515,38.9484],[-77.0515,38.94843],[-77.05151,38.94843],[-77.05151,38.94846],[-77.05152,38.94849],[-77.05153,38.94852],[-77.05154,38.94855],[-77.05155,38.94859],[-77.05156,38.94862],[-77.05157,38.94865],[-77.05158,38.94868],[-77.05159,38.94871],[-77.0516,38.94871],[-77.05161,38.94874],[-77.05162,38.94878],[-77.05163,38.94881],[-77.05165,38.94884],[-77.05166,38.94886],[-77.05166,38.94887],[-77.05167,38.94889],[-77.05168,38.94889],[-77.05169,38.94892],[-77.0517,38.94895],[-77.05171,38.94895],[-77.05172,38.94898],[-77.05174,38.94901],[-77.05175,38.94903],[-77.05175,38.94904],[-77.05177,38.94906],[-77.05179,38.94909],[-77.05181,38.94912],[-77.05182,38.94915],[-77.05184,38.94918],[-77.05186,38.9492],[-77.05186,38.94921],[-77.05188,38.94923],[-77.0519,38.94926],[-77.05192,38.94929],[-77.05193,38.94929],[-77.05195,38.94932],[-77.05197,38.94934],[-77.052,38.94937],[-77.05201,38.94939],[-77.05202,38.94939],[-77.05203,38.9494],[-77.05205,38.94942],[-77.05206,38.94943],[-77.05207,38.94944],[-77.05209,38.94945],[-77.0521,38.94946],[-77.05211,38.94947],[-77.05213,38.94949],[-77.05215,38.94949],[-77.05216,38.9495],[-77.05218,38.94952],[-77.05219,38.94952],[-77.0522,38.94953],[-77.05223,38.94955],[-77.05225,38.94957],[-77.05228,38.94959],[-77.05231,38.94961],[-77.05233,38.94963],[-77.05236,38.94965],[-77.05238,38.94967],[-77.0524,38.94969],[-77.05243,38.94971],[-77.05245,38.94973],[-77.05248,38.94975],[-77.0525,38.94977],[-77.05252,38.94979],[-77.05252,38.9498],[-77.05254,38.94982],[-77.05256,38.94984],[-77.05258,38.94986],[-77.0526,38.94988],[-77.05262,38.94991],[-77.05264,38.94993],[-77.05265,38.94995],[-77.05268,38.94998],[-77.05271,38.95002],[-77.05271,38.95003],[-77.05272,38.95003],[-77.05277,38.95009],[-77.05277,38.9501],[-77.05278,38.95011],[-77.05291,38.95027],[-77.05298,38.95037],[-77.05304,38.95047],[-77.05308,38.95055],[-77.0531,38.95063],[-77.05311,38.95071],[-77.05311,38.95072],[-77.05311,38.95073],[-77.05311,38.95074],[-77.05311,38.95075],[-77.05311,38.95076],[-77.05311,38.95077],[-77.05311,38.95078],[-77.05311,38.95079],[-77.05311,38.9508],[-77.0531,38.95082],[-77.0531,38.95083],[-77.0531,38.95084],[-77.0531,38.95086],[-77.0531,38.95087],[-77.0531,38.95088],[-77.05309,38.95088],[-77.05309,38.95089],[-77.05309,38.95092],[-77.05309,38.95095],[-77.05308,38.95095],[-77.05308,38.95098],[-77.05308,38.951],[-77.05308,38.95101],[-77.05307,38.95103],[-77.05307,38.95106],[-77.05306,38.95109],[-77.05306,38.95112],[-77.05306,38.95114],[-77.05305,38.95117],[-77.05305,38.9512],[-77.05305,38.95122],[-77.05305,38.95125],[-77.05305,38.95127],[-77.05305,38.9513],[-77.05305,38.95133],[-77.05306,38.95135],[-77.05306,38.95138],[-77.05307,38.9514],[-77.05307,38.95141],[-77.05307,38.95142],[-77.05308,38.95143],[-77.05308,38.95145],[-77.05309,38.95146],[-77.05309,38.95147],[-77.0531,38.95149],[-77.05311,38.95151],[-77.05311,38.95152],[-77.05312,38.95153],[-77.05313,38.95155],[-77.05314,38.95156],[-77.05314,38.95157],[-77.05316,38.95158],[-77.05316,38.95159],[-77.05317,38.95161],[-77.05318,38.95161],[-77.05318,38.95162],[-77.0532,38.95163],[-77.05321,38.95164],[-77.05321,38.95165],[-77.05323,38.95166],[-77.05323,38.95167],[-77.05324,38.95167],[-77.05325,38.95167],[-77.05326,38.95168],[-77.05326,38.95169],[-77.05328,38.9517],[-77.05329,38.9517],[-77.0533,38.95171],[-77.05332,38.95172],[-77.05334,38.95172],[-77.05336,38.95173],[-77.05337,38.95173],[-77.05338,38.95174],[-77.0534,38.95174],[-77.05341,38.95174],[-77.05342,38.95175],[-77.05344,38.95175],[-77.05345,38.95175],[-77.05346,38.95176],[-77.05348,38.95176],[-77.05352,38.95177],[-77.05357,38.95178],[-77.05361,38.95179],[-77.05366,38.9518],[-77.0537,38.9518],[-77.05374,38.95181],[-77.05379,38.95182],[-77.05383,38.95183],[-77.05388,38.95184],[-77.05392,38.95185],[-77.05397,38.95186],[-77.05402,38.95187],[-77.05407,38.95188],[-77.05412,38.95189],[-77.05416,38.9519],[-77.05421,38.95191],[-77.05426,38.95192],[-77.05431,38.95193],[-77.05436,38.95194],[-77.05441,38.95196],[-77.05442,38.95196],[-77.05443,38.95196],[-77.05445,38.95196],[-77.05446,38.95197],[-77.05448,38.95197],[-77.0545,38.95198],[-77.05452,38.95198],[-77.05453,38.95198],[-77.05454,38.95199],[-77.05457,38.95199],[-77.05458,38.95199],[-77.05459,38.952],[-77.05461,38.952],[-77.05464,38.95201],[-77.05465,38.95202],[-77.05467,38.95203],[-77.05468,38.95203],[-77.05469,38.95204],[-77.0547,38.95205],[-77.05471,38.95205],[-77.05472,38.95206],[-77.05473,38.95206],[-77.05473,38.95207],[-77.05474,38.95207],[-77.05475,38.95208],[-77.05476,38.95208],[-77.05476,38.95209],[-77.05477,38.95209],[-77.05478,38.9521],[-77.05479,38.95211],[-77.0548,38.95212],[-77.05481,38.95213],[-77.05482,38.95214],[-77.05483,38.95216],[-77.05484,38.95216],[-77.05485,38.95217],[-77.05485,38.95218],[-77.05486,38.95219],[-77.05486,38.9522],[-77.05487,38.95221],[-77.05488,38.95222],[-77.05488,38.95223],[-77.05489,38.95224],[-77.05489,38.95225],[-77.05489,38.95226],[-77.0549,38.95227],[-77.0549,38.95228],[-77.05491,38.9523],[-77.05491,38.95231],[-77.05492,38.95232],[-77.05492,38.95234],[-77.05492,38.95235],[-77.05493,38.95235],[-77.05493,38.95237],[-77.05499,38.95255],[-77.055,38.95256],[-77.055,38.95258],[-77.05501,38.9526],[-77.05501,38.95261],[-77.05501,38.95262],[-77.05502,38.95264],[-77.05503,38.95266],[-77.05503,38.95267],[-77.05504,38.95269],[-77.05505,38.95269],[-77.05505,38.9527],[-77.05506,38.95271],[-77.05507,38.95273],[-77.05508,38.95274],[-77.05509,38.95275],[-77.0551,38.95277],[-77.0551,38.95278],[-77.05512,38.95279],[-77.05512,38.9528],[-77.05513,38.95281],[-77.05515,38.95282],[-77.05515,38.95283],[-77.05516,38.95284],[-77.05516,38.95285],[-77.05518,38.95286],[-77.05519,38.95288],[-77.0552,38.95289],[-77.05521,38.95289],[-77.05521,38.9529],[-77.05522,38.95291],[-77.05523,38.95292],[-77.05524,38.95293],[-77.05526,38.95295],[-77.05543,38.95314],[-77.05544,38.95315],[-77.05557,38.9533],[-77.05559,38.95332],[-77.05561,38.95334],[-77.05564,38.95336],[-77.05566,38.95338],[-77.05569,38.9534],[-77.05571,38.95342],[-77.05574,38.95344],[-77.05576,38.95346],[-77.05579,38.95348],[-77.05581,38.9535],[-77.05582,38.9535],[-77.05583,38.95351],[-77.05584,38.95351],[-77.05586,38.95353],[-77.05587,38.95353],[-77.05588,38.95354],[-77.05591,38.95355],[-77.05593,38.95357],[-77.05594,38.95357],[-77.05595,38.95358],[-77.05598,38.95359],[-77.05599,38.9536],[-77.056,38.9536],[-77.05602,38.95361],[-77.05603,38.95361],[-77.05604,38.95362],[-77.05605,38.95363],[-77.05612,38.95366],[-77.05617,38.95369],[-77.05618,38.95369],[-77.05623,38.95372],[-77.05627,38.95374],[-77.0563,38.95375],[-77.05631,38.95375],[-77.05632,38.95376],[-77.05636,38.95378],[-77.0564,38.9538],[-77.05641,38.9538],[-77.05645,38.95382],[-77.05647,38.95384],[-77.05649,38.95385],[-77.05654,38.95387],[-77.05658,38.95389],[-77.05662,38.95392],[-77.05665,38.95393],[-77.05666,38.95393],[-77.05669,38.95395],[-77.05672,38.95397],[-77.05675,38.95398],[-77.05675,38.95399],[-77.05678,38.954],[-77.05681,38.95402],[-77.05684,38.95404],[-77.05687,38.95406],[-77.0569,38.95407],[-77.05693,38.95409],[-77.05696,38.95411],[-77.05699,38.95413],[-77.05702,38.95415],[-77.05706,38.95417],[-77.05709,38.95419],[-77.05712,38.95421],[-77.05715,38.95423],[-77.05718,38.95424],[-77.05721,38.95426],[-77.05724,38.95428],[-77.05733,38.95434],[-77.05734,38.95434],[-77.05735,38.95435],[-77.05736,38.95435],[-77.05736,38.95436],[-77.05737,38.95437],[-77.05738,38.95437],[-77.05739,38.95438],[-77.0574,38.95439],[-77.05741,38.9544],[-77.05742,38.95441],[-77.05743,38.95442],[-77.05744,38.95443],[-77.05745,38.95443],[-77.05746,38.95445],[-77.05747,38.95446],[-77.05748,38.95447],[-77.05748,38.95448],[-77.05749,38.95448],[-77.05749,38.95449],[-77.05755,38.95457],[-77.05759,38.95463],[-77.0576,38.95464],[-77.05761,38.95465],[-77.05761,38.95466],[-77.05762,38.95467],[-77.05762,38.95468],[-77.05763,38.95469],[-77.05763,38.9547],[-77.05764,38.95471],[-77.05765,38.95472],[-77.05765,38.95473],[-77.05765,38.95474],[-77.05766,38.95476],[-77.05766,38.95477],[-77.05766,38.95478],[-77.05766,38.95479],[-77.05767,38.9548],[-77.05767,38.95481],[-77.05767,38.95482],[-77.05767,38.95483],[-77.05767,38.95484],[-77.05767,38.95485],[-77.05767,38.95486],[-77.05767,38.95487],[-77.05767,38.95488],[-77.05766,38.95489],[-77.05766,38.9549],[-77.05766,38.95491],[-77.05766,38.95492],[-77.05766,38.95493],[-77.05766,38.95494],[-77.05765,38.95495],[-77.05765,38.95496],[-77.05765,38.95497],[-77.05757,38.95518],[-77.05757,38.95519],[-77.05756,38.95521],[-77.05756,38.95522],[-77.05756,38.95523],[-77.05755,38.95524],[-77.05755,38.95525],[-77.05755,38.95527],[-77.05755,38.95528],[-77.05754,38.95529],[-77.05754,38.9553],[-77.05754,38.95531],[-77.05754,38.95532],[-77.05754,38.95533],[-77.05754,38.95534],[-77.05754,38.95535],[-77.05754,38.95536],[-77.05754,38.95537],[-77.05754,38.95538],[-77.05754,38.95539],[-77.05755,38.9554],[-77.05755,38.95541],[-77.05755,38.95542],[-77.05755,38.95543],[-77.05756,38.95544],[-77.05757,38.95546],[-77.05757,38.95547],[-77.05758,38.95549],[-77.05759,38.9555],[-77.0576,38.95551],[-77.0576,38.95552],[-77.05761,38.95554],[-77.05762,38.95554],[-77.05763,38.95555],[-77.05764,38.95557],[-77.05765,38.95558],[-77.05766,38.95558],[-77.05766,38.95559],[-77.05767,38.95559],[-77.05767,38.9556],[-77.05768,38.95561],[-77.05769,38.95561],[-77.05769,38.95562],[-77.0577,38.95562],[-77.05771,38.95563],[-77.05772,38.95564],[-77.05773,38.95564],[-77.05773,38.95565],[-77.05774,38.95565],[-77.05775,38.95566],[-77.05776,38.95567],[-77.05777,38.95568],[-77.05778,38.95569],[-77.05781,38.9557],[-77.05782,38.95571],[-77.05783,38.95571],[-77.05785,38.95573],[-77.05788,38.95574],[-77.05789,38.95575],[-77.0579,38.95575],[-77.05793,38.95577],[-77.05794,38.95577],[-77.05795,38.95578],[-77.05806,38.95582],[-77.05821,38.95589],[-77.05822,38.9559],[-77.05823,38.9559],[-77.05825,38.95591],[-77.05826,38.95591],[-77.05827,38.95592],[-77.05829,38.95593],[-77.05829,38.95594],[-77.0583,38.95594],[-77.05832,38.95595],[-77.05832,38.95596],[-77.05833,38.95596],[-77.05833,38.95597],[-77.05835,38.95598],[-77.05835,38.95599],[-77.05836,38.95599],[-77.05837,38.95601],[-77.05838,38.95602],[-77.05839,38.95602],[-77.05839,38.95603],[-77.05839,38.95604],[-77.0584,38.95604],[-77.05841,38.95606],[-77.05842,38.95608],[-77.05842,38.95609],[-77.05843,38.9561],[-77.05843,38.95612],[-77.05844,38.95612],[-77.05844,38.95614],[-77.05844,38.95615],[-77.05845,38.95616],[-77.05845,38.95618],[-77.05845,38.9562],[-77.05845,38.95621],[-77.05845,38.95622],[-77.05845,38.95623],[-77.05845,38.95624],[-77.05845,38.95625],[-77.05845,38.95626],[-77.05845,38.95627],[-77.05844,38.95628],[-77.05844,38.95629],[-77.05844,38.9563],[-77.05843,38.95631],[-77.05843,38.95633],[-77.05842,38.95635],[-77.05842,38.95636],[-77.05841,38.95638],[-77.0584,38.95639],[-77.0584,38.9564],[-77.05839,38.95642],[-77.05838,38.95643],[-77.05837,38.95645],[-77.05836,38.95647],[-77.05835,38.95648],[-77.05835,38.95649],[-77.05833,38.95651],[-77.05832,38.95652],[-77.05832,38.95653],[-77.05831,38.95654],[-77.0583,38.95655],[-77.0583,38.95656],[-77.05829,38.95657],[-77.05828,38.95658],[-77.05828,38.95659],[-77.05827,38.9566],[-77.05826,38.9566],[-77.05826,38.95661],[-77.05825,38.95661],[-77.05824,38.95662],[-77.05823,38.95664],[-77.05821,38.95665],[-77.0582,38.95666],[-77.05818,38.95668],[-77.05815,38.95669],[-77.05814,38.95669],[-77.05813,38.9567],[-77.0581,38.95671],[-77.05808,38.95672],[-77.05801,38.95673],[-77.05811,38.95681]]]},"properties":{"zone":"R-1A/FH","label":"R-1A/FH","desc":"Permits detached houses on large lots and protects quiet residential areas developed with detached dwellings"}},{"type":"Feature","geometry":{"type":"Polygon","coordinates":[[[-76.95752,38.8853],[-76.95752,38.8856],[-76.95752,38.88561],[-76.95768,38.88561],[-76.95979,38.88561],[-76.96052,38.88561],[-76.96055,38.88561],[-76.96055,38.8856],[-76.96058,38.88558],[-76.96078,38.88531],[-76.9609,38.88514],[-76.96111,38.88488],[-76.96115,38.88482],[-76.96115,38.88481],[-76.9613,38.88463],[-76.96162,38.88421],[-76.96174,38.88405],[-76.96178,38.88399],[-76.96183,38.88394],[-76.96198,38.88373],[-76.9621,38.88356],[-76.9623,38.88329],[-76.96234,38.88324],[-76.96238,38.88319],[-76.96255,38.88297],[-76.96264,38.88285],[-76.9626,38.88285],[-76.96259,38.88285],[-76.96258,38.88285],[-76.96261,38.8828],[-76.96266,38.88273],[-76.96279,38.88253],[-76.96288,38.88243],[-76.96261,38.88242],[-76.96257,38.88242],[-76.96145,38.88242],[-76.96024,38.88242],[-76.96024,38.8824],[-76.96024,38.882],[-76.95972,38.882],[-76.95957,38.882],[-76.95895,38.882],[-76.95867,38.882],[-76.95866,38.88201],[-76.95807,38.88284],[-76.9575,38.88364],[-76.95634,38.88364],[-76.95631,38.88364],[-76.95625,38.8837],[-76.95557,38.88438],[-76.95558,38.88439],[-76.95561,38.8844],[-76.95611,38.88458],[-76.95588,38.88491],[-76.95628,38.88505],[-76.95644,38.88511],[-76.95675,38.88468],[-76.95696,38.88439],[-76.95697,38.88439],[-76.95699,38.8844],[-76.957,38.88441],[-76.95701,38.88441],[-76.95703,38.88442],[-76.95704,38.88442],[-76.95705,38.88442],[-76.95707,38.88442],[-76.95708,38.88443],[-76.95709,38.88443],[-76.95711,38.88443],[-76.95752,38.88443],[-76.95803,38.88443],[-76.95803,38.88456],[-76.95803,38.88482],[-76.95801,38.88485],[-76.95799,38.88488],[-76.95776,38.88514],[-76.95769,38.88522],[-76.95752,38.88522],[-76.95752,38.8853]]]},"properties":{"zone":"R-3","label":"R-3","desc":"Allows for attached rowhouses on small lots and row dwellings mingled with detached, semi-detached, and groupings of three or more row dwellings"}},{"type":"Feature","geometry":{"type":"Polygon","coordinates":[[[-77.07641,38.96491],[-77.07642,38.96494],[-77.07644,38.96497],[-77.07644,38.96498],[-77.07645,38.96498],[-77.07648,38.96503],[-77.07648,38.96505],[-77.07654,38.96514],[-77.07659,38.96524],[-77.07662,38.9653],[-77.07668,38.96541],[-77.07671,38.96546],[-77.07673,38.96549],[-77.07673,38.9655],[-77.07674,38.96551],[-77.07675,38.96552],[-77.07676,38.96554],[-77.0768,38.96562],[-77.07681,38.96563],[-77.07684,38.96564],[-77.07685,38.96564],[-77.07686,38.96564],[-77.07693,38.96564],[-77.07698,38.96564],[-77.07703,38.96564],[-77.07715,38.96564],[-77.07715,38.96569],[-77.07715,38.9657],[-77.07715,38.96574],[-77.07715,38.96575],[-77.07715,38.96576],[-77.07715,38.96578],[-77.07715,38.96582],[-77.07715,38.9659],[-77.07715,38.96612],[-77.07715,38.96613],[-77.07715,38.96614],[-77.07716,38.96615],[-77.07716,38.96616],[-77.07716,38.96617],[-77.07717,38.96618],[-77.07718,38.9662],[-77.07719,38.96621],[-77.0772,38.96622],[-77.07721,38.96622],[-77.07721,38.96623],[-77.07723,38.96624],[-77.07714,38.96626],[-77.07737,38.96666],[-77.07737,38.9667],[-77.07733,38.96684],[-77.07733,38.96685],[-77.07729,38.96704],[-77.07725,38.96723],[-77.07728,38.96724],[-77.07731,38.96724],[-77.07734,38.96725],[-77.07736,38.96726],[-77.07739,38.96728],[-77.07743,38.9673],[-77.07745,38.96731],[-77.07746,38.96732],[-77.07747,38.96733],[-77.07751,38.96735],[-77.07753,38.96737],[-77.07754,38.96738],[-77.07755,38.96739],[-77.07839,38.96674],[-77.07842,38.96671],[-77.07936,38.96598],[-77.08051,38.96508],[-77.08158,38.96424],[-77.0823,38.96368],[-77.08273,38.96334],[-77.0826,38.96324],[-77.08252,38.96318],[-77.08245,38.96313],[-77.08245,38.96312],[-77.08244,38.96312],[-77.08243,38.96312],[-77.08242,38.96311],[-77.08241,38.96311],[-77.0824,38.96311],[-77.08239,38.9631],[-77.08238,38.9631],[-77.08236,38.9631],[-77.08235,38.9631],[-77.08231,38.9631],[-77.08214,38.9631],[-77.08211,38.9631],[-77.08202,38.9631],[-77.08202,38.96302],[-77.08202,38.96275],[-77.08202,38.9625],[-77.08202,38.96226],[-77.08202,38.96219],[-77.08213,38.96219],[-77.08229,38.96219],[-77.08251,38.96235],[-77.08255,38.96233],[-77.08257,38.96234],[-77.0826,38.96232],[-77.08264,38.96235],[-77.08257,38.9624],[-77.08273,38.96253],[-77.0827,38.96255],[-77.08267,38.96258],[-77.08289,38.96275],[-77.08387,38.96197],[-77.08388,38.96196],[-77.08391,38.96198],[-77.08406,38.9621],[-77.08419,38.9622],[-77.08443,38.96202],[-77.08445,38.962],[-77.08439,38.96197],[-77.0843,38.96192],[-77.08429,38.96192],[-77.08422,38.96188],[-77.08414,38.96182],[-77.08413,38.96181],[-77.08406,38.96175],[-77.084,38.96169],[-77.08394,38.96161],[-77.08389,38.96154],[-77.08385,38.96146],[-77.08382,38.96138],[-77.08379,38.9613],[-77.08378,38.96122],[-77.08378,38.96116],[-77.08378,38.96103],[-77.08376,38.96103],[-77.08377,38.95904],[-77.08377,38.95804],[-77.08368,38.95804],[-77.08357,38.95804],[-77.08354,38.95797],[-77.08344,38.95777],[-77.08339,38.95768],[-77.08332,38.95754],[-77.0833,38.95754],[-77.08329,38.95754],[-77.08328,38.95754],[-77.08325,38.95754],[-77.08321,38.95754],[-77.0832,38.95754],[-77.08316,38.95754],[-77.08315,38.95754],[-77.08314,38.95752],[-77.08298,38.9572],[-77.08295,38.95714],[-77.08294,38.95712],[-77.08289,38.95703],[-77.08285,38.95695],[-77.08266,38.95657],[-77.0825,38.95627],[-77.08241,38.95608],[-77.08235,38.95596],[-77.08212,38.95596],[-77.08203,38.95596],[-77.08203,38.95589],[-77.08203,38.95588],[-77.08203,38.95554],[-77.08203,38.95526],[-77.08203,38.95517],[-77.08203,38.9548],[-77.08203,38.95479],[-77.08203,38.95471],[-77.08203,38.95462],[-77.08203,38.95446],[-77.08203,38.95423],[-77.08203,38.95416],[-77.08203,38.95395],[-77.08203,38.95394],[-77.08203,38.95387],[-77.08156,38.95387],[-77.08156,38.95382],[-77.08156,38.95381],[-77.08156,38.9538],[-77.08156,38.95379],[-77.08156,38.95377],[-77.08156,38.95374],[-77.08156,38.95371],[-77.08156,38.95365],[-77.08156,38.95355],[-77.08156,38.95349],[-77.08156,38.95347],[-77.08156,38.95344],[-77.08156,38.95342],[-77.08156,38.9534],[-77.08156,38.95335],[-77.08156,38.95334],[-77.08156,38.95333],[-77.08156,38.95332],[-77.08155,38.95332],[-77.08128,38.95332],[-77.08119,38.95313],[-77.08117,38.95309],[-77.08115,38.95305],[-77.08114,38.95303],[-77.08112,38.95299],[-77.08111,38.95297],[-77.0811,38.95295],[-77.08108,38.95291],[-77.08107,38.9529],[-77.08103,38.95281],[-77.08102,38.95281],[-77.08102,38.9528],[-77.08099,38.95274],[-77.08098,38.95272],[-77.08096,38.95267],[-77.08095,38.95266],[-77.08094,38.95264],[-77.08093,38.95262],[-77.08093,38.95261],[-77.08092,38.95261],[-77.08092,38.9526],[-77.08091,38.95258],[-77.08089,38.95255],[-77.08088,38.95252],[-77.08087,38.9525],[-77.08086,38.95249],[-77.08085,38.95246],[-77.08084,38.95245],[-77.08084,38.95244],[-77.08082,38.95241],[-77.08081,38.9524],[-77.08081,38.95238],[-77.08079,38.95234],[-77.08078,38.95233],[-77.08077,38.95231],[-77.08076,38.95229],[-77.08075,38.95228],[-77.08075,38.95227],[-77.08074,38.95226],[-77.08067,38.95211],[-77.08041,38.95211],[-77.08031,38.95211],[-77.08022,38.95211],[-77.07996,38.95211],[-77.07995,38.95211],[-77.07994,38.95211],[-77.07984,38.95211],[-77.07983,38.95213],[-77.07982,38.95216],[-77.07982,38.95218],[-77.07982,38.95219],[-77.07982,38.9522],[-77.07981,38.95223],[-77.0798,38.95227],[-77.0798,38.9523],[-77.07979,38.95234],[-77.07979,38.95237],[-77.07978,38.95239],[-77.07978,38.95242],[-77.07977,38.95245],[-77.07977,38.95247],[-77.07976,38.9525],[-77.07975,38.95253],[-77.07975,38.95255],[-77.07974,38.95258],[-77.07974,38.95259],[-77.07973,38.95261],[-77.07973,38.95263],[-77.07972,38.95265],[-77.07972,38.95266],[-77.07972,38.95267],[-77.0797,38.95275],[-77.07968,38.95283],[-77.07967,38.95285],[-77.07964,38.95301],[-77.0796,38.95317],[-77.07958,38.95324],[-77.07957,38.95331],[-77.07958,38.95331],[-77.07958,38.95332],[-77.07959,38.95332],[-77.0796,38.95332],[-77.07961,38.95332],[-77.07962,38.95332],[-77.07963,38.95332],[-77.07964,38.95332],[-77.07965,38.95332],[-77.07966,38.95332],[-77.07967,38.95332],[-77.07981,38.95332],[-77.07994,38.95332],[-77.07996,38.95332],[-77.07998,38.95332],[-77.08002,38.95332],[-77.08008,38.95332],[-77.08021,38.95332],[-77.08022,38.95332],[-77.08023,38.95332],[-77.08024,38.95332],[-77.08025,38.95332],[-77.08026,38.95332],[-77.08027,38.95332],[-77.08028,38.95332],[-77.08029,38.95332],[-77.0803,38.95332],[-77.08031,38.95332],[-77.08031,38.9534],[-77.08031,38.95354],[-77.08031,38.95378],[-77.08031,38.95381],[-77.08031,38.95387],[-77.08031,38.95394],[-77.08031,38.954],[-77.08031,38.95423],[-77.08031,38.95424],[-77.08031,38.95447],[-77.08031,38.9546],[-77.08031,38.95463],[-77.08031,38.95471],[-77.08031,38.95478],[-77.08031,38.95482],[-77.08031,38.95483],[-77.08031,38.95516],[-77.08031,38.95517],[-77.08031,38.95518],[-77.08031,38.95553],[-77.08031,38.95554],[-77.0803,38.95583],[-77.0803,38.95585],[-77.0803,38.95586],[-77.0803,38.95589],[-77.0803,38.95596],[-77.0803,38.95604],[-77.0803,38.95605],[-77.0803,38.95606],[-77.0803,38.95694],[-77.0803,38.95695],[-77.0803,38.95703],[-77.0803,38.95711],[-77.0803,38.95712],[-77.0803,38.95713],[-77.0803,38.95715],[-77.0803,38.95754],[-77.0803,38.95762],[-77.0803,38.9577],[-77.0803,38.95776],[-77.0803,38.95797],[-77.0803,38.95804],[-77.0803,38.95809],[-77.0803,38.95831],[-77.0803,38.95837],[-77.0803,38.95853],[-77.0803,38.95864],[-77.0803,38.95889],[-77.0803,38.95897],[-77.0803,38.95903],[-77.0803,38.95911],[-77.0803,38.95912],[-77.0803,38.95913],[-77.0803,38.95945],[-77.0803,38.9598],[-77.0803,38.96013],[-77.0803,38.96049],[-77.0803,38.96055],[-77.0803,38.96079],[-77.0803,38.96095],[-77.08031,38.96103],[-77.0803,38.96103],[-77.08009,38.96103],[-77.07998,38.96103],[-77.07982,38.96103],[-77.07966,38.96103],[-77.07914,38.96103],[-77.0786,38.96103],[-77.07803,38.96103],[-77.07802,38.96103],[-77.07777,38.96103],[-77.07726,38.96103],[-77.07724,38.96103],[-77.07719,38.96103],[-77.07714,38.96103],[-77.0771,38.96103],[-77.07706,38.96103],[-77.07704,38.96103],[-77.07703,38.96103],[-77.07702,38.96103],[-77.077,38.96103],[-77.07684,38.96103],[-77.07682,38.96103],[-77.07681,38.96103],[-77.0768,38.96103],[-77.07678,38.96103],[-77.07675,38.96103],[-77.07672,38.96103],[-77.07667,38.96103],[-77.07652,38.96103],[-77.07632,38.96103],[-77.07622,38.96103],[-77.07615,38.96103],[-77.0761,38.96103],[-77.07584,38.96103],[-77.07581,38.96103],[-77.07572,38.96103],[-77.0754,38.96103],[-77.07537,38.96103],[-77.07505,38.96103],[-77.07502,38.96103],[-77.075,38.96103],[-77.07497,38.96103],[-77.07492,38.96103],[-77.07488,38.96103],[-77.0747,38.96102],[-77.07469,38.96102],[-77.07468,38.96102],[-77.07465,38.96102],[-77.0746,38.96102],[-77.0745,38.96102],[-77.07436,38.96102],[-77.07425,38.96103],[-77.07425,38.96108],[-77.07425,38.96115],[-77.07425,38.96119],[-77.07425,38.9612],[-77.07425,38.96126],[-77.07425,38.96133],[-77.07432,38.96133],[-77.07433,38.96135],[-77.07434,38.96137],[-77.07436,38.9614],[-77.07438,38.96143],[-77.07443,38.96152],[-77.07446,38.96156],[-77.07446,38.96157],[-77.07447,38.96158],[-77.07448,38.96161],[-77.07455,38.96173],[-77.07456,38.96173],[-77.07456,38.96174],[-77.07464,38.96188],[-77.07467,38.96188],[-77.07467,38.96195],[-77.07467,38.96202],[-77.07467,38.96203],[-77.07467,38.96204],[-77.07467,38.96205],[-77.07467,38.96206],[-77.07467,38.96207],[-77.07467,38.96208],[-77.07473,38.96208],[-77.07478,38.96216],[-77.07478,38.96217],[-77.0748,38.9622],[-77.07482,38.96222],[-77.07484,38.96226],[-77.07485,38.96228],[-77.07486,38.9623],[-77.07492,38.9624],[-77.07492,38.96241],[-77.07495,38.96245],[-77.07496,38.96247],[-77.07497,38.96249],[-77.07499,38.96251],[-77.075,38.96253],[-77.07501,38.96255],[-77.07503,38.96258],[-77.07504,38.96258],[-77.07504,38.96259],[-77.07504,38.96261],[-77.07504,38.96262],[-77.07504,38.96269],[-77.07504,38.9627],[-77.07504,38.96284],[-77.07504,38.96295],[-77.07504,38.96302],[-77.07504,38.96309],[-77.07504,38.9631],[-77.07507,38.9631],[-77.07512,38.9631],[-77.07518,38.9631],[-77.07524,38.9631],[-77.0753,38.9631],[-77.07534,38.9631],[-77.07561,38.96357],[-77.07563,38.96357],[-77.07614,38.96357],[-77.07623,38.96357],[-77.07623,38.96359],[-77.07623,38.96389],[-77.07623,38.96393],[-77.07623,38.96401],[-77.07616,38.96401],[-77.07608,38.96401],[-77.0759,38.96401],[-77.07587,38.96401],[-77.07591,38.96407],[-77.07592,38.96408],[-77.07592,38.96409],[-77.07593,38.9641],[-77.07594,38.96413],[-77.07596,38.96416],[-77.07598,38.96419],[-77.07598,38.9642],[-77.076,38.96423],[-77.07601,38.96424],[-77.07602,38.96426],[-77.07602,38.96427],[-77.07603,38.96428],[-77.07605,38.96431],[-77.07607,38.96434],[-77.07608,38.96436],[-77.07609,38.96438],[-77.0761,38.9644],[-77.07611,38.9644],[-77.07618,38.9644],[-77.07649,38.9644],[-77.07652,38.9644],[-77.07652,38.96442],[-77.07652,38.96483],[-77.07652,38.96491],[-77.07641,38.96491]]]},"properties":{"zone":"R-2","label":"R-2","desc":"Provide areas predominantly developed with semi-detached houses on moderately-sized lots that also contain some detached dwellings"}},{"type":"Feature","geometry":{"type":"Polygon","coordinates":[[[-76.93476,38.90879],[-76.93452,38.90898],[-76.93422,38.90921],[-76.93383,38.9095],[-76.93377,38.90954],[-76.93371,38.90959],[-76.93364,38.90963],[-76.93358,38.90967],[-76.93354,38.9097],[-76.93352,38.90972],[-76.93349,38.90974],[-76.93346,38.90976],[-76.93345,38.90977],[-76.93339,38.9098],[-76.93333,38.90985],[-76.93327,38.90989],[-76.9332,38.90993],[-76.93316,38.90996],[-76.9331,38.91],[-76.93305,38.91003],[-76.93299,38.91007],[-76.93294,38.9101],[-76.93288,38.91014],[-76.93282,38.91018],[-76.93277,38.91021],[-76.93271,38.91025],[-76.93266,38.91028],[-76.9326,38.91031],[-76.93254,38.91035],[-76.93248,38.91039],[-76.93242,38.91043],[-76.93236,38.91046],[-76.93231,38.91049],[-76.93226,38.91052],[-76.93225,38.91053],[-76.93224,38.91053],[-76.93223,38.91053],[-76.93222,38.91054],[-76.93221,38.91055],[-76.9322,38.91055],[-76.93219,38.91056],[-76.93218,38.91056],[-76.93217,38.91057],[-76.93216,38.91058],[-76.93215,38.91058],[-76.9321,38.91061],[-76.93206,38.91063],[-76.93201,38.91066],[-76.93197,38.91068],[-76.93195,38.9107],[-76.93188,38.91073],[-76.9326,38.9113],[-76.93344,38.91196],[-76.93345,38.91196],[-76.93347,38.91197],[-76.93349,38.91195],[-76.9335,38.91194],[-76.93352,38.91192],[-76.93354,38.9119],[-76.93355,38.91189],[-76.93359,38.91184],[-76.93363,38.91179],[-76.93364,38.91178],[-76.93369,38.91173],[-76.93374,38.91167],[-76.93382,38.91159],[-76.93391,38.91148],[-76.93395,38.91143],[-76.93387,38.91138],[-76.93382,38.91134],[-76.93375,38.91128],[-76.93389,38.91117],[-76.93398,38.9111],[-76.93402,38.91107],[-76.93403,38.91106],[-76.93408,38.91103],[-76.93409,38.91102],[-76.9341,38.91101],[-76.93411,38.911],[-76.93412,38.91099],[-76.93414,38.91098],[-76.93416,38.91096],[-76.93417,38.91096],[-76.93418,38.91095],[-76.93419,38.91094],[-76.9342,38.91094],[-76.93421,38.91093],[-76.9343,38.91085],[-76.93434,38.91082],[-76.93435,38.91082],[-76.93436,38.91081],[-76.93446,38.91074],[-76.93457,38.91065],[-76.93475,38.91051],[-76.93481,38.91046],[-76.93479,38.91044],[-76.93473,38.91039],[-76.93471,38.91038],[-76.93489,38.91021],[-76.93498,38.91013],[-76.93516,38.90996],[-76.93535,38.90979],[-76.93557,38.90959],[-76.93568,38.90948],[-76.93571,38.90946],[-76.93574,38.90944],[-76.93585,38.90934],[-76.93555,38.90911],[-76.93548,38.90905],[-76.93542,38.909],[-76.93535,38.90894],[-76.93532,38.90892],[-76.93529,38.9089],[-76.93526,38.90888],[-76.93523,38.90886],[-76.9352,38.90884],[-76.93518,38.90881],[-76.93515,38.90879],[-76.93512,38.90877],[-76.9351,38.90875],[-76.93507,38.90872],[-76.93496,38.90863],[-76.93476,38.90879]]]},"properties":{"zone":"R-2","label":"R-2","desc":"Provide areas predominantly developed with semi-detached houses on moderately-sized lots that also contain some detached dwellings"}},{"type":"Feature","geometry":{"type":"Polygon","coordinates":[[[-77.10648,38.93575],[-77.10698,38.93575],[-77.10731,38.93575],[-77.10735,38.93575],[-77.10741,38.93575],[-77.10756,38.93575],[-77.10814,38.93575],[-77.10825,38.93575],[-77.10905,38.93575],[-77.10972,38.93575],[-77.11018,38.93575],[-77.11044,38.93575],[-77.11112,38.93575],[-77.11133,38.93575],[-77.11136,38.93574],[-77.11151,38.93571],[-77.11157,38.9357],[-77.11159,38.9357],[-77.11169,38.93569],[-77.11306,38.93569],[-77.11317,38.93569],[-77.11435,38.93569],[-77.1143,38.93561],[-77.11425,38.93553],[-77.11425,38.93551],[-77.11399,38.93499],[-77.11398,38.93498],[-77.11397,38.93496],[-77.11396,38.93494],[-77.11395,38.93493],[-77.11394,38.93491],[-77.11393,38.9349],[-77.11392,38.93488],[-77.1139,38.93487],[-77.11389,38.93485],[-77.11388,38.93484],[-77.11384,38.9348],[-77.11368,38.93463],[-77.11308,38.934],[-77.11303,38.93394],[-77.11296,38.93387],[-77.1128,38.9337],[-77.11275,38.93365],[-77.11267,38.93357],[-77.11261,38.93351],[-77.11237,38.93326],[-77.11236,38.93324],[-77.11234,38.93322],[-77.11232,38.9332],[-77.11231,38.93318],[-77.11229,38.93316],[-77.11228,38.93314],[-77.11226,38.93312],[-77.11225,38.9331],[-77.11223,38.93308],[-77.11222,38.93306],[-77.11219,38.93301],[-77.11215,38.93294],[-77.11212,38.93288],[-77.11208,38.93281],[-77.11205,38.93274],[-77.11202,38.93267],[-77.11199,38.9326],[-77.11198,38.93258],[-77.11197,38.93257],[-77.11196,38.93254],[-77.11193,38.93247],[-77.1119,38.9324],[-77.11188,38.93233],[-77.11187,38.9323],[-77.11175,38.93197],[-77.11156,38.93148],[-77.11155,38.93144],[-77.11154,38.9314],[-77.11152,38.93136],[-77.11151,38.93133],[-77.11149,38.93129],[-77.11148,38.93125],[-77.11146,38.93122],[-77.11144,38.93118],[-77.11143,38.93116],[-77.11142,38.93114],[-77.1114,38.93111],[-77.1114,38.93109],[-77.11134,38.93099],[-77.11108,38.93056],[-77.11071,38.92998],[-77.1107,38.92998],[-77.11066,38.92991],[-77.11062,38.92984],[-77.11049,38.92964],[-77.11032,38.92936],[-77.11007,38.92896],[-77.10987,38.92863],[-77.10971,38.92836],[-77.10968,38.92831],[-77.10965,38.92826],[-77.10952,38.92803],[-77.10934,38.92772],[-77.10917,38.92745],[-77.10904,38.92724],[-77.10891,38.92705],[-77.1089,38.92704],[-77.10889,38.92702],[-77.10888,38.92701],[-77.10887,38.927],[-77.10886,38.92699],[-77.10885,38.92698],[-77.10884,38.92697],[-77.10883,38.92696],[-77.10882,38.92695],[-77.10881,38.92694],[-77.10875,38.92688],[-77.10862,38.92677],[-77.10836,38.92655],[-77.10805,38.92629],[-77.10778,38.92607],[-77.10759,38.9259],[-77.10757,38.92588],[-77.10756,38.92588],[-77.10755,38.92587],[-77.10754,38.92587],[-77.10754,38.92586],[-77.10747,38.9258],[-77.1068,38.92529],[-77.1068,38.92527],[-77.10681,38.92526],[-77.10681,38.92525],[-77.10681,38.92523],[-77.10682,38.92522],[-77.10682,38.92521],[-77.10683,38.9252],[-77.10684,38.92518],[-77.10685,38.92517],[-77.10685,38.92516],[-77.10693,38.92506],[-77.10702,38.92494],[-77.10704,38.92491],[-77.10713,38.92481],[-77.10731,38.92464],[-77.10735,38.92461],[-77.1073,38.92457],[-77.10723,38.92452],[-77.10678,38.92421],[-77.10574,38.92345],[-77.10499,38.92291],[-77.10485,38.92282],[-77.10444,38.92251],[-77.10392,38.92211],[-77.10346,38.92175],[-77.10324,38.92155],[-77.10269,38.92097],[-77.10194,38.92003],[-77.10191,38.92],[-77.10176,38.9198],[-77.10158,38.91955],[-77.10127,38.91911],[-77.1011,38.91884],[-77.10067,38.91819],[-77.10065,38.91813],[-77.10063,38.91809],[-77.10017,38.91743],[-77.09992,38.91698],[-77.09981,38.91672],[-77.09978,38.91665],[-77.09977,38.91664],[-77.09974,38.91658],[-77.09966,38.91649],[-77.09956,38.91635],[-77.09946,38.91624],[-77.09922,38.91589],[-77.09849,38.91472],[-77.0983,38.91443],[-77.09788,38.91377],[-77.09772,38.91353],[-77.0974,38.91306],[-77.09732,38.91294],[-77.09718,38.91273],[-77.09709,38.91263],[-77.09688,38.91238],[-77.09668,38.91215],[-77.09629,38.91175],[-77.09615,38.91161],[-77.09579,38.91124],[-77.0956,38.91105],[-77.09532,38.91082],[-77.09496,38.91054],[-77.09347,38.90938],[-77.09306,38.90911],[-77.09198,38.90844],[-77.0917,38.9083],[-77.09146,38.9082],[-77.09113,38.90807],[-77.09087,38.90794],[-77.09054,38.90777],[-77.09008,38.9076],[-77.08977,38.90748],[-77.08942,38.90737],[-77.08903,38.90725],[-77.08847,38.90707],[-77.08724,38.90672],[-77.08699,38.90664],[-77.08668,38.90653],[-77.08618,38.90637],[-77.08562,38.90619],[-77.08472,38.90589],[-77.08396,38.90562],[-77.08317,38.90534],[-77.08274,38.90519],[-77.08243,38.90513],[-77.08223,38.90509],[-77.08195,38.90508],[-77.08166,38.90507],[-77.08128,38.90512],[-77.08033,38.90537],[-77.07946,38.90562],[-77.07896,38.90574],[-77.0787,38.90578],[-77.07855,38.90578],[-77.07844,38.90579],[-77.07839,38.90579],[-77.07818,38.90579],[-77.07795,38.90579],[-77.07852,38.90587],[-77.07917,38.90596],[-77.07943,38.90595],[-77.07953,38.90595],[-77.07961,38.90595],[-77.0798,38.90596],[-77.07981,38.90596],[-77.07986,38.90597],[-77.07992,38.90597],[-77.08005,38.906],[-77.08009,38.90601],[-77.08016,38.90602],[-77.08017,38.90603],[-77.08018,38.90603],[-77.08019,38.90603],[-77.0802,38.90604],[-77.08022,38.90605],[-77.08023,38.90605],[-77.08027,38.90606],[-77.08031,38.90608],[-77.08034,38.9061],[-77.08038,38.90612],[-77.08042,38.90614],[-77.08045,38.90616],[-77.08048,38.90618],[-77.08052,38.90621],[-77.08058,38.90625],[-77.08063,38.90631],[-77.08072,38.9064],[-77.08079,38.90648],[-77.08082,38.90651],[-77.08084,38.90654],[-77.08086,38.90657],[-77.08087,38.90659],[-77.08114,38.90656],[-77.08186,38.90646],[-77.08189,38.90656],[-77.0819,38.9066],[-77.0821,38.90656],[-77.08217,38.90654],[-77.08224,38.90653],[-77.08225,38.90653],[-77.08227,38.90652],[-77.08226,38.90651],[-77.08228,38.90651],[-77.08229,38.90651],[-77.08236,38.90649],[-77.08242,38.90648],[-77.08249,38.90647],[-77.08255,38.90645],[-77.08261,38.90644],[-77.08272,38.90641],[-77.08284,38.90639],[-77.08285,38.90643],[-77.08287,38.90648],[-77.08289,38.90652],[-77.0829,38.90657],[-77.08292,38.90661],[-77.0829,38.90661],[-77.08291,38.90664],[-77.08293,38.90663],[-77.08294,38.90666],[-77.08296,38.90671],[-77.08298,38.90678],[-77.08299,38.90681],[-77.08274,38.90686],[-77.08277,38.90688],[-77.08301,38.90699],[-77.08313,38.90704],[-77.08334,38.90675],[-77.08378,38.9066],[-77.0838,38.90659],[-77.08391,38.90675],[-77.08396,38.90681],[-77.08416,38.9071],[-77.08429,38.90728],[-77.08443,38.90748],[-77.08431,38.90752],[-77.08431,38.90753],[-77.08444,38.90759],[-77.0845,38.90761],[-77.08456,38.90764],[-77.08461,38.90766],[-77.08488,38.90778],[-77.08512,38.90789],[-77.08522,38.90793],[-77.08535,38.90799],[-77.08548,38.90805],[-77.08559,38.9081],[-77.08573,38.90815],[-77.08587,38.90819],[-77.08584,38.90824],[-77.0863,38.9084],[-77.08641,38.90844],[-77.08642,38.90845],[-77.08644,38.90845],[-77.08645,38.90842],[-77.08648,38.90838],[-77.08719,38.90862],[-77.08728,38.90865],[-77.08735,38.90868],[-77.08734,38.90869],[-77.08734,38.9087],[-77.08733,38.9087],[-77.08742,38.90873],[-77.08754,38.90877],[-77.08767,38.90881],[-77.08777,38.90885],[-77.08783,38.90887],[-77.08785,38.90889],[-77.08788,38.9089],[-77.08792,38.90892],[-77.08801,38.90897],[-77.08805,38.90893],[-77.08825,38.90903],[-77.08826,38.90903],[-77.08847,38.90913],[-77.08868,38.90924],[-77.0887,38.90925],[-77.08874,38.90928],[-77.08879,38.90932],[-77.0889,38.90939],[-77.08894,38.90941],[-77.08896,38.90942],[-77.08898,38.90943],[-77.08892,38.90949],[-77.08892,38.9095],[-77.08894,38.90951],[-77.08896,38.90952],[-77.08921,38.90969],[-77.08929,38.90974],[-77.08914,38.90988],[-77.08906,38.90995],[-77.08903,38.90998],[-77.08899,38.91001],[-77.08896,38.91004],[-77.08894,38.91006],[-77.08892,38.91008],[-77.08891,38.91009],[-77.0889,38.91009],[-77.08889,38.9101],[-77.08881,38.91017],[-77.08882,38.91018],[-77.08883,38.91019],[-77.08883,38.9102],[-77.08884,38.9102],[-77.08884,38.91021],[-77.08885,38.91021],[-77.08885,38.91022],[-77.08886,38.91023],[-77.08889,38.91027],[-77.08892,38.91032],[-77.08895,38.91037],[-77.08899,38.91043],[-77.08902,38.91048],[-77.08904,38.91054],[-77.08907,38.91059],[-77.08908,38.91062],[-77.08909,38.91065],[-77.0891,38.91067],[-77.08912,38.9107],[-77.08913,38.91072],[-77.08914,38.91075],[-77.08904,38.91082],[-77.08869,38.91106],[-77.08866,38.91099],[-77.08865,38.91097],[-77.08862,38.91091],[-77.08861,38.9109],[-77.08861,38.91089],[-77.0886,38.91087],[-77.08859,38.91085],[-77.08853,38.91075],[-77.08851,38.91072],[-77.08847,38.91067],[-77.08844,38.91063],[-77.08841,38.91059],[-77.08837,38.91055],[-77.08833,38.9105],[-77.08831,38.91049],[-77.08829,38.91047],[-77.08825,38.91044],[-77.08822,38.91039],[-77.08818,38.91035],[-77.08815,38.91032],[-77.08811,38.91028],[-77.08808,38.91026],[-77.08807,38.91025],[-77.08807,38.91024],[-77.08805,38.91023],[-77.08804,38.91022],[-77.08803,38.91021],[-77.08801,38.9102],[-77.08798,38.91018],[-77.08796,38.91017],[-77.08795,38.91016],[-77.08794,38.91016],[-77.08786,38.91011],[-77.08785,38.9101],[-77.08783,38.91008],[-77.08779,38.91005],[-77.08771,38.91002],[-77.08741,38.90987],[-77.08731,38.90981],[-77.08733,38.90978],[-77.08619,38.90937],[-77.0859,38.90928],[-77.08589,38.90928],[-77.08588,38.90928],[-77.08588,38.90927],[-77.08587,38.90927],[-77.08586,38.90927],[-77.08585,38.90926],[-77.08584,38.90926],[-77.08583,38.90926],[-77.08582,38.90925],[-77.08574,38.90923],[-77.08561,38.90918],[-77.0855,38.90914],[-77.08548,38.90914],[-77.08546,38.90913],[-77.08545,38.90913],[-77.08544,38.90912],[-77.08543,38.90912],[-77.08542,38.90912],[-77.08538,38.9091],[-77.08532,38.90908],[-77.08529,38.90907],[-77.08526,38.90906],[-77.08525,38.90905],[-77.08524,38.90905],[-77.08523,38.90905],[-77.08522,38.90905],[-77.08522,38.90904],[-77.08521,38.90904],[-77.0852,38.90904],[-77.08519,38.90903],[-77.08516,38.90902],[-77.08514,38.90902],[-77.08513,38.90901],[-77.08512,38.90901],[-77.08511,38.90901],[-77.0851,38.909],[-77.08509,38.909],[-77.08508,38.909],[-77.08507,38.90899],[-77.08506,38.90899],[-77.08505,38.90899],[-77.08504,38.90898],[-77.08503,38.90898],[-77.08502,38.90898],[-77.08499,38.90896],[-77.08496,38.90895],[-77.08492,38.90894],[-77.08488,38.90892],[-77.08486,38.90891],[-77.08484,38.9089],[-77.08482,38.90889],[-77.08481,38.90889],[-77.08479,38.90888],[-77.08477,38.90887],[-77.08475,38.90886],[-77.08473,38.90886],[-77.08472,38.90885],[-77.08469,38.90884],[-77.08466,38.90883],[-77.08465,38.90883],[-77.08464,38.90882],[-77.08463,38.90882],[-77.08463,38.90881],[-77.08462,38.90881],[-77.08458,38.9088],[-77.08456,38.90879],[-77.08451,38.90886],[-77.08442,38.90899],[-77.08382,38.90869],[-77.08364,38.90861],[-77.08351,38.90855],[-77.08325,38.90843],[-77.08322,38.90834],[-77.08319,38.90827],[-77.08301,38.90814],[-77.08291,38.90807],[-77.08284,38.90802],[-77.08283,38.90802],[-77.0828,38.90799],[-77.08276,38.90797],[-77.08272,38.90794],[-77.08268,38.90791],[-77.08265,38.90789],[-77.08264,38.90788],[-77.08263,38.90788],[-77.08258,38.90784],[-77.08254,38.90781],[-77.08253,38.90781],[-77.08248,38.90777],[-77.08245,38.90775],[-77.08238,38.9077],[-77.08231,38.90765],[-77.0823,38.90764],[-77.08229,38.90764],[-77.08221,38.90758],[-77.08218,38.90754],[-77.08218,38.90753],[-77.08217,38.90752],[-77.08214,38.90753],[-77.08212,38.90752],[-77.08206,38.90749],[-77.08201,38.90746],[-77.082,38.90746],[-77.08198,38.90745],[-77.08195,38.90742],[-77.0819,38.90737],[-77.08189,38.90737],[-77.08181,38.90742],[-77.08177,38.90744],[-77.08173,38.90746],[-77.08159,38.90753],[-77.08153,38.90744],[-77.08133,38.90717],[-77.0813,38.90714],[-77.08126,38.90709],[-77.08121,38.90703],[-77.08116,38.90695],[-77.0811,38.90688],[-77.08109,38.90687],[-77.08103,38.90679],[-77.08098,38.90672],[-77.08096,38.90669],[-77.08087,38.90659],[-77.08078,38.90667],[-77.08023,38.9069],[-77.08021,38.9069],[-77.08018,38.907],[-77.08014,38.90711],[-77.08011,38.90721],[-77.08007,38.90732],[-77.08007,38.90733],[-77.08006,38.90734],[-77.08003,38.90742],[-77.08001,38.90749],[-77.07999,38.90756],[-77.07997,38.9076],[-77.07996,38.90762],[-77.07995,38.90766],[-77.07994,38.90769],[-77.07993,38.90773],[-77.0799,38.9078],[-77.0799,38.90782],[-77.07988,38.90786],[-77.07987,38.90789],[-77.07986,38.90793],[-77.07985,38.90795],[-77.07984,38.90799],[-77.07983,38.90802],[-77.07982,38.90805],[-77.07981,38.90806],[-77.07979,38.90813],[-77.07977,38.90819],[-77.07976,38.9082],[-77.07976,38.90821],[-77.07975,38.90825],[-77.07973,38.90828],[-77.07966,38.9085],[-77.07964,38.90855],[-77.07963,38.90859],[-77.0796,38.90866],[-77.07966,38.90866],[-77.07969,38.90866],[-77.0797,38.90866],[-77.07971,38.90866],[-77.08011,38.90866],[-77.08022,38.90866],[-77.08029,38.90866],[-77.08031,38.90866],[-77.08032,38.90866],[-77.08071,38.90866],[-77.08084,38.90866],[-77.08106,38.90866],[-77.08154,38.90866],[-77.08189,38.90866],[-77.0819,38.90866],[-77.08208,38.90866],[-77.08214,38.90866],[-77.0822,38.90866],[-77.08226,38.90866],[-77.08227,38.90866],[-77.08228,38.90866],[-77.08229,38.90866],[-77.0823,38.90866],[-77.08232,38.90866],[-77.08233,38.90866],[-77.08235,38.90866],[-77.08236,38.90865],[-77.08237,38.90865],[-77.08238,38.90865],[-77.08239,38.90864],[-77.0824,38.90864],[-77.08245,38.90871],[-77.08246,38.90871],[-77.08252,38.90879],[-77.08258,38.90888],[-77.08264,38.90896],[-77.0827,38.90904],[-77.08277,38.90913],[-77.08283,38.90921],[-77.08289,38.9093],[-77.08295,38.90938],[-77.08307,38.90954],[-77.08313,38.90963],[-77.08319,38.90971],[-77.08324,38.90978],[-77.08347,38.91009],[-77.08348,38.9101],[-77.08348,38.91011],[-77.08353,38.91017],[-77.08375,38.91047],[-77.08383,38.91058],[-77.08389,38.91066],[-77.08396,38.91076],[-77.08401,38.91083],[-77.0841,38.91095],[-77.08416,38.91102],[-77.08425,38.91115],[-77.08438,38.91132],[-77.08443,38.91139],[-77.08446,38.91143],[-77.08449,38.91147],[-77.08456,38.91157],[-77.08457,38.91159],[-77.08463,38.91166],[-77.08465,38.91169],[-77.08468,38.91173],[-77.08471,38.91177],[-77.0849,38.91203],[-77.08495,38.91209],[-77.08497,38.91212],[-77.08498,38.91215],[-77.085,38.91223],[-77.08502,38.91229],[-77.08505,38.91243],[-77.08491,38.9124],[-77.08482,38.91238],[-77.08478,38.91238],[-77.08476,38.91237],[-77.08475,38.91237],[-77.08473,38.91237],[-77.08472,38.91237],[-77.08471,38.91237],[-77.0847,38.91237],[-77.08469,38.91237],[-77.08467,38.91237],[-77.08465,38.91238],[-77.08462,38.91238],[-77.08461,38.91238],[-77.0846,38.91238],[-77.08453,38.91239],[-77.08452,38.91239],[-77.08436,38.91241],[-77.08433,38.91242],[-77.08412,38.91245],[-77.084,38.91247],[-77.08389,38.91249],[-77.08377,38.91252],[-77.08366,38.91254],[-77.08354,38.91256],[-77.08343,38.91258],[-77.08331,38.9126],[-77.0832,38.91262],[-77.08308,38.91264],[-77.08306,38.91265],[-77.08305,38.91265],[-77.08303,38.91265],[-77.08301,38.91266],[-77.08298,38.91266],[-77.08297,38.91266],[-77.08296,38.91266],[-77.08293,38.91267],[-77.08292,38.91267],[-77.08291,38.91267],[-77.08288,38.91267],[-77.08286,38.91268],[-77.08285,38.91268],[-77.08283,38.91268],[-77.0828,38.91268],[-77.08275,38.91268],[-77.08266,38.91268],[-77.08257,38.91269],[-77.08251,38.91269],[-77.0825,38.91269],[-77.08248,38.91269],[-77.08239,38.91269],[-77.08231,38.91269],[-77.08222,38.91269],[-77.08213,38.91269],[-77.08204,38.91269],[-77.08196,38.91269],[-77.08195,38.91269],[-77.08186,38.91269],[-77.08181,38.91269],[-77.0817,38.91269],[-77.0816,38.91269],[-77.08147,38.91269],[-77.08119,38.91269],[-77.08056,38.91269],[-77.08008,38.91269],[-77.07967,38.91269],[-77.07959,38.91269],[-77.07955,38.91269],[-77.07954,38.91269],[-77.07944,38.91269],[-77.07933,38.91269],[-77.0793,38.91269],[-77.07928,38.91269],[-77.07918,38.91269],[-77.07907,38.91269],[-77.07903,38.91269],[-77.07902,38.91269],[-77.07892,38.91269],[-77.07885,38.91269],[-77.07884,38.91269],[-77.07884,38.9128],[-77.07885,38.91296],[-77.07887,38.91307],[-77.07889,38.91318],[-77.07893,38.91329],[-77.07896,38.9134],[-77.07901,38.9135],[-77.07906,38.9136],[-77.07911,38.9137],[-77.07917,38.9138],[-77.07924,38.91389],[-77.07931,38.91397],[-77.07939,38.91405],[-77.07948,38.91413],[-77.07956,38.9142],[-77.07965,38.91427],[-77.07975,38.91433],[-77.07985,38.91438],[-77.07995,38.91443],[-77.08006,38.91447],[-77.08012,38.9145],[-77.08018,38.91453],[-77.08023,38.91457],[-77.08029,38.91461],[-77.08034,38.91465],[-77.08039,38.9147],[-77.08043,38.91475],[-77.08047,38.9148],[-77.08051,38.91486],[-77.08054,38.91492],[-77.08056,38.91499],[-77.08058,38.91505],[-77.08059,38.91512],[-77.08061,38.91524],[-77.08064,38.91536],[-77.08067,38.91548],[-77.08071,38.9156],[-77.08075,38.91571],[-77.08081,38.91582],[-77.08087,38.91593],[-77.08093,38.91604],[-77.08117,38.91641],[-77.08131,38.91662],[-77.08141,38.91678],[-77.08143,38.91681],[-77.08182,38.9174],[-77.08217,38.91741],[-77.08257,38.91741],[-77.08296,38.91741],[-77.08343,38.91742],[-77.08347,38.91742],[-77.08369,38.91742],[-77.08385,38.91742],[-77.08397,38.91742],[-77.08438,38.91743],[-77.08494,38.91743],[-77.08514,38.91729],[-77.08515,38.91728],[-77.08516,38.91728],[-77.08517,38.91727],[-77.08525,38.91721],[-77.08532,38.91717],[-77.08543,38.91709],[-77.08547,38.91706],[-77.08552,38.91703],[-77.0856,38.91697],[-77.08848,38.91696],[-77.08862,38.91696],[-77.08866,38.91696],[-77.08871,38.91645],[-77.09093,38.91645],[-77.09105,38.91664],[-77.09213,38.91827],[-77.09214,38.91828],[-77.09235,38.9186],[-77.09239,38.91867],[-77.09248,38.9188],[-77.09252,38.91887],[-77.09253,38.91889],[-77.09267,38.9191],[-77.09272,38.91918],[-77.09279,38.91918],[-77.09287,38.9193],[-77.09314,38.91971],[-77.09341,38.92013],[-77.09349,38.92025],[-77.09336,38.92025],[-77.09325,38.92025],[-77.09325,38.92033],[-77.09325,38.92061],[-77.09325,38.92096],[-77.09325,38.92118],[-77.09337,38.92117],[-77.09379,38.92114],[-77.094,38.92112],[-77.0942,38.92111],[-77.09435,38.9211],[-77.09434,38.92119],[-77.09434,38.9212],[-77.09434,38.92135],[-77.09434,38.9216],[-77.09434,38.92187],[-77.09434,38.92226],[-77.09434,38.92227],[-77.09434,38.92229],[-77.09434,38.9223],[-77.09434,38.92231],[-77.09434,38.92233],[-77.09434,38.92234],[-77.09434,38.92235],[-77.09433,38.92235],[-77.09433,38.92237],[-77.09433,38.92238],[-77.09432,38.92239],[-77.09444,38.92242],[-77.09451,38.92244],[-77.09456,38.92246],[-77.09481,38.92253],[-77.09512,38.92261],[-77.09518,38.92263],[-77.09519,38.92263],[-77.09521,38.92264],[-77.09522,38.92264],[-77.09523,38.92264],[-77.09524,38.92264],[-77.09524,38.92265],[-77.09525,38.92265],[-77.09526,38.92265],[-77.09527,38.92265],[-77.09528,38.92266],[-77.09529,38.92266],[-77.0953,38.92266],[-77.09531,38.92267],[-77.09532,38.92267],[-77.09533,38.92267],[-77.09534,38.92268],[-77.09535,38.92268],[-77.09537,38.92269],[-77.09538,38.92269],[-77.09539,38.9227],[-77.0954,38.9227],[-77.09541,38.9227],[-77.09543,38.92271],[-77.09546,38.92272],[-77.09546,38.92273],[-77.09547,38.92273],[-77.09549,38.92274],[-77.0955,38.92274],[-77.0955,38.92275],[-77.09551,38.92275],[-77.09552,38.92275],[-77.09552,38.92276],[-77.09553,38.92276],[-77.09554,38.92276],[-77.09555,38.92277],[-77.09556,38.92277],[-77.09556,38.92278],[-77.09557,38.92278],[-77.09558,38.92279],[-77.09559,38.92279],[-77.0956,38.9228],[-77.09561,38.92281],[-77.09562,38.92281],[-77.09564,38.92282],[-77.09564,38.92283],[-77.09565,38.92283],[-77.09566,38.92284],[-77.09567,38.92284],[-77.09567,38.92285],[-77.09568,38.92285],[-77.09569,38.92286],[-77.0957,38.92287],[-77.09571,38.92287],[-77.09571,38.92288],[-77.09572,38.92288],[-77.09573,38.92289],[-77.09574,38.9229],[-77.09575,38.9229],[-77.09575,38.92291],[-77.09576,38.92291],[-77.09576,38.92292],[-77.09577,38.92292],[-77.09577,38.92293],[-77.09578,38.92293],[-77.09579,38.92294],[-77.09582,38.92296],[-77.09585,38.92299],[-77.09635,38.92315],[-77.09644,38.92317],[-77.09783,38.92361],[-77.09796,38.92347],[-77.09798,38.92345],[-77.09798,38.92344],[-77.09799,38.92344],[-77.09799,38.92343],[-77.098,38.92343],[-77.09801,38.92342],[-77.09801,38.92341],[-77.09802,38.9234],[-77.09803,38.92339],[-77.09804,38.92339],[-77.09804,38.92337],[-77.09805,38.92336],[-77.09806,38.92335],[-77.09807,38.92335],[-77.09807,38.92334],[-77.09808,38.92333],[-77.09809,38.92331],[-77.0981,38.9233],[-77.0981,38.92329],[-77.09811,38.92329],[-77.09811,38.92328],[-77.09812,38.92328],[-77.09812,38.92327],[-77.09821,38.92313],[-77.09823,38.9231],[-77.09826,38.92307],[-77.09828,38.92304],[-77.0983,38.92301],[-77.09833,38.92297],[-77.09835,38.92294],[-77.09837,38.92291],[-77.0984,38.92288],[-77.09842,38.92285],[-77.09844,38.92281],[-77.09847,38.92278],[-77.09849,38.92275],[-77.09851,38.92272],[-77.09853,38.9227],[-77.09855,38.92267],[-77.09857,38.92264],[-77.09859,38.92261],[-77.09861,38.92258],[-77.09863,38.92255],[-77.09865,38.92251],[-77.09869,38.92244],[-77.09873,38.92239],[-77.09873,38.92238],[-77.09874,38.92237],[-77.09874,38.92236],[-77.09875,38.92235],[-77.09876,38.92234],[-77.09877,38.92233],[-77.09878,38.92232],[-77.09879,38.92232],[-77.09879,38.92231],[-77.0988,38.9223],[-77.09881,38.9223],[-77.09882,38.92229],[-77.09883,38.92228],[-77.09884,38.92228],[-77.09885,38.92227],[-77.09887,38.92226],[-77.09888,38.92226],[-77.09889,38.92225],[-77.0989,38.92225],[-77.09891,38.92225],[-77.09892,38.92224],[-77.09893,38.92224],[-77.09894,38.92224],[-77.09895,38.92223],[-77.09896,38.92223],[-77.09897,38.92223],[-77.09898,38.92223],[-77.09899,38.92223],[-77.099,38.92222],[-77.09901,38.92222],[-77.09902,38.92222],[-77.09903,38.92222],[-77.09904,38.92222],[-77.09905,38.92222],[-77.09906,38.92222],[-77.09907,38.92222],[-77.09908,38.92222],[-77.09909,38.92222],[-77.09918,38.92222],[-77.09919,38.92222],[-77.09921,38.92222],[-77.09922,38.92222],[-77.09923,38.92222],[-77.09924,38.92222],[-77.09926,38.92222],[-77.09927,38.92222],[-77.09928,38.92222],[-77.09929,38.92222],[-77.0993,38.92222],[-77.09931,38.92222],[-77.09932,38.92222],[-77.09933,38.92222],[-77.09934,38.92222],[-77.09935,38.92222],[-77.09959,38.92224],[-77.09963,38.92228],[-77.09965,38.9223],[-77.09967,38.92233],[-77.09969,38.92235],[-77.0997,38.92236],[-77.09971,38.92238],[-77.09973,38.9224],[-77.09973,38.92241],[-77.09975,38.92243],[-77.09977,38.92246],[-77.09978,38.92249],[-77.0998,38.92252],[-77.09981,38.92254],[-77.09983,38.92257],[-77.09996,38.92284],[-77.10002,38.92293],[-77.1001,38.9231],[-77.10031,38.92349],[-77.10035,38.92357],[-77.1004,38.92366],[-77.10049,38.92383],[-77.10051,38.92387],[-77.10053,38.92391],[-77.10056,38.92395],[-77.10058,38.92399],[-77.10061,38.92403],[-77.10064,38.92406],[-77.10067,38.9241],[-77.1007,38.92414],[-77.10073,38.92417],[-77.10076,38.92421],[-77.101,38.92449],[-77.10128,38.92481],[-77.10141,38.92496],[-77.10148,38.9249],[-77.10149,38.92489],[-77.10151,38.92488],[-77.10155,38.92485],[-77.10175,38.92474],[-77.10187,38.92468],[-77.10194,38.92475],[-77.10195,38.92476],[-77.102,38.9248],[-77.10203,38.92483],[-77.10204,38.92484],[-77.10206,38.92486],[-77.10209,38.92488],[-77.10214,38.92493],[-77.10215,38.92493],[-77.10218,38.92497],[-77.1022,38.92499],[-77.10223,38.92501],[-77.10226,38.92504],[-77.10227,38.92505],[-77.10232,38.92509],[-77.10233,38.9251],[-77.10235,38.92512],[-77.10237,38.92514],[-77.10239,38.92516],[-77.10243,38.9252],[-77.10246,38.92522],[-77.10249,38.92525],[-77.10255,38.9253],[-77.1026,38.92535],[-77.10266,38.9254],[-77.10277,38.92551],[-77.10289,38.92561],[-77.10295,38.92566],[-77.103,38.92572],[-77.10304,38.92575],[-77.10306,38.92577],[-77.10308,38.92579],[-77.10312,38.92582],[-77.10318,38.92587],[-77.10324,38.92592],[-77.10331,38.92598],[-77.1033,38.92599],[-77.10312,38.92611],[-77.10299,38.9262],[-77.10286,38.9263],[-77.10296,38.9264],[-77.10329,38.9267],[-77.10333,38.92674],[-77.10361,38.92698],[-77.10365,38.92702],[-77.10381,38.92692],[-77.10412,38.92671],[-77.10413,38.92672],[-77.10419,38.92678],[-77.10427,38.92685],[-77.10435,38.92681],[-77.1044,38.92686],[-77.1045,38.92696],[-77.10455,38.927],[-77.10462,38.92706],[-77.10466,38.92719],[-77.10468,38.92719],[-77.10471,38.92718],[-77.10475,38.92718],[-77.10478,38.92717],[-77.10482,38.92717],[-77.10484,38.92717],[-77.10485,38.92717],[-77.10487,38.92717],[-77.10489,38.92717],[-77.10491,38.92717],[-77.10492,38.92717],[-77.10494,38.92717],[-77.10496,38.92717],[-77.10498,38.92717],[-77.10499,38.92717],[-77.105,38.92717],[-77.10501,38.92717],[-77.10502,38.92717],[-77.10503,38.92717],[-77.10504,38.92717],[-77.10505,38.92717],[-77.10506,38.92717],[-77.10507,38.92717],[-77.10508,38.92717],[-77.10509,38.92716],[-77.10512,38.92716],[-77.10514,38.92715],[-77.10517,38.92715],[-77.10518,38.92715],[-77.10519,38.92714],[-77.10522,38.92714],[-77.10524,38.92714],[-77.10527,38.92713],[-77.10529,38.92713],[-77.1053,38.92713],[-77.10535,38.92718],[-77.10537,38.9272],[-77.10553,38.92736],[-77.1057,38.92753],[-77.10583,38.92766],[-77.10586,38.92769],[-77.10548,38.92797],[-77.10547,38.92797],[-77.10545,38.92798],[-77.10524,38.92814],[-77.10504,38.92827],[-77.10496,38.9282],[-77.10484,38.92809],[-77.10463,38.9279],[-77.10438,38.92767],[-77.10411,38.92743],[-77.10404,38.92737],[-77.10381,38.92743],[-77.1038,38.92743],[-77.10375,38.92744],[-77.10349,38.92753],[-77.10343,38.92756],[-77.10337,38.92758],[-77.10334,38.92759],[-77.10331,38.9276],[-77.10326,38.92762],[-77.10315,38.92749],[-77.10299,38.92733],[-77.10302,38.92732],[-77.10295,38.92724],[-77.10293,38.92723],[-77.10286,38.92716],[-77.10284,38.92718],[-77.10276,38.9271],[-77.10275,38.92709],[-77.10274,38.92708],[-77.10275,38.92708],[-77.10277,38.92706],[-77.10278,38.92705],[-77.10278,38.92704],[-77.10277,38.92704],[-77.10277,38.92703],[-77.10271,38.92697],[-77.10258,38.92684],[-77.10242,38.92668],[-77.10226,38.92652],[-77.1021,38.92637],[-77.10195,38.92622],[-77.10181,38.92608],[-77.10167,38.92594],[-77.10153,38.92581],[-77.10138,38.92566],[-77.10123,38.92551],[-77.10115,38.92544],[-77.1011,38.92539],[-77.10103,38.92533],[-77.10072,38.92561],[-77.10066,38.92567],[-77.10059,38.92573],[-77.10054,38.92578],[-77.10018,38.9261],[-77.09993,38.92632],[-77.09992,38.92633],[-77.09984,38.92638],[-77.09984,38.92637],[-77.09981,38.92635],[-77.09981,38.92634],[-77.09979,38.92633],[-77.09977,38.92632],[-77.09974,38.92629],[-77.09971,38.92627],[-77.09967,38.92625],[-77.09964,38.92624],[-77.09961,38.92623],[-77.0996,38.92622],[-77.09956,38.92621],[-77.09952,38.9262],[-77.09948,38.92619],[-77.09944,38.92618],[-77.0994,38.92618],[-77.09936,38.92618],[-77.09933,38.92618],[-77.09931,38.92617],[-77.09927,38.92618],[-77.09922,38.92618],[-77.09918,38.92618],[-77.09913,38.92619],[-77.09909,38.9262],[-77.09905,38.92621],[-77.09901,38.92623],[-77.09897,38.92624],[-77.09893,38.92626],[-77.09889,38.92629],[-77.09886,38.92631],[-77.09882,38.92634],[-77.09879,38.92636],[-77.09878,38.92637],[-77.09876,38.92639],[-77.09874,38.9264],[-77.09873,38.92642],[-77.0987,38.92644],[-77.0987,38.92645],[-77.09867,38.92648],[-77.09865,38.92651],[-77.09862,38.92655],[-77.09841,38.92679],[-77.09815,38.9271],[-77.09803,38.92726],[-77.09801,38.9273],[-77.09799,38.92734],[-77.09797,38.92738],[-77.09795,38.92742],[-77.09794,38.92746],[-77.09792,38.92751],[-77.09792,38.92755],[-77.09791,38.92759],[-77.09791,38.92764],[-77.09791,38.92768],[-77.09791,38.92771],[-77.09792,38.92774],[-77.09792,38.92777],[-77.09793,38.9278],[-77.09793,38.92782],[-77.09794,38.92785],[-77.09794,38.92788],[-77.09795,38.92791],[-77.09795,38.92793],[-77.09803,38.92791],[-77.09805,38.92791],[-77.09806,38.92791],[-77.09808,38.9279],[-77.09811,38.9279],[-77.09814,38.92789],[-77.09816,38.92789],[-77.09819,38.92789],[-77.09822,38.92789],[-77.09824,38.92789],[-77.09827,38.92789],[-77.09829,38.92789],[-77.09833,38.9279],[-77.09836,38.9279],[-77.09839,38.92791],[-77.09842,38.92792],[-77.09845,38.92792],[-77.09848,38.92793],[-77.09851,38.92794],[-77.09854,38.92795],[-77.09857,38.92796],[-77.0986,38.92797],[-77.09883,38.92805],[-77.09886,38.92807],[-77.09894,38.92811],[-77.09902,38.92814],[-77.09916,38.92821],[-77.0992,38.92823],[-77.09925,38.92825],[-77.0993,38.92826],[-77.09934,38.92828],[-77.09939,38.92829],[-77.09944,38.92831],[-77.09949,38.92832],[-77.09954,38.92833],[-77.09959,38.92834],[-77.09964,38.92835],[-77.09968,38.92835],[-77.09972,38.92836],[-77.09975,38.92836],[-77.09979,38.92836],[-77.09983,38.92837],[-77.09987,38.92837],[-77.09991,38.92837],[-77.09995,38.92837],[-77.09999,38.92837],[-77.10003,38.92837],[-77.10009,38.92836],[-77.10014,38.92836],[-77.1002,38.92836],[-77.10025,38.92836],[-77.10031,38.92836],[-77.10035,38.92837],[-77.10036,38.92837],[-77.10042,38.92837],[-77.10045,38.92838],[-77.10047,38.92838],[-77.10053,38.92839],[-77.10056,38.92839],[-77.10058,38.92839],[-77.10107,38.92849],[-77.10142,38.92857],[-77.10146,38.92858],[-77.10158,38.92861],[-77.10146,38.92871],[-77.10103,38.92909],[-77.10068,38.9294],[-77.10057,38.9295],[-77.10047,38.92958],[-77.1004,38.92964],[-77.10027,38.92976],[-77.09984,38.93014],[-77.09983,38.93015],[-77.09973,38.93023],[-77.09963,38.93033],[-77.09962,38.93033],[-77.09887,38.93099],[-77.09882,38.93104],[-77.0988,38.93105],[-77.09878,38.93107],[-77.09876,38.93108],[-77.09875,38.93109],[-77.09842,38.93139],[-77.09831,38.93148],[-77.09831,38.93149],[-77.09832,38.9315],[-77.09833,38.93151],[-77.09834,38.93151],[-77.09835,38.93152],[-77.09836,38.93152],[-77.09837,38.93153],[-77.09838,38.93153],[-77.09839,38.93153],[-77.09841,38.93153],[-77.09928,38.93153],[-77.09929,38.93153],[-77.09931,38.93153],[-77.09935,38.93153],[-77.09936,38.93153],[-77.09937,38.93153],[-77.09951,38.93153],[-77.09955,38.93153],[-77.09958,38.93154],[-77.09962,38.93154],[-77.09963,38.93154],[-77.09964,38.93154],[-77.10013,38.93153],[-77.10083,38.93153],[-77.10145,38.93153],[-77.10181,38.93153],[-77.10181,38.93165],[-77.10181,38.93193],[-77.10181,38.93194],[-77.10181,38.93222],[-77.10181,38.93231],[-77.10182,38.93231],[-77.10185,38.9323],[-77.10188,38.9323],[-77.10195,38.9323],[-77.10202,38.93229],[-77.10208,38.93229],[-77.10214,38.93229],[-77.1022,38.93229],[-77.10226,38.93229],[-77.10232,38.93229],[-77.10238,38.93229],[-77.10245,38.93229],[-77.10251,38.93229],[-77.10256,38.93229],[-77.10257,38.93229],[-77.10262,38.9323],[-77.10268,38.93231],[-77.10274,38.93232],[-77.1028,38.93233],[-77.10286,38.93235],[-77.10292,38.93236],[-77.10297,38.93238],[-77.10303,38.9324],[-77.10304,38.93241],[-77.10308,38.93243],[-77.10313,38.93245],[-77.10318,38.93248],[-77.10323,38.9325],[-77.10327,38.93253],[-77.10332,38.93256],[-77.10336,38.93259],[-77.1034,38.93262],[-77.10344,38.93265],[-77.10347,38.93269],[-77.10351,38.93272],[-77.10354,38.93276],[-77.10357,38.9328],[-77.1036,38.93283],[-77.10362,38.93287],[-77.10365,38.93291],[-77.10366,38.93293],[-77.10367,38.93294],[-77.10369,38.93298],[-77.10371,38.93302],[-77.10373,38.93306],[-77.10374,38.9331],[-77.10375,38.93314],[-77.10376,38.93318],[-77.10377,38.93321],[-77.10378,38.93325],[-77.10379,38.93329],[-77.10379,38.93332],[-77.1038,38.93336],[-77.1038,38.93338],[-77.10381,38.93339],[-77.10381,38.93343],[-77.10382,38.93347],[-77.10382,38.9335],[-77.10384,38.93359],[-77.10384,38.93361],[-77.10384,38.93362],[-77.10384,38.93363],[-77.10385,38.93364],[-77.10385,38.93365],[-77.10385,38.93366],[-77.10386,38.93367],[-77.10386,38.93368],[-77.10382,38.9337],[-77.10381,38.9337],[-77.10379,38.93371],[-77.10378,38.93371],[-77.10378,38.93372],[-77.10375,38.93373],[-77.10372,38.93374],[-77.10368,38.93376],[-77.10364,38.93379],[-77.10359,38.93381],[-77.10355,38.93384],[-77.10351,38.93387],[-77.10348,38.93389],[-77.10344,38.93392],[-77.1034,38.93395],[-77.10337,38.93398],[-77.10334,38.93402],[-77.1033,38.93405],[-77.10327,38.93409],[-77.10323,38.93412],[-77.1032,38.93416],[-77.10317,38.93419],[-77.10313,38.93423],[-77.10313,38.93424],[-77.1031,38.93427],[-77.10308,38.93429],[-77.10307,38.9343],[-77.10304,38.93434],[-77.10301,38.93438],[-77.103,38.93438],[-77.103,38.93439],[-77.10288,38.93453],[-77.10273,38.93469],[-77.10268,38.93475],[-77.10263,38.93481],[-77.10257,38.93487],[-77.10247,38.93498],[-77.10229,38.93518],[-77.10213,38.93537],[-77.10212,38.93537],[-77.10212,38.93538],[-77.10211,38.93539],[-77.1021,38.9354],[-77.1021,38.93541],[-77.10209,38.93542],[-77.10208,38.93542],[-77.10208,38.93543],[-77.10207,38.93544],[-77.10206,38.93545],[-77.10206,38.93546],[-77.10205,38.93547],[-77.10201,38.93553],[-77.10205,38.93554],[-77.10211,38.93556],[-77.10212,38.93556],[-77.10217,38.93557],[-77.10263,38.93569],[-77.10268,38.9357],[-77.10273,38.93571],[-77.10278,38.93572],[-77.10283,38.93573],[-77.10288,38.93573],[-77.10293,38.93574],[-77.10298,38.93574],[-77.10303,38.93575],[-77.10308,38.93575],[-77.10313,38.93575],[-77.10319,38.93575],[-77.10325,38.93575],[-77.10331,38.93575],[-77.10337,38.93575],[-77.10342,38.93575],[-77.10343,38.93575],[-77.10349,38.93575],[-77.10355,38.93575],[-77.10356,38.93575],[-77.10361,38.93575],[-77.10367,38.93575],[-77.10368,38.93575],[-77.10369,38.93575],[-77.10372,38.93575],[-77.10381,38.93575],[-77.10411,38.93575],[-77.10426,38.93575],[-77.10429,38.93575],[-77.10451,38.93575],[-77.10492,38.93575],[-77.10536,38.93575],[-77.1057,38.93575],[-77.10581,38.93575],[-77.10591,38.93575],[-77.10601,38.93575],[-77.10602,38.93575],[-77.10603,38.93575],[-77.10627,38.93575],[-77.10648,38.93575]],[[-77.10693,38.92957],[-77.10705,38.9295],[-77.10707,38.92949],[-77.10708,38.9295],[-77.10723,38.92964],[-77.10725,38.92966],[-77.10727,38.92968],[-77.10729,38.9297],[-77.10735,38.92975],[-77.10717,38.92986],[-77.10724,38.92993],[-77.10739,38.93009],[-77.10737,38.9301],[-77.10713,38.93026],[-77.10695,38.93037],[-77.10694,38.93032],[-77.10693,38.93027],[-77.10675,38.93028],[-77.10666,38.93028],[-77.10654,38.93028],[-77.10645,38.93028],[-77.10642,38.93028],[-77.10639,38.93028],[-77.10636,38.93028],[-77.10632,38.93028],[-77.10632,38.93017],[-77.10632,38.93014],[-77.10632,38.93012],[-77.10621,38.93002],[-77.10623,38.93],[-77.1062,38.92998],[-77.10619,38.92997],[-77.10617,38.92995],[-77.10615,38.92993],[-77.10612,38.9299],[-77.10624,38.92982],[-77.10639,38.92972],[-77.10653,38.92961],[-77.10659,38.92966],[-77.10661,38.92967],[-77.10663,38.9297],[-77.10665,38.92971],[-77.10666,38.92972],[-77.10666,38.92973],[-77.10684,38.92964],[-77.10693,38.92957]],[[-77.08935,38.91119],[-77.08937,38.91122],[-77.08939,38.91124],[-77.08941,38.91127],[-77.08943,38.9113],[-77.08945,38.91133],[-77.08947,38.91135],[-77.0895,38.91138],[-77.08952,38.9114],[-77.08954,38.91143],[-77.08957,38.91145],[-77.08959,38.91148],[-77.08962,38.9115],[-77.08964,38.91152],[-77.08967,38.91155],[-77.08969,38.91157],[-77.08972,38.91159],[-77.08974,38.91161],[-77.08977,38.91164],[-77.0898,38.91166],[-77.08982,38.91167],[-77.09025,38.91201],[-77.09053,38.91223],[-77.09084,38.91247],[-77.0909,38.91253],[-77.09099,38.9126],[-77.09101,38.91262],[-77.09082,38.91262],[-77.09039,38.91263],[-77.09029,38.91263],[-77.09007,38.9124],[-77.08991,38.91222],[-77.08986,38.91217],[-77.08971,38.91206],[-77.08969,38.91204],[-77.08965,38.912],[-77.08964,38.912],[-77.08963,38.91199],[-77.08962,38.91199],[-77.08961,38.91198],[-77.0896,38.91197],[-77.08954,38.91193],[-77.08953,38.91193],[-77.08952,38.91192],[-77.08953,38.9119],[-77.08949,38.91188],[-77.08941,38.91184],[-77.08936,38.91182],[-77.08931,38.91179],[-77.08926,38.91176],[-77.08922,38.91175],[-77.08922,38.91174],[-77.08909,38.91164],[-77.08886,38.91145],[-77.08873,38.91133],[-77.08919,38.91121],[-77.08933,38.91117],[-77.08935,38.91119]],[[-77.09525,38.91702],[-77.09525,38.91701],[-77.09525,38.917],[-77.09525,38.91698],[-77.09525,38.91697],[-77.09525,38.91695],[-77.09525,38.91694],[-77.09525,38.91693],[-77.09525,38.91692],[-77.09525,38.91691],[-77.09525,38.9169],[-77.09525,38.91686],[-77.09525,38.91679],[-77.09525,38.91674],[-77.09525,38.91668],[-77.09525,38.91664],[-77.09525,38.91661],[-77.09541,38.91653],[-77.09544,38.91651],[-77.09554,38.91646],[-77.09556,38.91645],[-77.09557,38.91644],[-77.0956,38.91643],[-77.09567,38.91638],[-77.09566,38.91637],[-77.09573,38.91633],[-77.09599,38.91619],[-77.09619,38.9161],[-77.09661,38.91624],[-77.09647,38.91634],[-77.09629,38.91647],[-77.09628,38.91648],[-77.09643,38.91654],[-77.09668,38.91667],[-77.09686,38.91682],[-77.0969,38.91683],[-77.09695,38.91685],[-77.09698,38.91687],[-77.09712,38.91699],[-77.0971,38.917],[-77.09712,38.91701],[-77.09717,38.91705],[-77.09713,38.91707],[-77.09711,38.91708],[-77.09715,38.91711],[-77.09726,38.91722],[-77.09731,38.91726],[-77.0973,38.91727],[-77.09731,38.91728],[-77.09725,38.91732],[-77.09729,38.91735],[-77.09733,38.91739],[-77.09738,38.91744],[-77.0974,38.91746],[-77.0975,38.9175],[-77.09762,38.91756],[-77.09768,38.91759],[-77.09774,38.91762],[-77.09781,38.91764],[-77.09779,38.91767],[-77.09787,38.91771],[-77.09795,38.91767],[-77.09808,38.91762],[-77.0983,38.91752],[-77.09839,38.91768],[-77.09845,38.91781],[-77.09852,38.91794],[-77.09817,38.91805],[-77.09792,38.91812],[-77.09791,38.91812],[-77.09753,38.91812],[-77.09741,38.91812],[-77.0974,38.91812],[-77.0972,38.91812],[-77.09714,38.91812],[-77.09705,38.91812],[-77.09695,38.91812],[-77.09677,38.91812],[-77.09671,38.91812],[-77.09654,38.91812],[-77.09653,38.91812],[-77.09651,38.91812],[-77.09638,38.91812],[-77.09619,38.91812],[-77.096,38.91812],[-77.096,38.91811],[-77.096,38.91802],[-77.096,38.91789],[-77.096,38.91785],[-77.09605,38.91782],[-77.096,38.91777],[-77.09589,38.91765],[-77.09584,38.91767],[-77.09573,38.91774],[-77.09573,38.91771],[-77.09573,38.91757],[-77.09569,38.91757],[-77.09556,38.91757],[-77.09556,38.9175],[-77.09556,38.91749],[-77.09556,38.91748],[-77.09556,38.91745],[-77.09556,38.91742],[-77.09556,38.9174],[-77.09556,38.91738],[-77.09556,38.91735],[-77.09556,38.91728],[-77.09556,38.91727],[-77.09556,38.91726],[-77.09556,38.91718],[-77.09556,38.91714],[-77.09556,38.91709],[-77.09556,38.91702],[-77.09538,38.91702],[-77.09525,38.91702]]]},"properties":{"zone":"R-1B","label":"R-1B","desc":"Provides areas predominantly developed with detached houses on moderately sized lots."}},{"type":"Feature","geometry":{"type":"Polygon","coordinates":[[[-76.99268,38.83097],[-76.99267,38.83097],[-76.99268,38.83097],[-76.99269,38.83097],[-76.9941,38.83097],[-76.99411,38.83097],[-76.99464,38.83097],[-76.99881,38.83097],[-76.99943,38.83097],[-76.99958,38.83097],[-77.00047,38.83097],[-77.00055,38.83097],[-77.00056,38.83097],[-77.00057,38.83097],[-77.00082,38.83097],[-77.00123,38.83097],[-77.00175,38.83097],[-77.00276,38.83097],[-77.00336,38.83097],[-77.00354,38.83097],[-77.00355,38.83096],[-77.00356,38.83094],[-77.00358,38.83092],[-77.00358,38.83091],[-77.00358,38.8309],[-77.00359,38.83089],[-77.00359,38.83088],[-77.0036,38.83086],[-77.0036,38.83083],[-77.0036,38.83072],[-77.00359,38.83072],[-77.00358,38.83072],[-77.00356,38.83072],[-77.00354,38.83071],[-77.00351,38.8307],[-77.0035,38.83069],[-77.00344,38.83066],[-77.00342,38.83065],[-77.0034,38.83064],[-77.00338,38.83062],[-77.00336,38.8306],[-77.00334,38.83058],[-77.00333,38.83056],[-77.0032,38.83041],[-77.00319,38.83038],[-77.00309,38.83034],[-77.00219,38.82995],[-77.00203,38.82988],[-77.00187,38.82981],[-77.00132,38.82957],[-77.0009,38.82939],[-77.0008,38.82933],[-77.00073,38.82929],[-77.00058,38.82921],[-77.00057,38.82921],[-76.99906,38.82921],[-76.9985,38.82921],[-76.99837,38.82921],[-76.99833,38.82921],[-76.99788,38.82921],[-76.99771,38.82921],[-76.99766,38.82921],[-76.99681,38.82921],[-76.99621,38.82921],[-76.99578,38.82921],[-76.99578,38.82933],[-76.99578,38.82963],[-76.99578,38.82966],[-76.99649,38.82966],[-76.99624,38.83009],[-76.99621,38.83009],[-76.99613,38.83021],[-76.99596,38.83051],[-76.99595,38.83051],[-76.99595,38.83053],[-76.99377,38.83053],[-76.99351,38.83032],[-76.99342,38.8304],[-76.99268,38.83097]]]},"properties":{"zone":"R-2","label":"R-2","desc":"Provide areas predominantly developed with semi-detached houses on moderately-sized lots that also contain some detached dwellings"}},{"type":"Feature","geometry":{"type":"Polygon","coordinates":[[[-77.01495,38.95671],[-77.01503,38.95659],[-77.01519,38.95659],[-77.0152,38.95659],[-77.01521,38.95659],[-77.01536,38.95659],[-77.01566,38.95658],[-77.01592,38.95624],[-77.01607,38.95608],[-77.01607,38.95606],[-77.01605,38.95564],[-77.01605,38.95556],[-77.01605,38.9555],[-77.01609,38.9555],[-77.01615,38.9555],[-77.01628,38.95549],[-77.0165,38.95549],[-77.01656,38.95548],[-77.01659,38.95548],[-77.01662,38.95548],[-77.01663,38.95548],[-77.01662,38.95538],[-77.01662,38.95537],[-77.01662,38.95536],[-77.01663,38.95534],[-77.01671,38.95523],[-77.01685,38.95504],[-77.01688,38.955],[-77.01698,38.95487],[-77.01699,38.95487],[-77.01701,38.95486],[-77.01702,38.95486],[-77.01704,38.95485],[-77.01706,38.95485],[-77.01707,38.95485],[-77.01708,38.95485],[-77.01709,38.95485],[-77.0171,38.95485],[-77.01711,38.95485],[-77.01712,38.95485],[-77.01713,38.95485],[-77.01715,38.95485],[-77.01716,38.95485],[-77.01717,38.95485],[-77.01718,38.95485],[-77.01719,38.95485],[-77.0172,38.95485],[-77.01722,38.95485],[-77.01721,38.95472],[-77.01721,38.95456],[-77.0172,38.95452],[-77.0172,38.95439],[-77.01735,38.95439],[-77.01738,38.95439],[-77.01759,38.95438],[-77.01763,38.95438],[-77.01772,38.95438],[-77.01781,38.95437],[-77.01795,38.95437],[-77.01824,38.95436],[-77.01825,38.95448],[-77.01825,38.95458],[-77.01826,38.95469],[-77.01827,38.95485],[-77.01827,38.95489],[-77.01838,38.95489],[-77.01853,38.95489],[-77.01883,38.95488],[-77.01896,38.95488],[-77.01907,38.95487],[-77.01928,38.95487],[-77.01928,38.95489],[-77.01931,38.95489],[-77.01966,38.95488],[-77.01981,38.95487],[-77.01981,38.95488],[-77.01997,38.95487],[-77.02019,38.95486],[-77.0203,38.95486],[-77.02034,38.95486],[-77.02034,38.95485],[-77.02034,38.95483],[-77.02056,38.95483],[-77.02074,38.95482],[-77.02077,38.95482],[-77.0209,38.95482],[-77.02093,38.95482],[-77.02098,38.95482],[-77.02102,38.95481],[-77.02104,38.95481],[-77.02106,38.95481],[-77.0211,38.9548],[-77.02112,38.9548],[-77.02114,38.9548],[-77.02128,38.9548],[-77.02132,38.9548],[-77.02137,38.9548],[-77.02154,38.95479],[-77.02167,38.95479],[-77.02172,38.95479],[-77.02172,38.95478],[-77.02174,38.95478],[-77.02195,38.95477],[-77.02207,38.95477],[-77.02224,38.95476],[-77.02224,38.95477],[-77.02224,38.95478],[-77.02228,38.95478],[-77.0224,38.95477],[-77.02257,38.95477],[-77.02266,38.95476],[-77.02271,38.95476],[-77.02277,38.95476],[-77.02278,38.95476],[-77.023,38.95476],[-77.02316,38.95475],[-77.02343,38.95474],[-77.02345,38.95474],[-77.02346,38.95473],[-77.02347,38.95473],[-77.02347,38.95472],[-77.02348,38.95471],[-77.02347,38.95459],[-77.02346,38.95451],[-77.02346,38.95442],[-77.02346,38.95433],[-77.02345,38.95421],[-77.02382,38.9542],[-77.02383,38.9542],[-77.02393,38.9542],[-77.02404,38.95419],[-77.02446,38.95418],[-77.02447,38.9543],[-77.02447,38.95431],[-77.02447,38.95432],[-77.02447,38.95448],[-77.02449,38.95466],[-77.02449,38.95467],[-77.02449,38.95468],[-77.02451,38.95468],[-77.02477,38.95468],[-77.02478,38.95468],[-77.02491,38.95467],[-77.02497,38.95467],[-77.0251,38.95467],[-77.0252,38.95467],[-77.02521,38.95481],[-77.02521,38.95482],[-77.02523,38.95483],[-77.02524,38.95484],[-77.02525,38.95484],[-77.02526,38.95484],[-77.02546,38.95483],[-77.02553,38.95483],[-77.02554,38.95483],[-77.0256,38.95483],[-77.02569,38.95482],[-77.0257,38.955],[-77.0257,38.95514],[-77.02571,38.95521],[-77.02581,38.95521],[-77.02613,38.9552],[-77.02621,38.9552],[-77.02663,38.95519],[-77.02664,38.95519],[-77.02665,38.95519],[-77.02679,38.95518],[-77.02691,38.95518],[-77.02713,38.95517],[-77.02734,38.95517],[-77.02733,38.95506],[-77.02732,38.95498],[-77.0273,38.95481],[-77.02729,38.95475],[-77.02726,38.95459],[-77.02723,38.95435],[-77.02722,38.95424],[-77.0272,38.9541],[-77.02702,38.95411],[-77.02702,38.95399],[-77.02702,38.95385],[-77.027,38.95361],[-77.027,38.95355],[-77.027,38.95351],[-77.02699,38.95343],[-77.02698,38.95311],[-77.02697,38.95306],[-77.02697,38.95297],[-77.02697,38.95293],[-77.027,38.95293],[-77.02703,38.95293],[-77.02703,38.95292],[-77.02702,38.95289],[-77.02702,38.9528],[-77.02702,38.95266],[-77.02701,38.9525],[-77.0267,38.95251],[-77.02647,38.95251],[-77.02646,38.95228],[-77.02645,38.95208],[-77.02645,38.95202],[-77.02644,38.9519],[-77.02641,38.9519],[-77.02641,38.95185],[-77.02641,38.95177],[-77.02639,38.95134],[-77.02656,38.9513],[-77.02673,38.95126],[-77.02683,38.95123],[-77.02683,38.9512],[-77.02683,38.95115],[-77.02682,38.95113],[-77.02682,38.95109],[-77.02682,38.95094],[-77.02681,38.95082],[-77.02666,38.95082],[-77.02665,38.95071],[-77.02664,38.9505],[-77.02664,38.95043],[-77.02664,38.95042],[-77.02663,38.95024],[-77.02663,38.95014],[-77.02662,38.95013],[-77.02662,38.94997],[-77.02661,38.94988],[-77.02661,38.94982],[-77.02661,38.94975],[-77.02662,38.94969],[-77.02661,38.94963],[-77.02661,38.94958],[-77.0266,38.9495],[-77.0266,38.9494],[-77.0266,38.94939],[-77.02659,38.94938],[-77.02658,38.94937],[-77.02656,38.94936],[-77.02655,38.94936],[-77.02654,38.94936],[-77.0265,38.94936],[-77.02649,38.94933],[-77.02649,38.94927],[-77.02649,38.94924],[-77.02649,38.94923],[-77.02649,38.94919],[-77.02648,38.94916],[-77.02648,38.94912],[-77.02648,38.94911],[-77.02648,38.9491],[-77.02648,38.94909],[-77.02648,38.94901],[-77.02647,38.94895],[-77.02647,38.94893],[-77.02647,38.94888],[-77.02647,38.94881],[-77.02646,38.94875],[-77.02646,38.94866],[-77.02645,38.94855],[-77.02645,38.94839],[-77.02644,38.94827],[-77.02635,38.94827],[-77.02635,38.94821],[-77.02635,38.9482],[-77.02635,38.94816],[-77.02634,38.94809],[-77.02633,38.94774],[-77.02628,38.94774],[-77.02623,38.94774],[-77.02622,38.94774],[-77.02622,38.94766],[-77.02622,38.94762],[-77.02621,38.94739],[-77.02621,38.94734],[-77.0262,38.94721],[-77.02613,38.94721],[-77.02612,38.94709],[-77.02612,38.94703],[-77.02612,38.94686],[-77.02612,38.94685],[-77.02612,38.94681],[-77.02611,38.94676],[-77.02611,38.94667],[-77.0261,38.94655],[-77.0261,38.9465],[-77.02609,38.94631],[-77.02609,38.94627],[-77.02608,38.94621],[-77.02607,38.94614],[-77.02593,38.94561],[-77.02579,38.94561],[-77.02579,38.94559],[-77.02578,38.94535],[-77.02578,38.94527],[-77.02578,38.9452],[-77.02577,38.94508],[-77.02584,38.94508],[-77.02584,38.94496],[-77.02583,38.9449],[-77.02583,38.94482],[-77.02577,38.94482],[-77.02574,38.94482],[-77.02574,38.94481],[-77.02574,38.9448],[-77.02574,38.94478],[-77.02574,38.94477],[-77.02573,38.94476],[-77.02573,38.94475],[-77.02573,38.94474],[-77.02573,38.94473],[-77.02573,38.94472],[-77.02572,38.94466],[-77.02571,38.94463],[-77.02571,38.94462],[-77.02568,38.94451],[-77.02567,38.94443],[-77.02566,38.9444],[-77.02575,38.94439],[-77.02575,38.94438],[-77.02574,38.94413],[-77.02574,38.94401],[-77.02562,38.94401],[-77.02558,38.94401],[-77.02527,38.94402],[-77.02526,38.94402],[-77.02518,38.94402],[-77.02508,38.94403],[-77.02506,38.94403],[-77.02505,38.94403],[-77.02475,38.94404],[-77.02455,38.94404],[-77.0245,38.94404],[-77.02433,38.94405],[-77.02416,38.94405],[-77.02413,38.94406],[-77.02396,38.94406],[-77.02366,38.94407],[-77.02355,38.94408],[-77.02346,38.94408],[-77.02335,38.94408],[-77.02292,38.9441],[-77.02286,38.9441],[-77.02282,38.9441],[-77.0224,38.94411],[-77.02226,38.94411],[-77.02185,38.94412],[-77.02184,38.94413],[-77.02183,38.94413],[-77.02173,38.94413],[-77.02163,38.94413],[-77.02152,38.94414],[-77.02118,38.94415],[-77.02113,38.94415],[-77.02077,38.94416],[-77.02076,38.94416],[-77.02075,38.94416],[-77.02063,38.94416],[-77.02022,38.94417],[-77.02004,38.94418],[-77.01991,38.94418],[-77.01977,38.94419],[-77.01972,38.94419],[-77.01941,38.9442],[-77.01931,38.9442],[-77.01921,38.9442],[-77.01917,38.9442],[-77.01883,38.94421],[-77.01866,38.94422],[-77.01859,38.94422],[-77.01844,38.94422],[-77.01829,38.94423],[-77.01825,38.94423],[-77.01817,38.94423],[-77.01808,38.94423],[-77.01785,38.94424],[-77.01775,38.94424],[-77.01773,38.94424],[-77.01772,38.94424],[-77.01755,38.94425],[-77.01733,38.94426],[-77.01724,38.94426],[-77.01722,38.94426],[-77.01721,38.94426],[-77.01713,38.94426],[-77.01696,38.94427],[-77.01672,38.94427],[-77.01665,38.94427],[-77.01636,38.94428],[-77.01603,38.94429],[-77.01573,38.9443],[-77.01561,38.94431],[-77.01552,38.94431],[-77.01542,38.94431],[-77.01537,38.94431],[-77.01509,38.94432],[-77.01502,38.94432],[-77.01501,38.94433],[-77.015,38.94433],[-77.01502,38.94438],[-77.01502,38.94445],[-77.01503,38.94455],[-77.01503,38.94456],[-77.01503,38.94457],[-77.01503,38.94458],[-77.01503,38.94459],[-77.01504,38.9446],[-77.01504,38.94461],[-77.01504,38.94462],[-77.01505,38.94481],[-77.01505,38.94483],[-77.01505,38.94486],[-77.01506,38.94496],[-77.01506,38.94499],[-77.01507,38.94517],[-77.01507,38.94527],[-77.01508,38.94534],[-77.01508,38.9454],[-77.01493,38.9454],[-77.01464,38.94528],[-77.01463,38.94528],[-77.01454,38.94525],[-77.01427,38.94514],[-77.01374,38.94493],[-77.01325,38.94473],[-77.01311,38.94468],[-77.01302,38.94464],[-77.01274,38.94453],[-77.01264,38.94449],[-77.01242,38.9444],[-77.01215,38.94441],[-77.01186,38.94442],[-77.0117,38.94442],[-77.01169,38.94442],[-77.01168,38.94442],[-77.01167,38.94442],[-77.01166,38.94442],[-77.01165,38.94442],[-77.01164,38.94441],[-77.01163,38.94441],[-77.01162,38.94441],[-77.01161,38.9444],[-77.0116,38.94439],[-77.01159,38.94439],[-77.01158,38.94437],[-77.01154,38.94434],[-77.01152,38.94435],[-77.01149,38.94437],[-77.01148,38.94437],[-77.01147,38.94438],[-77.01145,38.94439],[-77.01129,38.94446],[-77.01123,38.94448],[-77.01118,38.9445],[-77.01112,38.94452],[-77.01107,38.94455],[-77.01102,38.94457],[-77.01097,38.9446],[-77.01093,38.94462],[-77.01092,38.94462],[-77.01091,38.94463],[-77.01086,38.94466],[-77.01084,38.94467],[-77.01082,38.94468],[-77.01081,38.94469],[-77.01077,38.94471],[-77.01041,38.94493],[-77.01,38.94519],[-77.00957,38.94545],[-77.00953,38.94547],[-77.0095,38.94549],[-77.00947,38.94552],[-77.00943,38.94554],[-77.0094,38.94556],[-77.00937,38.94558],[-77.00921,38.9457],[-77.00899,38.94592],[-77.00896,38.94597],[-77.00893,38.94601],[-77.00892,38.94601],[-77.0089,38.94603],[-77.00889,38.94605],[-77.00888,38.94606],[-77.00885,38.94611],[-77.00884,38.94613],[-77.00882,38.94615],[-77.0088,38.94618],[-77.00877,38.94622],[-77.00875,38.94627],[-77.00873,38.94631],[-77.00871,38.94635],[-77.00869,38.94639],[-77.00863,38.9466],[-77.0086,38.94677],[-77.0086,38.94694],[-77.0086,38.94701],[-77.0086,38.94707],[-77.0078,38.94654],[-77.00777,38.94652],[-77.00776,38.94651],[-77.00771,38.94648],[-77.00751,38.94635],[-77.0075,38.94635],[-77.00722,38.94645],[-77.00703,38.94652],[-77.0067,38.94664],[-77.00635,38.94677],[-77.00629,38.9468],[-77.00627,38.9468],[-77.00626,38.94681],[-77.00623,38.94682],[-77.00622,38.94682],[-77.0062,38.94683],[-77.00618,38.94683],[-77.00616,38.94684],[-77.00615,38.94684],[-77.00612,38.94685],[-77.0061,38.94686],[-77.00609,38.94686],[-77.00606,38.94687],[-77.00605,38.94688],[-77.00604,38.94688],[-77.00601,38.94689],[-77.00602,38.94693],[-77.00603,38.94696],[-77.00603,38.94697],[-77.00603,38.94698],[-77.00604,38.94702],[-77.0061,38.94742],[-77.0061,38.94743],[-77.00611,38.9475],[-77.00612,38.94758],[-77.00615,38.94773],[-77.00619,38.948],[-77.00622,38.94821],[-77.00624,38.94829],[-77.00625,38.94837],[-77.00626,38.94842],[-77.00627,38.94851],[-77.00628,38.9486],[-77.0063,38.94869],[-77.00631,38.94878],[-77.00632,38.94884],[-77.00643,38.94882],[-77.00648,38.94882],[-77.00676,38.94879],[-77.00688,38.94877],[-77.00688,38.94875],[-77.0069,38.94875],[-77.00701,38.94873],[-77.00713,38.94872],[-77.00724,38.94871],[-77.00736,38.94869],[-77.00756,38.94867],[-77.0077,38.94865],[-77.00771,38.94865],[-77.00772,38.94865],[-77.00773,38.94865],[-77.00774,38.94865],[-77.00775,38.94865],[-77.00776,38.94865],[-77.00777,38.94865],[-77.00779,38.94864],[-77.00788,38.94863],[-77.00812,38.9486],[-77.00813,38.94863],[-77.0082,38.94863],[-77.00849,38.94859],[-77.00856,38.94859],[-77.00872,38.94857],[-77.00873,38.94862],[-77.00875,38.94896],[-77.00879,38.9494],[-77.00879,38.94943],[-77.0088,38.94957],[-77.00882,38.94977],[-77.00885,38.95022],[-77.00885,38.95031],[-77.00887,38.9505],[-77.00887,38.95051],[-77.00887,38.95056],[-77.00889,38.95087],[-77.00889,38.95088],[-77.0089,38.95089],[-77.00891,38.95105],[-77.00899,38.95105],[-77.00901,38.95105],[-77.00902,38.95105],[-77.00903,38.95106],[-77.00905,38.95106],[-77.00906,38.95107],[-77.00907,38.95107],[-77.00909,38.95108],[-77.0091,38.95109],[-77.00911,38.95109],[-77.00911,38.9511],[-77.00912,38.9511],[-77.00937,38.95131],[-77.0094,38.95134],[-77.00951,38.95143],[-77.00958,38.9524],[-77.00959,38.9524],[-77.00961,38.95266],[-77.00963,38.953],[-77.00964,38.95325],[-77.00965,38.95332],[-77.00965,38.95337],[-77.00965,38.9534],[-77.00965,38.95344],[-77.00965,38.9535],[-77.00966,38.95352],[-77.00966,38.95353],[-77.00966,38.95354],[-77.00966,38.95356],[-77.00966,38.95357],[-77.00966,38.95358],[-77.00966,38.95359],[-77.00966,38.9536],[-77.00966,38.95361],[-77.00966,38.95362],[-77.00966,38.95363],[-77.00966,38.95364],[-77.00966,38.95365],[-77.00965,38.95367],[-77.00965,38.95377],[-77.00965,38.9538],[-77.00965,38.95385],[-77.00964,38.95392],[-77.00964,38.95402],[-77.00964,38.95407],[-77.00964,38.95412],[-77.00964,38.9542],[-77.00965,38.95436],[-77.00966,38.9545],[-77.00966,38.95452],[-77.00967,38.95461],[-77.00977,38.95461],[-77.01008,38.9546],[-77.01017,38.9546],[-77.01038,38.95459],[-77.01056,38.95459],[-77.01058,38.95459],[-77.01059,38.95459],[-77.01075,38.95458],[-77.01068,38.95467],[-77.01061,38.95477],[-77.01045,38.95499],[-77.01038,38.95509],[-77.01037,38.9551],[-77.0103,38.95519],[-77.01042,38.95523],[-77.01067,38.95531],[-77.0107,38.95531],[-77.01103,38.95542],[-77.01104,38.95543],[-77.01106,38.95543],[-77.0112,38.95548],[-77.01126,38.9555],[-77.01151,38.95558],[-77.01151,38.95559],[-77.01154,38.95559],[-77.01162,38.95562],[-77.0118,38.95568],[-77.01205,38.95576],[-77.01206,38.95576],[-77.01221,38.95581],[-77.01261,38.95594],[-77.01277,38.956],[-77.01278,38.956],[-77.01303,38.95608],[-77.01332,38.95618],[-77.01355,38.95625],[-77.01365,38.95628],[-77.01375,38.95632],[-77.01379,38.95633],[-77.01402,38.9564],[-77.01407,38.95642],[-77.01413,38.95644],[-77.01438,38.95652],[-77.01441,38.95653],[-77.01448,38.95656],[-77.01495,38.95671]],[[-77.01618,38.95411],[-77.01618,38.95412],[-77.01617,38.95412],[-77.01616,38.95413],[-77.01615,38.95413],[-77.01614,38.95414],[-77.01612,38.95415],[-77.01611,38.95415],[-77.01609,38.95416],[-77.01608,38.95416],[-77.01598,38.95416],[-77.01597,38.9539],[-77.01596,38.95357],[-77.01594,38.95326],[-77.01585,38.95326],[-77.0158,38.95326],[-77.01564,38.95327],[-77.01559,38.95327],[-77.01553,38.95327],[-77.01549,38.95327],[-77.01545,38.95327],[-77.01502,38.95328],[-77.01484,38.95329],[-77.01445,38.9533],[-77.01431,38.95331],[-77.01415,38.95331],[-77.014,38.95332],[-77.01362,38.95333],[-77.01351,38.95333],[-77.01341,38.95333],[-77.0134,38.95333],[-77.01298,38.95335],[-77.01244,38.95336],[-77.01238,38.95336],[-77.01244,38.95328],[-77.01247,38.95324],[-77.01267,38.95296],[-77.01273,38.95288],[-77.01279,38.9528],[-77.01285,38.95272],[-77.01289,38.95266],[-77.01294,38.95261],[-77.01294,38.9526],[-77.01294,38.95247],[-77.01293,38.95243],[-77.01293,38.95237],[-77.01292,38.9523],[-77.0126,38.95231],[-77.01259,38.95231],[-77.01258,38.95231],[-77.01243,38.95232],[-77.01227,38.95232],[-77.01207,38.95233],[-77.01169,38.95234],[-77.01164,38.95234],[-77.01154,38.95234],[-77.01145,38.95235],[-77.01132,38.95235],[-77.01118,38.95235],[-77.01117,38.95236],[-77.01115,38.95236],[-77.01082,38.95236],[-77.01082,38.95225],[-77.01081,38.9522],[-77.0108,38.95195],[-77.0108,38.95191],[-77.01078,38.95191],[-77.01105,38.95162],[-77.01122,38.95144],[-77.01139,38.95126],[-77.01148,38.95117],[-77.01155,38.95109],[-77.01162,38.95102],[-77.01171,38.95092],[-77.0118,38.95083],[-77.01187,38.95075],[-77.01194,38.95068],[-77.01203,38.95058],[-77.01212,38.95049],[-77.01219,38.95041],[-77.01228,38.95031],[-77.01237,38.95022],[-77.01246,38.95012],[-77.01256,38.95002],[-77.01265,38.94993],[-77.01276,38.94981],[-77.01288,38.94968],[-77.013,38.94956],[-77.013,38.94955],[-77.01307,38.94948],[-77.01311,38.94943],[-77.01315,38.94944],[-77.01337,38.94946],[-77.01344,38.94947],[-77.01395,38.94952],[-77.01425,38.94955],[-77.01447,38.94957],[-77.01469,38.94927],[-77.01507,38.94876],[-77.01508,38.94876],[-77.01508,38.94875],[-77.01515,38.94866],[-77.01522,38.94857],[-77.01529,38.94848],[-77.01546,38.94824],[-77.01554,38.94813],[-77.01563,38.94801],[-77.01569,38.94793],[-77.01584,38.94773],[-77.01594,38.94759],[-77.01597,38.94755],[-77.01603,38.94747],[-77.01604,38.94747],[-77.01605,38.94747],[-77.01607,38.94748],[-77.01608,38.94748],[-77.01609,38.94749],[-77.01611,38.94749],[-77.01612,38.94749],[-77.01613,38.9475],[-77.01614,38.9475],[-77.01616,38.9475],[-77.01618,38.9475],[-77.01619,38.9475],[-77.0162,38.94751],[-77.01622,38.94751],[-77.01643,38.9475],[-77.01651,38.9475],[-77.01659,38.9475],[-77.01665,38.9475],[-77.01685,38.94749],[-77.01687,38.94749],[-77.0169,38.94755],[-77.01691,38.94756],[-77.01691,38.94762],[-77.01692,38.94784],[-77.01693,38.94806],[-77.01694,38.94829],[-77.01694,38.94836],[-77.01695,38.94844],[-77.01695,38.94856],[-77.01696,38.94856],[-77.01731,38.94855],[-77.01733,38.94855],[-77.01734,38.94855],[-77.01743,38.94854],[-77.01744,38.94862],[-77.01744,38.94865],[-77.01745,38.9489],[-77.01745,38.94893],[-77.01746,38.94894],[-77.01746,38.94895],[-77.01747,38.94915],[-77.01747,38.9492],[-77.01747,38.94928],[-77.01748,38.94936],[-77.01748,38.9494],[-77.01749,38.94963],[-77.01734,38.94963],[-77.0172,38.94964],[-77.0169,38.94965],[-77.01667,38.94965],[-77.01643,38.94966],[-77.0163,38.94966],[-77.01593,38.94967],[-77.01585,38.94968],[-77.01577,38.94967],[-77.01577,38.94968],[-77.01577,38.9497],[-77.01578,38.94997],[-77.01578,38.95],[-77.01579,38.95007],[-77.01579,38.95015],[-77.0158,38.95045],[-77.01583,38.95098],[-77.01584,38.95107],[-77.01584,38.95114],[-77.01574,38.95115],[-77.01547,38.95115],[-77.01535,38.95116],[-77.01453,38.95118],[-77.0139,38.9512],[-77.0139,38.95124],[-77.01391,38.95131],[-77.01391,38.95132],[-77.01392,38.95147],[-77.01392,38.95156],[-77.01392,38.95162],[-77.01393,38.95177],[-77.01394,38.95201],[-77.01395,38.95214],[-77.01396,38.95227],[-77.01396,38.9524],[-77.01396,38.95248],[-77.01398,38.95273],[-77.01398,38.95279],[-77.0147,38.95277],[-77.0153,38.95275],[-77.01543,38.95275],[-77.01544,38.95275],[-77.01545,38.95275],[-77.01576,38.95274],[-77.01592,38.95274],[-77.01607,38.95273],[-77.01637,38.95272],[-77.0164,38.95272],[-77.01641,38.95287],[-77.01642,38.95304],[-77.01642,38.95312],[-77.01643,38.95325],[-77.01658,38.95324],[-77.01674,38.95324],[-77.01674,38.95334],[-77.01673,38.95335],[-77.01673,38.95337],[-77.01672,38.95338],[-77.01645,38.95374],[-77.01635,38.95388],[-77.01629,38.95396],[-77.01623,38.95404],[-77.01618,38.95411]]]},"properties":{"zone":"R-3","label":"R-3","desc":"Allows for attached rowhouses on small lots and row dwellings mingled with detached, semi-detached, and groupings of three or more row dwellings"}},{"type":"Feature","geometry":{"type":"Polygon","coordinates":[[[-77.05217,38.90253],[-77.05219,38.90253],[-77.05221,38.90253],[-77.05265,38.90253],[-77.05317,38.90254],[-77.05319,38.90254],[-77.05331,38.90254],[-77.05331,38.9024],[-77.05331,38.90233],[-77.05331,38.90182],[-77.05331,38.90158],[-77.05331,38.90157],[-77.05331,38.90136],[-77.05331,38.9013],[-77.05346,38.9013],[-77.05369,38.9013],[-77.05372,38.9013],[-77.05388,38.9013],[-77.05394,38.9013],[-77.05398,38.9013],[-77.05404,38.9013],[-77.05404,38.90141],[-77.05404,38.90151],[-77.05404,38.90157],[-77.05404,38.90173],[-77.05403,38.90185],[-77.05404,38.90187],[-77.05404,38.90188],[-77.05405,38.9019],[-77.05405,38.90191],[-77.05405,38.90192],[-77.05406,38.90193],[-77.05406,38.90194],[-77.05423,38.90194],[-77.05461,38.90194],[-77.05476,38.90194],[-77.05476,38.90193],[-77.05476,38.90185],[-77.05476,38.90159],[-77.05476,38.90151],[-77.05476,38.90145],[-77.05476,38.90114],[-77.05476,38.90095],[-77.05476,38.90087],[-77.05475,38.90085],[-77.05474,38.90082],[-77.0547,38.90076],[-77.0547,38.90075],[-77.05468,38.90073],[-77.05464,38.90071],[-77.05463,38.90071],[-77.05461,38.90071],[-77.0546,38.9007],[-77.05457,38.9007],[-77.05455,38.9007],[-77.05448,38.9007],[-77.05448,38.90063],[-77.05448,38.90058],[-77.05448,38.90054],[-77.05448,38.90047],[-77.05448,38.90046],[-77.05448,38.90045],[-77.05448,38.90044],[-77.05448,38.90043],[-77.05447,38.90042],[-77.05447,38.90041],[-77.05437,38.90032],[-77.05424,38.90019],[-77.0542,38.90015],[-77.05416,38.90015],[-77.05411,38.90015],[-77.0541,38.90015],[-77.05407,38.90015],[-77.05405,38.90015],[-77.05404,38.90015],[-77.05403,38.90015],[-77.05399,38.90015],[-77.05394,38.90015],[-77.05387,38.90015],[-77.05386,38.90015],[-77.05386,38.90018],[-77.05386,38.90019],[-77.05386,38.90022],[-77.0538,38.90022],[-77.05357,38.90022],[-77.05346,38.90022],[-77.05343,38.90022],[-77.05341,38.90022],[-77.05338,38.90022],[-77.05337,38.90022],[-77.05336,38.90022],[-77.05335,38.90022],[-77.05332,38.90022],[-77.05332,38.90021],[-77.05332,38.90017],[-77.05332,38.90016],[-77.05332,38.90004],[-77.05332,38.89998],[-77.05332,38.89989],[-77.05332,38.89984],[-77.05332,38.89982],[-77.05331,38.89976],[-77.05331,38.89971],[-77.05331,38.89968],[-77.05331,38.89967],[-77.0533,38.89965],[-77.05329,38.89963],[-77.05326,38.89961],[-77.05324,38.8996],[-77.05323,38.8996],[-77.05322,38.89959],[-77.05317,38.89958],[-77.05315,38.89958],[-77.05312,38.89958],[-77.05305,38.89958],[-77.05302,38.89958],[-77.053,38.89959],[-77.05297,38.89959],[-77.05294,38.89959],[-77.0529,38.89959],[-77.05289,38.89959],[-77.05281,38.89966],[-77.05274,38.89974],[-77.05272,38.89976],[-77.05267,38.89982],[-77.05266,38.89982],[-77.05266,38.89983],[-77.05265,38.89984],[-77.05264,38.89984],[-77.05264,38.89985],[-77.05263,38.89986],[-77.05262,38.89987],[-77.05261,38.89988],[-77.0526,38.89988],[-77.0526,38.89989],[-77.05259,38.8999],[-77.05258,38.89991],[-77.05257,38.89992],[-77.05256,38.89993],[-77.05256,38.89994],[-77.05255,38.89994],[-77.05254,38.89995],[-77.05253,38.89996],[-77.05253,38.89997],[-77.05252,38.89997],[-77.05251,38.89998],[-77.05251,38.89999],[-77.0525,38.89999],[-77.0525,38.9],[-77.05249,38.9],[-77.05249,38.90001],[-77.05248,38.90001],[-77.05248,38.90002],[-77.05247,38.90002],[-77.05247,38.90003],[-77.05246,38.90003],[-77.05246,38.90004],[-77.05245,38.90004],[-77.05245,38.90005],[-77.05244,38.90005],[-77.05244,38.90006],[-77.05243,38.90006],[-77.05243,38.90007],[-77.05242,38.90008],[-77.05241,38.90009],[-77.0524,38.90009],[-77.0524,38.9001],[-77.05239,38.90011],[-77.05238,38.90012],[-77.05237,38.90013],[-77.05237,38.90014],[-77.05236,38.90014],[-77.05236,38.90015],[-77.05235,38.90015],[-77.05234,38.90016],[-77.05234,38.90017],[-77.05233,38.90017],[-77.05226,38.90025],[-77.05192,38.9006],[-77.05183,38.9007],[-77.05182,38.90071],[-77.05181,38.90073],[-77.05175,38.90079],[-77.05174,38.9008],[-77.05169,38.90085],[-77.05158,38.90096],[-77.05154,38.90101],[-77.05144,38.9011],[-77.05143,38.90112],[-77.05142,38.90131],[-77.05142,38.90135],[-77.05142,38.90179],[-77.05142,38.90185],[-77.05158,38.90185],[-77.05193,38.90185],[-77.05193,38.90196],[-77.05217,38.90196],[-77.05217,38.90199],[-77.05217,38.90212],[-77.05217,38.90233],[-77.05217,38.90241],[-77.05217,38.90253]]]},"properties":{"zone":"R-3/FB","label":"R-3/FB","desc":"Permits Single household attached rowhouses on small lot"}},{"type":"Feature","geometry":{"type":"Polygon","coordinates":[[[-77.08166,38.9174],[-77.08145,38.9174],[-77.08108,38.9174],[-77.08084,38.9174],[-77.08061,38.9174],[-77.08037,38.9174],[-77.08014,38.9174],[-77.0799,38.9174],[-77.07967,38.91741],[-77.07943,38.91741],[-77.07919,38.91741],[-77.07896,38.91741],[-77.07872,38.91741],[-77.07877,38.91744],[-77.07877,38.91812],[-77.07868,38.91812],[-77.07654,38.91812],[-77.07642,38.91814],[-77.07702,38.91871],[-77.07707,38.91877],[-77.07708,38.91877],[-77.07721,38.91877],[-77.07724,38.91877],[-77.07729,38.91877],[-77.07731,38.91877],[-77.07736,38.91877],[-77.07742,38.91877],[-77.07749,38.91877],[-77.07754,38.91877],[-77.07776,38.91877],[-77.07808,38.91877],[-77.07846,38.91877],[-77.07861,38.91877],[-77.07866,38.91877],[-77.07868,38.91877],[-77.0787,38.91877],[-77.07877,38.91877],[-77.07877,38.91878],[-77.07877,38.91885],[-77.07878,38.91911],[-77.07878,38.91912],[-77.07878,38.91913],[-77.07878,38.91918],[-77.07888,38.91918],[-77.07892,38.91918],[-77.07923,38.91918],[-77.07927,38.91918],[-77.07931,38.91918],[-77.07958,38.91918],[-77.07968,38.91918],[-77.07974,38.91918],[-77.07977,38.91918],[-77.07978,38.91918],[-77.07979,38.91918],[-77.07985,38.91918],[-77.07995,38.91918],[-77.08009,38.91918],[-77.08018,38.91918],[-77.08018,38.91905],[-77.08026,38.91904],[-77.08035,38.91904],[-77.08044,38.91904],[-77.08053,38.91904],[-77.08061,38.91904],[-77.0807,38.91904],[-77.08079,38.91903],[-77.08088,38.91903],[-77.08097,38.91903],[-77.08105,38.91903],[-77.08114,38.91903],[-77.08123,38.91903],[-77.08132,38.91902],[-77.08141,38.91902],[-77.08149,38.91902],[-77.08158,38.91902],[-77.08167,38.91902],[-77.08176,38.91902],[-77.08184,38.91901],[-77.08193,38.91901],[-77.0825,38.919],[-77.0825,38.91893],[-77.0825,38.91885],[-77.08249,38.91871],[-77.08248,38.91864],[-77.08246,38.91857],[-77.08244,38.9185],[-77.08242,38.91844],[-77.08239,38.91837],[-77.08238,38.91833],[-77.08202,38.91801],[-77.08179,38.91781],[-77.08176,38.91771],[-77.08175,38.91767],[-77.08172,38.9176],[-77.0817,38.91752],[-77.08167,38.91743],[-77.08166,38.9174]]]},"properties":{"zone":"R-1B","label":"R-1B","desc":"Provides areas predominantly developed with detached houses on moderately sized lots."}},{"type":"Feature","geometry":{"type":"Polygon","coordinates":[[[-77.08812,38.95743],[-77.08812,38.95767],[-77.08812,38.95771],[-77.08812,38.9583],[-77.08837,38.95849],[-77.08848,38.95857],[-77.08852,38.95861],[-77.08853,38.95862],[-77.08859,38.95866],[-77.08865,38.95871],[-77.08884,38.95857],[-77.08899,38.95845],[-77.08887,38.95835],[-77.08877,38.95828],[-77.08875,38.95826],[-77.08873,38.95824],[-77.08871,38.95822],[-77.08868,38.9582],[-77.08867,38.95819],[-77.08867,38.95818],[-77.08866,38.95817],[-77.08865,38.95816],[-77.08865,38.95815],[-77.08864,38.95814],[-77.08864,38.95813],[-77.08864,38.95812],[-77.08863,38.95812],[-77.08863,38.95811],[-77.08863,38.9581],[-77.08863,38.95809],[-77.08863,38.95808],[-77.08863,38.95807],[-77.08863,38.95806],[-77.08863,38.95805],[-77.08863,38.95804],[-77.08863,38.95781],[-77.08863,38.9574],[-77.08863,38.95739],[-77.08863,38.95713],[-77.08863,38.95704],[-77.08863,38.95696],[-77.08863,38.9565],[-77.08863,38.95603],[-77.08863,38.95597],[-77.08863,38.95589],[-77.08863,38.95566],[-77.08863,38.95541],[-77.08863,38.95536],[-77.08863,38.9553],[-77.08863,38.95521],[-77.08863,38.95506],[-77.08864,38.95481],[-77.08867,38.95471],[-77.0885,38.95471],[-77.08804,38.95471],[-77.08789,38.95471],[-77.08732,38.95471],[-77.08678,38.95471],[-77.08647,38.95471],[-77.0863,38.95471],[-77.08621,38.95471],[-77.08621,38.95463],[-77.08621,38.95426],[-77.08621,38.95418],[-77.08621,38.9537],[-77.08621,38.9534],[-77.08621,38.95333],[-77.08621,38.95324],[-77.08621,38.95311],[-77.08621,38.95305],[-77.08621,38.95294],[-77.08621,38.95282],[-77.08621,38.95278],[-77.08621,38.9524],[-77.08621,38.95219],[-77.08621,38.95212],[-77.08621,38.95204],[-77.0862,38.95157],[-77.08621,38.95142],[-77.08621,38.95128],[-77.08621,38.95112],[-77.08621,38.95105],[-77.08621,38.95097],[-77.08621,38.95089],[-77.08621,38.95069],[-77.08621,38.95068],[-77.08621,38.95066],[-77.08621,38.95044],[-77.08621,38.95038],[-77.08621,38.95031],[-77.08621,38.95026],[-77.08621,38.95008],[-77.08621,38.95007],[-77.08621,38.95006],[-77.08621,38.94996],[-77.08621,38.94978],[-77.08621,38.9497],[-77.08621,38.94962],[-77.08621,38.94953],[-77.08621,38.94928],[-77.08621,38.94925],[-77.08621,38.94922],[-77.08621,38.94871],[-77.08621,38.94862],[-77.08614,38.94859],[-77.08613,38.94859],[-77.08612,38.94859],[-77.08577,38.94854],[-77.08561,38.94852],[-77.0854,38.94849],[-77.08537,38.94849],[-77.0851,38.94844],[-77.08509,38.94844],[-77.085,38.94843],[-77.085,38.9485],[-77.085,38.9489],[-77.085,38.94928],[-77.085,38.94963],[-77.085,38.9497],[-77.0849,38.9497],[-77.08464,38.9497],[-77.08429,38.94969],[-77.08396,38.94969],[-77.08388,38.9497],[-77.08379,38.9497],[-77.08377,38.9497],[-77.08376,38.9497],[-77.08375,38.9497],[-77.08374,38.9497],[-77.08372,38.9497],[-77.08371,38.9497],[-77.0837,38.9497],[-77.08369,38.9497],[-77.08368,38.9497],[-77.08341,38.9497],[-77.08314,38.9497],[-77.08277,38.9497],[-77.08255,38.9497],[-77.08255,38.94972],[-77.08255,38.94978],[-77.08255,38.94979],[-77.08255,38.9498],[-77.08255,38.94981],[-77.08256,38.94982],[-77.08256,38.94983],[-77.08257,38.94983],[-77.08257,38.94984],[-77.08258,38.94984],[-77.08269,38.94992],[-77.0827,38.94993],[-77.0828,38.94999],[-77.08289,38.95006],[-77.0829,38.95007],[-77.08296,38.95011],[-77.08297,38.95012],[-77.08302,38.95015],[-77.08303,38.95016],[-77.08305,38.95017],[-77.08306,38.95019],[-77.08308,38.9502],[-77.08309,38.95021],[-77.08311,38.95022],[-77.08311,38.95023],[-77.08313,38.95023],[-77.08314,38.95024],[-77.08316,38.95025],[-77.08317,38.95026],[-77.08319,38.95027],[-77.0832,38.95028],[-77.08323,38.9503],[-77.08326,38.95032],[-77.08327,38.95033],[-77.08328,38.95034],[-77.08331,38.95036],[-77.08334,38.95038],[-77.08336,38.95039],[-77.08337,38.9504],[-77.08334,38.95042],[-77.08313,38.9506],[-77.08309,38.95063],[-77.08303,38.95069],[-77.08298,38.95066],[-77.08262,38.9504],[-77.08223,38.95013],[-77.08215,38.95007],[-77.08204,38.95],[-77.08204,38.94988],[-77.08204,38.94985],[-77.08204,38.94977],[-77.08204,38.9497],[-77.08195,38.9497],[-77.08193,38.9497],[-77.08181,38.9497],[-77.08178,38.9497],[-77.08161,38.9497],[-77.08145,38.94969],[-77.08141,38.94969],[-77.08138,38.9497],[-77.08128,38.9497],[-77.08128,38.94983],[-77.08128,38.95012],[-77.08128,38.95017],[-77.08128,38.9504],[-77.08128,38.95049],[-77.08128,38.95057],[-77.08128,38.95061],[-77.08128,38.95066],[-77.08128,38.95078],[-77.08128,38.95093],[-77.08128,38.95104],[-77.08169,38.95104],[-77.08193,38.95104],[-77.08204,38.95104],[-77.08204,38.95112],[-77.08204,38.95113],[-77.08204,38.95128],[-77.08204,38.95141],[-77.08204,38.95173],[-77.08204,38.95204],[-77.08204,38.95212],[-77.08209,38.95212],[-77.08215,38.95212],[-77.08229,38.95212],[-77.08253,38.95212],[-77.08267,38.95212],[-77.08275,38.95212],[-77.08286,38.95212],[-77.08289,38.95212],[-77.08289,38.95224],[-77.08298,38.95224],[-77.08298,38.95286],[-77.08295,38.9529],[-77.08272,38.95298],[-77.08272,38.9531],[-77.08272,38.95313],[-77.08276,38.95312],[-77.08279,38.95311],[-77.08305,38.95301],[-77.08319,38.95296],[-77.08321,38.95295],[-77.08333,38.9529],[-77.08333,38.95287],[-77.08333,38.9528],[-77.08353,38.9528],[-77.08361,38.9528],[-77.08366,38.9528],[-77.08378,38.9528],[-77.08378,38.95287],[-77.08378,38.95295],[-77.08378,38.95322],[-77.08378,38.95324],[-77.08378,38.95332],[-77.08368,38.95332],[-77.08367,38.95332],[-77.08302,38.95332],[-77.08272,38.95332],[-77.08272,38.95341],[-77.08272,38.95346],[-77.08283,38.95366],[-77.08284,38.95368],[-77.08284,38.95369],[-77.08286,38.95371],[-77.08291,38.95381],[-77.08293,38.95385],[-77.08296,38.9539],[-77.08302,38.95402],[-77.08305,38.95409],[-77.08317,38.95431],[-77.08317,38.95437],[-77.08317,38.95445],[-77.08317,38.9545],[-77.08317,38.95455],[-77.08318,38.95471],[-77.08347,38.95471],[-77.08349,38.95474],[-77.08349,38.95475],[-77.08355,38.95486],[-77.08355,38.95487],[-77.08357,38.9549],[-77.08358,38.95492],[-77.0836,38.95497],[-77.08361,38.95498],[-77.08361,38.95499],[-77.08362,38.955],[-77.08366,38.95508],[-77.08367,38.9551],[-77.08374,38.95524],[-77.08378,38.95532],[-77.08379,38.95533],[-77.0838,38.95536],[-77.08381,38.95538],[-77.08382,38.95539],[-77.08385,38.95546],[-77.08391,38.95557],[-77.08393,38.95562],[-77.08395,38.95565],[-77.08404,38.95583],[-77.0841,38.95596],[-77.08417,38.95609],[-77.08423,38.95622],[-77.08428,38.95632],[-77.08437,38.95649],[-77.08438,38.9565],[-77.08438,38.95651],[-77.08441,38.95657],[-77.08451,38.95677],[-77.08455,38.95684],[-77.08458,38.9569],[-77.08458,38.95691],[-77.08461,38.95697],[-77.08464,38.95703],[-77.08472,38.95703],[-77.08538,38.95703],[-77.0857,38.95703],[-77.086,38.95703],[-77.08609,38.95703],[-77.0861,38.95703],[-77.08611,38.95704],[-77.08612,38.95704],[-77.08613,38.95704],[-77.08614,38.95704],[-77.08615,38.95705],[-77.08616,38.95705],[-77.08617,38.95705],[-77.08617,38.95706],[-77.08618,38.95706],[-77.08618,38.95707],[-77.08619,38.95707],[-77.08619,38.95708],[-77.0862,38.95708],[-77.0862,38.95709],[-77.08621,38.95709],[-77.08621,38.9571],[-77.08621,38.95711],[-77.08621,38.95712],[-77.08621,38.95713],[-77.08621,38.95741],[-77.08632,38.95741],[-77.08636,38.95741],[-77.08663,38.95741],[-77.08685,38.95741],[-77.08703,38.95742],[-77.08728,38.95742],[-77.08738,38.95742],[-77.08747,38.95742],[-77.08771,38.95741],[-77.08799,38.95741],[-77.08803,38.95741],[-77.08805,38.95741],[-77.08812,38.95741],[-77.08812,38.95743]]]},"properties":{"zone":"R-2","label":"R-2","desc":"Provide areas predominantly developed with semi-detached houses on moderately-sized lots that also contain some detached dwellings"}},{"type":"Feature","geometry":{"type":"Polygon","coordinates":[[[-76.99691,38.84813],[-76.9969,38.84846],[-76.99695,38.84846],[-76.997,38.84847],[-76.99705,38.84847],[-76.9971,38.84847],[-76.99716,38.84847],[-76.99721,38.84847],[-76.99726,38.84847],[-76.99731,38.84847],[-76.99736,38.84847],[-76.99737,38.84814],[-76.99737,38.84809],[-76.99737,38.84808],[-76.99715,38.84808],[-76.99692,38.84807],[-76.99691,38.84813]]]},"properties":{"zone":"R-3","label":"R-3","desc":"Allows for attached rowhouses on small lots and row dwellings mingled with detached, semi-detached, and groupings of three or more row dwellings"}},{"type":"Feature","geometry":{"type":"Polygon","coordinates":[[[-77.03801,38.96268],[-77.0382,38.96271],[-77.03831,38.96273],[-77.03842,38.96274],[-77.03848,38.96275],[-77.0385,38.96275],[-77.0385,38.96276],[-77.0386,38.96277],[-77.03884,38.9628],[-77.03891,38.96281],[-77.03891,38.96267],[-77.03891,38.9626],[-77.03891,38.9625],[-77.03891,38.96239],[-77.03891,38.96232],[-77.03891,38.96225],[-77.03891,38.96223],[-77.03891,38.96218],[-77.03891,38.96211],[-77.03891,38.96206],[-77.03891,38.96204],[-77.03891,38.96197],[-77.03891,38.96195],[-77.03891,38.96186],[-77.03871,38.96177],[-77.03841,38.96165],[-77.0384,38.96165],[-77.03842,38.96163],[-77.03859,38.96139],[-77.03868,38.96127],[-77.03876,38.96115],[-77.03885,38.96102],[-77.03852,38.96088],[-77.03871,38.96061],[-77.0388,38.96047],[-77.03881,38.96046],[-77.03849,38.96032],[-77.03816,38.96018],[-77.03805,38.96013],[-77.03807,38.9601],[-77.03808,38.96009],[-77.0381,38.96006],[-77.03816,38.95999],[-77.0384,38.95965],[-77.03849,38.95953],[-77.03853,38.95947],[-77.03867,38.95927],[-77.03886,38.95901],[-77.0389,38.95894],[-77.03877,38.95889],[-77.03869,38.95886],[-77.03859,38.95882],[-77.03845,38.95876],[-77.03824,38.95868],[-77.03796,38.95856],[-77.03795,38.95856],[-77.03794,38.95855],[-77.03793,38.95855],[-77.03793,38.95852],[-77.03765,38.95841],[-77.03768,38.95837],[-77.03789,38.95808],[-77.03799,38.95794],[-77.0382,38.95766],[-77.03823,38.95762],[-77.03843,38.95733],[-77.03847,38.95728],[-77.03846,38.95727],[-77.03835,38.95723],[-77.03811,38.95713],[-77.03789,38.95704],[-77.03759,38.95692],[-77.03758,38.95691],[-77.03724,38.95677],[-77.03722,38.95677],[-77.03717,38.95675],[-77.0369,38.95663],[-77.03656,38.95649],[-77.03655,38.95649],[-77.03654,38.95649],[-77.03653,38.95649],[-77.03652,38.95648],[-77.03651,38.95648],[-77.0365,38.95648],[-77.03649,38.95648],[-77.03648,38.95648],[-77.03647,38.95648],[-77.0364,38.95648],[-77.0364,38.95622],[-77.03641,38.95445],[-77.03641,38.95392],[-77.03641,38.95358],[-77.0364,38.95352],[-77.0364,38.95351],[-77.0364,38.9535],[-77.0364,38.95349],[-77.0364,38.95348],[-77.0364,38.95347],[-77.0364,38.95346],[-77.0364,38.95345],[-77.0364,38.95344],[-77.0364,38.95343],[-77.0364,38.95342],[-77.0364,38.95339],[-77.0364,38.95337],[-77.0364,38.95336],[-77.0364,38.95332],[-77.0364,38.95331],[-77.0364,38.9533],[-77.0364,38.95329],[-77.0364,38.95328],[-77.0364,38.95325],[-77.0364,38.95324],[-77.0364,38.95322],[-77.0364,38.9532],[-77.0364,38.95319],[-77.0364,38.95314],[-77.0364,38.95313],[-77.0364,38.95312],[-77.0364,38.95308],[-77.0364,38.95307],[-77.0364,38.95304],[-77.0364,38.95303],[-77.0364,38.953],[-77.0364,38.95299],[-77.0364,38.95298],[-77.0364,38.95297],[-77.0364,38.95296],[-77.0364,38.95295],[-77.0364,38.95294],[-77.03641,38.95293],[-77.03642,38.95255],[-77.03642,38.95254],[-77.03642,38.9523],[-77.03642,38.95133],[-77.03642,38.95081],[-77.03642,38.95053],[-77.03642,38.94957],[-77.03642,38.94953],[-77.03643,38.94827],[-77.03637,38.94827],[-77.03628,38.94827],[-77.03626,38.94827],[-77.03547,38.94827],[-77.03539,38.94827],[-77.03531,38.94827],[-77.0353,38.94827],[-77.03529,38.94827],[-77.03505,38.94827],[-77.03462,38.94827],[-77.03452,38.94827],[-77.03442,38.94827],[-77.03441,38.94827],[-77.03375,38.94827],[-77.03329,38.94827],[-77.03328,38.94827],[-77.03327,38.94827],[-77.03326,38.94827],[-77.03273,38.94827],[-77.03272,38.94921],[-77.03326,38.94975],[-77.03327,38.94976],[-77.03329,38.94978],[-77.03332,38.9498],[-77.03334,38.94983],[-77.03337,38.94985],[-77.03338,38.94987],[-77.03339,38.9499],[-77.03341,38.94992],[-77.03341,38.94994],[-77.03342,38.94996],[-77.03342,38.94997],[-77.03343,38.94999],[-77.03343,38.95001],[-77.03343,38.95002],[-77.03343,38.95003],[-77.03343,38.95006],[-77.03343,38.95008],[-77.03343,38.95027],[-77.03343,38.95188],[-77.03343,38.95196],[-77.03343,38.95232],[-77.03343,38.95282],[-77.03343,38.95283],[-77.03343,38.95291],[-77.03343,38.95299],[-77.03343,38.95342],[-77.03343,38.954],[-77.03343,38.95401],[-77.03343,38.95409],[-77.03343,38.95417],[-77.03343,38.9542],[-77.03343,38.95452],[-77.03343,38.95516],[-77.03343,38.95573],[-77.03343,38.95622],[-77.03357,38.95622],[-77.03358,38.95622],[-77.03359,38.95622],[-77.0336,38.95622],[-77.03404,38.95622],[-77.03407,38.95622],[-77.03407,38.95628],[-77.03407,38.9563],[-77.03407,38.95676],[-77.03407,38.9572],[-77.03407,38.95729],[-77.03356,38.95729],[-77.03348,38.95729],[-77.03343,38.95729],[-77.03343,38.95748],[-77.03323,38.95748],[-77.03292,38.95748],[-77.03289,38.95748],[-77.03285,38.95763],[-77.03279,38.95788],[-77.03278,38.95788],[-77.03278,38.95789],[-77.03277,38.9579],[-77.03276,38.9579],[-77.03274,38.95791],[-77.03248,38.95791],[-77.03246,38.95791],[-77.03244,38.95791],[-77.03243,38.9579],[-77.03239,38.95788],[-77.03236,38.95787],[-77.03235,38.95786],[-77.03233,38.95785],[-77.03229,38.95783],[-77.03228,38.95783],[-77.03226,38.95782],[-77.03222,38.9578],[-77.0322,38.95779],[-77.03219,38.95778],[-77.03219,38.95781],[-77.0322,38.95824],[-77.0322,38.95828],[-77.03219,38.95836],[-77.03218,38.95836],[-77.03218,38.95844],[-77.03218,38.95848],[-77.03219,38.95881],[-77.03219,38.95883],[-77.0322,38.95883],[-77.0322,38.95885],[-77.0322,38.95897],[-77.0322,38.95917],[-77.0322,38.95921],[-77.0322,38.95929],[-77.03239,38.95929],[-77.03255,38.95929],[-77.03256,38.95929],[-77.03259,38.95929],[-77.03267,38.95929],[-77.03277,38.95929],[-77.03279,38.95929],[-77.03294,38.95929],[-77.03323,38.95929],[-77.03329,38.95929],[-77.03338,38.95929],[-77.03343,38.95929],[-77.03343,38.95964],[-77.03356,38.9597],[-77.03367,38.95975],[-77.03379,38.95979],[-77.03379,38.9598],[-77.03389,38.95984],[-77.03411,38.95992],[-77.03435,38.96001],[-77.03433,38.96004],[-77.03429,38.9601],[-77.03421,38.96023],[-77.03418,38.96023],[-77.03416,38.96023],[-77.0339,38.96023],[-77.0339,38.96036],[-77.0339,38.96048],[-77.0339,38.96058],[-77.0339,38.9606],[-77.0339,38.96067],[-77.0339,38.9607],[-77.03391,38.96071],[-77.03397,38.96073],[-77.03396,38.96092],[-77.03396,38.961],[-77.03396,38.96106],[-77.03398,38.96106],[-77.03399,38.96106],[-77.03399,38.96114],[-77.03399,38.96117],[-77.03399,38.96138],[-77.03399,38.96161],[-77.03399,38.96171],[-77.034,38.96172],[-77.03401,38.96172],[-77.03402,38.96172],[-77.03403,38.96172],[-77.03404,38.96173],[-77.03405,38.96173],[-77.03406,38.96173],[-77.03407,38.96173],[-77.03408,38.96173],[-77.03409,38.96174],[-77.0341,38.96174],[-77.03411,38.96174],[-77.03413,38.96174],[-77.03414,38.96175],[-77.03415,38.96175],[-77.03416,38.96175],[-77.03417,38.96175],[-77.03418,38.96176],[-77.03419,38.96176],[-77.0342,38.96176],[-77.03421,38.96176],[-77.03421,38.96177],[-77.03422,38.96177],[-77.03424,38.96177],[-77.03424,38.96178],[-77.03425,38.96178],[-77.03426,38.96178],[-77.03427,38.96178],[-77.03428,38.96179],[-77.03429,38.96179],[-77.0343,38.96179],[-77.03431,38.96179],[-77.03432,38.9618],[-77.03433,38.9618],[-77.03434,38.9618],[-77.03435,38.9618],[-77.03435,38.96181],[-77.03436,38.96181],[-77.03437,38.96181],[-77.03438,38.96181],[-77.03438,38.96182],[-77.03439,38.96182],[-77.0344,38.96182],[-77.03441,38.96182],[-77.03442,38.96183],[-77.03443,38.96183],[-77.03444,38.96183],[-77.03445,38.96184],[-77.03446,38.96184],[-77.03447,38.96184],[-77.03448,38.96184],[-77.03449,38.96185],[-77.0345,38.96185],[-77.03451,38.96185],[-77.03452,38.96185],[-77.03452,38.96186],[-77.03453,38.96186],[-77.03454,38.96186],[-77.03455,38.96186],[-77.03455,38.96187],[-77.03456,38.96187],[-77.03457,38.96187],[-77.03458,38.96187],[-77.03459,38.96188],[-77.0346,38.96188],[-77.03461,38.96188],[-77.03462,38.96189],[-77.03463,38.96189],[-77.03464,38.96189],[-77.03464,38.9619],[-77.03465,38.9619],[-77.03466,38.9619],[-77.03467,38.9619],[-77.03467,38.96191],[-77.03468,38.96191],[-77.03469,38.96191],[-77.0347,38.96192],[-77.03471,38.96192],[-77.03472,38.96192],[-77.03473,38.96193],[-77.03474,38.96193],[-77.03475,38.96193],[-77.03475,38.96194],[-77.03476,38.96194],[-77.03477,38.96194],[-77.03478,38.96194],[-77.03478,38.96195],[-77.03479,38.96195],[-77.0348,38.96195],[-77.03481,38.96196],[-77.03482,38.96196],[-77.03483,38.96196],[-77.03484,38.96197],[-77.03485,38.96197],[-77.03486,38.96198],[-77.03487,38.96198],[-77.03488,38.96198],[-77.03489,38.96199],[-77.0349,38.96199],[-77.03491,38.96199],[-77.03492,38.962],[-77.03493,38.962],[-77.03494,38.962],[-77.03494,38.96201],[-77.03495,38.96201],[-77.03496,38.96201],[-77.03497,38.96202],[-77.03498,38.96202],[-77.03499,38.96202],[-77.03501,38.96203],[-77.03503,38.96204],[-77.03504,38.96204],[-77.03505,38.96205],[-77.03506,38.96205],[-77.03507,38.96205],[-77.03507,38.96206],[-77.03508,38.96206],[-77.03509,38.96206],[-77.0351,38.96206],[-77.0351,38.96207],[-77.03511,38.96207],[-77.03512,38.96207],[-77.03513,38.96208],[-77.03516,38.96209],[-77.03517,38.96209],[-77.03518,38.9621],[-77.03519,38.9621],[-77.0352,38.9621],[-77.03521,38.96211],[-77.03522,38.96211],[-77.03534,38.96217],[-77.0354,38.96219],[-77.03544,38.96221],[-77.03545,38.96221],[-77.03545,38.96222],[-77.03546,38.96222],[-77.03547,38.96222],[-77.03548,38.96222],[-77.03549,38.96223],[-77.0355,38.96223],[-77.03551,38.96224],[-77.03558,38.96225],[-77.03558,38.96226],[-77.03559,38.96226],[-77.0356,38.96226],[-77.03561,38.96226],[-77.03562,38.96227],[-77.03563,38.96227],[-77.03564,38.96227],[-77.03565,38.96227],[-77.03573,38.96229],[-77.03574,38.96229],[-77.03575,38.96229],[-77.03578,38.9623],[-77.03579,38.9623],[-77.03583,38.96231],[-77.03584,38.96231],[-77.03589,38.96232],[-77.03595,38.96233],[-77.036,38.96234],[-77.03604,38.96235],[-77.0361,38.96236],[-77.03612,38.96237],[-77.03616,38.96237],[-77.03622,38.96238],[-77.03625,38.96239],[-77.03627,38.96239],[-77.03633,38.96241],[-77.03639,38.96242],[-77.03648,38.96243],[-77.03652,38.96244],[-77.03655,38.96245],[-77.0366,38.96247],[-77.03681,38.96251],[-77.03682,38.96252],[-77.03683,38.96252],[-77.03686,38.96252],[-77.03687,38.96252],[-77.03688,38.96252],[-77.03691,38.96253],[-77.03692,38.96253],[-77.03693,38.96253],[-77.03695,38.96253],[-77.03696,38.96254],[-77.03697,38.96254],[-77.03698,38.96254],[-77.03699,38.96254],[-77.037,38.96254],[-77.03703,38.96255],[-77.03704,38.96255],[-77.03705,38.96255],[-77.03708,38.96255],[-77.03709,38.96255],[-77.03711,38.96256],[-77.03713,38.96256],[-77.03714,38.96256],[-77.03715,38.96256],[-77.03716,38.96256],[-77.03719,38.96257],[-77.0372,38.96257],[-77.03722,38.96257],[-77.03724,38.96257],[-77.03725,38.96257],[-77.03727,38.96258],[-77.03728,38.96258],[-77.03729,38.96258],[-77.0373,38.96258],[-77.03732,38.96259],[-77.03767,38.96264],[-77.03801,38.96268]]]},"properties":{"zone":"R-1B/SH","label":"R-1B/SH","desc":"Promotes the conservation, enhancement, and stability of the low-density, single household neighborhood for housing and neighborhood uses"}},{"type":"Feature","geometry":{"type":"Polygon","coordinates":[[[-76.98298,38.8569],[-76.983,38.8569],[-76.98303,38.85691],[-76.98305,38.85691],[-76.98307,38.85692],[-76.98309,38.85692],[-76.98311,38.85693],[-76.98351,38.85717],[-76.98352,38.85718],[-76.9836,38.85723],[-76.98371,38.8573],[-76.98384,38.85738],[-76.98387,38.8574],[-76.9839,38.85741],[-76.98393,38.85743],[-76.984,38.85748],[-76.98408,38.85752],[-76.98415,38.85757],[-76.98423,38.85762],[-76.98424,38.85763],[-76.98432,38.85768],[-76.9845,38.85781],[-76.98459,38.85787],[-76.98468,38.85778],[-76.98474,38.85773],[-76.98487,38.85762],[-76.98491,38.85759],[-76.98505,38.85748],[-76.98505,38.85747],[-76.98519,38.85736],[-76.98534,38.85725],[-76.9854,38.8572],[-76.98548,38.85714],[-76.9856,38.85703],[-76.98562,38.85702],[-76.98563,38.85701],[-76.98564,38.857],[-76.98566,38.85699],[-76.98567,38.85698],[-76.98569,38.85697],[-76.98571,38.85696],[-76.98572,38.85695],[-76.98574,38.85694],[-76.98575,38.85693],[-76.98585,38.85687],[-76.98594,38.85682],[-76.98604,38.85676],[-76.98613,38.85671],[-76.98622,38.85665],[-76.98632,38.8566],[-76.98641,38.85654],[-76.98651,38.85649],[-76.9866,38.85643],[-76.98669,38.85638],[-76.98674,38.85635],[-76.98679,38.85632],[-76.98684,38.8563],[-76.98689,38.85627],[-76.98693,38.85624],[-76.98698,38.85621],[-76.987,38.8562],[-76.98699,38.85617],[-76.98698,38.85613],[-76.98698,38.85609],[-76.98697,38.85605],[-76.98696,38.85601],[-76.98696,38.85596],[-76.98695,38.85592],[-76.98694,38.85591],[-76.98694,38.85589],[-76.98694,38.85588],[-76.98693,38.85586],[-76.98692,38.85585],[-76.98692,38.85583],[-76.98691,38.85582],[-76.9869,38.85581],[-76.98689,38.85579],[-76.98688,38.85578],[-76.98679,38.85565],[-76.98678,38.85563],[-76.98676,38.85562],[-76.98675,38.8556],[-76.98674,38.85558],[-76.98673,38.85556],[-76.98671,38.85554],[-76.9867,38.85553],[-76.98678,38.85549],[-76.98714,38.8553],[-76.98707,38.8552],[-76.98702,38.85512],[-76.98697,38.85504],[-76.98692,38.85496],[-76.98719,38.85486],[-76.98717,38.85483],[-76.98732,38.85477],[-76.98747,38.85471],[-76.98773,38.85451],[-76.98785,38.85452],[-76.98821,38.85461],[-76.98859,38.85467],[-76.98859,38.85471],[-76.98867,38.85471],[-76.98886,38.85472],[-76.98902,38.85473],[-76.98905,38.85473],[-76.98905,38.85477],[-76.9893,38.85478],[-76.98941,38.85479],[-76.98942,38.85473],[-76.98952,38.85474],[-76.98951,38.85485],[-76.98966,38.85486],[-76.98967,38.85475],[-76.98998,38.85479],[-76.99042,38.85485],[-76.99062,38.85486],[-76.99061,38.85444],[-76.99061,38.85436],[-76.99114,38.85438],[-76.99114,38.85433],[-76.99114,38.85427],[-76.99112,38.85391],[-76.99098,38.8539],[-76.99084,38.85389],[-76.9907,38.85388],[-76.9907,38.85386],[-76.99052,38.85387],[-76.99028,38.85387],[-76.99028,38.85385],[-76.99017,38.85385],[-76.99017,38.8538],[-76.99017,38.85379],[-76.98996,38.85378],[-76.98996,38.85379],[-76.98985,38.85378],[-76.98965,38.85375],[-76.98944,38.85372],[-76.98904,38.85367],[-76.98863,38.85361],[-76.98825,38.85356],[-76.98789,38.85351],[-76.98755,38.85345],[-76.98718,38.85339],[-76.98689,38.85334],[-76.98659,38.85329],[-76.98661,38.85375],[-76.98634,38.85376],[-76.98635,38.85412],[-76.9862,38.85412],[-76.98621,38.8544],[-76.98621,38.85447],[-76.98616,38.85449],[-76.98615,38.8545],[-76.98613,38.85451],[-76.98611,38.85451],[-76.9861,38.85452],[-76.98608,38.85452],[-76.98607,38.85452],[-76.98606,38.85453],[-76.98604,38.85453],[-76.98603,38.85453],[-76.98601,38.85454],[-76.986,38.85454],[-76.98598,38.85454],[-76.98596,38.85454],[-76.98595,38.85454],[-76.98592,38.85452],[-76.9859,38.8545],[-76.98587,38.85448],[-76.98585,38.85447],[-76.98584,38.85446],[-76.98581,38.85444],[-76.98577,38.85442],[-76.98572,38.85439],[-76.98568,38.85436],[-76.98563,38.85434],[-76.98558,38.85431],[-76.98554,38.85428],[-76.98549,38.85425],[-76.98545,38.85423],[-76.9854,38.8542],[-76.98535,38.85417],[-76.98534,38.85416],[-76.98532,38.85416],[-76.9853,38.85415],[-76.98529,38.85414],[-76.98527,38.85413],[-76.98525,38.85412],[-76.98523,38.85412],[-76.98521,38.85411],[-76.9852,38.8541],[-76.98518,38.8541],[-76.98478,38.85399],[-76.98438,38.85388],[-76.98431,38.85386],[-76.98418,38.85382],[-76.98399,38.85377],[-76.98387,38.85374],[-76.9837,38.85369],[-76.98367,38.85368],[-76.98364,38.85366],[-76.98361,38.85365],[-76.98358,38.85364],[-76.98356,38.85362],[-76.98353,38.8536],[-76.98351,38.85359],[-76.98348,38.85357],[-76.98346,38.85355],[-76.98344,38.85353],[-76.98341,38.85349],[-76.98339,38.8535],[-76.98338,38.85351],[-76.98336,38.85351],[-76.98334,38.85352],[-76.98333,38.85353],[-76.98331,38.85353],[-76.9833,38.85354],[-76.98329,38.85354],[-76.98328,38.85355],[-76.98326,38.85356],[-76.98325,38.85356],[-76.9832,38.85358],[-76.98315,38.85361],[-76.9831,38.85363],[-76.98305,38.85365],[-76.98301,38.85367],[-76.98296,38.8537],[-76.98295,38.8537],[-76.98291,38.85372],[-76.98287,38.85375],[-76.98283,38.85377],[-76.98278,38.8538],[-76.98276,38.85383],[-76.98275,38.85386],[-76.98274,38.85389],[-76.98281,38.85427],[-76.98271,38.85432],[-76.98224,38.85457],[-76.98207,38.85466],[-76.98197,38.85471],[-76.98161,38.85491],[-76.98184,38.85505],[-76.98193,38.85511],[-76.98202,38.85517],[-76.97969,38.85517],[-76.97969,38.8553],[-76.9797,38.85541],[-76.9797,38.85566],[-76.97969,38.8557],[-76.9797,38.8557],[-76.98,38.85571],[-76.98,38.85573],[-76.98,38.85598],[-76.98,38.85612],[-76.98,38.85623],[-76.98004,38.85623],[-76.98007,38.85624],[-76.9801,38.85624],[-76.98014,38.85624],[-76.98017,38.85624],[-76.98021,38.85624],[-76.98066,38.85624],[-76.98068,38.85624],[-76.98079,38.85624],[-76.98079,38.85633],[-76.98079,38.8565],[-76.98079,38.85679],[-76.98079,38.85713],[-76.9808,38.85717],[-76.9808,38.85722],[-76.9808,38.85726],[-76.98095,38.85724],[-76.98113,38.85721],[-76.98121,38.85719],[-76.98148,38.85715],[-76.98185,38.85708],[-76.98215,38.85703],[-76.98225,38.85701],[-76.98236,38.85699],[-76.98248,38.85697],[-76.98274,38.85693],[-76.98289,38.85691],[-76.98292,38.8569],[-76.98294,38.8569],[-76.98296,38.8569],[-76.98298,38.8569]]]},"properties":{"zone":"R-3","label":"R-3","desc":"Allows for attached rowhouses on small lots and row dwellings mingled with detached, semi-detached, and groupings of three or more row dwellings"}},{"type":"Feature","geometry":{"type":"Polygon","coordinates":[[[-77.07366,38.9479],[-77.07399,38.94791],[-77.07418,38.94791],[-77.0745,38.94791],[-77.07461,38.94791],[-77.07461,38.9479],[-77.07461,38.94782],[-77.07461,38.94766],[-77.07461,38.94749],[-77.07461,38.94748],[-77.07461,38.94747],[-77.07461,38.94746],[-77.07461,38.94719],[-77.07461,38.94718],[-77.07461,38.9471],[-77.07451,38.9471],[-77.0745,38.9471],[-77.07448,38.9471],[-77.07429,38.9471],[-77.07407,38.9471],[-77.07407,38.94702],[-77.07407,38.9469],[-77.07407,38.94686],[-77.07407,38.9468],[-77.07407,38.94674],[-77.07407,38.94671],[-77.07407,38.9467],[-77.07407,38.94666],[-77.07407,38.94646],[-77.07407,38.94642],[-77.07407,38.9464],[-77.07407,38.94629],[-77.07407,38.94618],[-77.07407,38.94617],[-77.07407,38.9461],[-77.07407,38.94591],[-77.07407,38.9459],[-77.07407,38.94589],[-77.07407,38.94578],[-77.07407,38.94571],[-77.07407,38.94562],[-77.07407,38.94554],[-77.07423,38.94554],[-77.07451,38.94554],[-77.07455,38.94554],[-77.07461,38.94554],[-77.07461,38.94547],[-77.07461,38.94546],[-77.07461,38.94545],[-77.07461,38.94527],[-77.07461,38.94519],[-77.07461,38.94518],[-77.07471,38.94519],[-77.07472,38.94519],[-77.07483,38.94519],[-77.07495,38.94519],[-77.07504,38.94519],[-77.07518,38.94519],[-77.07536,38.94518],[-77.07553,38.94518],[-77.07574,38.94518],[-77.07593,38.94518],[-77.07614,38.94518],[-77.07615,38.94518],[-77.07616,38.94518],[-77.07639,38.94518],[-77.0767,38.94519],[-77.07685,38.94518],[-77.07686,38.94518],[-77.07687,38.94519],[-77.07691,38.94519],[-77.07703,38.94518],[-77.07719,38.94518],[-77.07736,38.94518],[-77.07746,38.94518],[-77.07745,38.94491],[-77.07745,38.94479],[-77.07714,38.94479],[-77.07704,38.94479],[-77.07704,38.9447],[-77.07704,38.94408],[-77.07704,38.94407],[-77.07704,38.94406],[-77.07704,38.94398],[-77.07696,38.94398],[-77.07695,38.94398],[-77.07694,38.94398],[-77.07671,38.94398],[-77.07653,38.94398],[-77.07653,38.9439],[-77.07653,38.94379],[-77.07653,38.94358],[-77.07653,38.94351],[-77.07653,38.94327],[-77.07653,38.94317],[-77.07646,38.94317],[-77.07632,38.94317],[-77.07632,38.94305],[-77.07615,38.94274],[-77.07613,38.94271],[-77.07611,38.94267],[-77.07601,38.94248],[-77.076,38.94247],[-77.07599,38.94245],[-77.07599,38.94244],[-77.07599,38.94243],[-77.07599,38.94241],[-77.07599,38.94235],[-77.07599,38.94223],[-77.07493,38.94222],[-77.0741,38.94222],[-77.0741,38.94231],[-77.0741,38.9427],[-77.07375,38.9427],[-77.07374,38.9427],[-77.07319,38.9427],[-77.07264,38.94269],[-77.07253,38.9427],[-77.07252,38.9427],[-77.07242,38.9427],[-77.07241,38.9427],[-77.07231,38.9427],[-77.07215,38.9427],[-77.07182,38.94269],[-77.0715,38.94269],[-77.07149,38.94269],[-77.07116,38.9427],[-77.07082,38.9427],[-77.07047,38.94269],[-77.07009,38.9427],[-77.06995,38.9427],[-77.06971,38.9427],[-77.06967,38.94272],[-77.06965,38.94272],[-77.06964,38.94272],[-77.06942,38.94278],[-77.06927,38.94282],[-77.06917,38.94285],[-77.06917,38.94287],[-77.06919,38.9429],[-77.06921,38.94295],[-77.06927,38.94308],[-77.06932,38.94317],[-77.06936,38.94326],[-77.06939,38.94332],[-77.06943,38.94339],[-77.06946,38.94345],[-77.0695,38.94351],[-77.06953,38.94357],[-77.06956,38.94361],[-77.06957,38.94363],[-77.06961,38.94369],[-77.06964,38.94375],[-77.06968,38.94381],[-77.06972,38.94387],[-77.06976,38.94393],[-77.06976,38.94394],[-77.06977,38.94394],[-77.06982,38.94404],[-77.06983,38.94409],[-77.06984,38.94416],[-77.06985,38.94424],[-77.06985,38.94429],[-77.06985,38.94472],[-77.06985,38.94475],[-77.06985,38.94479],[-77.06985,38.94486],[-77.06985,38.94505],[-77.06985,38.94516],[-77.06985,38.94539],[-77.06985,38.94575],[-77.06985,38.94615],[-77.06985,38.94621],[-77.06985,38.94629],[-77.06985,38.94636],[-77.06985,38.94637],[-77.06985,38.94672],[-77.06985,38.94698],[-77.06985,38.94702],[-77.06985,38.9471],[-77.06994,38.9471],[-77.07,38.9471],[-77.07042,38.9471],[-77.07089,38.94709],[-77.07149,38.94709],[-77.07179,38.9471],[-77.07219,38.9471],[-77.07222,38.9471],[-77.07235,38.9471],[-77.07237,38.94713],[-77.07238,38.94716],[-77.0724,38.94719],[-77.07241,38.94723],[-77.07243,38.94726],[-77.07244,38.9473],[-77.07245,38.94733],[-77.07247,38.94737],[-77.07248,38.9474],[-77.07249,38.94744],[-77.0725,38.94747],[-77.07251,38.94751],[-77.07252,38.94754],[-77.07253,38.94758],[-77.07253,38.94761],[-77.07254,38.94764],[-77.07255,38.94767],[-77.07255,38.9477],[-77.07256,38.94773],[-77.07256,38.94777],[-77.07257,38.9478],[-77.07257,38.94781],[-77.07257,38.94783],[-77.07258,38.94786],[-77.07258,38.94791],[-77.0727,38.94791],[-77.07271,38.94791],[-77.07299,38.9479],[-77.07334,38.9479],[-77.07366,38.9479]]]},"properties":{"zone":"R-2","label":"R-2","desc":"Provide areas predominantly developed with semi-detached houses on moderately-sized lots that also contain some detached dwellings"}},{"type":"Feature","geometry":{"type":"MultiPolygon","coordinates":[[[[-77.03642,38.94953],[-77.03642,38.94957],[-77.03642,38.95053],[-77.03642,38.95081],[-77.03642,38.95133],[-77.03642,38.9523],[-77.03642,38.95254],[-77.03646,38.9525],[-77.03656,38.9524],[-77.03658,38.95239],[-77.03658,38.95238],[-77.03716,38.95189],[-77.03741,38.95167],[-77.03746,38.95163],[-77.03747,38.95163],[-77.03748,38.95162],[-77.03751,38.95159],[-77.03755,38.95156],[-77.03762,38.95149],[-77.03785,38.9513],[-77.03807,38.95112],[-77.03816,38.95105],[-77.03817,38.95104],[-77.03817,38.95103],[-77.03827,38.95095],[-77.03838,38.95086],[-77.03839,38.95085],[-77.0384,38.95085],[-77.03904,38.95029],[-77.03923,38.95013],[-77.03931,38.95006],[-77.03958,38.94983],[-77.03967,38.94976],[-77.03986,38.94959],[-77.03996,38.94951],[-77.03997,38.9495],[-77.04003,38.94945],[-77.0401,38.9494],[-77.04011,38.94939],[-77.04011,38.94938],[-77.04038,38.94916],[-77.04061,38.94897],[-77.04081,38.9488],[-77.04107,38.94857],[-77.04129,38.94839],[-77.04142,38.94828],[-77.04142,38.94827],[-77.04143,38.94827],[-77.04148,38.94821],[-77.0414,38.94816],[-77.04139,38.94816],[-77.04115,38.94798],[-77.04096,38.94784],[-77.04088,38.94779],[-77.04081,38.94774],[-77.04061,38.9476],[-77.04051,38.94752],[-77.04036,38.94741],[-77.04029,38.94736],[-77.04025,38.9474],[-77.04024,38.9474],[-77.04023,38.94741],[-77.04001,38.9476],[-77.04,38.9476],[-77.03984,38.94748],[-77.03972,38.9474],[-77.03957,38.94729],[-77.03945,38.94721],[-77.03942,38.94719],[-77.03939,38.94717],[-77.03895,38.94694],[-77.03889,38.94691],[-77.03886,38.94689],[-77.03883,38.94688],[-77.03893,38.94679],[-77.03894,38.94678],[-77.03895,38.94678],[-77.03895,38.94677],[-77.03922,38.94654],[-77.03933,38.94645],[-77.03986,38.94601],[-77.04032,38.94561],[-77.04054,38.94542],[-77.04082,38.94519],[-77.04087,38.94515],[-77.04095,38.94508],[-77.04104,38.94501],[-77.04117,38.9449],[-77.0412,38.94487],[-77.04127,38.94481],[-77.04137,38.94472],[-77.04138,38.94471],[-77.04139,38.9447],[-77.04145,38.94466],[-77.04179,38.94437],[-77.04196,38.94421],[-77.04209,38.94409],[-77.0422,38.94399],[-77.04249,38.9437],[-77.04254,38.94365],[-77.04259,38.9436],[-77.04262,38.94356],[-77.04263,38.94355],[-77.04264,38.94354],[-77.04268,38.94349],[-77.04273,38.94344],[-77.04277,38.94338],[-77.04282,38.94333],[-77.04286,38.94327],[-77.04291,38.94322],[-77.04295,38.94316],[-77.043,38.94309],[-77.04308,38.94298],[-77.04299,38.94296],[-77.04298,38.94296],[-77.04297,38.94295],[-77.04206,38.94295],[-77.04181,38.94295],[-77.04181,38.94286],[-77.04181,38.94273],[-77.04181,38.94242],[-77.04181,38.94212],[-77.04181,38.94199],[-77.04181,38.94189],[-77.04178,38.94189],[-77.04138,38.94189],[-77.04137,38.94189],[-77.04128,38.94189],[-77.04128,38.94181],[-77.04127,38.94144],[-77.04129,38.94102],[-77.04129,38.9409],[-77.04129,38.94083],[-77.04121,38.94082],[-77.04119,38.94082],[-77.04118,38.94082],[-77.04104,38.94082],[-77.04067,38.94082],[-77.04067,38.94075],[-77.04067,38.94069],[-77.04067,38.94063],[-77.04067,38.94054],[-77.04067,38.94051],[-77.04067,38.94033],[-77.04066,38.94033],[-77.04066,38.94032],[-77.04065,38.94031],[-77.04064,38.9403],[-77.04063,38.9403],[-77.04063,38.94029],[-77.04062,38.94029],[-77.04037,38.94029],[-77.0401,38.94029],[-77.04,38.94029],[-77.03988,38.94029],[-77.03957,38.94029],[-77.03946,38.94029],[-77.03931,38.94029],[-77.03922,38.94029],[-77.03905,38.94029],[-77.03884,38.94029],[-77.03876,38.94029],[-77.03859,38.94029],[-77.03836,38.94029],[-77.03832,38.94029],[-77.03815,38.94029],[-77.03798,38.94028],[-77.03797,38.94028],[-77.03796,38.94028],[-77.03771,38.94028],[-77.03756,38.94028],[-77.03736,38.94028],[-77.03729,38.94028],[-77.03723,38.94029],[-77.03722,38.94023],[-77.03722,38.94016],[-77.03722,38.94014],[-77.03722,38.94013],[-77.03722,38.94012],[-77.03722,38.9401],[-77.03722,38.94009],[-77.03721,38.94007],[-77.03721,38.94003],[-77.03721,38.94001],[-77.03721,38.93982],[-77.03721,38.93975],[-77.03718,38.93975],[-77.03675,38.93975],[-77.03658,38.93975],[-77.03649,38.93975],[-77.03645,38.93975],[-77.03644,38.94034],[-77.03644,38.94035],[-77.03616,38.94035],[-77.03581,38.94035],[-77.03578,38.94034],[-77.03578,38.94035],[-77.03578,38.94036],[-77.03578,38.94039],[-77.03578,38.94042],[-77.03578,38.94045],[-77.03578,38.94047],[-77.03578,38.94049],[-77.03578,38.9405],[-77.03578,38.94052],[-77.03578,38.94055],[-77.03578,38.94058],[-77.03578,38.9406],[-77.03578,38.94062],[-77.03578,38.94063],[-77.03578,38.94065],[-77.03577,38.94065],[-77.03577,38.94066],[-77.03577,38.94067],[-77.03576,38.94068],[-77.03576,38.94069],[-77.03575,38.9407],[-77.0356,38.94088],[-77.03546,38.94105],[-77.0354,38.94111],[-77.03523,38.94132],[-77.0352,38.94135],[-77.03515,38.94143],[-77.03566,38.94143],[-77.03567,38.94143],[-77.03568,38.94144],[-77.03569,38.94144],[-77.0357,38.94145],[-77.0357,38.94146],[-77.03571,38.94152],[-77.03571,38.94155],[-77.03571,38.94158],[-77.03571,38.94162],[-77.03571,38.94163],[-77.03571,38.94165],[-77.03571,38.94168],[-77.03571,38.94171],[-77.03571,38.94174],[-77.03571,38.94175],[-77.0357,38.94175],[-77.0357,38.94177],[-77.0357,38.9418],[-77.0357,38.94188],[-77.03581,38.94188],[-77.03581,38.94202],[-77.03581,38.94211],[-77.03581,38.94234],[-77.03581,38.94241],[-77.03581,38.94243],[-77.03581,38.94255],[-77.03581,38.94262],[-77.03581,38.94284],[-77.03581,38.94289],[-77.03581,38.94294],[-77.0357,38.94294],[-77.03569,38.94294],[-77.03563,38.94294],[-77.03563,38.94308],[-77.03563,38.94328],[-77.03563,38.94346],[-77.03562,38.94353],[-77.03563,38.94353],[-77.03563,38.94355],[-77.03563,38.94356],[-77.03563,38.94383],[-77.03563,38.9439],[-77.03563,38.94394],[-77.03563,38.94401],[-77.03564,38.9441],[-77.03564,38.94413],[-77.03564,38.9444],[-77.03564,38.9445],[-77.03564,38.94454],[-77.03564,38.9448],[-77.03564,38.94495],[-77.03564,38.94507],[-77.03564,38.94519],[-77.03563,38.9454],[-77.03563,38.94548],[-77.03563,38.94567],[-77.03563,38.94584],[-77.03563,38.94605],[-77.03563,38.94614],[-77.03569,38.94614],[-77.03577,38.94614],[-77.03577,38.94615],[-77.03577,38.94616],[-77.03577,38.94617],[-77.03577,38.94618],[-77.03577,38.94619],[-77.03577,38.9462],[-77.03577,38.94621],[-77.03576,38.94622],[-77.03576,38.94623],[-77.03576,38.94625],[-77.03576,38.94626],[-77.03572,38.94645],[-77.03572,38.94649],[-77.03571,38.94655],[-77.03568,38.94668],[-77.0356,38.94712],[-77.03559,38.9472],[-77.03558,38.94728],[-77.03552,38.94761],[-77.03551,38.94767],[-77.03541,38.94818],[-77.03541,38.94819],[-77.03539,38.94827],[-77.03547,38.94827],[-77.03626,38.94827],[-77.03628,38.94827],[-77.03637,38.94827],[-77.03643,38.94827],[-77.03642,38.94953]],[[-77.0387,38.94241],[-77.0387,38.94243],[-77.03873,38.94254],[-77.03875,38.94265],[-77.03878,38.94275],[-77.03881,38.94286],[-77.03881,38.94287],[-77.03881,38.94288],[-77.03881,38.9429],[-77.03881,38.94291],[-77.03882,38.94293],[-77.03882,38.94294],[-77.03882,38.94295],[-77.03882,38.94297],[-77.03882,38.94298],[-77.03882,38.94299],[-77.03882,38.94301],[-77.03882,38.94302],[-77.03882,38.94303],[-77.03882,38.94304],[-77.03882,38.94348],[-77.03883,38.94359],[-77.03882,38.94391],[-77.03882,38.94392],[-77.03882,38.94394],[-77.03882,38.94401],[-77.03882,38.94409],[-77.03881,38.94448],[-77.03881,38.94454],[-77.03882,38.94497],[-77.03882,38.94499],[-77.03882,38.945],[-77.03882,38.94508],[-77.03882,38.94515],[-77.03882,38.94561],[-77.03866,38.94561],[-77.03845,38.94561],[-77.03797,38.94561],[-77.03733,38.94561],[-77.03715,38.94561],[-77.03715,38.94549],[-77.03715,38.94535],[-77.03715,38.94534],[-77.03715,38.94519],[-77.03715,38.94507],[-77.03716,38.94499],[-77.03716,38.94495],[-77.03716,38.94484],[-77.03716,38.94471],[-77.03716,38.94456],[-77.03716,38.94455],[-77.03716,38.94454],[-77.03716,38.94441],[-77.03716,38.94435],[-77.03716,38.94413],[-77.03716,38.94409],[-77.03716,38.94408],[-77.03716,38.94401],[-77.03718,38.94401],[-77.0372,38.94401],[-77.03721,38.94401],[-77.03721,38.94394],[-77.03721,38.94389],[-77.03721,38.94373],[-77.03721,38.94361],[-77.03721,38.94355],[-77.03721,38.94351],[-77.0372,38.94348],[-77.0372,38.94345],[-77.03721,38.94341],[-77.03721,38.94324],[-77.03721,38.94315],[-77.03721,38.94307],[-77.03721,38.94299],[-77.03721,38.94295],[-77.03721,38.94282],[-77.03721,38.94277],[-77.03721,38.94264],[-77.03721,38.9426],[-77.0372,38.94249],[-77.0372,38.94241],[-77.03721,38.94241],[-77.03723,38.94241],[-77.0376,38.94242],[-77.03794,38.94241],[-77.03827,38.94242],[-77.03846,38.94241],[-77.03848,38.94241],[-77.03849,38.94241],[-77.0385,38.94241],[-77.03851,38.94241],[-77.03852,38.94241],[-77.03853,38.94241],[-77.03854,38.94241],[-77.03869,38.94239],[-77.0387,38.94241]]],[[[-77.03153,38.95622],[-77.03221,38.95623],[-77.03235,38.95623],[-77.03236,38.95623],[-77.03286,38.95623],[-77.03286,38.95609],[-77.03287,38.95593],[-77.03286,38.9558],[-77.03286,38.95569],[-77.03286,38.95563],[-77.03286,38.95551],[-77.03286,38.9555],[-77.03286,38.95527],[-77.03286,38.95516],[-77.03327,38.95516],[-77.03328,38.95516],[-77.03329,38.95516],[-77.03343,38.95516],[-77.03343,38.95452],[-77.03343,38.9542],[-77.03343,38.95417],[-77.03343,38.95409],[-77.03343,38.95401],[-77.03343,38.954],[-77.03343,38.95342],[-77.03343,38.95299],[-77.03343,38.95291],[-77.03343,38.95283],[-77.03343,38.95282],[-77.03343,38.95232],[-77.03343,38.95196],[-77.03343,38.95188],[-77.03343,38.95027],[-77.03343,38.95008],[-77.03343,38.95006],[-77.03343,38.95003],[-77.03343,38.95002],[-77.03343,38.95001],[-77.03343,38.94999],[-77.03342,38.94997],[-77.03342,38.94996],[-77.03341,38.94994],[-77.03341,38.94992],[-77.03339,38.9499],[-77.03338,38.94987],[-77.03337,38.94985],[-77.03334,38.94983],[-77.03332,38.9498],[-77.03329,38.94978],[-77.03327,38.94976],[-77.03326,38.94975],[-77.03272,38.94921],[-77.03273,38.94827],[-77.03174,38.94827],[-77.0317,38.94824],[-77.03168,38.94825],[-77.03167,38.94825],[-77.03165,38.94825],[-77.03164,38.94826],[-77.03162,38.94826],[-77.0316,38.94826],[-77.03159,38.94826],[-77.03158,38.94826],[-77.03157,38.94826],[-77.03156,38.94827],[-77.03155,38.94827],[-77.03154,38.94827],[-77.03137,38.94827],[-77.03123,38.94827],[-77.03122,38.94827],[-77.03084,38.94827],[-77.03038,38.94827],[-77.03032,38.94827],[-77.03015,38.94826],[-77.03003,38.94836],[-77.03002,38.94836],[-77.03001,38.94837],[-77.03,38.94838],[-77.02999,38.94839],[-77.02998,38.94839],[-77.02997,38.9484],[-77.02997,38.94841],[-77.02996,38.94842],[-77.02995,38.94842],[-77.02994,38.94843],[-77.02994,38.94844],[-77.02984,38.94856],[-77.02983,38.94857],[-77.02982,38.94858],[-77.02971,38.94872],[-77.0297,38.94873],[-77.0297,38.94864],[-77.0297,38.94852],[-77.0297,38.94836],[-77.0297,38.94834],[-77.0297,38.94827],[-77.0297,38.94818],[-77.0297,38.94814],[-77.0297,38.94796],[-77.0297,38.94777],[-77.0297,38.94752],[-77.02971,38.94729],[-77.02971,38.94728],[-77.02971,38.94719],[-77.0297,38.94712],[-77.0297,38.94699],[-77.0297,38.94673],[-77.0297,38.94666],[-77.0297,38.94665],[-77.0297,38.9465],[-77.0297,38.94645],[-77.02965,38.94613],[-77.02941,38.94614],[-77.02934,38.94614],[-77.02909,38.94614],[-77.02893,38.94614],[-77.02863,38.94613],[-77.02856,38.94613],[-77.02822,38.94613],[-77.02821,38.94613],[-77.0278,38.94613],[-77.02747,38.94613],[-77.02724,38.94613],[-77.02721,38.94613],[-77.02718,38.94613],[-77.02702,38.94613],[-77.02678,38.94613],[-77.02677,38.94613],[-77.0266,38.94613],[-77.02662,38.94621],[-77.02667,38.94641],[-77.02678,38.94712],[-77.02679,38.9472],[-77.0268,38.94728],[-77.02682,38.94738],[-77.02693,38.94818],[-77.02694,38.94826],[-77.02746,38.94827],[-77.02747,38.94827],[-77.02755,38.94881],[-77.02758,38.949],[-77.02769,38.94974],[-77.0276,38.94974],[-77.0276,38.94987],[-77.0276,38.95],[-77.0276,38.95014],[-77.0276,38.95015],[-77.02783,38.95015],[-77.02761,38.95081],[-77.02804,38.95081],[-77.02797,38.95089],[-77.02758,38.95137],[-77.02739,38.95155],[-77.02738,38.95155],[-77.02738,38.95156],[-77.02739,38.95157],[-77.02739,38.9516],[-77.0274,38.95166],[-77.02742,38.9518],[-77.02743,38.95188],[-77.02744,38.95188],[-77.02758,38.95188],[-77.02759,38.95188],[-77.02796,38.95188],[-77.02801,38.95188],[-77.02801,38.95201],[-77.02801,38.95237],[-77.02801,38.9524],[-77.02799,38.9524],[-77.02798,38.9524],[-77.02798,38.95243],[-77.02798,38.9528],[-77.02798,38.95291],[-77.02809,38.95291],[-77.02811,38.95291],[-77.02812,38.95291],[-77.02812,38.95294],[-77.02812,38.95303],[-77.02812,38.95347],[-77.02812,38.9535],[-77.02802,38.9535],[-77.02802,38.95353],[-77.02802,38.95396],[-77.02802,38.95409],[-77.02815,38.95409],[-77.02825,38.95409],[-77.02826,38.95409],[-77.02827,38.95409],[-77.02828,38.95409],[-77.02872,38.95409],[-77.02909,38.95409],[-77.02913,38.95409],[-77.02914,38.95409],[-77.02938,38.95409],[-77.02958,38.95409],[-77.0297,38.95409],[-77.02981,38.95409],[-77.03,38.95409],[-77.03005,38.95409],[-77.03026,38.95409],[-77.03026,38.95422],[-77.03026,38.95441],[-77.03026,38.95444],[-77.03026,38.95462],[-77.03026,38.95477],[-77.03026,38.95485],[-77.03026,38.95504],[-77.03026,38.95516],[-77.03027,38.95528],[-77.03027,38.95555],[-77.03027,38.95569],[-77.03027,38.95583],[-77.03027,38.95599],[-77.03027,38.9561],[-77.03027,38.95622],[-77.03089,38.95622],[-77.03153,38.95622]]]]},"properties":{"zone":"R-1B","label":"R-1B","desc":"Provides areas predominantly developed with detached houses on moderately sized lots."}},{"type":"Feature","geometry":{"type":"Polygon","coordinates":[[[-77.05346,38.91138],[-77.05347,38.91148],[-77.05354,38.91207],[-77.05356,38.91226],[-77.05428,38.91244],[-77.05439,38.91247],[-77.05453,38.91254],[-77.05473,38.91264],[-77.0555,38.91262],[-77.05646,38.91259],[-77.0568,38.91258],[-77.05708,38.91257],[-77.05722,38.91257],[-77.05722,38.91256],[-77.05721,38.91256],[-77.05721,38.91255],[-77.0572,38.91253],[-77.0572,38.91252],[-77.05719,38.91252],[-77.05719,38.91251],[-77.05719,38.9125],[-77.05719,38.91248],[-77.05719,38.91247],[-77.05719,38.91244],[-77.05719,38.9124],[-77.05719,38.91234],[-77.05719,38.91228],[-77.05719,38.91222],[-77.05719,38.9122],[-77.05719,38.91218],[-77.05718,38.9121],[-77.05718,38.91198],[-77.05718,38.91186],[-77.05717,38.91173],[-77.05716,38.91152],[-77.05717,38.91123],[-77.05716,38.91099],[-77.05715,38.91074],[-77.05714,38.91065],[-77.05714,38.91055],[-77.05702,38.91056],[-77.05695,38.91056],[-77.05686,38.91056],[-77.05678,38.91056],[-77.05672,38.91056],[-77.05666,38.91056],[-77.05656,38.91057],[-77.0565,38.91057],[-77.05643,38.91057],[-77.05633,38.91057],[-77.05601,38.91057],[-77.05576,38.91057],[-77.05566,38.91058],[-77.05554,38.91058],[-77.05546,38.91058],[-77.05537,38.91058],[-77.05523,38.91058],[-77.05516,38.91058],[-77.0551,38.91058],[-77.05497,38.91058],[-77.05494,38.91062],[-77.05491,38.91068],[-77.0549,38.91069],[-77.05485,38.91079],[-77.0548,38.91088],[-77.05476,38.91096],[-77.05474,38.91098],[-77.05473,38.911],[-77.05472,38.91101],[-77.0547,38.91102],[-77.05469,38.91103],[-77.05468,38.91103],[-77.05466,38.91104],[-77.05463,38.91104],[-77.05461,38.91104],[-77.05452,38.91104],[-77.05448,38.91104],[-77.05429,38.91105],[-77.05419,38.91105],[-77.05417,38.91105],[-77.05414,38.91105],[-77.05405,38.91106],[-77.05399,38.91106],[-77.05387,38.91106],[-77.05385,38.91106],[-77.05362,38.91107],[-77.05347,38.91107],[-77.05341,38.91107],[-77.05343,38.91111],[-77.05346,38.91138]]]},"properties":{"zone":"R-1B/GT","label":"R-1B/GT","desc":"Permits detached houses on moderately-sized lots"}},{"type":"Feature","geometry":{"type":"Polygon","coordinates":[[[-76.94373,38.87087],[-76.94381,38.8709],[-76.94428,38.87109],[-76.94463,38.87123],[-76.945,38.87138],[-76.94536,38.87153],[-76.9457,38.87167],[-76.94591,38.87176],[-76.94604,38.87181],[-76.94634,38.87193],[-76.94646,38.87198],[-76.94657,38.87202],[-76.94679,38.87211],[-76.94699,38.8722],[-76.94724,38.8723],[-76.94733,38.87208],[-76.94759,38.87147],[-76.94758,38.87147],[-76.94745,38.87143],[-76.94743,38.87143],[-76.94742,38.87142],[-76.94741,38.87142],[-76.9474,38.87142],[-76.94739,38.87141],[-76.94738,38.87141],[-76.94737,38.87141],[-76.94737,38.8714],[-76.94736,38.8714],[-76.94734,38.87139],[-76.94733,38.87139],[-76.94731,38.87138],[-76.9473,38.87137],[-76.94729,38.87137],[-76.94727,38.87137],[-76.94725,38.87136],[-76.94724,38.87136],[-76.94706,38.87131],[-76.94705,38.87131],[-76.94702,38.87129],[-76.94685,38.87077],[-76.94698,38.87074],[-76.94706,38.87071],[-76.94716,38.87067],[-76.94721,38.87065],[-76.94727,38.87063],[-76.94734,38.87059],[-76.94737,38.87057],[-76.94752,38.8705],[-76.94804,38.87018],[-76.94813,38.87012],[-76.94817,38.87009],[-76.94821,38.87006],[-76.94865,38.8697],[-76.94878,38.86957],[-76.94887,38.86948],[-76.94895,38.86936],[-76.94899,38.8693],[-76.94905,38.86916],[-76.94907,38.86911],[-76.94909,38.86905],[-76.9491,38.86898],[-76.94911,38.8689],[-76.94911,38.86885],[-76.94911,38.86879],[-76.9491,38.86874],[-76.9491,38.8687],[-76.94909,38.86865],[-76.94908,38.86861],[-76.94906,38.86855],[-76.94904,38.86849],[-76.94896,38.86832],[-76.94883,38.86813],[-76.94889,38.86806],[-76.94907,38.86786],[-76.94932,38.86759],[-76.94951,38.86736],[-76.94958,38.86731],[-76.94969,38.86719],[-76.94974,38.86713],[-76.94981,38.86705],[-76.94979,38.86704],[-76.94977,38.86703],[-76.94975,38.86702],[-76.94973,38.86701],[-76.94971,38.867],[-76.9497,38.867],[-76.94969,38.86699],[-76.94954,38.86692],[-76.94921,38.86677],[-76.94919,38.86676],[-76.94905,38.8667],[-76.94894,38.86664],[-76.94885,38.8666],[-76.9489,38.86653],[-76.9489,38.86652],[-76.94891,38.86651],[-76.94914,38.86617],[-76.94914,38.86616],[-76.9492,38.86608],[-76.94932,38.8659],[-76.94937,38.86583],[-76.94942,38.86575],[-76.94945,38.8657],[-76.94969,38.86534],[-76.94984,38.86513],[-76.94984,38.86512],[-76.9499,38.86502],[-76.94981,38.86498],[-76.9498,38.86498],[-76.9494,38.86482],[-76.9491,38.86469],[-76.94898,38.86464],[-76.94896,38.86464],[-76.94834,38.86438],[-76.94771,38.86412],[-76.94762,38.86409],[-76.94754,38.86405],[-76.94745,38.86402],[-76.94719,38.86391],[-76.94676,38.86375],[-76.94667,38.86371],[-76.94578,38.8644],[-76.94131,38.86789],[-76.94072,38.86835],[-76.93952,38.86929],[-76.93892,38.86975],[-76.93833,38.87021],[-76.93773,38.87068],[-76.93713,38.87115],[-76.93654,38.87161],[-76.93594,38.87208],[-76.93534,38.87254],[-76.93493,38.87286],[-76.93502,38.8729],[-76.93512,38.87296],[-76.93547,38.87314],[-76.93565,38.873],[-76.93584,38.87286],[-76.93611,38.87264],[-76.93612,38.87266],[-76.9364,38.87301],[-76.93645,38.87308],[-76.93645,38.87309],[-76.93644,38.87309],[-76.93632,38.87315],[-76.93626,38.87318],[-76.93622,38.87319],[-76.93622,38.8732],[-76.93621,38.8732],[-76.9362,38.87321],[-76.93615,38.87323],[-76.93608,38.87326],[-76.93602,38.87328],[-76.93597,38.8733],[-76.93596,38.8733],[-76.9359,38.87332],[-76.93585,38.87334],[-76.93584,38.87334],[-76.93584,38.87335],[-76.93583,38.87335],[-76.93582,38.87335],[-76.93581,38.87335],[-76.9358,38.87336],[-76.93579,38.87336],[-76.93578,38.87336],[-76.93577,38.87337],[-76.93573,38.87338],[-76.93572,38.87338],[-76.93571,38.87338],[-76.93566,38.87339],[-76.93566,38.8734],[-76.9356,38.87341],[-76.93558,38.87342],[-76.93554,38.87343],[-76.93549,38.87344],[-76.93544,38.87345],[-76.93538,38.87347],[-76.93534,38.87348],[-76.93498,38.87357],[-76.93487,38.8736],[-76.93486,38.8736],[-76.93477,38.87362],[-76.93467,38.87365],[-76.93444,38.87371],[-76.93413,38.87379],[-76.93412,38.87379],[-76.93411,38.87379],[-76.93409,38.8738],[-76.93405,38.87381],[-76.934,38.87381],[-76.93397,38.87382],[-76.93396,38.87385],[-76.93396,38.87388],[-76.93395,38.87391],[-76.93394,38.87394],[-76.93393,38.87402],[-76.93391,38.8741],[-76.9339,38.87418],[-76.93389,38.87425],[-76.93389,38.87427],[-76.93396,38.87426],[-76.93453,38.87411],[-76.93504,38.87398],[-76.93598,38.87374],[-76.93598,38.87373],[-76.936,38.87367],[-76.93602,38.87362],[-76.93603,38.8736],[-76.93604,38.87358],[-76.93605,38.87356],[-76.93605,38.87355],[-76.9361,38.87347],[-76.93618,38.87351],[-76.93635,38.8736],[-76.93638,38.87359],[-76.93649,38.87354],[-76.93651,38.87353],[-76.93672,38.87343],[-76.93685,38.87336],[-76.93698,38.8733],[-76.93745,38.87306],[-76.93748,38.87302],[-76.93751,38.87297],[-76.93755,38.87293],[-76.93758,38.87289],[-76.93762,38.87285],[-76.93766,38.87281],[-76.93771,38.87277],[-76.93775,38.87274],[-76.93776,38.87273],[-76.93777,38.87272],[-76.9378,38.8727],[-76.93781,38.8727],[-76.93782,38.87269],[-76.93785,38.87267],[-76.93811,38.87253],[-76.93824,38.8725],[-76.93825,38.8725],[-76.93825,38.87244],[-76.93825,38.8724],[-76.93823,38.87223],[-76.93879,38.87196],[-76.93906,38.87182],[-76.93911,38.8718],[-76.93912,38.87179],[-76.93916,38.87177],[-76.93921,38.87175],[-76.93922,38.87175],[-76.93923,38.87174],[-76.93927,38.87173],[-76.93932,38.8717],[-76.93937,38.87168],[-76.93943,38.87166],[-76.93948,38.87164],[-76.93954,38.87162],[-76.93958,38.87161],[-76.93962,38.87159],[-76.93966,38.87158],[-76.9397,38.87157],[-76.93974,38.87156],[-76.93978,38.87154],[-76.93982,38.87153],[-76.93986,38.87152],[-76.9399,38.87151],[-76.93995,38.8715],[-76.93999,38.87149],[-76.94003,38.87148],[-76.94008,38.87147],[-76.94012,38.87146],[-76.94016,38.87146],[-76.94021,38.87145],[-76.94025,38.87144],[-76.94029,38.87143],[-76.94034,38.87142],[-76.94038,38.87141],[-76.94046,38.8714],[-76.9405,38.87139],[-76.94055,38.87138],[-76.94084,38.87132],[-76.94127,38.87123],[-76.94147,38.87119],[-76.94161,38.87117],[-76.94172,38.87114],[-76.94193,38.8711],[-76.942,38.87109],[-76.94214,38.87106],[-76.94247,38.87099],[-76.94282,38.87092],[-76.94311,38.87086],[-76.94325,38.87084],[-76.94325,38.87083],[-76.94326,38.87083],[-76.94331,38.87082],[-76.94352,38.87078],[-76.94333,38.8707],[-76.94332,38.8707],[-76.94331,38.8707],[-76.94331,38.87069],[-76.94328,38.87068],[-76.94324,38.87066],[-76.94311,38.87061],[-76.94282,38.87049],[-76.9428,38.87048],[-76.94274,38.87046],[-76.94265,38.87042],[-76.94261,38.87041],[-76.94253,38.87038],[-76.94251,38.87037],[-76.94255,38.87024],[-76.94255,38.87004],[-76.94257,38.87003],[-76.94265,38.86999],[-76.94291,38.86984],[-76.94337,38.86957],[-76.94341,38.86955],[-76.94369,38.86939],[-76.94373,38.86936],[-76.94375,38.8694],[-76.94379,38.86947],[-76.94384,38.86955],[-76.94388,38.86962],[-76.94392,38.8697],[-76.94397,38.86977],[-76.94401,38.86985],[-76.94405,38.86992],[-76.9441,38.87],[-76.94412,38.87004],[-76.9445,38.86996],[-76.94465,38.86993],[-76.94473,38.87007],[-76.94475,38.87009],[-76.94476,38.87011],[-76.94484,38.87026],[-76.94485,38.87027],[-76.94486,38.87028],[-76.94487,38.8703],[-76.94488,38.87031],[-76.94489,38.87032],[-76.9449,38.87035],[-76.94491,38.87036],[-76.94491,38.87037],[-76.94492,38.87039],[-76.94493,38.8704],[-76.94493,38.87042],[-76.94494,38.87044],[-76.94495,38.87047],[-76.94496,38.87048],[-76.94496,38.87049],[-76.94493,38.8705],[-76.94486,38.87051],[-76.94445,38.8706],[-76.94397,38.87069],[-76.9439,38.87071],[-76.94376,38.87073],[-76.94352,38.87078],[-76.94373,38.87087]]]},"properties":{"zone":"R-2","label":"R-2","desc":"Provide areas predominantly developed with semi-detached houses on moderately-sized lots that also contain some detached dwellings"}},{"type":"Feature","geometry":{"type":"Polygon","coordinates":[[[-77.06416,38.91314],[-77.06416,38.91315],[-77.06437,38.91314],[-77.06438,38.91314],[-77.06441,38.91314],[-77.06443,38.91314],[-77.06444,38.91314],[-77.06447,38.91314],[-77.06449,38.91314],[-77.06457,38.91313],[-77.06459,38.91313],[-77.0646,38.91313],[-77.06462,38.91313],[-77.06466,38.91313],[-77.06478,38.91312],[-77.06492,38.91312],[-77.06493,38.91312],[-77.06495,38.91312],[-77.06496,38.91313],[-77.06506,38.91312],[-77.06509,38.91312],[-77.06514,38.91312],[-77.0653,38.91311],[-77.06568,38.91311],[-77.06568,38.91306],[-77.06568,38.91299],[-77.06568,38.91297],[-77.06566,38.91294],[-77.06555,38.91274],[-77.06552,38.91267],[-77.0655,38.91263],[-77.06545,38.91256],[-77.06547,38.91255],[-77.06542,38.91247],[-77.06534,38.91234],[-77.06532,38.9123],[-77.0653,38.91227],[-77.06528,38.91223],[-77.06527,38.9122],[-77.06525,38.91216],[-77.06524,38.91214],[-77.06523,38.91214],[-77.06523,38.91213],[-77.06497,38.91163],[-77.06489,38.91148],[-77.06481,38.91133],[-77.06469,38.91109],[-77.06468,38.91108],[-77.06468,38.91107],[-77.06456,38.91086],[-77.06448,38.9107],[-77.06438,38.91052],[-77.06438,38.91051],[-77.06434,38.91044],[-77.0643,38.91035],[-77.06421,38.91019],[-77.06419,38.91015],[-77.06416,38.91011],[-77.06413,38.91005],[-77.06412,38.91004],[-77.06411,38.91001],[-77.06409,38.90999],[-77.06409,38.90998],[-77.06407,38.90994],[-77.06406,38.90993],[-77.06405,38.90991],[-77.06403,38.90987],[-77.06402,38.90986],[-77.064,38.90982],[-77.06398,38.90979],[-77.06397,38.90977],[-77.06397,38.90976],[-77.06396,38.90975],[-77.06394,38.90971],[-77.06391,38.90966],[-77.06389,38.90962],[-77.06388,38.9096],[-77.06387,38.90959],[-77.06387,38.90958],[-77.06382,38.90951],[-77.06379,38.90934],[-77.06377,38.90926],[-77.06384,38.90926],[-77.06382,38.90922],[-77.06381,38.90919],[-77.06379,38.90915],[-77.06377,38.90912],[-77.06376,38.90909],[-77.06374,38.90905],[-77.06374,38.90904],[-77.06373,38.90904],[-77.06372,38.90902],[-77.0637,38.90897],[-77.06367,38.90898],[-77.06364,38.90899],[-77.06363,38.90896],[-77.0636,38.90891],[-77.06355,38.90893],[-77.06352,38.90888],[-77.0635,38.90885],[-77.06334,38.90853],[-77.0633,38.90844],[-77.06329,38.90844],[-77.06328,38.90844],[-77.06323,38.90836],[-77.0631,38.9081],[-77.06309,38.90808],[-77.06307,38.90803],[-77.06305,38.908],[-77.06298,38.90787],[-77.06289,38.90771],[-77.06285,38.90762],[-77.06281,38.90754],[-77.06275,38.90743],[-77.06271,38.90734],[-77.06266,38.90726],[-77.06264,38.90721],[-77.06261,38.90716],[-77.06259,38.90712],[-77.06265,38.9071],[-77.06264,38.90703],[-77.06264,38.90688],[-77.06264,38.90681],[-77.06263,38.90681],[-77.06236,38.90681],[-77.06236,38.9068],[-77.06236,38.90673],[-77.06236,38.9067],[-77.06236,38.90668],[-77.06236,38.90667],[-77.06236,38.90664],[-77.06236,38.9066],[-77.06236,38.90656],[-77.06236,38.90652],[-77.06232,38.90652],[-77.06229,38.90653],[-77.06227,38.90653],[-77.06225,38.90653],[-77.06223,38.90654],[-77.06222,38.90654],[-77.06218,38.90655],[-77.06217,38.9064],[-77.06206,38.9064],[-77.06197,38.9064],[-77.06196,38.9064],[-77.06195,38.9064],[-77.06187,38.9064],[-77.06187,38.90635],[-77.06176,38.90635],[-77.06175,38.90635],[-77.06174,38.90635],[-77.06174,38.90633],[-77.06174,38.90632],[-77.06174,38.90629],[-77.06174,38.90622],[-77.06173,38.9062],[-77.06173,38.90619],[-77.06173,38.90617],[-77.06173,38.90615],[-77.06173,38.90614],[-77.06173,38.90612],[-77.06173,38.90606],[-77.06165,38.90606],[-77.06131,38.90607],[-77.0612,38.90607],[-77.0612,38.90592],[-77.06119,38.90569],[-77.06119,38.90565],[-77.06109,38.90565],[-77.06084,38.90565],[-77.06072,38.90566],[-77.06065,38.90566],[-77.06056,38.90566],[-77.06055,38.90566],[-77.06055,38.90573],[-77.06018,38.90573],[-77.06018,38.90568],[-77.05988,38.90568],[-77.05982,38.90568],[-77.05971,38.90568],[-77.05928,38.90568],[-77.05923,38.90568],[-77.05917,38.90568],[-77.05907,38.90568],[-77.05891,38.90568],[-77.05883,38.90568],[-77.05874,38.90568],[-77.05873,38.90568],[-77.05865,38.90568],[-77.0586,38.90568],[-77.05855,38.90568],[-77.05854,38.90568],[-77.05845,38.90568],[-77.05834,38.90568],[-77.05822,38.90568],[-77.05812,38.90568],[-77.05812,38.9056],[-77.05801,38.9056],[-77.0578,38.9056],[-77.0578,38.90565],[-77.0578,38.90569],[-77.05769,38.90569],[-77.0576,38.90569],[-77.05759,38.90569],[-77.05759,38.90573],[-77.05759,38.90576],[-77.05714,38.90577],[-77.05704,38.90577],[-77.05704,38.90562],[-77.05704,38.90561],[-77.05704,38.9056],[-77.05703,38.90556],[-77.05703,38.90554],[-77.05694,38.90554],[-77.05683,38.90554],[-77.0564,38.90552],[-77.05639,38.90552],[-77.0563,38.90552],[-77.05626,38.90552],[-77.05623,38.90557],[-77.05617,38.90568],[-77.05611,38.90579],[-77.0561,38.90581],[-77.05609,38.90582],[-77.05609,38.90585],[-77.05609,38.90593],[-77.0561,38.90601],[-77.0561,38.90603],[-77.0561,38.9061],[-77.05608,38.9061],[-77.05584,38.9061],[-77.05581,38.90611],[-77.0558,38.90611],[-77.0558,38.90612],[-77.05579,38.90612],[-77.05578,38.90613],[-77.05578,38.90614],[-77.05579,38.90625],[-77.05579,38.90647],[-77.0558,38.90669],[-77.0558,38.90682],[-77.05581,38.90688],[-77.05581,38.90695],[-77.05581,38.907],[-77.05581,38.90721],[-77.05582,38.90738],[-77.05581,38.90738],[-77.05572,38.90738],[-77.05558,38.90738],[-77.05548,38.90738],[-77.05548,38.90739],[-77.05548,38.90764],[-77.05549,38.90772],[-77.05549,38.9078],[-77.05531,38.9078],[-77.05525,38.9078],[-77.0552,38.90788],[-77.0552,38.90798],[-77.0552,38.90813],[-77.05531,38.90813],[-77.05552,38.90813],[-77.05573,38.90813],[-77.05583,38.90812],[-77.05583,38.90833],[-77.05584,38.90846],[-77.05584,38.90854],[-77.05584,38.90855],[-77.05571,38.90855],[-77.05543,38.90855],[-77.0551,38.90856],[-77.05496,38.90856],[-77.05489,38.90856],[-77.05484,38.90856],[-77.05483,38.90856],[-77.05482,38.90856],[-77.05481,38.90856],[-77.0548,38.90857],[-77.05479,38.90857],[-77.05478,38.90858],[-77.05477,38.90858],[-77.05477,38.90859],[-77.05476,38.9086],[-77.05476,38.90861],[-77.05476,38.90872],[-77.05476,38.90895],[-77.05476,38.90896],[-77.05476,38.90897],[-77.05486,38.90897],[-77.05499,38.90896],[-77.05507,38.90896],[-77.05515,38.90896],[-77.05521,38.90896],[-77.05522,38.90896],[-77.05525,38.90896],[-77.05526,38.90896],[-77.05528,38.90896],[-77.05529,38.90896],[-77.05532,38.90896],[-77.05534,38.90896],[-77.05535,38.90896],[-77.05536,38.90896],[-77.05538,38.90896],[-77.05539,38.90896],[-77.0554,38.90896],[-77.05541,38.90896],[-77.05542,38.90896],[-77.05543,38.90896],[-77.05544,38.90896],[-77.05545,38.90896],[-77.05546,38.90896],[-77.05547,38.90896],[-77.05549,38.90896],[-77.0555,38.90896],[-77.05552,38.90896],[-77.05553,38.90896],[-77.05554,38.90896],[-77.05555,38.90896],[-77.05558,38.90896],[-77.0556,38.90896],[-77.05563,38.90896],[-77.05564,38.90896],[-77.05565,38.90896],[-77.05579,38.90896],[-77.05584,38.90896],[-77.05584,38.90898],[-77.05583,38.90899],[-77.05583,38.909],[-77.05582,38.90901],[-77.05581,38.90902],[-77.05581,38.90903],[-77.05572,38.90919],[-77.05569,38.90925],[-77.05569,38.90937],[-77.05569,38.90942],[-77.05569,38.90945],[-77.05569,38.9095],[-77.05569,38.90964],[-77.0557,38.90975],[-77.0557,38.90977],[-77.0557,38.90978],[-77.05649,38.90977],[-77.05649,38.90983],[-77.05649,38.90988],[-77.0565,38.90993],[-77.0565,38.90998],[-77.0565,38.91004],[-77.0565,38.9101],[-77.0565,38.91019],[-77.0565,38.9102],[-77.05643,38.9102],[-77.05643,38.91047],[-77.05643,38.91056],[-77.05643,38.91057],[-77.0565,38.91057],[-77.05656,38.91057],[-77.05666,38.91056],[-77.05672,38.91056],[-77.05678,38.91056],[-77.05686,38.91056],[-77.05695,38.91056],[-77.05702,38.91056],[-77.05714,38.91055],[-77.05714,38.91065],[-77.05715,38.91074],[-77.05716,38.91099],[-77.05717,38.91123],[-77.05716,38.91152],[-77.05717,38.91173],[-77.05718,38.91186],[-77.05718,38.91198],[-77.05718,38.9121],[-77.05719,38.91218],[-77.05719,38.9122],[-77.05719,38.91222],[-77.05719,38.91228],[-77.05719,38.91234],[-77.05719,38.9124],[-77.05719,38.91244],[-77.05719,38.91247],[-77.05719,38.91248],[-77.05719,38.9125],[-77.05719,38.91251],[-77.05719,38.91252],[-77.0572,38.91252],[-77.0572,38.91253],[-77.05721,38.91255],[-77.05721,38.91256],[-77.05722,38.91256],[-77.05722,38.91257],[-77.05723,38.91257],[-77.05724,38.91257],[-77.05725,38.91258],[-77.05726,38.91258],[-77.05727,38.91258],[-77.05728,38.91258],[-77.05744,38.91258],[-77.05765,38.91257],[-77.05787,38.91257],[-77.05813,38.91256],[-77.05825,38.91256],[-77.05835,38.91256],[-77.05847,38.91256],[-77.05874,38.91256],[-77.05875,38.91256],[-77.05876,38.91256],[-77.05879,38.91256],[-77.05886,38.91256],[-77.05895,38.91256],[-77.05906,38.91256],[-77.05916,38.91255],[-77.05924,38.91255],[-77.05929,38.91255],[-77.0593,38.91254],[-77.05931,38.91253],[-77.05934,38.91254],[-77.05938,38.91254],[-77.05939,38.91254],[-77.0594,38.91255],[-77.05945,38.91255],[-77.05953,38.91257],[-77.05981,38.91262],[-77.05984,38.91263],[-77.05995,38.91265],[-77.06007,38.91267],[-77.06038,38.91273],[-77.06067,38.91278],[-77.06085,38.91282],[-77.06086,38.91282],[-77.06094,38.91283],[-77.06104,38.91285],[-77.06105,38.91285],[-77.06107,38.91285],[-77.06108,38.91286],[-77.06109,38.91286],[-77.06111,38.91286],[-77.06113,38.91287],[-77.06115,38.91287],[-77.06117,38.91287],[-77.06138,38.91291],[-77.06157,38.91295],[-77.0616,38.91295],[-77.06165,38.91296],[-77.06162,38.91289],[-77.06152,38.91264],[-77.06145,38.91247],[-77.06141,38.91239],[-77.0612,38.91185],[-77.06116,38.91174],[-77.06114,38.91168],[-77.06108,38.91154],[-77.06105,38.91146],[-77.06105,38.91145],[-77.06103,38.91141],[-77.061,38.91134],[-77.061,38.91133],[-77.06099,38.91131],[-77.06096,38.91124],[-77.06095,38.91119],[-77.06091,38.9111],[-77.0609,38.91108],[-77.06086,38.91097],[-77.06089,38.91097],[-77.0609,38.91097],[-77.06091,38.91097],[-77.06092,38.91097],[-77.06093,38.91097],[-77.06094,38.91097],[-77.06097,38.91097],[-77.06099,38.91097],[-77.06105,38.91097],[-77.06107,38.91097],[-77.06114,38.91097],[-77.06122,38.91097],[-77.0612,38.9109],[-77.06119,38.91088],[-77.06118,38.91085],[-77.06116,38.91079],[-77.06114,38.91072],[-77.06112,38.91065],[-77.0611,38.91061],[-77.06109,38.91058],[-77.06106,38.9105],[-77.06127,38.91049],[-77.06161,38.91049],[-77.06172,38.91049],[-77.06184,38.91049],[-77.06195,38.91048],[-77.06203,38.91048],[-77.06204,38.91048],[-77.06205,38.91048],[-77.06231,38.91048],[-77.06267,38.91047],[-77.06303,38.91047],[-77.06323,38.91047],[-77.06338,38.91047],[-77.06373,38.91046],[-77.06383,38.91046],[-77.06384,38.91054],[-77.06386,38.91068],[-77.06389,38.911],[-77.06393,38.9113],[-77.06396,38.9116],[-77.064,38.91185],[-77.06403,38.91209],[-77.06403,38.9121],[-77.06403,38.91211],[-77.06407,38.91243],[-77.06408,38.91252],[-77.0641,38.91264],[-77.0641,38.91269],[-77.0641,38.9127],[-77.0641,38.91271],[-77.06411,38.91278],[-77.06411,38.91279],[-77.06413,38.91291],[-77.06413,38.91295],[-77.06416,38.91314]]]},"properties":{"zone":"R-3/GT","label":"R-3/GT","desc":"Preserves mix of detached, semi-detached and attached dwellings and permits attached row houses on small lots"}},{"type":"Feature","geometry":{"type":"Polygon","coordinates":[[[-77.084,38.93029],[-77.08385,38.93029],[-77.08374,38.93029],[-77.08366,38.93029],[-77.08357,38.93029],[-77.08349,38.93029],[-77.08344,38.93029],[-77.08351,38.9304],[-77.08358,38.93052],[-77.08375,38.93082],[-77.08402,38.93129],[-77.08408,38.93141],[-77.08413,38.93149],[-77.08432,38.93182],[-77.08436,38.93189],[-77.08436,38.9319],[-77.08441,38.93197],[-77.08447,38.93208],[-77.08452,38.93217],[-77.08463,38.93236],[-77.08468,38.93245],[-77.08482,38.9327],[-77.08488,38.93279],[-77.08526,38.93279],[-77.08543,38.93279],[-77.08541,38.93276],[-77.08536,38.93266],[-77.08535,38.93265],[-77.08529,38.93255],[-77.08524,38.93245],[-77.08519,38.93237],[-77.08513,38.93226],[-77.08508,38.93217],[-77.08494,38.93194],[-77.08494,38.93193],[-77.08491,38.93189],[-77.08491,38.93188],[-77.0849,38.93187],[-77.08488,38.93184],[-77.08487,38.93181],[-77.08476,38.93163],[-77.08467,38.93146],[-77.08463,38.93139],[-77.08457,38.93129],[-77.08453,38.93121],[-77.08434,38.93088],[-77.0843,38.93082],[-77.0843,38.93081],[-77.08416,38.93056],[-77.08405,38.93038],[-77.084,38.93029]]]},"properties":{"zone":"R-1B","label":"R-1B","desc":"Provides areas predominantly developed with detached houses on moderately sized lots."}},{"type":"Feature","geometry":{"type":"Polygon","coordinates":[[[-76.99159,38.9345],[-76.99169,38.93449],[-76.99212,38.93447],[-76.99269,38.93445],[-76.99276,38.93444],[-76.9928,38.93444],[-76.99284,38.93444],[-76.99287,38.93444],[-76.99289,38.93444],[-76.99291,38.93444],[-76.99293,38.93444],[-76.99295,38.93444],[-76.99299,38.93443],[-76.99303,38.93443],[-76.99307,38.93442],[-76.99308,38.93441],[-76.99311,38.93439],[-76.99314,38.93438],[-76.99316,38.93436],[-76.99319,38.93435],[-76.99322,38.93433],[-76.99323,38.93433],[-76.99325,38.93432],[-76.99327,38.9343],[-76.9933,38.93429],[-76.99333,38.93428],[-76.99336,38.93426],[-76.99353,38.93419],[-76.99372,38.93411],[-76.99381,38.93408],[-76.99383,38.93407],[-76.99383,38.93397],[-76.99378,38.9334],[-76.99374,38.93299],[-76.99374,38.93298],[-76.99373,38.9329],[-76.99371,38.9327],[-76.99369,38.93249],[-76.9937,38.93249],[-76.99369,38.93241],[-76.99367,38.93241],[-76.99355,38.93242],[-76.99353,38.93242],[-76.99309,38.93244],[-76.99308,38.93244],[-76.99307,38.93244],[-76.99306,38.93236],[-76.99305,38.93222],[-76.99304,38.93209],[-76.99303,38.93195],[-76.99312,38.93195],[-76.99321,38.93194],[-76.99338,38.93193],[-76.99356,38.93192],[-76.99366,38.93192],[-76.99365,38.9319],[-76.99363,38.93158],[-76.99362,38.9315],[-76.99362,38.93143],[-76.99361,38.93134],[-76.9936,38.93129],[-76.99358,38.931],[-76.99357,38.93089],[-76.99354,38.93052],[-76.99354,38.93049],[-76.99354,38.93044],[-76.99355,38.93038],[-76.99355,38.93037],[-76.99356,38.93036],[-76.99359,38.93024],[-76.99362,38.93011],[-76.99363,38.93005],[-76.99368,38.92985],[-76.99372,38.92969],[-76.99373,38.92966],[-76.99373,38.92965],[-76.99374,38.92963],[-76.99374,38.92962],[-76.99374,38.92961],[-76.99374,38.9296],[-76.99375,38.92958],[-76.99375,38.92956],[-76.99375,38.92955],[-76.99375,38.92953],[-76.99375,38.92951],[-76.99375,38.9295],[-76.99375,38.92948],[-76.99375,38.92944],[-76.99374,38.92937],[-76.99375,38.9291],[-76.99375,38.92894],[-76.99375,38.92893],[-76.99375,38.92888],[-76.99375,38.92884],[-76.99375,38.92875],[-76.99375,38.92866],[-76.99375,38.92864],[-76.99375,38.92863],[-76.99375,38.92861],[-76.99375,38.92858],[-76.99375,38.92855],[-76.99375,38.92853],[-76.99375,38.9285],[-76.99375,38.92847],[-76.99375,38.92844],[-76.99375,38.92842],[-76.99374,38.92839],[-76.99374,38.92836],[-76.99374,38.92834],[-76.99374,38.92833],[-76.99374,38.92832],[-76.99374,38.92828],[-76.99373,38.92825],[-76.99373,38.92821],[-76.99373,38.92818],[-76.99372,38.92814],[-76.99372,38.92811],[-76.99372,38.92807],[-76.99372,38.92803],[-76.99371,38.928],[-76.99371,38.92796],[-76.99371,38.92795],[-76.9937,38.92791],[-76.9937,38.92786],[-76.9937,38.92782],[-76.99369,38.92777],[-76.99369,38.92772],[-76.99369,38.92767],[-76.99369,38.92762],[-76.99369,38.92758],[-76.99369,38.92756],[-76.99369,38.92754],[-76.99368,38.92751],[-76.99368,38.9275],[-76.99368,38.92746],[-76.99368,38.92745],[-76.99368,38.92741],[-76.99368,38.92737],[-76.99368,38.92733],[-76.99368,38.92729],[-76.99368,38.92724],[-76.99368,38.92721],[-76.99368,38.92719],[-76.99368,38.92714],[-76.99369,38.92709],[-76.99369,38.92705],[-76.99369,38.92704],[-76.9936,38.92704],[-76.99351,38.92705],[-76.99337,38.92705],[-76.99334,38.92705],[-76.99333,38.92705],[-76.99332,38.92705],[-76.9933,38.92704],[-76.99329,38.92703],[-76.99327,38.92703],[-76.99308,38.92702],[-76.99292,38.92702],[-76.99293,38.92702],[-76.99293,38.92701],[-76.99293,38.927],[-76.99293,38.92691],[-76.99293,38.92663],[-76.99293,38.92651],[-76.99284,38.92651],[-76.99278,38.92651],[-76.99266,38.92651],[-76.99253,38.92651],[-76.99244,38.92651],[-76.99244,38.9265],[-76.99244,38.92648],[-76.99244,38.92645],[-76.99244,38.92644],[-76.99244,38.92643],[-76.99244,38.92642],[-76.99244,38.92605],[-76.99244,38.92602],[-76.99244,38.9257],[-76.99243,38.92569],[-76.99243,38.92559],[-76.99254,38.92559],[-76.99294,38.92559],[-76.99294,38.92558],[-76.99294,38.92547],[-76.99294,38.92519],[-76.99294,38.92511],[-76.99294,38.92491],[-76.99308,38.92491],[-76.99328,38.92491],[-76.9934,38.92492],[-76.99353,38.92492],[-76.99353,38.92489],[-76.99353,38.92464],[-76.99353,38.92451],[-76.99353,38.92452],[-76.9935,38.92452],[-76.99349,38.92452],[-76.99346,38.92452],[-76.99343,38.92452],[-76.99342,38.92452],[-76.9934,38.92452],[-76.99334,38.92452],[-76.9932,38.92452],[-76.99308,38.92452],[-76.99302,38.92452],[-76.99292,38.92452],[-76.9929,38.92452],[-76.9929,38.92447],[-76.99291,38.92439],[-76.99291,38.92418],[-76.99291,38.92414],[-76.99291,38.92411],[-76.99291,38.92409],[-76.99291,38.92408],[-76.99291,38.92407],[-76.99291,38.92406],[-76.99291,38.92404],[-76.99291,38.92402],[-76.99291,38.92399],[-76.99291,38.92395],[-76.99292,38.92389],[-76.99291,38.92364],[-76.99291,38.92363],[-76.99291,38.92362],[-76.99291,38.92337],[-76.99243,38.92337],[-76.99243,38.92313],[-76.99243,38.92302],[-76.99243,38.92299],[-76.99232,38.92302],[-76.99231,38.92302],[-76.9923,38.92302],[-76.99229,38.92303],[-76.99228,38.92303],[-76.99227,38.92303],[-76.99226,38.92303],[-76.99225,38.92304],[-76.99208,38.92309],[-76.99202,38.92311],[-76.99194,38.92313],[-76.99184,38.92317],[-76.9918,38.92317],[-76.99178,38.92318],[-76.99165,38.92319],[-76.99144,38.92322],[-76.99136,38.92323],[-76.99127,38.92325],[-76.99125,38.92325],[-76.99124,38.92326],[-76.99123,38.92327],[-76.99122,38.92329],[-76.99122,38.92342],[-76.99122,38.92343],[-76.99122,38.92345],[-76.99122,38.92352],[-76.99089,38.92352],[-76.99089,38.92359],[-76.99089,38.9239],[-76.99089,38.92391],[-76.99084,38.92392],[-76.99085,38.92395],[-76.99088,38.92399],[-76.99091,38.92406],[-76.99103,38.92426],[-76.99109,38.92437],[-76.99086,38.92438],[-76.99087,38.9245],[-76.99089,38.92477],[-76.9909,38.92486],[-76.99091,38.92494],[-76.99092,38.9251],[-76.99093,38.92519],[-76.99094,38.92519],[-76.99094,38.92526],[-76.99094,38.92533],[-76.99095,38.92546],[-76.99095,38.92559],[-76.99097,38.92559],[-76.99102,38.92559],[-76.99102,38.92572],[-76.99102,38.92592],[-76.99104,38.92592],[-76.99104,38.92596],[-76.99104,38.92603],[-76.99104,38.92605],[-76.99102,38.92605],[-76.99102,38.92651],[-76.99104,38.92651],[-76.99107,38.92651],[-76.99107,38.92655],[-76.99107,38.92664],[-76.99107,38.92685],[-76.99107,38.92703],[-76.99107,38.9271],[-76.99107,38.92715],[-76.99107,38.92744],[-76.99107,38.92747],[-76.99107,38.92759],[-76.99106,38.92759],[-76.99107,38.92768],[-76.9911,38.92809],[-76.99113,38.9285],[-76.99115,38.92866],[-76.99118,38.92905],[-76.99118,38.92907],[-76.99118,38.92914],[-76.99119,38.92921],[-76.9912,38.92934],[-76.99121,38.92948],[-76.99122,38.92956],[-76.99122,38.92965],[-76.99126,38.93006],[-76.99129,38.93048],[-76.9913,38.93055],[-76.99131,38.93064],[-76.99134,38.93105],[-76.99137,38.93136],[-76.99137,38.93146],[-76.99135,38.93146],[-76.99136,38.93154],[-76.99137,38.93162],[-76.9914,38.93203],[-76.99142,38.93224],[-76.99144,38.93245],[-76.99144,38.93252],[-76.99146,38.93252],[-76.99146,38.93261],[-76.99149,38.93288],[-76.9915,38.93302],[-76.9915,38.93307],[-76.99151,38.93313],[-76.99151,38.93318],[-76.99151,38.9332],[-76.99154,38.93343],[-76.99154,38.93351],[-76.99154,38.93359],[-76.99157,38.93386],[-76.99154,38.93387],[-76.99154,38.93388],[-76.99155,38.93403],[-76.99157,38.93423],[-76.99158,38.93441],[-76.99159,38.9345]]]},"properties":{"zone":"R-2","label":"R-2","desc":"Provide areas predominantly developed with semi-detached houses on moderately-sized lots that also contain some detached dwellings"}},{"type":"Feature","geometry":{"type":"Polygon","coordinates":[[[-77.09915,38.9463],[-77.09916,38.94669],[-77.09916,38.94671],[-77.10016,38.94744],[-77.10129,38.94744],[-77.10146,38.94755],[-77.10147,38.94755],[-77.10162,38.9474],[-77.10185,38.94717],[-77.10202,38.947],[-77.10219,38.94684],[-77.10235,38.94667],[-77.10256,38.94646],[-77.10261,38.94641],[-77.10277,38.94598],[-77.10277,38.94597],[-77.10278,38.94595],[-77.1028,38.94589],[-77.10297,38.9454],[-77.10298,38.9454],[-77.1031,38.94504],[-77.10317,38.94485],[-77.10326,38.94461],[-77.10334,38.94438],[-77.10334,38.94437],[-77.10334,38.94436],[-77.10334,38.94415],[-77.10334,38.94394],[-77.10334,38.94365],[-77.10334,38.9434],[-77.10334,38.9432],[-77.10334,38.94316],[-77.10334,38.94272],[-77.10334,38.94223],[-77.10334,38.94219],[-77.10334,38.94161],[-77.10334,38.94145],[-77.10334,38.94059],[-77.10334,38.94031],[-77.10359,38.94034],[-77.10362,38.94012],[-77.10358,38.94011],[-77.10359,38.9401],[-77.10363,38.93979],[-77.10368,38.93943],[-77.10368,38.93941],[-77.10367,38.93939],[-77.10374,38.93891],[-77.10381,38.93883],[-77.10359,38.9387],[-77.1036,38.93856],[-77.10367,38.93855],[-77.10377,38.93843],[-77.10385,38.93847],[-77.1039,38.93811],[-77.10396,38.93772],[-77.10401,38.93736],[-77.10405,38.93708],[-77.10409,38.93678],[-77.10411,38.93666],[-77.10438,38.93658],[-77.10434,38.93636],[-77.10431,38.93622],[-77.10427,38.93596],[-77.10426,38.93575],[-77.10411,38.93575],[-77.10381,38.93575],[-77.10372,38.93575],[-77.10369,38.93575],[-77.10368,38.93575],[-77.10367,38.93575],[-77.10361,38.93575],[-77.10356,38.93575],[-77.10355,38.93575],[-77.10349,38.93575],[-77.10343,38.93575],[-77.10342,38.93575],[-77.10337,38.93575],[-77.10331,38.93575],[-77.10325,38.93575],[-77.10319,38.93575],[-77.10313,38.93575],[-77.10308,38.93575],[-77.10303,38.93575],[-77.10298,38.93574],[-77.10293,38.93574],[-77.10288,38.93573],[-77.10283,38.93573],[-77.10278,38.93572],[-77.10273,38.93571],[-77.10268,38.9357],[-77.10263,38.93569],[-77.10217,38.93557],[-77.10212,38.93556],[-77.10211,38.93556],[-77.10205,38.93554],[-77.10201,38.93553],[-77.10205,38.93547],[-77.10206,38.93546],[-77.10206,38.93545],[-77.10207,38.93544],[-77.10208,38.93543],[-77.10208,38.93542],[-77.10209,38.93542],[-77.1021,38.93541],[-77.1021,38.9354],[-77.10211,38.93539],[-77.10212,38.93538],[-77.10212,38.93537],[-77.10213,38.93537],[-77.10229,38.93518],[-77.10247,38.93498],[-77.10257,38.93487],[-77.10263,38.93481],[-77.10268,38.93475],[-77.10273,38.93469],[-77.10288,38.93453],[-77.103,38.93439],[-77.103,38.93438],[-77.10301,38.93438],[-77.10304,38.93434],[-77.10307,38.9343],[-77.10308,38.93429],[-77.1031,38.93427],[-77.10313,38.93424],[-77.10313,38.93423],[-77.10317,38.93419],[-77.1032,38.93416],[-77.10323,38.93412],[-77.10327,38.93409],[-77.1033,38.93405],[-77.10334,38.93402],[-77.10337,38.93398],[-77.1034,38.93395],[-77.10344,38.93392],[-77.10348,38.93389],[-77.10351,38.93387],[-77.10355,38.93384],[-77.10359,38.93381],[-77.10364,38.93379],[-77.10368,38.93376],[-77.10372,38.93374],[-77.10375,38.93373],[-77.10378,38.93372],[-77.10378,38.93371],[-77.10379,38.93371],[-77.10381,38.9337],[-77.10382,38.9337],[-77.10386,38.93368],[-77.10386,38.93367],[-77.10385,38.93366],[-77.10385,38.93365],[-77.10385,38.93364],[-77.10384,38.93363],[-77.10384,38.93362],[-77.10384,38.93361],[-77.10384,38.93359],[-77.10382,38.9335],[-77.10382,38.93347],[-77.10381,38.93343],[-77.10381,38.93339],[-77.1038,38.93338],[-77.1038,38.93336],[-77.10379,38.93332],[-77.10379,38.93329],[-77.10378,38.93325],[-77.10377,38.93321],[-77.10376,38.93318],[-77.10375,38.93314],[-77.10374,38.9331],[-77.10373,38.93306],[-77.10371,38.93302],[-77.10369,38.93298],[-77.10367,38.93294],[-77.10366,38.93293],[-77.10365,38.93291],[-77.10362,38.93287],[-77.1036,38.93283],[-77.10357,38.9328],[-77.10354,38.93276],[-77.10351,38.93272],[-77.10347,38.93269],[-77.10344,38.93265],[-77.1034,38.93262],[-77.10336,38.93259],[-77.10332,38.93256],[-77.10327,38.93253],[-77.10323,38.9325],[-77.10318,38.93248],[-77.10313,38.93245],[-77.10308,38.93243],[-77.10304,38.93241],[-77.10303,38.9324],[-77.10297,38.93238],[-77.10292,38.93236],[-77.10286,38.93235],[-77.1028,38.93233],[-77.10274,38.93232],[-77.10268,38.93231],[-77.10262,38.9323],[-77.10257,38.93229],[-77.10256,38.93229],[-77.10251,38.93229],[-77.10245,38.93229],[-77.10238,38.93229],[-77.10232,38.93229],[-77.10226,38.93229],[-77.1022,38.93229],[-77.10214,38.93229],[-77.10208,38.93229],[-77.10202,38.93229],[-77.10195,38.9323],[-77.10188,38.9323],[-77.10185,38.9323],[-77.10182,38.93231],[-77.10181,38.93231],[-77.10181,38.93222],[-77.10181,38.93194],[-77.10181,38.93193],[-77.10181,38.93165],[-77.10181,38.93153],[-77.10145,38.93153],[-77.10083,38.93153],[-77.10013,38.93153],[-77.09964,38.93154],[-77.09963,38.93154],[-77.09962,38.93154],[-77.09958,38.93154],[-77.09955,38.93153],[-77.09951,38.93153],[-77.09937,38.93153],[-77.09936,38.93153],[-77.09935,38.93153],[-77.09931,38.93153],[-77.09929,38.93153],[-77.09928,38.93153],[-77.09841,38.93153],[-77.09839,38.93153],[-77.09838,38.93153],[-77.09837,38.93153],[-77.09836,38.93152],[-77.09835,38.93152],[-77.09834,38.93151],[-77.09833,38.93151],[-77.09832,38.9315],[-77.09831,38.93149],[-77.09831,38.93148],[-77.09842,38.93139],[-77.09875,38.93109],[-77.09876,38.93108],[-77.09878,38.93107],[-77.0988,38.93105],[-77.09876,38.93104],[-77.0987,38.93102],[-77.09864,38.93099],[-77.0986,38.93098],[-77.0982,38.93084],[-77.09805,38.93079],[-77.09741,38.93057],[-77.09726,38.93051],[-77.09722,38.93057],[-77.09718,38.93064],[-77.09714,38.9307],[-77.0971,38.93077],[-77.09706,38.93083],[-77.09702,38.9309],[-77.09698,38.93096],[-77.09695,38.93102],[-77.09692,38.93107],[-77.09689,38.93113],[-77.09686,38.93118],[-77.09683,38.93124],[-77.0968,38.93129],[-77.09677,38.93135],[-77.09673,38.9314],[-77.0967,38.93146],[-77.09667,38.93151],[-77.09624,38.93225],[-77.09622,38.93229],[-77.09617,38.93239],[-77.09606,38.93238],[-77.09596,38.93237],[-77.09589,38.93236],[-77.09583,38.93236],[-77.09576,38.93236],[-77.09569,38.93236],[-77.09562,38.93235],[-77.09556,38.93235],[-77.09549,38.93235],[-77.09542,38.93235],[-77.09535,38.93236],[-77.09528,38.93236],[-77.09522,38.93236],[-77.09515,38.93237],[-77.09509,38.93237],[-77.09503,38.93238],[-77.09496,38.93238],[-77.0949,38.93239],[-77.09483,38.93239],[-77.09477,38.9324],[-77.09471,38.93241],[-77.09464,38.93242],[-77.09458,38.93243],[-77.09418,38.93248],[-77.09372,38.93254],[-77.0935,38.93257],[-77.09348,38.93257],[-77.09347,38.93257],[-77.09345,38.93258],[-77.09325,38.93261],[-77.09321,38.93262],[-77.0932,38.93263],[-77.09316,38.93264],[-77.09311,38.93265],[-77.09307,38.93266],[-77.09302,38.93268],[-77.09294,38.9327],[-77.09293,38.9327],[-77.09157,38.93305],[-77.09131,38.93312],[-77.09121,38.93315],[-77.09107,38.93321],[-77.09105,38.93322],[-77.09101,38.93323],[-77.09097,38.93325],[-77.09093,38.93327],[-77.0909,38.93329],[-77.09087,38.9333],[-77.09084,38.93332],[-77.09081,38.93333],[-77.09079,38.93335],[-77.09076,38.93337],[-77.09073,38.93338],[-77.0907,38.9334],[-77.09068,38.93342],[-77.09065,38.93344],[-77.09064,38.93345],[-77.09063,38.93346],[-77.0905,38.93356],[-77.09038,38.93364],[-77.09019,38.93378],[-77.08972,38.93414],[-77.08941,38.93437],[-77.08932,38.93443],[-77.08917,38.93455],[-77.0894,38.93454],[-77.08949,38.93454],[-77.0896,38.93454],[-77.0897,38.93453],[-77.08986,38.93453],[-77.08999,38.93453],[-77.09009,38.93452],[-77.09018,38.93452],[-77.09019,38.93452],[-77.09022,38.93452],[-77.09024,38.93452],[-77.09026,38.93452],[-77.09027,38.93452],[-77.0903,38.93452],[-77.09032,38.93452],[-77.09033,38.93452],[-77.09036,38.93452],[-77.09038,38.93452],[-77.09039,38.93451],[-77.09042,38.93451],[-77.09044,38.93451],[-77.09045,38.93451],[-77.09048,38.93451],[-77.09049,38.93451],[-77.09051,38.93451],[-77.09054,38.93451],[-77.09055,38.9345],[-77.09057,38.9345],[-77.09059,38.9345],[-77.09061,38.9345],[-77.09062,38.9345],[-77.09065,38.93449],[-77.09068,38.93449],[-77.09069,38.93448],[-77.09071,38.93448],[-77.09073,38.93448],[-77.09075,38.93447],[-77.09076,38.93447],[-77.09079,38.93446],[-77.0908,38.93446],[-77.09082,38.93445],[-77.09084,38.93445],[-77.09086,38.93444],[-77.09087,38.93444],[-77.0909,38.93443],[-77.09091,38.93442],[-77.09092,38.93442],[-77.09095,38.93441],[-77.09096,38.93441],[-77.09098,38.9344],[-77.091,38.93439],[-77.09102,38.93439],[-77.09103,38.93438],[-77.09128,38.93429],[-77.09163,38.93417],[-77.09195,38.93406],[-77.09221,38.93397],[-77.0923,38.93394],[-77.09231,38.93396],[-77.09231,38.93397],[-77.09233,38.934],[-77.09235,38.93404],[-77.09237,38.93406],[-77.09259,38.93445],[-77.09263,38.93452],[-77.09373,38.9345],[-77.09389,38.9345],[-77.09404,38.93478],[-77.09402,38.93478],[-77.094,38.93479],[-77.09398,38.9348],[-77.09396,38.9348],[-77.09393,38.93481],[-77.09392,38.93482],[-77.0939,38.93482],[-77.09389,38.93483],[-77.09373,38.93488],[-77.09344,38.93498],[-77.09357,38.93523],[-77.09368,38.93541],[-77.09369,38.93568],[-77.09381,38.93572],[-77.09379,38.93576],[-77.09369,38.93593],[-77.09367,38.93595],[-77.09364,38.93601],[-77.09356,38.93614],[-77.09352,38.93621],[-77.09337,38.93647],[-77.09331,38.93657],[-77.0933,38.93659],[-77.09319,38.93678],[-77.09314,38.93686],[-77.09313,38.93688],[-77.09308,38.93698],[-77.09307,38.93698],[-77.09291,38.93728],[-77.09289,38.93731],[-77.0928,38.93747],[-77.09276,38.93753],[-77.09275,38.93755],[-77.09274,38.93758],[-77.09272,38.93761],[-77.09274,38.93762],[-77.09281,38.93764],[-77.09284,38.93765],[-77.09293,38.93768],[-77.09298,38.9377],[-77.09304,38.93772],[-77.09309,38.93774],[-77.09315,38.93776],[-77.0932,38.93778],[-77.09326,38.9378],[-77.09332,38.93782],[-77.09337,38.93783],[-77.09343,38.93785],[-77.09349,38.93787],[-77.09354,38.93789],[-77.09359,38.9379],[-77.09364,38.93792],[-77.09369,38.93793],[-77.09375,38.93795],[-77.0938,38.93796],[-77.09385,38.93798],[-77.0939,38.93799],[-77.09396,38.938],[-77.09401,38.93802],[-77.09421,38.93807],[-77.09424,38.93808],[-77.09434,38.9381],[-77.09434,38.93818],[-77.09434,38.93823],[-77.09434,38.93853],[-77.09434,38.93877],[-77.09434,38.93905],[-77.09434,38.93929],[-77.09434,38.9393],[-77.09434,38.93938],[-77.09445,38.93938],[-77.09446,38.93938],[-77.09447,38.93938],[-77.09459,38.93938],[-77.0947,38.93938],[-77.09487,38.93938],[-77.09488,38.93938],[-77.09547,38.93938],[-77.09622,38.93938],[-77.09623,38.93938],[-77.09647,38.93938],[-77.09665,38.93938],[-77.09666,38.93938],[-77.09667,38.93938],[-77.09677,38.93938],[-77.09686,38.93938],[-77.09728,38.93938],[-77.09729,38.93938],[-77.0973,38.93938],[-77.09824,38.93938],[-77.09829,38.93938],[-77.09831,38.93938],[-77.09914,38.93938],[-77.09917,38.93938],[-77.09926,38.93938],[-77.09925,38.93944],[-77.09925,38.93945],[-77.09924,38.93952],[-77.09923,38.93961],[-77.09922,38.9397],[-77.09921,38.93979],[-77.0992,38.93987],[-77.09918,38.93996],[-77.09917,38.94005],[-77.09915,38.94013],[-77.09915,38.94014],[-77.09915,38.94015],[-77.09914,38.94022],[-77.09913,38.94029],[-77.09912,38.9403],[-77.09911,38.94038],[-77.09909,38.94046],[-77.09908,38.94054],[-77.09906,38.94062],[-77.09905,38.9407],[-77.09903,38.94078],[-77.09902,38.94086],[-77.099,38.94094],[-77.09898,38.94102],[-77.09897,38.9411],[-77.09895,38.94118],[-77.09893,38.94127],[-77.09892,38.94135],[-77.0989,38.94146],[-77.09889,38.9415],[-77.09888,38.94155],[-77.09887,38.94159],[-77.09886,38.94164],[-77.09885,38.94168],[-77.09884,38.94173],[-77.09883,38.94178],[-77.09881,38.94182],[-77.0988,38.94187],[-77.09879,38.94191],[-77.09872,38.94214],[-77.09871,38.94214],[-77.0987,38.94217],[-77.09868,38.94222],[-77.09865,38.9423],[-77.09862,38.94237],[-77.09836,38.94293],[-77.09834,38.94297],[-77.09834,38.94298],[-77.09829,38.94308],[-77.09827,38.94312],[-77.09823,38.94319],[-77.09819,38.94329],[-77.09816,38.94333],[-77.09814,38.94337],[-77.09811,38.94341],[-77.09809,38.94345],[-77.09806,38.94349],[-77.09803,38.94352],[-77.098,38.94356],[-77.09796,38.9436],[-77.09793,38.94363],[-77.09789,38.94367],[-77.09787,38.94369],[-77.09785,38.94371],[-77.09782,38.94373],[-77.0978,38.94375],[-77.09777,38.94377],[-77.09775,38.94379],[-77.09772,38.94381],[-77.0977,38.94383],[-77.09767,38.94385],[-77.09764,38.94387],[-77.09758,38.94392],[-77.09752,38.94395],[-77.09751,38.94396],[-77.09744,38.944],[-77.09737,38.94404],[-77.09736,38.94404],[-77.09732,38.94406],[-77.09729,38.94407],[-77.09722,38.94411],[-77.09714,38.94414],[-77.09706,38.94417],[-77.09698,38.94419],[-77.0969,38.94422],[-77.09686,38.94423],[-77.09677,38.94425],[-77.09677,38.94435],[-77.09677,38.94436],[-77.09677,38.94483],[-77.09677,38.94497],[-77.09693,38.94497],[-77.09722,38.94498],[-77.09724,38.94496],[-77.09726,38.94494],[-77.09726,38.94495],[-77.09727,38.94495],[-77.09728,38.94496],[-77.09729,38.94496],[-77.0973,38.94497],[-77.09731,38.94497],[-77.09732,38.94497],[-77.09733,38.94497],[-77.09735,38.94498],[-77.09737,38.94498],[-77.09739,38.94498],[-77.0974,38.94498],[-77.09741,38.94498],[-77.09741,38.94497],[-77.09742,38.94497],[-77.09743,38.94497],[-77.09745,38.94497],[-77.09745,38.94496],[-77.09746,38.94496],[-77.09747,38.94495],[-77.09749,38.94495],[-77.09752,38.94495],[-77.09754,38.94496],[-77.09755,38.94496],[-77.09756,38.94496],[-77.09757,38.94496],[-77.09759,38.94496],[-77.09762,38.94497],[-77.09766,38.94497],[-77.09768,38.94497],[-77.09781,38.94499],[-77.09789,38.94499],[-77.09791,38.94499],[-77.09792,38.94499],[-77.09793,38.94499],[-77.09805,38.94499],[-77.09808,38.94498],[-77.09814,38.94498],[-77.09818,38.94498],[-77.09824,38.94497],[-77.0983,38.94496],[-77.09833,38.94496],[-77.09836,38.94495],[-77.0984,38.94496],[-77.09843,38.94497],[-77.09843,38.94498],[-77.09849,38.94496],[-77.09852,38.94496],[-77.09852,38.94497],[-77.09852,38.94545],[-77.09853,38.94607],[-77.09853,38.94621],[-77.09853,38.9463],[-77.09854,38.9463],[-77.09855,38.9463],[-77.09863,38.9463],[-77.09872,38.9463],[-77.0988,38.9463],[-77.09889,38.9463],[-77.09898,38.9463],[-77.09906,38.9463],[-77.09915,38.9463]]]},"properties":{"zone":"R-1A","label":"R-1A","desc":"Provides areas predominantly developed with detached houses on large lots."}},{"type":"Feature","geometry":{"type":"Polygon","coordinates":[[[-77.09107,38.93191],[-77.09121,38.93191],[-77.09132,38.93191],[-77.09174,38.93191],[-77.09183,38.93191],[-77.09183,38.93168],[-77.09183,38.9315],[-77.09195,38.93125],[-77.09205,38.93102],[-77.09205,38.93101],[-77.09205,38.931],[-77.09206,38.93099],[-77.09207,38.93097],[-77.09207,38.93096],[-77.09208,38.93094],[-77.09209,38.93092],[-77.09209,38.93091],[-77.0921,38.93089],[-77.09211,38.93087],[-77.09212,38.93085],[-77.09213,38.93083],[-77.09213,38.93081],[-77.09214,38.93079],[-77.09215,38.93078],[-77.09216,38.93076],[-77.09216,38.93074],[-77.09216,38.93073],[-77.09217,38.93072],[-77.09217,38.93071],[-77.09217,38.93069],[-77.09217,38.93068],[-77.09217,38.93067],[-77.09217,38.93066],[-77.09217,38.93064],[-77.09217,38.93063],[-77.09217,38.93061],[-77.09216,38.93059],[-77.09216,38.93058],[-77.09215,38.93056],[-77.09214,38.93054],[-77.09213,38.93051],[-77.09211,38.93049],[-77.09211,38.93048],[-77.0921,38.93047],[-77.09209,38.93046],[-77.09208,38.93045],[-77.09208,38.93044],[-77.09207,38.93044],[-77.09206,38.93043],[-77.09205,38.93042],[-77.09204,38.93042],[-77.09203,38.9304],[-77.09202,38.9304],[-77.09201,38.93039],[-77.092,38.93039],[-77.09199,38.93038],[-77.09198,38.93037],[-77.09197,38.93037],[-77.09195,38.93036],[-77.09194,38.93036],[-77.09193,38.93035],[-77.09176,38.93027],[-77.09188,38.93027],[-77.09188,38.93026],[-77.0919,38.93026],[-77.09191,38.93026],[-77.09192,38.93026],[-77.09193,38.93026],[-77.09194,38.93026],[-77.09195,38.93026],[-77.09197,38.93026],[-77.09199,38.93025],[-77.09202,38.93025],[-77.09203,38.93025],[-77.09204,38.93025],[-77.09205,38.93024],[-77.09206,38.93024],[-77.09207,38.93024],[-77.09208,38.93024],[-77.0921,38.93024],[-77.0921,38.93023],[-77.09211,38.93023],[-77.09212,38.93023],[-77.09213,38.93023],[-77.09214,38.93023],[-77.09215,38.93022],[-77.09216,38.93022],[-77.09217,38.93022],[-77.09218,38.93022],[-77.09218,38.93021],[-77.09219,38.93021],[-77.09222,38.93021],[-77.09268,38.93006],[-77.09269,38.93006],[-77.09273,38.93005],[-77.09359,38.9298],[-77.09363,38.92979],[-77.09363,38.92961],[-77.09363,38.92905],[-77.09362,38.92861],[-77.09361,38.92835],[-77.0936,38.92793],[-77.0936,38.92789],[-77.0936,38.92784],[-77.0936,38.9278],[-77.09361,38.92775],[-77.09361,38.92771],[-77.09361,38.9277],[-77.09361,38.92769],[-77.09362,38.92769],[-77.09362,38.92768],[-77.09362,38.92767],[-77.09362,38.92766],[-77.09362,38.92765],[-77.09363,38.92762],[-77.09364,38.92758],[-77.09364,38.92757],[-77.09365,38.92753],[-77.09365,38.92751],[-77.09366,38.9275],[-77.09366,38.92749],[-77.09367,38.92746],[-77.09368,38.92743],[-77.09369,38.9274],[-77.0937,38.92738],[-77.0937,38.92737],[-77.09371,38.92736],[-77.09371,38.92735],[-77.09371,38.92734],[-77.09372,38.92733],[-77.09372,38.92731],[-77.09374,38.92726],[-77.09377,38.92722],[-77.09379,38.92718],[-77.09381,38.92713],[-77.09384,38.92709],[-77.09386,38.92705],[-77.09389,38.92701],[-77.09392,38.92697],[-77.09395,38.92693],[-77.09398,38.92689],[-77.09402,38.92684],[-77.09405,38.9268],[-77.09409,38.92676],[-77.09412,38.92671],[-77.09415,38.92667],[-77.09419,38.92663],[-77.09422,38.92658],[-77.09425,38.92654],[-77.09428,38.92649],[-77.09431,38.92645],[-77.09433,38.92641],[-77.09434,38.92638],[-77.09436,38.92635],[-77.09437,38.92632],[-77.09438,38.92629],[-77.09439,38.92629],[-77.09439,38.92628],[-77.0944,38.92625],[-77.09441,38.92622],[-77.09442,38.92621],[-77.09443,38.92619],[-77.09443,38.92616],[-77.09444,38.92615],[-77.09444,38.92614],[-77.09444,38.92613],[-77.09445,38.92613],[-77.09445,38.92612],[-77.09445,38.92611],[-77.09445,38.9261],[-77.09446,38.92609],[-77.09446,38.92608],[-77.09446,38.92607],[-77.09447,38.92605],[-77.09448,38.92602],[-77.09449,38.92598],[-77.09449,38.92595],[-77.0945,38.92592],[-77.0945,38.92591],[-77.09451,38.92588],[-77.09452,38.92584],[-77.09453,38.92583],[-77.09453,38.92581],[-77.09454,38.92579],[-77.09454,38.92577],[-77.09455,38.92574],[-77.09456,38.92571],[-77.09456,38.92569],[-77.09457,38.92569],[-77.09457,38.92568],[-77.09458,38.92566],[-77.09458,38.92565],[-77.09459,38.92564],[-77.09459,38.92563],[-77.0946,38.92562],[-77.0946,38.92561],[-77.09461,38.92559],[-77.09462,38.92558],[-77.09462,38.92556],[-77.09464,38.92553],[-77.09466,38.9255],[-77.09468,38.92547],[-77.09469,38.92543],[-77.0947,38.92543],[-77.09471,38.92541],[-77.09472,38.92539],[-77.09472,38.92538],[-77.09473,38.92537],[-77.09474,38.92535],[-77.09474,38.92534],[-77.09475,38.92533],[-77.09476,38.9253],[-77.09477,38.92529],[-77.09477,38.92528],[-77.09478,38.92528],[-77.0948,38.92524],[-77.09482,38.92521],[-77.09482,38.92519],[-77.09485,38.92515],[-77.09488,38.9251],[-77.09488,38.92509],[-77.09489,38.92508],[-77.09491,38.92505],[-77.09491,38.92504],[-77.09492,38.92504],[-77.09493,38.92501],[-77.09495,38.92498],[-77.09497,38.92494],[-77.09499,38.92491],[-77.09501,38.92488],[-77.09503,38.92484],[-77.09505,38.92481],[-77.09506,38.92478],[-77.09508,38.92474],[-77.09509,38.92471],[-77.09511,38.92467],[-77.09494,38.92464],[-77.0945,38.92454],[-77.0944,38.9243],[-77.09426,38.92424],[-77.09435,38.92402],[-77.09405,38.92399],[-77.09391,38.92397],[-77.0937,38.92395],[-77.09339,38.92391],[-77.09337,38.92391],[-77.09308,38.92388],[-77.09302,38.92387],[-77.09285,38.92386],[-77.0928,38.92385],[-77.09264,38.92383],[-77.09259,38.92387],[-77.09246,38.92398],[-77.09246,38.92397],[-77.09227,38.92413],[-77.09215,38.92423],[-77.09214,38.92423],[-77.09185,38.92447],[-77.09182,38.92449],[-77.09167,38.92461],[-77.09141,38.9246],[-77.0912,38.92459],[-77.09108,38.92459],[-77.09056,38.92458],[-77.09051,38.92458],[-77.09048,38.92458],[-77.09042,38.92458],[-77.0899,38.9246],[-77.08988,38.9246],[-77.08988,38.92466],[-77.0899,38.92478],[-77.08984,38.92479],[-77.08922,38.92482],[-77.08919,38.92457],[-77.08893,38.92459],[-77.08867,38.9246],[-77.08865,38.92449],[-77.08863,38.9243],[-77.08862,38.92419],[-77.08862,38.92418],[-77.0882,38.92428],[-77.08812,38.92429],[-77.08812,38.92428],[-77.08812,38.92427],[-77.08811,38.92426],[-77.08811,38.92425],[-77.0881,38.92424],[-77.08809,38.92423],[-77.08808,38.92422],[-77.08807,38.92422],[-77.08805,38.92421],[-77.08804,38.92421],[-77.08803,38.9242],[-77.08801,38.9242],[-77.088,38.9242],[-77.08798,38.9242],[-77.08797,38.9242],[-77.08796,38.92421],[-77.08795,38.92421],[-77.08794,38.92421],[-77.08793,38.92421],[-77.08792,38.92422],[-77.08791,38.92423],[-77.0879,38.92423],[-77.0879,38.92424],[-77.08789,38.92425],[-77.08784,38.92418],[-77.08763,38.92388],[-77.08758,38.9238],[-77.08738,38.92382],[-77.08739,38.92378],[-77.08747,38.92359],[-77.08755,38.9234],[-77.08764,38.9234],[-77.0877,38.9234],[-77.0877,38.92321],[-77.0877,38.92319],[-77.0877,38.92314],[-77.0877,38.9229],[-77.08769,38.92266],[-77.08762,38.92265],[-77.0876,38.92255],[-77.08751,38.9222],[-77.08747,38.922],[-77.08741,38.92176],[-77.0874,38.92172],[-77.0874,38.92171],[-77.08737,38.9216],[-77.08736,38.92158],[-77.0873,38.92144],[-77.08724,38.92128],[-77.08717,38.92112],[-77.08715,38.92108],[-77.08699,38.92101],[-77.08676,38.92091],[-77.08654,38.92081],[-77.08638,38.92064],[-77.08624,38.9207],[-77.08617,38.92066],[-77.08612,38.92063],[-77.08602,38.92064],[-77.08601,38.92064],[-77.08602,38.92067],[-77.08602,38.9207],[-77.08602,38.92073],[-77.08603,38.92076],[-77.08603,38.92079],[-77.08604,38.92083],[-77.08604,38.92086],[-77.08604,38.92089],[-77.08605,38.92092],[-77.08606,38.92095],[-77.08607,38.921],[-77.08608,38.92105],[-77.0861,38.92109],[-77.08611,38.92114],[-77.08613,38.92119],[-77.08615,38.92123],[-77.08617,38.92128],[-77.08619,38.92132],[-77.08621,38.92137],[-77.08623,38.92141],[-77.08626,38.92145],[-77.08628,38.92149],[-77.08631,38.92153],[-77.08633,38.92157],[-77.08636,38.92161],[-77.08638,38.92164],[-77.08641,38.92168],[-77.08644,38.92172],[-77.08647,38.92176],[-77.0865,38.92179],[-77.08667,38.92199],[-77.0867,38.92202],[-77.08673,38.92205],[-77.08675,38.92208],[-77.08678,38.92212],[-77.0868,38.92215],[-77.08682,38.92218],[-77.08684,38.92222],[-77.08686,38.92225],[-77.08688,38.92229],[-77.0869,38.92233],[-77.08695,38.92242],[-77.08695,38.92244],[-77.08696,38.92245],[-77.08696,38.92246],[-77.08697,38.92248],[-77.08697,38.92249],[-77.08697,38.9225],[-77.08698,38.9225],[-77.08698,38.92251],[-77.08698,38.92252],[-77.08699,38.92253],[-77.08699,38.92254],[-77.08699,38.92255],[-77.08699,38.92257],[-77.087,38.92258],[-77.087,38.92259],[-77.087,38.9226],[-77.087,38.92261],[-77.087,38.92262],[-77.08701,38.92263],[-77.08701,38.92264],[-77.08701,38.92265],[-77.08701,38.92266],[-77.08702,38.92268],[-77.08702,38.92269],[-77.08702,38.92271],[-77.08702,38.92272],[-77.08702,38.92273],[-77.08703,38.92274],[-77.08703,38.92275],[-77.08703,38.92276],[-77.08703,38.92277],[-77.08703,38.92279],[-77.08703,38.9228],[-77.08703,38.92281],[-77.08703,38.92282],[-77.08703,38.92283],[-77.08703,38.92284],[-77.08703,38.92286],[-77.08703,38.92288],[-77.08703,38.92289],[-77.08703,38.9229],[-77.08703,38.92291],[-77.08703,38.92292],[-77.08703,38.92295],[-77.08703,38.92298],[-77.08703,38.923],[-77.08703,38.92303],[-77.08702,38.92306],[-77.08702,38.92309],[-77.08702,38.92311],[-77.08702,38.92312],[-77.08702,38.92313],[-77.08701,38.92314],[-77.08701,38.92317],[-77.08701,38.9232],[-77.087,38.92322],[-77.08699,38.92325],[-77.08699,38.92327],[-77.08698,38.9233],[-77.08697,38.92332],[-77.08696,38.92335],[-77.08695,38.92337],[-77.08694,38.9234],[-77.08693,38.92342],[-77.08692,38.92346],[-77.08691,38.92349],[-77.08689,38.92352],[-77.08688,38.92356],[-77.08686,38.92359],[-77.08685,38.92363],[-77.08683,38.92366],[-77.08682,38.9237],[-77.0868,38.92373],[-77.08679,38.92376],[-77.08677,38.9238],[-77.08676,38.92383],[-77.08674,38.92386],[-77.08674,38.92388],[-77.08673,38.9239],[-77.08671,38.92393],[-77.0867,38.92397],[-77.08668,38.924],[-77.08667,38.92403],[-77.08665,38.92407],[-77.08664,38.9241],[-77.08658,38.92424],[-77.08655,38.92431],[-77.08652,38.92438],[-77.08651,38.92438],[-77.08651,38.92439],[-77.08651,38.9244],[-77.0865,38.92441],[-77.0865,38.92442],[-77.08648,38.92445],[-77.08647,38.92449],[-77.08646,38.92452],[-77.08644,38.92455],[-77.08643,38.92458],[-77.08641,38.92462],[-77.0864,38.92465],[-77.08638,38.92468],[-77.08637,38.92472],[-77.08635,38.92475],[-77.08634,38.92478],[-77.08633,38.92482],[-77.08631,38.92485],[-77.0863,38.92489],[-77.08629,38.92493],[-77.08628,38.92496],[-77.08627,38.925],[-77.08626,38.92503],[-77.08625,38.92507],[-77.08624,38.9251],[-77.08624,38.92514],[-77.08623,38.92517],[-77.08622,38.92521],[-77.08622,38.92524],[-77.08622,38.92528],[-77.08621,38.92531],[-77.08621,38.92535],[-77.08621,38.92538],[-77.08621,38.92542],[-77.08621,38.9255],[-77.08621,38.92559],[-77.08621,38.92564],[-77.08621,38.92569],[-77.08621,38.92573],[-77.08621,38.92578],[-77.08621,38.92583],[-77.08621,38.92588],[-77.08621,38.92593],[-77.08621,38.92598],[-77.08621,38.92603],[-77.08621,38.92604],[-77.08621,38.92605],[-77.08621,38.92606],[-77.08621,38.92608],[-77.08621,38.92613],[-77.08621,38.92614],[-77.08621,38.92617],[-77.08621,38.92618],[-77.08621,38.92619],[-77.08607,38.92619],[-77.08575,38.92619],[-77.08542,38.92619],[-77.08517,38.92619],[-77.08494,38.92619],[-77.08494,38.92631],[-77.08458,38.92631],[-77.08404,38.92631],[-77.08403,38.92631],[-77.08396,38.92631],[-77.08396,38.92694],[-77.08396,38.92739],[-77.08396,38.92741],[-77.08396,38.92753],[-77.08396,38.92754],[-77.08392,38.92754],[-77.08381,38.92754],[-77.08373,38.92754],[-77.08371,38.92754],[-77.0837,38.92754],[-77.08351,38.92754],[-77.0835,38.92754],[-77.08348,38.92754],[-77.08347,38.92754],[-77.08346,38.92754],[-77.08345,38.92754],[-77.08344,38.92754],[-77.08343,38.92754],[-77.08341,38.92754],[-77.0834,38.92754],[-77.08339,38.92754],[-77.08338,38.92754],[-77.08337,38.92755],[-77.08335,38.92755],[-77.08334,38.92755],[-77.08332,38.92755],[-77.0833,38.92755],[-77.08329,38.92756],[-77.08328,38.92756],[-77.08326,38.92756],[-77.08324,38.92756],[-77.08323,38.92757],[-77.08322,38.92757],[-77.0832,38.92757],[-77.08319,38.92758],[-77.08318,38.92758],[-77.08317,38.92758],[-77.08316,38.92758],[-77.08315,38.92759],[-77.08314,38.92759],[-77.08313,38.92759],[-77.08313,38.9276],[-77.08312,38.9276],[-77.08311,38.9276],[-77.0831,38.9276],[-77.08309,38.92761],[-77.08308,38.92761],[-77.08307,38.92762],[-77.08306,38.92762],[-77.08305,38.92763],[-77.08304,38.92763],[-77.08304,38.92764],[-77.08302,38.92764],[-77.08298,38.92767],[-77.08294,38.92769],[-77.0829,38.92771],[-77.08286,38.92774],[-77.08282,38.92776],[-77.08278,38.92778],[-77.08274,38.9278],[-77.08273,38.92781],[-77.08272,38.92782],[-77.0827,38.92783],[-77.08266,38.92785],[-77.08262,38.92787],[-77.08268,38.92797],[-77.08268,38.92798],[-77.0827,38.92802],[-77.08273,38.92807],[-77.08274,38.92808],[-77.08276,38.92812],[-77.08279,38.92816],[-77.08279,38.92817],[-77.08281,38.9282],[-77.08283,38.92824],[-77.08285,38.92828],[-77.08293,38.92842],[-77.08294,38.92844],[-77.0831,38.92871],[-77.08316,38.92882],[-77.08321,38.9289],[-77.08326,38.92899],[-77.08328,38.92902],[-77.08331,38.92908],[-77.08334,38.92914],[-77.08338,38.9292],[-77.08341,38.92926],[-77.08344,38.92932],[-77.08348,38.92938],[-77.08351,38.92944],[-77.08353,38.92947],[-77.08354,38.92949],[-77.08357,38.92954],[-77.08358,38.92955],[-77.08359,38.92958],[-77.08361,38.92961],[-77.08364,38.92966],[-77.08364,38.92967],[-77.08367,38.92972],[-77.08369,38.92975],[-77.0837,38.92977],[-77.08373,38.92983],[-77.08376,38.92987],[-77.08376,38.92988],[-77.08379,38.92993],[-77.08383,38.92999],[-77.08386,38.93004],[-77.08389,38.9301],[-77.08392,38.93015],[-77.08394,38.93019],[-77.084,38.93029],[-77.08405,38.93038],[-77.08416,38.93056],[-77.0843,38.93081],[-77.08448,38.93081],[-77.08457,38.93081],[-77.08465,38.93081],[-77.08474,38.93081],[-77.08478,38.93081],[-77.08483,38.93081],[-77.08492,38.93081],[-77.08494,38.93081],[-77.08501,38.93081],[-77.08503,38.93081],[-77.08509,38.93081],[-77.08511,38.93081],[-77.08515,38.93081],[-77.08518,38.93081],[-77.08527,38.93081],[-77.08536,38.93081],[-77.08545,38.93081],[-77.08546,38.93081],[-77.08553,38.93081],[-77.08571,38.93081],[-77.08576,38.93081],[-77.0858,38.93081],[-77.08589,38.93081],[-77.08606,38.93081],[-77.08613,38.93081],[-77.08617,38.93081],[-77.08621,38.93081],[-77.08621,38.93082],[-77.08637,38.93082],[-77.08653,38.93082],[-77.08672,38.93082],[-77.08676,38.93082],[-77.0869,38.93082],[-77.08698,38.93082],[-77.08707,38.93082],[-77.08725,38.93082],[-77.08734,38.93082],[-77.08742,38.93082],[-77.08751,38.93082],[-77.08773,38.93082],[-77.08778,38.93082],[-77.08782,38.93082],[-77.08795,38.93082],[-77.08813,38.93082],[-77.08848,38.93082],[-77.08864,38.93082],[-77.0888,38.93082],[-77.08915,38.93082],[-77.0895,38.93082],[-77.08959,38.93082],[-77.08968,38.93082],[-77.08985,38.93082],[-77.08991,38.93082],[-77.09003,38.93082],[-77.09029,38.93082],[-77.09038,38.93082],[-77.09047,38.93082],[-77.09056,38.93082],[-77.09091,38.93082],[-77.09107,38.93082],[-77.09107,38.93101],[-77.09107,38.93123],[-77.09107,38.93129],[-77.09107,38.93135],[-77.09107,38.93143],[-77.09107,38.93168],[-77.09107,38.93185],[-77.09107,38.93187],[-77.09107,38.93191]]]},"properties":{"zone":"R-1A/WH","label":"R-1A/WH","desc":"Permits detached houses on large lots"}},{"type":"Feature","geometry":{"type":"Polygon","coordinates":[[[-76.972,38.86018],[-76.9722,38.86031],[-76.97228,38.86038],[-76.97254,38.86058],[-76.97265,38.86067],[-76.97287,38.86085],[-76.97289,38.86087],[-76.97294,38.86082],[-76.97311,38.86063],[-76.9743,38.86134],[-76.97435,38.86137],[-76.97439,38.86131],[-76.97444,38.86124],[-76.97447,38.8612],[-76.97448,38.86118],[-76.9745,38.86116],[-76.97451,38.86114],[-76.97452,38.86113],[-76.97453,38.86111],[-76.97454,38.86109],[-76.97455,38.86108],[-76.97456,38.86106],[-76.97456,38.86104],[-76.97457,38.86103],[-76.97458,38.86101],[-76.97458,38.861],[-76.97459,38.86098],[-76.97459,38.86097],[-76.97459,38.86096],[-76.9746,38.86095],[-76.9746,38.86094],[-76.9746,38.86093],[-76.9746,38.86092],[-76.9746,38.86091],[-76.97461,38.86089],[-76.97461,38.86088],[-76.97461,38.86087],[-76.97461,38.86085],[-76.97461,38.86084],[-76.97461,38.86083],[-76.97461,38.86081],[-76.97461,38.8608],[-76.97461,38.86078],[-76.97461,38.86077],[-76.97461,38.86075],[-76.97461,38.86074],[-76.9746,38.86073],[-76.9746,38.86071],[-76.9746,38.8607],[-76.9746,38.86069],[-76.97459,38.86068],[-76.97459,38.86067],[-76.97459,38.86065],[-76.97458,38.86063],[-76.97457,38.86062],[-76.97457,38.8606],[-76.97456,38.86059],[-76.97456,38.86057],[-76.97455,38.86056],[-76.97454,38.86054],[-76.97453,38.86052],[-76.97452,38.86051],[-76.97451,38.8605],[-76.97451,38.86049],[-76.9745,38.86047],[-76.97449,38.86046],[-76.97448,38.86045],[-76.97447,38.86043],[-76.97445,38.86042],[-76.97444,38.8604],[-76.97442,38.86038],[-76.97468,38.86013],[-76.9746,38.86008],[-76.97455,38.86005],[-76.97451,38.86002],[-76.97445,38.85999],[-76.97444,38.85997],[-76.97437,38.85993],[-76.97434,38.85991],[-76.97432,38.8599],[-76.97427,38.85987],[-76.97422,38.85984],[-76.97422,38.85983],[-76.97417,38.8598],[-76.97412,38.85977],[-76.97411,38.85976],[-76.97408,38.85974],[-76.97403,38.85971],[-76.974,38.85969],[-76.97396,38.85966],[-76.97389,38.85962],[-76.97388,38.85961],[-76.97383,38.85958],[-76.97377,38.85954],[-76.97369,38.85949],[-76.97365,38.85946],[-76.97361,38.85944],[-76.97354,38.85939],[-76.97342,38.85931],[-76.97328,38.85922],[-76.97305,38.85907],[-76.97285,38.85894],[-76.97273,38.85886],[-76.97218,38.8591],[-76.97173,38.85929],[-76.97083,38.85923],[-76.97085,38.85896],[-76.97015,38.85891],[-76.96999,38.8589],[-76.96999,38.85915],[-76.96998,38.85925],[-76.96996,38.85954],[-76.96992,38.85992],[-76.97009,38.85994],[-76.97081,38.85999],[-76.97114,38.86002],[-76.97161,38.86005],[-76.97171,38.86006],[-76.97185,38.86007],[-76.97186,38.86008],[-76.97188,38.86009],[-76.97194,38.86013],[-76.972,38.86018]]]},"properties":{"zone":"R-3","label":"R-3","desc":"Allows for attached rowhouses on small lots and row dwellings mingled with detached, semi-detached, and groupings of three or more row dwellings"}},{"type":"Feature","geometry":{"type":"Polygon","coordinates":[[[-77.0747,38.92256],[-77.07472,38.9226],[-77.07474,38.92263],[-77.07474,38.92264],[-77.07476,38.92267],[-77.07487,38.92287],[-77.07495,38.923],[-77.07499,38.92307],[-77.075,38.92309],[-77.07501,38.9231],[-77.07512,38.9231],[-77.07518,38.9231],[-77.0756,38.9231],[-77.07609,38.9231],[-77.07657,38.9231],[-77.07658,38.9231],[-77.07668,38.9231],[-77.07683,38.9231],[-77.07689,38.9231],[-77.07706,38.9231],[-77.07726,38.9231],[-77.07779,38.9231],[-77.07829,38.9231],[-77.07849,38.9231],[-77.07849,38.92266],[-77.07849,38.92256],[-77.07832,38.92256],[-77.07832,38.92248],[-77.07832,38.92247],[-77.07832,38.92246],[-77.07832,38.92245],[-77.07832,38.92238],[-77.07832,38.92234],[-77.07832,38.92223],[-77.07832,38.92206],[-77.07832,38.92189],[-77.07832,38.92172],[-77.07832,38.92151],[-77.07832,38.92133],[-77.07832,38.92124],[-77.07832,38.92119],[-77.07832,38.92105],[-77.07833,38.92105],[-77.07834,38.92105],[-77.07835,38.92105],[-77.07846,38.92105],[-77.07853,38.92105],[-77.07861,38.92105],[-77.07878,38.92105],[-77.07878,38.9209],[-77.07878,38.92079],[-77.07878,38.92078],[-77.07878,38.92077],[-77.07878,38.92069],[-77.07878,38.92062],[-77.07878,38.92033],[-77.07862,38.92033],[-77.07855,38.92033],[-77.07842,38.92033],[-77.07833,38.92033],[-77.07833,38.92004],[-77.07833,38.91991],[-77.07833,38.91971],[-77.07833,38.91954],[-77.07813,38.91954],[-77.078,38.91954],[-77.07792,38.91953],[-77.07783,38.91954],[-77.07763,38.91954],[-77.07757,38.91954],[-77.07753,38.91954],[-77.07753,38.91952],[-77.07753,38.91943],[-77.07753,38.9193],[-77.07753,38.91918],[-77.07754,38.91918],[-77.07754,38.91906],[-77.07754,38.91879],[-77.07754,38.91878],[-77.07754,38.91877],[-77.07749,38.91877],[-77.07742,38.91877],[-77.07736,38.91877],[-77.07731,38.91877],[-77.07729,38.91877],[-77.07724,38.91877],[-77.07721,38.91877],[-77.07708,38.91877],[-77.07707,38.91877],[-77.07702,38.91871],[-77.07642,38.91814],[-77.07628,38.918],[-77.0761,38.91783],[-77.07582,38.91755],[-77.07575,38.91743],[-77.07574,38.91703],[-77.07573,38.91692],[-77.07572,38.91683],[-77.07571,38.91662],[-77.0757,38.91638],[-77.07569,38.91629],[-77.07569,38.91612],[-77.07567,38.91585],[-77.07567,38.91575],[-77.07566,38.91543],[-77.07565,38.91539],[-77.07565,38.91532],[-77.07565,38.91525],[-77.07565,38.91524],[-77.07565,38.91519],[-77.07563,38.91487],[-77.07563,38.91486],[-77.07563,38.91482],[-77.07562,38.9145],[-77.07562,38.91449],[-77.07562,38.91448],[-77.07561,38.91448],[-77.07561,38.91447],[-77.07561,38.91446],[-77.07561,38.91445],[-77.0756,38.91444],[-77.0756,38.91443],[-77.0756,38.91442],[-77.07559,38.91441],[-77.07559,38.9144],[-77.07559,38.91439],[-77.07559,38.91438],[-77.07558,38.91437],[-77.07558,38.91436],[-77.07558,38.91435],[-77.07558,38.91434],[-77.07558,38.91431],[-77.07558,38.91421],[-77.07558,38.91414],[-77.07558,38.91405],[-77.07558,38.91398],[-77.07558,38.91397],[-77.07558,38.91396],[-77.07558,38.91395],[-77.07558,38.91394],[-77.07558,38.91393],[-77.07558,38.91391],[-77.07557,38.9139],[-77.07557,38.91388],[-77.07557,38.91387],[-77.07557,38.91386],[-77.07558,38.91384],[-77.07558,38.91383],[-77.07558,38.91382],[-77.07558,38.91381],[-77.07558,38.91379],[-77.07558,38.91378],[-77.07558,38.91377],[-77.07558,38.91376],[-77.07558,38.91375],[-77.07558,38.91373],[-77.07558,38.91372],[-77.07558,38.9137],[-77.07558,38.91369],[-77.07558,38.91368],[-77.07557,38.91341],[-77.07556,38.91318],[-77.07555,38.91299],[-77.07554,38.91276],[-77.07554,38.91273],[-77.07554,38.91263],[-77.07564,38.91263],[-77.07565,38.91263],[-77.07566,38.91263],[-77.0761,38.91264],[-77.07647,38.91265],[-77.07661,38.91266],[-77.07747,38.91268],[-77.07775,38.91268],[-77.07776,38.91268],[-77.07844,38.9127],[-77.07856,38.9127],[-77.07884,38.91269],[-77.07885,38.91269],[-77.07892,38.91269],[-77.07902,38.91269],[-77.07903,38.91269],[-77.07907,38.91269],[-77.07918,38.91269],[-77.07928,38.91269],[-77.0793,38.91269],[-77.07933,38.91269],[-77.07944,38.91269],[-77.07954,38.91269],[-77.07955,38.91269],[-77.07959,38.91269],[-77.07967,38.91269],[-77.08008,38.91269],[-77.08056,38.91269],[-77.08119,38.91269],[-77.08147,38.91269],[-77.0816,38.91269],[-77.0817,38.91269],[-77.08181,38.91269],[-77.08186,38.91269],[-77.08195,38.91269],[-77.08196,38.91269],[-77.08204,38.91269],[-77.08213,38.91269],[-77.08222,38.91269],[-77.08231,38.91269],[-77.08239,38.91269],[-77.08248,38.91269],[-77.0825,38.91269],[-77.08251,38.91269],[-77.08257,38.91269],[-77.08266,38.91268],[-77.08275,38.91268],[-77.0828,38.91268],[-77.08283,38.91268],[-77.08285,38.91268],[-77.08286,38.91268],[-77.08288,38.91267],[-77.08291,38.91267],[-77.08292,38.91267],[-77.08293,38.91267],[-77.08296,38.91266],[-77.08297,38.91266],[-77.08298,38.91266],[-77.08301,38.91266],[-77.08303,38.91265],[-77.08305,38.91265],[-77.08306,38.91265],[-77.08308,38.91264],[-77.0832,38.91262],[-77.08331,38.9126],[-77.08343,38.91258],[-77.08354,38.91256],[-77.08366,38.91254],[-77.08377,38.91252],[-77.08389,38.91249],[-77.084,38.91247],[-77.08412,38.91245],[-77.08433,38.91242],[-77.08436,38.91241],[-77.08452,38.91239],[-77.08453,38.91239],[-77.0846,38.91238],[-77.08461,38.91238],[-77.08462,38.91238],[-77.08465,38.91238],[-77.08467,38.91237],[-77.08469,38.91237],[-77.0847,38.91237],[-77.08471,38.91237],[-77.08472,38.91237],[-77.08473,38.91237],[-77.08475,38.91237],[-77.08476,38.91237],[-77.08478,38.91238],[-77.08482,38.91238],[-77.08491,38.9124],[-77.08505,38.91243],[-77.08502,38.91229],[-77.085,38.91223],[-77.08498,38.91215],[-77.08497,38.91212],[-77.08495,38.91209],[-77.0849,38.91203],[-77.08471,38.91177],[-77.08468,38.91173],[-77.08465,38.91169],[-77.08463,38.91166],[-77.08457,38.91159],[-77.08456,38.91157],[-77.08449,38.91147],[-77.08446,38.91143],[-77.08443,38.91139],[-77.08438,38.91132],[-77.08436,38.91133],[-77.08435,38.91133],[-77.0843,38.91136],[-77.08429,38.91136],[-77.08428,38.91136],[-77.08427,38.91137],[-77.08426,38.91137],[-77.08425,38.91138],[-77.08423,38.91138],[-77.08423,38.91139],[-77.08422,38.91139],[-77.08421,38.91139],[-77.08419,38.9114],[-77.08417,38.9114],[-77.08415,38.9114],[-77.08414,38.9114],[-77.08412,38.9114],[-77.0841,38.9114],[-77.08396,38.91135],[-77.0839,38.91133],[-77.08375,38.91128],[-77.0837,38.91126],[-77.08369,38.91126],[-77.08367,38.91125],[-77.08366,38.91124],[-77.08364,38.91124],[-77.08363,38.91123],[-77.08362,38.91123],[-77.0836,38.91122],[-77.08359,38.91122],[-77.08358,38.91121],[-77.08357,38.9112],[-77.08358,38.9112],[-77.08363,38.9112],[-77.08364,38.9112],[-77.08366,38.91119],[-77.08367,38.91118],[-77.08393,38.91104],[-77.08402,38.91098],[-77.08403,38.91098],[-77.08409,38.91095],[-77.0841,38.91095],[-77.08401,38.91083],[-77.08396,38.91076],[-77.08389,38.91066],[-77.08383,38.91058],[-77.08375,38.91047],[-77.08353,38.91017],[-77.08348,38.91011],[-77.08348,38.9101],[-77.08347,38.91009],[-77.08324,38.90978],[-77.08319,38.90971],[-77.08313,38.90963],[-77.08307,38.90954],[-77.08295,38.90938],[-77.08289,38.9093],[-77.08283,38.90921],[-77.08277,38.90913],[-77.0827,38.90904],[-77.08264,38.90896],[-77.08258,38.90888],[-77.08252,38.90879],[-77.08246,38.90871],[-77.08245,38.90871],[-77.0824,38.90864],[-77.08239,38.90864],[-77.08238,38.90865],[-77.08237,38.90865],[-77.08236,38.90865],[-77.08235,38.90866],[-77.08233,38.90866],[-77.08232,38.90866],[-77.0823,38.90866],[-77.08229,38.90866],[-77.08228,38.90866],[-77.08227,38.90866],[-77.08226,38.90866],[-77.0822,38.90866],[-77.08214,38.90866],[-77.08208,38.90866],[-77.0819,38.90866],[-77.08189,38.90866],[-77.08154,38.90866],[-77.08106,38.90866],[-77.08084,38.90866],[-77.08071,38.90866],[-77.08032,38.90866],[-77.08031,38.90866],[-77.08029,38.90866],[-77.08022,38.90866],[-77.08011,38.90866],[-77.07971,38.90866],[-77.0797,38.90866],[-77.07969,38.90866],[-77.07966,38.90866],[-77.0796,38.90866],[-77.07963,38.90859],[-77.07964,38.90855],[-77.07966,38.9085],[-77.07973,38.90828],[-77.07975,38.90825],[-77.07976,38.90821],[-77.07976,38.9082],[-77.07977,38.90819],[-77.07979,38.90813],[-77.07981,38.90806],[-77.07982,38.90805],[-77.07983,38.90802],[-77.07984,38.90799],[-77.07985,38.90795],[-77.07986,38.90793],[-77.07987,38.90789],[-77.07988,38.90786],[-77.0799,38.90782],[-77.0799,38.9078],[-77.07993,38.90773],[-77.07994,38.90769],[-77.07995,38.90766],[-77.07996,38.90762],[-77.07997,38.9076],[-77.07999,38.90756],[-77.08001,38.90749],[-77.08003,38.90742],[-77.08006,38.90734],[-77.08007,38.90733],[-77.08007,38.90732],[-77.08011,38.90721],[-77.08014,38.90711],[-77.08018,38.907],[-77.08021,38.9069],[-77.08023,38.9069],[-77.08078,38.90667],[-77.08087,38.90659],[-77.08086,38.90657],[-77.08084,38.90654],[-77.08082,38.90651],[-77.08079,38.90648],[-77.08072,38.9064],[-77.08063,38.90631],[-77.08058,38.90625],[-77.08052,38.90621],[-77.08048,38.90618],[-77.08045,38.90616],[-77.08042,38.90614],[-77.08038,38.90612],[-77.08034,38.9061],[-77.08031,38.90608],[-77.08027,38.90606],[-77.08023,38.90605],[-77.08022,38.90605],[-77.0802,38.90604],[-77.08019,38.90603],[-77.08018,38.90603],[-77.08017,38.90603],[-77.08016,38.90602],[-77.08009,38.90601],[-77.08005,38.906],[-77.07992,38.90597],[-77.07986,38.90597],[-77.07981,38.90596],[-77.0798,38.90596],[-77.07961,38.90595],[-77.07953,38.90595],[-77.07943,38.90595],[-77.07917,38.90596],[-77.07852,38.90587],[-77.07795,38.90579],[-77.07766,38.90574],[-77.07697,38.90556],[-77.07623,38.9054],[-77.07591,38.90534],[-77.0756,38.90531],[-77.07478,38.90529],[-77.07389,38.90527],[-77.07341,38.90522],[-77.07307,38.90518],[-77.07251,38.90512],[-77.07155,38.90494],[-77.07151,38.90494],[-77.07151,38.90492],[-77.07151,38.9051],[-77.07151,38.90545],[-77.07141,38.90545],[-77.07136,38.90545],[-77.07131,38.90545],[-77.07127,38.90545],[-77.07126,38.90545],[-77.0712,38.90545],[-77.07113,38.90545],[-77.07106,38.90545],[-77.07099,38.90545],[-77.07092,38.90545],[-77.07085,38.90545],[-77.07078,38.90546],[-77.07071,38.90546],[-77.07062,38.90546],[-77.07054,38.90546],[-77.07047,38.90546],[-77.07046,38.90546],[-77.07045,38.90546],[-77.07036,38.90546],[-77.07031,38.90546],[-77.07015,38.90546],[-77.07014,38.90546],[-77.06961,38.90547],[-77.06951,38.90547],[-77.06951,38.90544],[-77.06951,38.9054],[-77.0695,38.90534],[-77.0695,38.90527],[-77.06925,38.90527],[-77.06908,38.90528],[-77.06897,38.90528],[-77.06897,38.90532],[-77.06897,38.90536],[-77.06882,38.90536],[-77.06866,38.90536],[-77.06813,38.90536],[-77.06803,38.90537],[-77.06794,38.90537],[-77.06784,38.90537],[-77.06784,38.90533],[-77.06774,38.90533],[-77.06756,38.90534],[-77.06757,38.90543],[-77.06751,38.90543],[-77.06751,38.90548],[-77.06752,38.90552],[-77.06752,38.90553],[-77.06751,38.90553],[-77.0675,38.90553],[-77.06748,38.90553],[-77.06746,38.90553],[-77.06741,38.90553],[-77.06736,38.90553],[-77.06736,38.90559],[-77.06723,38.90559],[-77.06715,38.90559],[-77.0671,38.90559],[-77.06711,38.90566],[-77.0671,38.90566],[-77.06705,38.90566],[-77.06699,38.90566],[-77.06693,38.90566],[-77.06687,38.90566],[-77.06681,38.90566],[-77.06675,38.90567],[-77.06674,38.90567],[-77.06673,38.90567],[-77.06669,38.90567],[-77.06663,38.90567],[-77.06657,38.90567],[-77.06651,38.90567],[-77.06645,38.90567],[-77.06639,38.90567],[-77.06639,38.90563],[-77.06639,38.90559],[-77.06639,38.90555],[-77.06633,38.90555],[-77.06614,38.90555],[-77.06607,38.90555],[-77.06607,38.90558],[-77.06601,38.90558],[-77.06575,38.90559],[-77.06574,38.90559],[-77.06574,38.90563],[-77.06574,38.90568],[-77.06574,38.90572],[-77.06574,38.90574],[-77.06574,38.90575],[-77.06574,38.90577],[-77.06575,38.90577],[-77.06563,38.90577],[-77.0656,38.90577],[-77.0655,38.90577],[-77.0653,38.90577],[-77.06521,38.90577],[-77.06521,38.90587],[-77.06521,38.90591],[-77.06522,38.90599],[-77.06522,38.90606],[-77.06522,38.90624],[-77.06523,38.90629],[-77.06523,38.90633],[-77.06519,38.90633],[-77.06513,38.90634],[-77.06512,38.90634],[-77.0649,38.90634],[-77.0649,38.90636],[-77.06484,38.90636],[-77.06473,38.90636],[-77.06461,38.90636],[-77.06448,38.90637],[-77.06423,38.90637],[-77.06411,38.90637],[-77.06399,38.90638],[-77.06401,38.90678],[-77.06401,38.90679],[-77.06401,38.90686],[-77.06396,38.90686],[-77.06396,38.90693],[-77.06398,38.90723],[-77.06398,38.90732],[-77.06408,38.90732],[-77.06418,38.90732],[-77.06421,38.90732],[-77.06431,38.90732],[-77.0644,38.90732],[-77.0644,38.90733],[-77.0644,38.90734],[-77.0644,38.90736],[-77.0644,38.90737],[-77.0644,38.90739],[-77.06441,38.90741],[-77.06441,38.90745],[-77.06441,38.90747],[-77.06441,38.90748],[-77.06441,38.90751],[-77.06443,38.90775],[-77.06443,38.90784],[-77.06429,38.90785],[-77.06428,38.90785],[-77.06428,38.90792],[-77.06428,38.90793],[-77.06428,38.90794],[-77.06429,38.90814],[-77.06429,38.90815],[-77.06429,38.90824],[-77.06429,38.90831],[-77.06429,38.90833],[-77.0643,38.90833],[-77.0645,38.90833],[-77.06454,38.90833],[-77.06456,38.90833],[-77.06461,38.90833],[-77.06463,38.90833],[-77.06463,38.90835],[-77.06463,38.90874],[-77.06463,38.90877],[-77.06463,38.90883],[-77.06466,38.90883],[-77.06482,38.90883],[-77.06482,38.9089],[-77.06483,38.90912],[-77.06471,38.90912],[-77.06487,38.90946],[-77.06488,38.90948],[-77.06488,38.90952],[-77.06488,38.90961],[-77.06488,38.90972],[-77.06488,38.90981],[-77.06502,38.90981],[-77.06526,38.9098],[-77.06526,38.90988],[-77.06526,38.91006],[-77.06526,38.91017],[-77.06526,38.91021],[-77.0655,38.9102],[-77.06551,38.9102],[-77.06551,38.91023],[-77.06551,38.91029],[-77.06551,38.9103],[-77.06551,38.91034],[-77.06551,38.91038],[-77.06551,38.91042],[-77.06551,38.91048],[-77.06551,38.91063],[-77.06551,38.9107],[-77.06551,38.91078],[-77.06587,38.91077],[-77.06588,38.91077],[-77.06588,38.91086],[-77.06588,38.91103],[-77.06577,38.91103],[-77.06577,38.91112],[-77.06577,38.91116],[-77.06577,38.91117],[-77.06577,38.91121],[-77.06577,38.91126],[-77.06578,38.9113],[-77.06579,38.9113],[-77.06579,38.91135],[-77.06579,38.9114],[-77.06581,38.9114],[-77.06583,38.9114],[-77.06583,38.91144],[-77.06583,38.91148],[-77.06583,38.91149],[-77.06601,38.91149],[-77.06612,38.91149],[-77.06613,38.91169],[-77.06613,38.91175],[-77.06613,38.91176],[-77.06613,38.91183],[-77.06613,38.91198],[-77.06612,38.91208],[-77.06613,38.91227],[-77.06613,38.91228],[-77.06613,38.91229],[-77.06623,38.91229],[-77.06634,38.91229],[-77.06648,38.91229],[-77.06648,38.91233],[-77.06648,38.91238],[-77.06648,38.91245],[-77.06648,38.9125],[-77.06648,38.91255],[-77.06648,38.91265],[-77.06649,38.91274],[-77.06671,38.91274],[-77.06671,38.91281],[-77.06671,38.91303],[-77.06672,38.91303],[-77.06672,38.9131],[-77.06694,38.9131],[-77.06695,38.91364],[-77.06696,38.91372],[-77.06733,38.91372],[-77.06733,38.9138],[-77.06734,38.9142],[-77.06738,38.9142],[-77.0674,38.9142],[-77.06747,38.9142],[-77.0675,38.9142],[-77.0675,38.91422],[-77.06751,38.91425],[-77.06751,38.91428],[-77.06752,38.91432],[-77.06753,38.91435],[-77.06753,38.91436],[-77.06754,38.9144],[-77.06754,38.91443],[-77.06756,38.91453],[-77.06757,38.91456],[-77.06757,38.91458],[-77.06758,38.91459],[-77.06758,38.9146],[-77.06758,38.91461],[-77.06758,38.91462],[-77.06758,38.91463],[-77.06759,38.91467],[-77.06762,38.91474],[-77.06765,38.91479],[-77.06767,38.91484],[-77.0677,38.91489],[-77.06782,38.91489],[-77.06793,38.91488],[-77.06793,38.91489],[-77.06793,38.91525],[-77.06793,38.91527],[-77.06793,38.91528],[-77.06793,38.91531],[-77.06794,38.91535],[-77.06794,38.91541],[-77.06794,38.91542],[-77.06794,38.9155],[-77.06794,38.91552],[-77.06794,38.91555],[-77.06794,38.91558],[-77.06794,38.91559],[-77.06794,38.91561],[-77.06794,38.91562],[-77.06794,38.91563],[-77.06794,38.91564],[-77.06794,38.91565],[-77.06794,38.91566],[-77.06793,38.91567],[-77.06793,38.91568],[-77.06792,38.91569],[-77.06791,38.9157],[-77.06791,38.91571],[-77.0679,38.91572],[-77.06789,38.91572],[-77.06788,38.91572],[-77.06783,38.91575],[-77.0678,38.91577],[-77.06781,38.91578],[-77.06783,38.91581],[-77.06785,38.91584],[-77.06786,38.91586],[-77.06787,38.91587],[-77.06789,38.91589],[-77.06791,38.91592],[-77.06793,38.91595],[-77.068,38.91603],[-77.06801,38.91604],[-77.06802,38.91605],[-77.06803,38.91606],[-77.06803,38.91607],[-77.06804,38.91607],[-77.06808,38.91612],[-77.06808,38.91613],[-77.06809,38.91614],[-77.06812,38.91618],[-77.06817,38.91624],[-77.06823,38.91632],[-77.0683,38.9164],[-77.06837,38.9165],[-77.06844,38.91659],[-77.06845,38.91659],[-77.06853,38.9167],[-77.06854,38.91671],[-77.06855,38.91673],[-77.06857,38.91674],[-77.06858,38.91676],[-77.06859,38.91677],[-77.0686,38.91678],[-77.06861,38.91679],[-77.06862,38.91681],[-77.06866,38.91685],[-77.06866,38.91686],[-77.06868,38.91688],[-77.06868,38.91689],[-77.06871,38.91692],[-77.06873,38.91695],[-77.06875,38.91697],[-77.06876,38.91697],[-77.06882,38.91706],[-77.06883,38.91706],[-77.06885,38.91709],[-77.06886,38.91711],[-77.06887,38.91711],[-77.06889,38.91713],[-77.0689,38.91715],[-77.06892,38.91717],[-77.06893,38.91719],[-77.06894,38.9172],[-77.06896,38.91723],[-77.06897,38.91724],[-77.06898,38.91725],[-77.069,38.91727],[-77.06902,38.91729],[-77.06904,38.91732],[-77.06907,38.91736],[-77.0691,38.91739],[-77.06911,38.91741],[-77.06915,38.91745],[-77.06918,38.91749],[-77.06919,38.9175],[-77.06919,38.91751],[-77.0692,38.91751],[-77.0692,38.91752],[-77.06921,38.91753],[-77.06922,38.91754],[-77.06923,38.91755],[-77.06924,38.91757],[-77.06925,38.91758],[-77.06926,38.91758],[-77.06927,38.9176],[-77.06937,38.91772],[-77.06938,38.91773],[-77.06939,38.91774],[-77.06946,38.91782],[-77.06947,38.91783],[-77.06947,38.91784],[-77.06948,38.91785],[-77.06953,38.9179],[-77.0696,38.91799],[-77.06961,38.91799],[-77.06961,38.918],[-77.06962,38.91801],[-77.06963,38.91802],[-77.06965,38.91804],[-77.06967,38.91807],[-77.06968,38.91808],[-77.06969,38.91809],[-77.0697,38.9181],[-77.06971,38.91811],[-77.06973,38.91813],[-77.06974,38.91815],[-77.06975,38.91816],[-77.06978,38.9182],[-77.0698,38.91822],[-77.06984,38.91826],[-77.06987,38.91829],[-77.06994,38.91838],[-77.07,38.91845],[-77.07004,38.9185],[-77.07015,38.91848],[-77.07019,38.91847],[-77.07024,38.91846],[-77.07028,38.91845],[-77.0703,38.91844],[-77.07031,38.91844],[-77.07035,38.91843],[-77.07036,38.91843],[-77.07038,38.91842],[-77.0704,38.91842],[-77.07042,38.91841],[-77.07044,38.91841],[-77.0705,38.9184],[-77.07051,38.91839],[-77.07056,38.91838],[-77.07059,38.91837],[-77.07061,38.91837],[-77.07117,38.91823],[-77.07123,38.9183],[-77.07118,38.91831],[-77.07126,38.9184],[-77.07098,38.91853],[-77.07106,38.91864],[-77.07125,38.91884],[-77.07111,38.91891],[-77.07114,38.91894],[-77.0712,38.919],[-77.07121,38.91901],[-77.07128,38.91908],[-77.07128,38.91909],[-77.07137,38.91919],[-77.07141,38.91923],[-77.07143,38.91927],[-77.07144,38.91927],[-77.07146,38.9193],[-77.07147,38.91931],[-77.07149,38.91934],[-77.0715,38.91935],[-77.07152,38.91937],[-77.07153,38.91938],[-77.07155,38.91941],[-77.07156,38.91942],[-77.07159,38.91945],[-77.07161,38.91947],[-77.07162,38.91949],[-77.07163,38.91951],[-77.07165,38.91953],[-77.07167,38.91956],[-77.07168,38.91958],[-77.07169,38.9196],[-77.07171,38.91962],[-77.07171,38.91963],[-77.07173,38.91965],[-77.07173,38.91967],[-77.07176,38.91972],[-77.07177,38.91974],[-77.07177,38.91975],[-77.07178,38.91977],[-77.07181,38.91983],[-77.07181,38.91984],[-77.07184,38.91989],[-77.07185,38.91993],[-77.07187,38.91996],[-77.07187,38.91997],[-77.07188,38.92],[-77.0719,38.92],[-77.07196,38.91998],[-77.07207,38.91995],[-77.0721,38.92],[-77.07214,38.9201],[-77.0722,38.92023],[-77.07223,38.92028],[-77.07224,38.9203],[-77.07224,38.92031],[-77.07225,38.92033],[-77.07237,38.9203],[-77.0724,38.92037],[-77.0724,38.92038],[-77.07244,38.92046],[-77.07249,38.92056],[-77.07256,38.92054],[-77.07295,38.92043],[-77.07297,38.92073],[-77.07253,38.92084],[-77.07243,38.92087],[-77.07246,38.92092],[-77.07247,38.92093],[-77.07247,38.92094],[-77.07248,38.92096],[-77.07249,38.92096],[-77.07251,38.92099],[-77.07254,38.92104],[-77.07254,38.92105],[-77.07256,38.92109],[-77.07257,38.92109],[-77.0726,38.92115],[-77.07263,38.9212],[-77.07266,38.92124],[-77.07266,38.92125],[-77.07267,38.92126],[-77.07269,38.9213],[-77.07272,38.92135],[-77.07273,38.92135],[-77.07276,38.92141],[-77.073,38.92134],[-77.07311,38.9213],[-77.07311,38.92132],[-77.07311,38.92135],[-77.07311,38.92138],[-77.07311,38.92141],[-77.07311,38.92142],[-77.07311,38.92144],[-77.07312,38.92146],[-77.07312,38.92147],[-77.07312,38.9215],[-77.07313,38.92161],[-77.07313,38.92164],[-77.07315,38.92164],[-77.07319,38.92163],[-77.0732,38.92163],[-77.07321,38.92163],[-77.07322,38.92163],[-77.07323,38.92163],[-77.07324,38.92163],[-77.07325,38.92163],[-77.07327,38.92162],[-77.07328,38.92162],[-77.07378,38.92254],[-77.07378,38.92256],[-77.0738,38.92256],[-77.07384,38.92256],[-77.0739,38.92256],[-77.07397,38.92256],[-77.07404,38.92256],[-77.07418,38.92256],[-77.07424,38.92256],[-77.0743,38.92256],[-77.07458,38.92256],[-77.0747,38.92256]],[[-77.07081,38.90626],[-77.07081,38.90627],[-77.07081,38.90628],[-77.07081,38.90629],[-77.07082,38.90637],[-77.07082,38.90638],[-77.07077,38.90638],[-77.07073,38.90638],[-77.07067,38.90638],[-77.07068,38.90642],[-77.07068,38.90646],[-77.07061,38.90646],[-77.07061,38.9065],[-77.07061,38.90655],[-77.07061,38.90656],[-77.07062,38.9066],[-77.07062,38.90663],[-77.07062,38.90671],[-77.07058,38.90671],[-77.07054,38.90671],[-77.07051,38.90671],[-77.07048,38.90671],[-77.07045,38.90671],[-77.07043,38.90671],[-77.07041,38.90671],[-77.0704,38.90671],[-77.0703,38.90672],[-77.0703,38.90665],[-77.0703,38.9066],[-77.07028,38.90631],[-77.07028,38.90625],[-77.07027,38.90608],[-77.07027,38.90599],[-77.07027,38.90597],[-77.07027,38.90588],[-77.07038,38.90588],[-77.07043,38.90587],[-77.07049,38.90587],[-77.07055,38.90587],[-77.07061,38.90587],[-77.07062,38.90587],[-77.07062,38.90593],[-77.07063,38.90596],[-77.07063,38.90612],[-77.07069,38.90612],[-77.07075,38.90612],[-77.0708,38.90612],[-77.07081,38.90626]]]},"properties":{"zone":"R-3/GT","label":"R-3/GT","desc":"Preserves mix of detached, semi-detached and attached dwellings and permits attached row houses on small lots"}},{"type":"Feature","geometry":{"type":"Polygon","coordinates":[[[-76.98724,38.83209],[-76.98566,38.83331],[-76.98567,38.83331],[-76.98573,38.83336],[-76.98573,38.83337],[-76.98623,38.83375],[-76.98624,38.83375],[-76.98661,38.83404],[-76.98674,38.83414],[-76.98667,38.83421],[-76.98647,38.83438],[-76.98647,38.83439],[-76.98765,38.83532],[-76.98764,38.83538],[-76.98762,38.83549],[-76.9876,38.83554],[-76.98757,38.83563],[-76.98749,38.83583],[-76.9872,38.83614],[-76.9871,38.83625],[-76.98717,38.83633],[-76.98719,38.83632],[-76.98731,38.83626],[-76.98741,38.8362],[-76.98762,38.83608],[-76.98769,38.83605],[-76.98774,38.83602],[-76.98776,38.836],[-76.98779,38.83597],[-76.98782,38.83595],[-76.98784,38.83592],[-76.98788,38.83586],[-76.98789,38.83584],[-76.98791,38.8358],[-76.98794,38.83575],[-76.98797,38.83571],[-76.988,38.83566],[-76.98803,38.83563],[-76.98806,38.8356],[-76.9881,38.83557],[-76.98814,38.83555],[-76.98819,38.83552],[-76.98826,38.83548],[-76.98827,38.83548],[-76.98833,38.83546],[-76.98842,38.83542],[-76.98843,38.83542],[-76.98844,38.83542],[-76.98858,38.83537],[-76.98888,38.83525],[-76.98906,38.83518],[-76.98912,38.83516],[-76.9894,38.83505],[-76.98947,38.83502],[-76.98942,38.83495],[-76.98931,38.83477],[-76.98928,38.83474],[-76.98962,38.83461],[-76.9896,38.83457],[-76.98958,38.83455],[-76.98958,38.83454],[-76.98955,38.8345],[-76.98952,38.83446],[-76.98949,38.83441],[-76.98947,38.83437],[-76.98945,38.83434],[-76.98944,38.83432],[-76.98943,38.83432],[-76.98941,38.83428],[-76.98939,38.83425],[-76.98938,38.83424],[-76.98937,38.83422],[-76.98936,38.8342],[-76.98935,38.83418],[-76.98937,38.83417],[-76.98942,38.83415],[-76.98944,38.83414],[-76.98945,38.83414],[-76.9895,38.83412],[-76.98952,38.83411],[-76.98953,38.83411],[-76.98954,38.8341],[-76.98955,38.8341],[-76.98956,38.8341],[-76.98956,38.83409],[-76.98957,38.83409],[-76.98958,38.83409],[-76.98959,38.83408],[-76.9896,38.83408],[-76.98961,38.83408],[-76.98962,38.83407],[-76.98963,38.83407],[-76.98964,38.83406],[-76.98965,38.83406],[-76.98966,38.83406],[-76.98967,38.83405],[-76.98997,38.83394],[-76.99012,38.83388],[-76.99011,38.83388],[-76.99008,38.83386],[-76.98998,38.83379],[-76.98993,38.83376],[-76.98961,38.83355],[-76.98958,38.83353],[-76.98949,38.83347],[-76.98942,38.83343],[-76.98927,38.83333],[-76.98911,38.83323],[-76.98903,38.83317],[-76.98902,38.83316],[-76.98844,38.83278],[-76.98843,38.83278],[-76.98836,38.83273],[-76.98812,38.83257],[-76.98739,38.83207],[-76.98731,38.83202],[-76.98724,38.83209]]]},"properties":{"zone":"R-3","label":"R-3","desc":"Allows for attached rowhouses on small lots and row dwellings mingled with detached, semi-detached, and groupings of three or more row dwellings"}},{"type":"Feature","geometry":{"type":"Polygon","coordinates":[[[-77.07056,38.91838],[-77.07059,38.91842],[-77.07063,38.91846],[-77.07066,38.9185],[-77.07069,38.91854],[-77.07073,38.91858],[-77.07076,38.91862],[-77.07108,38.91893],[-77.07111,38.91891],[-77.07125,38.91884],[-77.07106,38.91864],[-77.07098,38.91853],[-77.07126,38.9184],[-77.07118,38.91831],[-77.07123,38.9183],[-77.07117,38.91823],[-77.07061,38.91837],[-77.07059,38.91837],[-77.07056,38.91838]]]},"properties":{"zone":"R-3/NO","label":"R-3/NO","desc":"Permits single household attached rowhouses on small lots, mingled with detached and semi-detached houses"}},{"type":"Feature","geometry":{"type":"Polygon","coordinates":[[[-77.00549,38.8199],[-77.00535,38.81992],[-77.00533,38.82091],[-77.00534,38.82149],[-77.00535,38.82173],[-77.00535,38.82182],[-77.00537,38.82206],[-77.0054,38.82222],[-77.00556,38.8222],[-77.00614,38.82211],[-77.00713,38.82196],[-77.00723,38.82194],[-77.00734,38.82193],[-77.00774,38.82186],[-77.00774,38.82086],[-77.00774,38.82082],[-77.00774,38.82074],[-77.00774,38.82072],[-77.00759,38.82066],[-77.00738,38.82056],[-77.00736,38.82055],[-77.00734,38.82053],[-77.00733,38.82053],[-77.0073,38.82049],[-77.00728,38.82048],[-77.00726,38.82046],[-77.00725,38.82043],[-77.00724,38.82041],[-77.00721,38.82033],[-77.0072,38.8203],[-77.0072,38.82019],[-77.00721,38.82012],[-77.00722,38.82007],[-77.00728,38.81996],[-77.00741,38.81983],[-77.00757,38.8197],[-77.00745,38.81961],[-77.00549,38.8199]]]},"properties":{"zone":"R-3","label":"R-3","desc":"Allows for attached rowhouses on small lots and row dwellings mingled with detached, semi-detached, and groupings of three or more row dwellings"}},{"type":"Feature","geometry":{"type":"Polygon","coordinates":[[[-76.97802,38.85731],[-76.97812,38.85731],[-76.97813,38.85731],[-76.97814,38.85731],[-76.97815,38.85731],[-76.97817,38.85731],[-76.97822,38.85731],[-76.97826,38.85731],[-76.97832,38.85731],[-76.97836,38.85731],[-76.97841,38.85731],[-76.97843,38.85731],[-76.97845,38.85731],[-76.97876,38.85731],[-76.9789,38.85731],[-76.97903,38.85731],[-76.97913,38.85731],[-76.97914,38.85731],[-76.97951,38.85731],[-76.97952,38.85731],[-76.97953,38.85731],[-76.97964,38.85731],[-76.97977,38.85731],[-76.98001,38.85731],[-76.98017,38.85731],[-76.9802,38.85731],[-76.98025,38.85731],[-76.98046,38.85731],[-76.98049,38.85731],[-76.9805,38.8573],[-76.98051,38.8573],[-76.98053,38.8573],[-76.98055,38.8573],[-76.98057,38.8573],[-76.9806,38.8573],[-76.98062,38.85729],[-76.98064,38.85729],[-76.98066,38.85729],[-76.98068,38.85728],[-76.9807,38.85728],[-76.9808,38.85726],[-76.9808,38.85722],[-76.9808,38.85717],[-76.98079,38.85713],[-76.98079,38.85679],[-76.98079,38.8565],[-76.98079,38.85633],[-76.98079,38.85624],[-76.98068,38.85624],[-76.98066,38.85624],[-76.98021,38.85624],[-76.98017,38.85624],[-76.98014,38.85624],[-76.9801,38.85624],[-76.98007,38.85624],[-76.98004,38.85623],[-76.98,38.85623],[-76.98,38.85612],[-76.98,38.85598],[-76.98,38.85573],[-76.98,38.85571],[-76.9797,38.8557],[-76.97969,38.8557],[-76.9797,38.85566],[-76.9797,38.85541],[-76.97969,38.8553],[-76.97969,38.85517],[-76.9794,38.85517],[-76.97927,38.85517],[-76.97915,38.85517],[-76.97902,38.85517],[-76.97891,38.85517],[-76.97822,38.85517],[-76.97782,38.85517],[-76.97781,38.85517],[-76.97778,38.85517],[-76.97778,38.85505],[-76.97778,38.85464],[-76.97788,38.85464],[-76.97795,38.85464],[-76.978,38.85464],[-76.97804,38.85464],[-76.97809,38.85464],[-76.97816,38.85464],[-76.97865,38.85464],[-76.97879,38.85464],[-76.97887,38.85464],[-76.97902,38.85464],[-76.97914,38.85464],[-76.97918,38.85464],[-76.97926,38.85464],[-76.97927,38.85464],[-76.97936,38.85464],[-76.97944,38.85464],[-76.97951,38.85464],[-76.97958,38.85464],[-76.97965,38.85464],[-76.97966,38.85464],[-76.97967,38.85464],[-76.97972,38.85464],[-76.97979,38.85464],[-76.97986,38.85464],[-76.97993,38.85464],[-76.98,38.85464],[-76.98003,38.85464],[-76.98005,38.85464],[-76.98007,38.85464],[-76.98014,38.85464],[-76.98021,38.85464],[-76.98028,38.85464],[-76.98036,38.85464],[-76.98051,38.85464],[-76.98058,38.85464],[-76.98063,38.85464],[-76.98067,38.85464],[-76.98089,38.85464],[-76.98091,38.85464],[-76.98115,38.85464],[-76.98122,38.85468],[-76.9816,38.85491],[-76.98161,38.85491],[-76.98197,38.85471],[-76.98207,38.85466],[-76.98224,38.85457],[-76.98271,38.85432],[-76.98281,38.85427],[-76.98274,38.85389],[-76.98275,38.85386],[-76.98276,38.85383],[-76.98278,38.8538],[-76.98283,38.85377],[-76.98287,38.85375],[-76.98291,38.85372],[-76.98295,38.8537],[-76.98296,38.8537],[-76.98301,38.85367],[-76.98305,38.85365],[-76.9831,38.85363],[-76.98315,38.85361],[-76.9832,38.85358],[-76.98325,38.85356],[-76.98326,38.85356],[-76.98328,38.85355],[-76.98329,38.85354],[-76.9833,38.85354],[-76.98331,38.85353],[-76.98333,38.85353],[-76.98334,38.85352],[-76.98336,38.85351],[-76.98338,38.85351],[-76.98339,38.8535],[-76.98341,38.85349],[-76.98344,38.85353],[-76.98346,38.85355],[-76.98348,38.85357],[-76.98351,38.85359],[-76.98353,38.8536],[-76.98356,38.85362],[-76.98358,38.85364],[-76.98361,38.85365],[-76.98364,38.85366],[-76.98367,38.85368],[-76.9837,38.85369],[-76.98387,38.85374],[-76.98399,38.85377],[-76.98418,38.85382],[-76.98431,38.85386],[-76.98429,38.85379],[-76.98427,38.85342],[-76.98457,38.85344],[-76.98474,38.85345],[-76.98511,38.8534],[-76.98548,38.85335],[-76.98577,38.85332],[-76.98605,38.85328],[-76.98631,38.85325],[-76.98659,38.85329],[-76.98689,38.85334],[-76.98718,38.85339],[-76.98755,38.85345],[-76.98789,38.85351],[-76.98825,38.85356],[-76.98863,38.85361],[-76.98904,38.85367],[-76.98944,38.85372],[-76.98965,38.85375],[-76.98985,38.85378],[-76.98996,38.85379],[-76.98996,38.85378],[-76.99017,38.85379],[-76.99017,38.8538],[-76.99017,38.85385],[-76.99028,38.85385],[-76.99028,38.85387],[-76.99052,38.85387],[-76.9907,38.85386],[-76.9907,38.85388],[-76.99084,38.85389],[-76.99098,38.8539],[-76.99112,38.85391],[-76.99133,38.85392],[-76.98951,38.85248],[-76.98945,38.85253],[-76.9889,38.85219],[-76.9885,38.85195],[-76.98832,38.85195],[-76.98821,38.85196],[-76.98813,38.85196],[-76.98764,38.85195],[-76.98742,38.85204],[-76.98722,38.85212],[-76.98678,38.85213],[-76.98642,38.85214],[-76.98572,38.85216],[-76.98555,38.85212],[-76.98527,38.85205],[-76.98513,38.85202],[-76.98506,38.852],[-76.98506,38.85227],[-76.98464,38.85237],[-76.98453,38.8523],[-76.98446,38.85214],[-76.98443,38.85205],[-76.98442,38.85206],[-76.9844,38.85206],[-76.98438,38.85207],[-76.98437,38.85207],[-76.98435,38.85207],[-76.98433,38.85207],[-76.98431,38.85206],[-76.9843,38.85205],[-76.984,38.85187],[-76.98392,38.85193],[-76.98355,38.85229],[-76.98334,38.85206],[-76.98311,38.85231],[-76.98279,38.85264],[-76.98272,38.8527],[-76.98262,38.85278],[-76.98247,38.85294],[-76.98238,38.85303],[-76.98168,38.85321],[-76.98128,38.85331],[-76.98076,38.85345],[-76.97964,38.85374],[-76.9796,38.85372],[-76.97952,38.85366],[-76.97943,38.85361],[-76.97942,38.85361],[-76.97936,38.85356],[-76.97918,38.85346],[-76.97928,38.85341],[-76.9798,38.85165],[-76.97978,38.85158],[-76.98025,38.85144],[-76.98031,38.85154],[-76.98082,38.85139],[-76.98087,38.85138],[-76.98103,38.85133],[-76.98103,38.85132],[-76.98102,38.8513],[-76.98102,38.85129],[-76.98102,38.85128],[-76.98102,38.85127],[-76.98102,38.85126],[-76.98102,38.85125],[-76.98102,38.85087],[-76.98102,38.85084],[-76.98101,38.85076],[-76.98096,38.85075],[-76.98093,38.85075],[-76.98089,38.85075],[-76.98086,38.85075],[-76.98082,38.85074],[-76.98078,38.85074],[-76.98074,38.85074],[-76.9804,38.85071],[-76.9803,38.85071],[-76.98019,38.8507],[-76.98018,38.8507],[-76.98017,38.8507],[-76.98016,38.8507],[-76.98015,38.8507],[-76.98015,38.85074],[-76.98014,38.85078],[-76.98014,38.8508],[-76.98014,38.85084],[-76.98013,38.85098],[-76.98008,38.851],[-76.97976,38.85114],[-76.97949,38.85125],[-76.97919,38.85138],[-76.97913,38.8514],[-76.97911,38.85142],[-76.97887,38.85156],[-76.9785,38.85178],[-76.97833,38.85189],[-76.97818,38.85198],[-76.97816,38.85199],[-76.97813,38.85201],[-76.97811,38.85202],[-76.97798,38.8521],[-76.97796,38.85211],[-76.97792,38.85214],[-76.97776,38.85223],[-76.9777,38.85227],[-76.97769,38.85227],[-76.97741,38.85225],[-76.97734,38.85225],[-76.97732,38.85225],[-76.9773,38.85224],[-76.97729,38.85224],[-76.97728,38.85224],[-76.97723,38.85224],[-76.97713,38.85215],[-76.9768,38.85195],[-76.97674,38.85191],[-76.97658,38.85191],[-76.97641,38.85191],[-76.97626,38.85191],[-76.97626,38.85183],[-76.97626,38.85179],[-76.97626,38.85178],[-76.97626,38.85175],[-76.97626,38.85174],[-76.97626,38.85165],[-76.97626,38.85161],[-76.97626,38.85157],[-76.97626,38.85151],[-76.97626,38.85142],[-76.97626,38.85141],[-76.97625,38.85141],[-76.97622,38.8514],[-76.97621,38.8514],[-76.97619,38.85138],[-76.97618,38.85138],[-76.97616,38.85137],[-76.97615,38.85137],[-76.97614,38.85136],[-76.97611,38.85135],[-76.9761,38.85134],[-76.97608,38.85133],[-76.97607,38.85132],[-76.97606,38.85132],[-76.97602,38.8513],[-76.97602,38.85129],[-76.97601,38.85129],[-76.97601,38.85128],[-76.976,38.85128],[-76.97598,38.85127],[-76.97597,38.85127],[-76.97596,38.85126],[-76.97595,38.85125],[-76.97593,38.85124],[-76.97586,38.8512],[-76.97571,38.85111],[-76.97567,38.85108],[-76.97565,38.85107],[-76.97564,38.85107],[-76.97563,38.85106],[-76.97562,38.85105],[-76.97556,38.85101],[-76.97554,38.851],[-76.97552,38.85099],[-76.97549,38.85097],[-76.97545,38.85095],[-76.97541,38.85093],[-76.97539,38.85091],[-76.97537,38.8509],[-76.97535,38.85089],[-76.97534,38.85088],[-76.97533,38.85088],[-76.97531,38.85086],[-76.97529,38.85085],[-76.97524,38.85082],[-76.97521,38.85081],[-76.97521,38.8508],[-76.97518,38.85079],[-76.97512,38.85075],[-76.97511,38.85074],[-76.97507,38.85076],[-76.97491,38.8508],[-76.9749,38.8508],[-76.97484,38.85082],[-76.97472,38.85085],[-76.97466,38.85087],[-76.9746,38.85088],[-76.97437,38.85094],[-76.97435,38.85095],[-76.97433,38.85095],[-76.97433,38.85096],[-76.97421,38.85099],[-76.97409,38.85102],[-76.97407,38.85102],[-76.97392,38.85106],[-76.97386,38.85107],[-76.97376,38.85109],[-76.97358,38.85112],[-76.97354,38.85112],[-76.9735,38.85113],[-76.97349,38.85113],[-76.97347,38.85113],[-76.97346,38.85113],[-76.97344,38.85113],[-76.97339,38.85114],[-76.97338,38.85114],[-76.97337,38.85114],[-76.97332,38.85115],[-76.9733,38.85115],[-76.97326,38.85115],[-76.97325,38.85115],[-76.97324,38.85116],[-76.97323,38.85116],[-76.97322,38.85116],[-76.97317,38.85116],[-76.97316,38.85116],[-76.97315,38.85117],[-76.97314,38.85117],[-76.97308,38.85117],[-76.97307,38.85117],[-76.97302,38.85118],[-76.97301,38.85118],[-76.973,38.85118],[-76.97299,38.85118],[-76.97296,38.85119],[-76.97295,38.85119],[-76.9729,38.85119],[-76.97289,38.85119],[-76.97286,38.8512],[-76.97284,38.8512],[-76.97283,38.8512],[-76.9728,38.85121],[-76.97279,38.85121],[-76.97275,38.85121],[-76.97273,38.85121],[-76.97271,38.85121],[-76.9727,38.85122],[-76.97269,38.85122],[-76.97268,38.85122],[-76.97267,38.85122],[-76.97265,38.85122],[-76.97264,38.85122],[-76.97263,38.85122],[-76.97262,38.85122],[-76.97262,38.85123],[-76.97261,38.85123],[-76.9726,38.85123],[-76.97258,38.85123],[-76.97257,38.85123],[-76.97255,38.85123],[-76.97254,38.85124],[-76.97252,38.85124],[-76.9725,38.85124],[-76.97248,38.85124],[-76.97247,38.85125],[-76.97244,38.85125],[-76.97243,38.85125],[-76.97242,38.85126],[-76.97239,38.85126],[-76.97238,38.85126],[-76.97237,38.85126],[-76.97234,38.85127],[-76.97232,38.85127],[-76.97231,38.85128],[-76.9723,38.85128],[-76.97227,38.85129],[-76.97226,38.85129],[-76.97225,38.85129],[-76.97222,38.8513],[-76.97221,38.8513],[-76.9722,38.8513],[-76.97218,38.85131],[-76.97215,38.85132],[-76.97212,38.85133],[-76.97209,38.85134],[-76.97205,38.85135],[-76.97204,38.85135],[-76.97202,38.85136],[-76.97199,38.85137],[-76.97196,38.85138],[-76.97193,38.85139],[-76.97192,38.85139],[-76.97191,38.85139],[-76.9719,38.8514],[-76.97189,38.8514],[-76.97188,38.85141],[-76.97187,38.85141],[-76.97184,38.85142],[-76.97181,38.85143],[-76.97178,38.85144],[-76.97175,38.85146],[-76.97172,38.85147],[-76.97169,38.85148],[-76.97167,38.8515],[-76.97164,38.85151],[-76.97161,38.85152],[-76.97158,38.85154],[-76.97155,38.85155],[-76.97153,38.85157],[-76.97149,38.85158],[-76.97146,38.8516],[-76.97142,38.85162],[-76.97139,38.85164],[-76.97136,38.85167],[-76.97133,38.85169],[-76.97102,38.85188],[-76.97101,38.85189],[-76.97078,38.85204],[-76.97076,38.85204],[-76.97075,38.85205],[-76.9706,38.85215],[-76.97058,38.85216],[-76.97055,38.85218],[-76.97053,38.85219],[-76.97051,38.8522],[-76.9705,38.85221],[-76.97048,38.85222],[-76.97048,38.85223],[-76.97044,38.85225],[-76.9704,38.85229],[-76.97035,38.85232],[-76.97032,38.85236],[-76.97028,38.85239],[-76.97025,38.85243],[-76.97021,38.85247],[-76.97018,38.85251],[-76.97015,38.85255],[-76.97013,38.85259],[-76.9701,38.85263],[-76.9701,38.85264],[-76.97009,38.85265],[-76.97009,38.85266],[-76.97008,38.85267],[-76.97008,38.85268],[-76.97007,38.85269],[-76.97007,38.8527],[-76.97005,38.85273],[-76.97005,38.85274],[-76.97004,38.85275],[-76.97004,38.85276],[-76.97003,38.85277],[-76.97003,38.85278],[-76.97003,38.85279],[-76.97003,38.8528],[-76.97002,38.8528],[-76.97002,38.85281],[-76.97002,38.85282],[-76.97,38.85286],[-76.97,38.85288],[-76.96999,38.85291],[-76.96999,38.85292],[-76.96999,38.85293],[-76.96999,38.85294],[-76.96998,38.85298],[-76.96998,38.85304],[-76.97012,38.85302],[-76.97016,38.85302],[-76.97058,38.85302],[-76.97059,38.85302],[-76.97061,38.85302],[-76.97097,38.85302],[-76.97113,38.85302],[-76.97123,38.85302],[-76.97133,38.85302],[-76.97169,38.85302],[-76.97174,38.85302],[-76.97211,38.85302],[-76.97221,38.85302],[-76.97231,38.85302],[-76.97232,38.85302],[-76.97237,38.85302],[-76.97259,38.85302],[-76.9727,38.85303],[-76.97271,38.85303],[-76.97274,38.85303],[-76.97274,38.85315],[-76.97274,38.85327],[-76.97274,38.85342],[-76.97274,38.85349],[-76.97274,38.85356],[-76.97307,38.85356],[-76.97321,38.85356],[-76.9732,38.85395],[-76.9732,38.85409],[-76.97321,38.85409],[-76.97332,38.85409],[-76.97341,38.85409],[-76.9735,38.85409],[-76.97359,38.85409],[-76.97364,38.8541],[-76.97371,38.8541],[-76.97397,38.8541],[-76.97411,38.8541],[-76.97421,38.85409],[-76.97421,38.8541],[-76.97421,38.85414],[-76.97421,38.85417],[-76.97421,38.85418],[-76.97421,38.85421],[-76.97421,38.85425],[-76.97421,38.85428],[-76.97422,38.85432],[-76.97422,38.85436],[-76.97422,38.85439],[-76.97421,38.85443],[-76.97421,38.85447],[-76.97421,38.8545],[-76.97421,38.85452],[-76.97421,38.85453],[-76.97421,38.85454],[-76.97421,38.85455],[-76.97421,38.85456],[-76.9742,38.85457],[-76.9742,38.85458],[-76.9742,38.85459],[-76.97419,38.8546],[-76.97418,38.85461],[-76.97418,38.85462],[-76.97417,38.85464],[-76.97416,38.85464],[-76.97415,38.85465],[-76.97412,38.85469],[-76.97408,38.85473],[-76.97405,38.85476],[-76.97401,38.8548],[-76.97397,38.85484],[-76.97391,38.8549],[-76.97375,38.85504],[-76.97349,38.85528],[-76.97349,38.85529],[-76.97346,38.85531],[-76.97342,38.85535],[-76.97342,38.85536],[-76.9735,38.85541],[-76.97351,38.85541],[-76.97351,38.85542],[-76.97391,38.85568],[-76.97401,38.85575],[-76.97404,38.85576],[-76.97435,38.85597],[-76.97437,38.85598],[-76.97464,38.85616],[-76.97466,38.85617],[-76.97474,38.85623],[-76.9748,38.85627],[-76.97484,38.85629],[-76.97488,38.85632],[-76.97512,38.85647],[-76.97514,38.85648],[-76.97521,38.85653],[-76.97521,38.85654],[-76.97528,38.85648],[-76.9753,38.85645],[-76.97536,38.85641],[-76.97538,38.85638],[-76.97539,38.85638],[-76.97545,38.85632],[-76.97552,38.85626],[-76.97566,38.85612],[-76.97588,38.85592],[-76.9759,38.8559],[-76.976,38.8558],[-76.97605,38.85576],[-76.97616,38.85565],[-76.97633,38.85549],[-76.97646,38.85537],[-76.97658,38.85526],[-76.97668,38.85516],[-76.97709,38.85516],[-76.97712,38.85516],[-76.97732,38.85529],[-76.97747,38.85539],[-76.97757,38.85546],[-76.97762,38.8555],[-76.97787,38.85566],[-76.97789,38.85567],[-76.97797,38.85572],[-76.97802,38.85575],[-76.97802,38.8558],[-76.97802,38.85585],[-76.97802,38.85588],[-76.97802,38.85589],[-76.97802,38.8559],[-76.97802,38.85591],[-76.97802,38.85592],[-76.97801,38.85593],[-76.97802,38.85594],[-76.97802,38.85595],[-76.97802,38.85596],[-76.97802,38.85602],[-76.97802,38.85608],[-76.97802,38.85615],[-76.97802,38.85622],[-76.97802,38.85629],[-76.97802,38.85637],[-76.97802,38.85643],[-76.97802,38.85671],[-76.97802,38.85708],[-76.97802,38.8572],[-76.97802,38.85722],[-76.97802,38.85731]]]},"properties":{"zone":"R-2","label":"R-2","desc":"Provide areas predominantly developed with semi-detached houses on moderately-sized lots that also contain some detached dwellings"}},{"type":"Feature","geometry":{"type":"Polygon","coordinates":[[[-77.01756,38.88234],[-77.01756,38.88235],[-77.01756,38.88236],[-77.01764,38.88235],[-77.01769,38.88235],[-77.01799,38.88235],[-77.01829,38.88234],[-77.01846,38.88234],[-77.01847,38.88234],[-77.01848,38.88234],[-77.01901,38.88234],[-77.01936,38.88234],[-77.0194,38.88234],[-77.01962,38.88234],[-77.01983,38.88234],[-77.02043,38.88235],[-77.0211,38.88234],[-77.0214,38.88234],[-77.02167,38.88233],[-77.02173,38.88233],[-77.02177,38.88233],[-77.02191,38.88233],[-77.02224,38.88232],[-77.02266,38.88231],[-77.02286,38.88231],[-77.02324,38.88229],[-77.02324,38.88217],[-77.02324,38.88198],[-77.02324,38.88197],[-77.02324,38.88175],[-77.02324,38.88161],[-77.02324,38.88158],[-77.02324,38.88156],[-77.02324,38.88142],[-77.02324,38.88128],[-77.02354,38.88128],[-77.02359,38.88128],[-77.02371,38.88115],[-77.02382,38.88101],[-77.02382,38.881],[-77.02382,38.8809],[-77.02382,38.88065],[-77.02382,38.8804],[-77.02381,38.8804],[-77.02381,38.88029],[-77.02381,38.88018],[-77.02381,38.87999],[-77.02381,38.87986],[-77.02381,38.87979],[-77.02381,38.87971],[-77.02381,38.8795],[-77.02379,38.87948],[-77.02373,38.87943],[-77.0237,38.87941],[-77.02344,38.87942],[-77.02334,38.87942],[-77.02319,38.8793],[-77.02304,38.8793],[-77.02217,38.8793],[-77.02211,38.8793],[-77.02192,38.8793],[-77.02192,38.87933],[-77.02191,38.87935],[-77.02191,38.87937],[-77.02191,38.8794],[-77.02191,38.87942],[-77.02191,38.87945],[-77.0219,38.88024],[-77.0219,38.88029],[-77.0219,38.88114],[-77.0219,38.88118],[-77.02191,38.88129],[-77.02184,38.88129],[-77.02176,38.88129],[-77.02172,38.88129],[-77.02171,38.88129],[-77.02116,38.88129],[-77.02116,38.88115],[-77.02116,38.8809],[-77.02055,38.8809],[-77.02055,38.88039],[-77.02049,38.88039],[-77.02049,38.88032],[-77.02049,38.88031],[-77.02049,38.88023],[-77.02055,38.88023],[-77.02055,38.87967],[-77.02116,38.87967],[-77.02116,38.87942],[-77.02116,38.87929],[-77.02075,38.87929],[-77.02066,38.87929],[-77.02019,38.87929],[-77.02004,38.87929],[-77.0199,38.87929],[-77.01989,38.87919],[-77.01989,38.87917],[-77.01989,38.87854],[-77.01989,38.87851],[-77.01989,38.87842],[-77.01975,38.87842],[-77.01963,38.87842],[-77.01908,38.87842],[-77.01903,38.87842],[-77.01902,38.87842],[-77.01896,38.87842],[-77.01894,38.87842],[-77.01889,38.87842],[-77.01889,38.87844],[-77.01889,38.87848],[-77.01889,38.87855],[-77.01889,38.87861],[-77.01889,38.87869],[-77.01878,38.87869],[-77.01799,38.87869],[-77.0174,38.87869],[-77.01633,38.87869],[-77.01623,38.87869],[-77.01623,38.87868],[-77.01623,38.87866],[-77.01623,38.87859],[-77.01623,38.87853],[-77.01623,38.87842],[-77.01616,38.87842],[-77.01611,38.87842],[-77.01537,38.87842],[-77.01534,38.87842],[-77.01521,38.87842],[-77.01521,38.87856],[-77.01521,38.87881],[-77.01521,38.87883],[-77.01521,38.87884],[-77.0152,38.87899],[-77.0152,38.87918],[-77.0152,38.87922],[-77.0152,38.87929],[-77.01526,38.87929],[-77.01537,38.87929],[-77.01537,38.87941],[-77.01537,38.87987],[-77.01537,38.87998],[-77.01537,38.88069],[-77.01537,38.88114],[-77.01537,38.88129],[-77.01541,38.88129],[-77.01547,38.88129],[-77.01556,38.88129],[-77.01566,38.88129],[-77.01575,38.88129],[-77.01585,38.88129],[-77.01594,38.8813],[-77.01604,38.8813],[-77.01613,38.8813],[-77.01623,38.8813],[-77.01623,38.88129],[-77.01623,38.88128],[-77.01623,38.88125],[-77.01623,38.88123],[-77.01623,38.88119],[-77.01623,38.88116],[-77.01623,38.88114],[-77.01623,38.88017],[-77.01623,38.8798],[-77.01623,38.87941],[-77.01623,38.87929],[-77.01638,38.87929],[-77.0167,38.87929],[-77.01712,38.87929],[-77.01738,38.87929],[-77.0174,38.87929],[-77.01755,38.87929],[-77.01755,38.87942],[-77.01755,38.87959],[-77.01756,38.87991],[-77.01756,38.88007],[-77.01756,38.88034],[-77.01756,38.88045],[-77.01756,38.88085],[-77.01756,38.88096],[-77.01756,38.88108],[-77.01756,38.88119],[-77.01756,38.88124],[-77.01756,38.88129],[-77.01756,38.8814],[-77.01756,38.88152],[-77.01756,38.88163],[-77.01756,38.88175],[-77.01756,38.88187],[-77.01756,38.88199],[-77.01756,38.88211],[-77.01756,38.88231],[-77.01756,38.88232],[-77.01756,38.88233],[-77.01756,38.88234]],[[-77.01888,38.88129],[-77.01886,38.88129],[-77.01878,38.88129],[-77.01878,38.88116],[-77.01878,38.88097],[-77.01878,38.88089],[-77.01878,38.88082],[-77.01878,38.88052],[-77.01878,38.8803],[-77.01878,38.88019],[-77.0188,38.88019],[-77.01884,38.88019],[-77.01892,38.88019],[-77.01893,38.88019],[-77.01902,38.88019],[-77.01903,38.88019],[-77.01912,38.88019],[-77.01922,38.88019],[-77.01922,38.88004],[-77.01925,38.88004],[-77.01926,38.88004],[-77.01926,38.88019],[-77.01926,38.88031],[-77.01926,38.8806],[-77.01926,38.88071],[-77.01926,38.88084],[-77.01926,38.8809],[-77.01902,38.8809],[-77.019,38.8809],[-77.019,38.88048],[-77.01888,38.88048],[-77.01888,38.88096],[-77.01888,38.88099],[-77.01888,38.88116],[-77.01888,38.88129]],[[-77.0204,38.88206],[-77.01995,38.88213],[-77.0199,38.88213],[-77.0194,38.88213],[-77.0194,38.8816],[-77.01942,38.8816],[-77.01949,38.8816],[-77.01956,38.8816],[-77.01963,38.8816],[-77.01963,38.88143],[-77.01963,38.88129],[-77.01966,38.88129],[-77.01969,38.88129],[-77.01983,38.88129],[-77.01991,38.88129],[-77.01992,38.88129],[-77.02013,38.88129],[-77.02018,38.88129],[-77.02018,38.88143],[-77.02018,38.8816],[-77.02025,38.8816],[-77.02032,38.8816],[-77.02039,38.8816],[-77.0204,38.8816],[-77.0204,38.88206]]]},"properties":{"zone":"R-3","label":"R-3","desc":"Allows for attached rowhouses on small lots and row dwellings mingled with detached, semi-detached, and groupings of three or more row dwellings"}},{"type":"Feature","geometry":{"type":"Polygon","coordinates":[[[-77.02235,38.96864],[-77.02236,38.96864],[-77.02237,38.96864],[-77.02245,38.96864],[-77.02255,38.96864],[-77.02256,38.96864],[-77.02281,38.96864],[-77.02314,38.96864],[-77.02324,38.96864],[-77.02333,38.96864],[-77.02343,38.96864],[-77.02361,38.96864],[-77.0238,38.96864],[-77.0241,38.96864],[-77.02412,38.96864],[-77.02413,38.96864],[-77.02421,38.96864],[-77.02432,38.96864],[-77.02433,38.96864],[-77.02435,38.96864],[-77.02461,38.96864],[-77.02477,38.96864],[-77.02511,38.96864],[-77.02552,38.96864],[-77.02557,38.96864],[-77.02586,38.96864],[-77.02587,38.96864],[-77.02588,38.96864],[-77.02599,38.96864],[-77.02606,38.96864],[-77.02613,38.96864],[-77.02624,38.96864],[-77.02637,38.96864],[-77.02664,38.96864],[-77.02685,38.96864],[-77.02688,38.96864],[-77.02688,38.96852],[-77.02691,38.96817],[-77.02692,38.96804],[-77.02694,38.96783],[-77.02677,38.96793],[-77.02676,38.96793],[-77.02674,38.96794],[-77.02672,38.96795],[-77.02669,38.96797],[-77.02668,38.96797],[-77.02667,38.96798],[-77.02653,38.96784],[-77.02655,38.96765],[-77.02657,38.96741],[-77.02658,38.9673],[-77.02668,38.9673],[-77.02668,38.96724],[-77.02668,38.9672],[-77.02668,38.96717],[-77.02668,38.96714],[-77.02668,38.9671],[-77.02668,38.96698],[-77.02668,38.96685],[-77.02668,38.96675],[-77.02668,38.96672],[-77.02668,38.96668],[-77.02668,38.96666],[-77.02668,38.96654],[-77.02668,38.96646],[-77.02668,38.96644],[-77.02668,38.9664],[-77.02668,38.96628],[-77.02668,38.96626],[-77.02668,38.96614],[-77.02686,38.96614],[-77.02686,38.96601],[-77.02686,38.96598],[-77.02686,38.96597],[-77.02686,38.96595],[-77.02686,38.96585],[-77.02686,38.96574],[-77.02686,38.96572],[-77.02686,38.96564],[-77.02686,38.96555],[-77.02686,38.96535],[-77.02686,38.96526],[-77.02686,38.96513],[-77.02686,38.9651],[-77.02686,38.96508],[-77.02686,38.96496],[-77.02696,38.96496],[-77.02707,38.96496],[-77.02707,38.96492],[-77.02707,38.96488],[-77.02707,38.96484],[-77.02707,38.9648],[-77.02707,38.96474],[-77.02707,38.96457],[-77.02707,38.96451],[-77.02707,38.9645],[-77.02707,38.96441],[-77.02707,38.96426],[-77.02707,38.96423],[-77.02707,38.96415],[-77.02707,38.96403],[-77.02707,38.96393],[-77.02707,38.9639],[-77.02707,38.96388],[-77.02707,38.96384],[-77.02707,38.96382],[-77.02707,38.9638],[-77.02707,38.96378],[-77.02706,38.96378],[-77.02705,38.96378],[-77.02704,38.96378],[-77.02703,38.96378],[-77.02702,38.96378],[-77.02701,38.96378],[-77.02699,38.96378],[-77.02698,38.96378],[-77.02697,38.96378],[-77.02696,38.96378],[-77.02695,38.96378],[-77.02694,38.96378],[-77.02693,38.96378],[-77.02692,38.96378],[-77.02691,38.96378],[-77.0269,38.96378],[-77.02689,38.96378],[-77.02688,38.96378],[-77.02687,38.96378],[-77.02686,38.96378],[-77.02665,38.96378],[-77.02659,38.96378],[-77.02658,38.96378],[-77.02657,38.96378],[-77.02656,38.96378],[-77.02655,38.96378],[-77.02654,38.96378],[-77.02653,38.96378],[-77.02639,38.96378],[-77.02633,38.96378],[-77.02626,38.96378],[-77.0262,38.96378],[-77.02619,38.96378],[-77.02618,38.96378],[-77.02617,38.96378],[-77.02616,38.96378],[-77.02615,38.96378],[-77.02614,38.96378],[-77.02613,38.96378],[-77.02612,38.96378],[-77.02611,38.96378],[-77.0261,38.96378],[-77.02609,38.96378],[-77.02608,38.96378],[-77.02607,38.96378],[-77.02606,38.96378],[-77.02605,38.96378],[-77.02604,38.96378],[-77.02603,38.96378],[-77.02602,38.96378],[-77.02601,38.96378],[-77.026,38.96378],[-77.02599,38.96378],[-77.02598,38.96378],[-77.02597,38.96378],[-77.02597,38.96372],[-77.02597,38.9637],[-77.02597,38.96369],[-77.02597,38.96368],[-77.02597,38.96367],[-77.02597,38.96366],[-77.02597,38.96365],[-77.02597,38.96364],[-77.02597,38.96363],[-77.02597,38.96362],[-77.02597,38.96361],[-77.02597,38.96358],[-77.02597,38.96352],[-77.02597,38.96347],[-77.02597,38.96345],[-77.02597,38.96344],[-77.02597,38.96342],[-77.02597,38.96339],[-77.02597,38.96336],[-77.02597,38.96324],[-77.02597,38.96317],[-77.02597,38.96316],[-77.02597,38.96311],[-77.02597,38.9631],[-77.02597,38.96309],[-77.02597,38.96308],[-77.02597,38.96307],[-77.02597,38.96306],[-77.02597,38.96305],[-77.02597,38.96304],[-77.02597,38.96303],[-77.02597,38.96302],[-77.02597,38.96301],[-77.02597,38.963],[-77.02597,38.96299],[-77.02597,38.96298],[-77.02597,38.96297],[-77.02597,38.96294],[-77.02597,38.96293],[-77.02597,38.96292],[-77.02597,38.96291],[-77.02597,38.9629],[-77.02597,38.96289],[-77.02597,38.96288],[-77.02597,38.96287],[-77.02597,38.96286],[-77.02597,38.96285],[-77.02597,38.96284],[-77.02597,38.96283],[-77.02597,38.96282],[-77.02597,38.96281],[-77.02597,38.9628],[-77.02597,38.96279],[-77.02597,38.96277],[-77.02597,38.96275],[-77.02597,38.96274],[-77.02597,38.96273],[-77.02597,38.96271],[-77.02597,38.96264],[-77.02597,38.96262],[-77.02597,38.96244],[-77.02597,38.96208],[-77.02597,38.96177],[-77.02597,38.96176],[-77.02597,38.96143],[-77.02597,38.96138],[-77.02597,38.96133],[-77.02597,38.96128],[-77.02597,38.96123],[-77.02597,38.96118],[-77.02597,38.96113],[-77.02597,38.96108],[-77.02597,38.96103],[-77.02597,38.96098],[-77.02597,38.96094],[-77.02597,38.96089],[-77.02597,38.96085],[-77.02597,38.9608],[-77.02597,38.96076],[-77.02597,38.96072],[-77.02597,38.96067],[-77.02597,38.96063],[-77.02596,38.96058],[-77.02596,38.96054],[-77.02596,38.9605],[-77.02596,38.96043],[-77.02596,38.96041],[-77.02595,38.96037],[-77.02595,38.96031],[-77.02585,38.96027],[-77.02549,38.96016],[-77.02541,38.96013],[-77.02529,38.96009],[-77.02508,38.96002],[-77.02433,38.95977],[-77.0243,38.95977],[-77.0242,38.95973],[-77.0241,38.9597],[-77.02389,38.95963],[-77.02353,38.95951],[-77.02317,38.9594],[-77.02296,38.95933],[-77.02277,38.95927],[-77.02271,38.95925],[-77.02255,38.9592],[-77.02244,38.95916],[-77.02233,38.95912],[-77.02231,38.95912],[-77.02207,38.95904],[-77.0217,38.95892],[-77.02134,38.9588],[-77.02132,38.9588],[-77.0212,38.95876],[-77.02115,38.95874],[-77.02085,38.95875],[-77.02083,38.95875],[-77.02077,38.95875],[-77.02063,38.95875],[-77.02049,38.95875],[-77.02047,38.95875],[-77.02036,38.95875],[-77.02022,38.95874],[-77.02019,38.95874],[-77.02001,38.95874],[-77.0199,38.95874],[-77.01988,38.95874],[-77.01986,38.95874],[-77.01982,38.95874],[-77.0198,38.95874],[-77.01975,38.95874],[-77.01971,38.95874],[-77.01967,38.95874],[-77.01966,38.95874],[-77.01965,38.95874],[-77.01964,38.95874],[-77.01963,38.95874],[-77.01962,38.95874],[-77.01961,38.95874],[-77.0196,38.95874],[-77.01958,38.95874],[-77.01956,38.95874],[-77.0195,38.95874],[-77.01946,38.95874],[-77.01944,38.95874],[-77.01943,38.95874],[-77.01942,38.95874],[-77.01932,38.95874],[-77.01878,38.95874],[-77.01855,38.95874],[-77.0185,38.95874],[-77.01819,38.95875],[-77.01814,38.95875],[-77.01803,38.95874],[-77.01793,38.95874],[-77.01781,38.95874],[-77.01744,38.95874],[-77.01721,38.95874],[-77.0171,38.95874],[-77.01701,38.95875],[-77.01692,38.95875],[-77.01668,38.95875],[-77.01637,38.95874],[-77.01629,38.95874],[-77.01617,38.95874],[-77.01617,38.95887],[-77.01617,38.959],[-77.01617,38.9591],[-77.01617,38.95917],[-77.01617,38.95953],[-77.01617,38.95996],[-77.01617,38.9601],[-77.01617,38.96017],[-77.01617,38.96024],[-77.01617,38.96025],[-77.01617,38.96047],[-77.01617,38.96076],[-77.01617,38.96102],[-77.01617,38.96122],[-77.01617,38.96124],[-77.01617,38.96125],[-77.01617,38.96132],[-77.01617,38.9614],[-77.01617,38.96175],[-77.01617,38.96213],[-77.01617,38.96259],[-77.01617,38.96263],[-77.01617,38.96271],[-77.01617,38.96279],[-77.01617,38.96289],[-77.01617,38.96316],[-77.01617,38.9634],[-77.01617,38.9637],[-77.01617,38.96378],[-77.01617,38.96386],[-77.01617,38.96434],[-77.01617,38.96485],[-77.01617,38.96486],[-77.01617,38.96488],[-77.01617,38.96496],[-77.0163,38.96496],[-77.01631,38.96496],[-77.01662,38.96496],[-77.01674,38.96496],[-77.01674,38.96499],[-77.01674,38.965],[-77.01674,38.96506],[-77.01674,38.9651],[-77.01674,38.96522],[-77.01674,38.96525],[-77.01674,38.96535],[-77.01674,38.9654],[-77.01674,38.96547],[-77.01674,38.96555],[-77.01674,38.96559],[-77.01674,38.96562],[-77.01674,38.96566],[-77.01674,38.96572],[-77.01674,38.96576],[-77.01674,38.96581],[-77.01674,38.96588],[-77.01674,38.96598],[-77.01674,38.96605],[-77.01674,38.96607],[-77.01674,38.96614],[-77.01675,38.96614],[-77.01676,38.96614],[-77.01702,38.96614],[-77.01749,38.96614],[-77.01756,38.96614],[-77.01792,38.96614],[-77.01793,38.96614],[-77.01804,38.96614],[-77.01813,38.96614],[-77.01823,38.96614],[-77.01832,38.96614],[-77.01863,38.96614],[-77.01885,38.96614],[-77.01916,38.96614],[-77.01946,38.96614],[-77.0198,38.96614],[-77.01981,38.96614],[-77.01982,38.96614],[-77.01983,38.96614],[-77.01988,38.96614],[-77.0199,38.96614],[-77.0199,38.96616],[-77.0199,38.96622],[-77.0199,38.96632],[-77.0199,38.96648],[-77.0199,38.96665],[-77.0199,38.96672],[-77.0199,38.96678],[-77.0199,38.96689],[-77.0199,38.96701],[-77.0199,38.96721],[-77.0199,38.96729],[-77.0199,38.9673],[-77.0199,38.96737],[-77.0199,38.96738],[-77.0199,38.9674],[-77.0199,38.96765],[-77.0199,38.96795],[-77.0199,38.96826],[-77.0199,38.96832],[-77.0199,38.96856],[-77.0199,38.96857],[-77.0199,38.96864],[-77.01999,38.96864],[-77.02,38.96864],[-77.02022,38.96864],[-77.02053,38.96864],[-77.02077,38.96864],[-77.02108,38.96864],[-77.02111,38.96864],[-77.02117,38.96864],[-77.02126,38.96864],[-77.02133,38.96864],[-77.02156,38.96864],[-77.02187,38.96864],[-77.02221,38.96864],[-77.02235,38.96864]]]},"properties":{"zone":"R-2","label":"R-2","desc":"Provide areas predominantly developed with semi-detached houses on moderately-sized lots that also contain some detached dwellings"}},{"type":"Feature","geometry":{"type":"Polygon","coordinates":[[[-77.07249,38.92056],[-77.07228,38.92062],[-77.07243,38.92087],[-77.07253,38.92084],[-77.07297,38.92073],[-77.07295,38.92043],[-77.07256,38.92054],[-77.07249,38.92056]]]},"properties":{"zone":"R-3/NO","label":"R-3/NO","desc":"Permits single household attached rowhouses on small lots, mingled with detached and semi-detached houses"}},{"type":"Feature","geometry":{"type":"Polygon","coordinates":[[[-77.03716,38.94408],[-77.03716,38.94409],[-77.03716,38.94413],[-77.03716,38.94435],[-77.03716,38.94441],[-77.03716,38.94454],[-77.03716,38.94455],[-77.03716,38.94456],[-77.03716,38.94471],[-77.03716,38.94484],[-77.03716,38.94495],[-77.03716,38.94499],[-77.03715,38.94507],[-77.03715,38.94519],[-77.03715,38.94534],[-77.03715,38.94535],[-77.03715,38.94549],[-77.03715,38.94561],[-77.03733,38.94561],[-77.03797,38.94561],[-77.03845,38.94561],[-77.03866,38.94561],[-77.03882,38.94561],[-77.03882,38.94515],[-77.03882,38.94508],[-77.03882,38.945],[-77.03882,38.94499],[-77.03882,38.94497],[-77.03881,38.94454],[-77.03881,38.94448],[-77.03882,38.94409],[-77.03882,38.94401],[-77.03882,38.94394],[-77.03882,38.94392],[-77.03882,38.94391],[-77.03883,38.94359],[-77.03882,38.94348],[-77.03882,38.94304],[-77.03882,38.94303],[-77.03882,38.94302],[-77.03882,38.94301],[-77.03882,38.94299],[-77.03882,38.94298],[-77.03882,38.94297],[-77.03882,38.94295],[-77.03882,38.94294],[-77.03882,38.94293],[-77.03881,38.94291],[-77.03881,38.9429],[-77.03881,38.94288],[-77.03881,38.94287],[-77.03881,38.94286],[-77.03878,38.94275],[-77.03875,38.94265],[-77.03873,38.94254],[-77.0387,38.94243],[-77.0387,38.94241],[-77.03869,38.94239],[-77.03854,38.94241],[-77.03853,38.94241],[-77.03852,38.94241],[-77.03851,38.94241],[-77.0385,38.94241],[-77.03849,38.94241],[-77.03848,38.94241],[-77.03846,38.94241],[-77.03827,38.94242],[-77.03794,38.94241],[-77.0376,38.94242],[-77.03723,38.94241],[-77.03721,38.94241],[-77.0372,38.94241],[-77.0372,38.94249],[-77.03721,38.9426],[-77.03721,38.94264],[-77.03721,38.94277],[-77.03721,38.94282],[-77.03721,38.94295],[-77.03721,38.94299],[-77.03721,38.94307],[-77.03721,38.94315],[-77.03721,38.94324],[-77.03721,38.94341],[-77.0372,38.94345],[-77.0372,38.94348],[-77.03721,38.94351],[-77.03721,38.94355],[-77.03721,38.94361],[-77.03721,38.94373],[-77.03721,38.94389],[-77.03721,38.94394],[-77.03721,38.94401],[-77.0372,38.94401],[-77.03718,38.94401],[-77.03716,38.94401],[-77.03716,38.94408]]]},"properties":{"zone":"R-3","label":"R-3","desc":"Allows for attached rowhouses on small lots and row dwellings mingled with detached, semi-detached, and groupings of three or more row dwellings"}},{"type":"Feature","geometry":{"type":"Polygon","coordinates":[[[-77.06638,38.92447],[-77.06638,38.9245],[-77.06639,38.9248],[-77.06639,38.9252],[-77.06638,38.92534],[-77.06638,38.92619],[-77.06864,38.92619],[-77.06985,38.92619],[-77.06987,38.92606],[-77.06987,38.92602],[-77.06987,38.92577],[-77.06987,38.92531],[-77.06987,38.92513],[-77.06997,38.92513],[-77.07026,38.92513],[-77.07035,38.92513],[-77.07038,38.92513],[-77.0704,38.92513],[-77.07058,38.92513],[-77.07074,38.92512],[-77.07078,38.92512],[-77.07086,38.92512],[-77.07089,38.92512],[-77.07089,38.9251],[-77.07089,38.92504],[-77.07089,38.92498],[-77.07089,38.92477],[-77.07089,38.92474],[-77.07089,38.92471],[-77.07089,38.92463],[-77.07089,38.92444],[-77.07089,38.92418],[-77.07089,38.92417],[-77.07089,38.92416],[-77.07089,38.92397],[-77.07089,38.9237],[-77.07089,38.92363],[-77.07098,38.92363],[-77.07118,38.92363],[-77.07127,38.92363],[-77.07137,38.92363],[-77.07141,38.92363],[-77.07143,38.92363],[-77.07144,38.92363],[-77.07145,38.92363],[-77.07146,38.92363],[-77.07156,38.92363],[-77.07165,38.92363],[-77.07175,38.92363],[-77.07184,38.92363],[-77.07193,38.92363],[-77.07194,38.92363],[-77.07201,38.92363],[-77.07202,38.92363],[-77.07203,38.92363],[-77.07209,38.92363],[-77.07213,38.92363],[-77.07256,38.92363],[-77.07258,38.92363],[-77.07269,38.92363],[-77.07274,38.92363],[-77.07282,38.92363],[-77.07289,38.92363],[-77.07296,38.92363],[-77.07297,38.92363],[-77.07298,38.92363],[-77.073,38.92363],[-77.07301,38.92363],[-77.07302,38.92363],[-77.07303,38.92363],[-77.07319,38.92363],[-77.07319,38.9236],[-77.07319,38.92359],[-77.07319,38.92357],[-77.07318,38.92354],[-77.07318,38.92352],[-77.07318,38.92349],[-77.07318,38.92347],[-77.07318,38.92345],[-77.07318,38.92343],[-77.07318,38.92341],[-77.07318,38.9234],[-77.07318,38.92338],[-77.07318,38.92335],[-77.07318,38.92334],[-77.07318,38.92332],[-77.07318,38.9233],[-77.07318,38.92328],[-77.07318,38.92326],[-77.07318,38.92324],[-77.07318,38.92323],[-77.07318,38.92322],[-77.07318,38.92321],[-77.07317,38.9232],[-77.07317,38.92319],[-77.07317,38.92317],[-77.07317,38.92314],[-77.07317,38.92311],[-77.07317,38.92309],[-77.07317,38.92306],[-77.07316,38.92305],[-77.07316,38.92303],[-77.07315,38.923],[-77.07315,38.92298],[-77.07314,38.92297],[-77.07314,38.92295],[-77.07313,38.92292],[-77.07313,38.92291],[-77.07314,38.92291],[-77.07315,38.9229],[-77.07316,38.92289],[-77.07317,38.92288],[-77.07318,38.92287],[-77.07318,38.92286],[-77.07319,38.92285],[-77.07319,38.92284],[-77.0732,38.92283],[-77.0732,38.92282],[-77.07321,38.92282],[-77.07321,38.92281],[-77.07321,38.9228],[-77.07321,38.92279],[-77.07322,38.92278],[-77.07322,38.92277],[-77.07322,38.92275],[-77.07322,38.92272],[-77.07322,38.92266],[-77.07322,38.92264],[-77.07322,38.92262],[-77.07321,38.92262],[-77.07321,38.92261],[-77.07321,38.92259],[-77.0732,38.92255],[-77.07291,38.92255],[-77.07285,38.92246],[-77.07285,38.92244],[-77.0728,38.92237],[-77.07277,38.92232],[-77.07269,38.92219],[-77.07263,38.92208],[-77.07248,38.92183],[-77.07223,38.92142],[-77.07202,38.92108],[-77.07195,38.92096],[-77.07179,38.921],[-77.07141,38.9211],[-77.07088,38.92124],[-77.07063,38.9213],[-77.07063,38.92132],[-77.07064,38.92132],[-77.07064,38.9214],[-77.07064,38.92148],[-77.07064,38.92156],[-77.07063,38.92172],[-77.07061,38.92188],[-77.07059,38.92198],[-77.07056,38.92212],[-77.07056,38.92215],[-77.07052,38.92227],[-77.0705,38.92234],[-77.07049,38.92236],[-77.07047,38.92243],[-77.07046,38.92247],[-77.07041,38.92259],[-77.07041,38.9226],[-77.0704,38.9226],[-77.0704,38.92261],[-77.07039,38.92263],[-77.07037,38.92266],[-77.07036,38.92268],[-77.07035,38.9227],[-77.07034,38.92271],[-77.07033,38.92272],[-77.07031,38.92276],[-77.07028,38.92281],[-77.07025,38.92285],[-77.07022,38.92289],[-77.07019,38.92293],[-77.07016,38.92297],[-77.07012,38.92301],[-77.07009,38.92305],[-77.07006,38.92309],[-77.07002,38.92313],[-77.06998,38.92317],[-77.06994,38.92321],[-77.0699,38.92325],[-77.06986,38.92329],[-77.06982,38.92333],[-77.06978,38.92336],[-77.06973,38.9234],[-77.06969,38.92344],[-77.06964,38.92347],[-77.0696,38.92351],[-77.06955,38.92354],[-77.0695,38.92358],[-77.06945,38.92362],[-77.06939,38.92365],[-77.06934,38.92368],[-77.06929,38.92371],[-77.06923,38.92375],[-77.06918,38.92378],[-77.06912,38.92381],[-77.06906,38.92384],[-77.06901,38.92386],[-77.06895,38.92389],[-77.06889,38.92392],[-77.06883,38.92395],[-77.06877,38.92397],[-77.06871,38.92399],[-77.06865,38.92402],[-77.06859,38.92404],[-77.06853,38.92406],[-77.06847,38.92408],[-77.06842,38.9241],[-77.06837,38.92411],[-77.06832,38.92413],[-77.06827,38.92414],[-77.06822,38.92416],[-77.06817,38.92417],[-77.06811,38.92418],[-77.06806,38.9242],[-77.06801,38.92421],[-77.06796,38.92422],[-77.0679,38.92423],[-77.06785,38.92424],[-77.06779,38.92425],[-77.06773,38.92425],[-77.06768,38.92426],[-77.06762,38.92427],[-77.06757,38.92428],[-77.06751,38.92429],[-77.06745,38.9243],[-77.0674,38.92431],[-77.06739,38.92431],[-77.06738,38.92431],[-77.06737,38.92431],[-77.06737,38.92432],[-77.06736,38.92432],[-77.06735,38.92432],[-77.06734,38.92432],[-77.06733,38.92432],[-77.06733,38.92433],[-77.06732,38.92433],[-77.06731,38.92434],[-77.0673,38.92434],[-77.06729,38.92435],[-77.06728,38.92436],[-77.06727,38.92436],[-77.06727,38.92437],[-77.06726,38.92437],[-77.06726,38.92438],[-77.06725,38.92439],[-77.06725,38.9244],[-77.06724,38.92441],[-77.06724,38.92442],[-77.06723,38.92443],[-77.06723,38.92444],[-77.06723,38.92445],[-77.06722,38.92445],[-77.06722,38.92444],[-77.06717,38.92443],[-77.06713,38.92442],[-77.06709,38.92441],[-77.06708,38.92441],[-77.06707,38.92441],[-77.06706,38.92441],[-77.06705,38.9244],[-77.06704,38.9244],[-77.06703,38.9244],[-77.06701,38.9244],[-77.06699,38.92439],[-77.06697,38.92439],[-77.06696,38.92439],[-77.06694,38.92439],[-77.06692,38.92438],[-77.0669,38.92438],[-77.06689,38.92438],[-77.06687,38.92438],[-77.06685,38.92437],[-77.06682,38.92437],[-77.06681,38.92437],[-77.0668,38.92437],[-77.06678,38.92437],[-77.06676,38.92437],[-77.06674,38.92436],[-77.06673,38.92436],[-77.06672,38.92436],[-77.0667,38.92436],[-77.06669,38.92436],[-77.06668,38.92436],[-77.06667,38.92436],[-77.06666,38.92436],[-77.06665,38.92436],[-77.06663,38.92436],[-77.06649,38.92435],[-77.06636,38.92433],[-77.06638,38.92447]]]},"properties":{"zone":"R-1B/NO","label":"R-1B/NO","desc":"Permits detached houses on moderately-sized lots"}},{"type":"Feature","geometry":{"type":"Polygon","coordinates":[[[-76.94609,38.89381],[-76.94616,38.89383],[-76.94617,38.89384],[-76.94623,38.89369],[-76.94632,38.89344],[-76.94645,38.89311],[-76.94637,38.89307],[-76.94625,38.893],[-76.94634,38.89279],[-76.94635,38.89276],[-76.94639,38.89268],[-76.94673,38.89268],[-76.94698,38.89268],[-76.94713,38.89268],[-76.94714,38.89268],[-76.94715,38.89268],[-76.94725,38.89269],[-76.94759,38.89281],[-76.9476,38.89282],[-76.94761,38.89282],[-76.94762,38.89283],[-76.94791,38.89294],[-76.94791,38.89295],[-76.94792,38.89295],[-76.94821,38.89307],[-76.94837,38.89306],[-76.94839,38.89306],[-76.94844,38.89306],[-76.94849,38.89305],[-76.94862,38.89304],[-76.94868,38.89304],[-76.94876,38.89303],[-76.94886,38.89303],[-76.94888,38.89303],[-76.94889,38.89303],[-76.9489,38.89303],[-76.94892,38.89304],[-76.94906,38.89309],[-76.9491,38.89311],[-76.94921,38.89315],[-76.94926,38.89317],[-76.94929,38.89318],[-76.94929,38.89319],[-76.9493,38.89319],[-76.94948,38.89326],[-76.94955,38.89329],[-76.94957,38.89329],[-76.94959,38.8933],[-76.94964,38.89332],[-76.94965,38.89332],[-76.94966,38.89333],[-76.94968,38.89333],[-76.9497,38.89334],[-76.94972,38.89332],[-76.94974,38.89329],[-76.94978,38.89323],[-76.94979,38.89321],[-76.94983,38.89316],[-76.94988,38.89309],[-76.94991,38.89305],[-76.94993,38.89302],[-76.94997,38.89296],[-76.95,38.89292],[-76.94999,38.89292],[-76.95,38.89292],[-76.95031,38.89248],[-76.95071,38.8919],[-76.95083,38.8919],[-76.95122,38.8919],[-76.95126,38.8919],[-76.95134,38.8919],[-76.95134,38.89189],[-76.95134,38.89187],[-76.95134,38.89185],[-76.95134,38.89182],[-76.95134,38.89166],[-76.95134,38.89163],[-76.95134,38.89153],[-76.95134,38.89135],[-76.95134,38.89112],[-76.95134,38.891],[-76.95134,38.89099],[-76.95134,38.891],[-76.95135,38.891],[-76.95137,38.891],[-76.95138,38.89101],[-76.95139,38.89101],[-76.95144,38.89103],[-76.9515,38.89105],[-76.95166,38.89111],[-76.95169,38.89112],[-76.95169,38.8911],[-76.95175,38.89112],[-76.95204,38.89124],[-76.95245,38.89067],[-76.95306,38.88981],[-76.95309,38.88977],[-76.95313,38.88972],[-76.95317,38.88967],[-76.95318,38.88965],[-76.95335,38.88941],[-76.95347,38.88926],[-76.95351,38.88921],[-76.95355,38.88915],[-76.95356,38.88914],[-76.95359,38.8891],[-76.9536,38.88908],[-76.95364,38.88903],[-76.95365,38.88901],[-76.95368,38.88897],[-76.95375,38.88887],[-76.95379,38.88882],[-76.95382,38.88878],[-76.954,38.88853],[-76.95401,38.88851],[-76.95415,38.88832],[-76.95402,38.88827],[-76.95388,38.88821],[-76.95377,38.88816],[-76.95376,38.88817],[-76.95375,38.88817],[-76.95373,38.88817],[-76.95371,38.88817],[-76.9537,38.88817],[-76.95368,38.88816],[-76.95366,38.88815],[-76.95365,38.88815],[-76.95364,38.88814],[-76.95363,38.88813],[-76.95362,38.88811],[-76.95353,38.88805],[-76.95343,38.888],[-76.95336,38.88797],[-76.95323,38.88791],[-76.95314,38.88802],[-76.95307,38.8881],[-76.95301,38.88816],[-76.95299,38.88817],[-76.95291,38.88824],[-76.95286,38.88828],[-76.95275,38.88836],[-76.95259,38.88846],[-76.95247,38.88854],[-76.95238,38.88861],[-76.95237,38.88862],[-76.95232,38.88867],[-76.95226,38.88871],[-76.95224,38.88873],[-76.95214,38.88883],[-76.95176,38.88925],[-76.9517,38.88934],[-76.95128,38.8898],[-76.95109,38.8898],[-76.95071,38.8898],[-76.95021,38.8898],[-76.94977,38.8898],[-76.94925,38.8898],[-76.9489,38.8898],[-76.94865,38.8898],[-76.94864,38.8898],[-76.94863,38.8898],[-76.94859,38.8898],[-76.94853,38.8898],[-76.9485,38.8898],[-76.94849,38.8898],[-76.94844,38.8898],[-76.94842,38.8898],[-76.94841,38.8898],[-76.94834,38.8898],[-76.94827,38.8898],[-76.94812,38.8898],[-76.94793,38.8898],[-76.94743,38.88979],[-76.94725,38.88979],[-76.94698,38.88979],[-76.94697,38.88979],[-76.94696,38.88979],[-76.94695,38.88979],[-76.94693,38.88979],[-76.94692,38.88979],[-76.9469,38.88979],[-76.94689,38.88979],[-76.94689,38.88977],[-76.94689,38.88972],[-76.94689,38.88967],[-76.94689,38.88961],[-76.94689,38.88958],[-76.94689,38.88954],[-76.94689,38.88945],[-76.94689,38.88936],[-76.94689,38.8893],[-76.94689,38.88927],[-76.94689,38.88926],[-76.94689,38.8892],[-76.94689,38.88919],[-76.94689,38.88917],[-76.94689,38.88914],[-76.94688,38.88914],[-76.94686,38.88914],[-76.94684,38.88914],[-76.94679,38.8891],[-76.94672,38.88903],[-76.94668,38.88898],[-76.94663,38.88893],[-76.94658,38.88888],[-76.94652,38.88882],[-76.94651,38.88882],[-76.94648,38.88879],[-76.94647,38.88877],[-76.94643,38.88874],[-76.94643,38.88873],[-76.94643,38.88872],[-76.94643,38.88869],[-76.94643,38.88865],[-76.94648,38.88865],[-76.94652,38.88865],[-76.94652,38.88862],[-76.94652,38.88859],[-76.94652,38.88857],[-76.94652,38.88855],[-76.94652,38.88847],[-76.94652,38.88841],[-76.94652,38.88837],[-76.94652,38.88828],[-76.94652,38.8882],[-76.94652,38.88816],[-76.94652,38.88814],[-76.94647,38.88814],[-76.94647,38.88812],[-76.94647,38.88809],[-76.94647,38.88807],[-76.94647,38.88806],[-76.94647,38.88804],[-76.94647,38.88803],[-76.94647,38.88802],[-76.94647,38.88801],[-76.94647,38.88799],[-76.94647,38.88798],[-76.94647,38.88795],[-76.94647,38.88791],[-76.94647,38.88786],[-76.94647,38.88781],[-76.94647,38.88775],[-76.94647,38.88772],[-76.94647,38.88769],[-76.94647,38.8876],[-76.94663,38.8876],[-76.94682,38.8876],[-76.94697,38.8876],[-76.94708,38.8876],[-76.94718,38.8876],[-76.94726,38.8876],[-76.94734,38.8876],[-76.9474,38.8876],[-76.94752,38.8876],[-76.94756,38.8876],[-76.94761,38.8876],[-76.94769,38.8876],[-76.94775,38.8876],[-76.94726,38.8871],[-76.94662,38.88646],[-76.94655,38.88639],[-76.94652,38.88636],[-76.94648,38.88632],[-76.94644,38.88628],[-76.94632,38.88617],[-76.94636,38.8861],[-76.94639,38.88605],[-76.94661,38.88567],[-76.94668,38.88553],[-76.94673,38.88545],[-76.94676,38.8854],[-76.94696,38.88504],[-76.94697,38.88504],[-76.94699,38.88499],[-76.94703,38.8849],[-76.94705,38.88485],[-76.94705,38.88484],[-76.94705,38.88483],[-76.94705,38.88482],[-76.94706,38.88482],[-76.94707,38.88479],[-76.94709,38.88475],[-76.94711,38.88472],[-76.94713,38.88468],[-76.94718,38.88459],[-76.9472,38.88455],[-76.9472,38.88454],[-76.9472,38.88453],[-76.9472,38.88452],[-76.94719,38.88451],[-76.94718,38.8845],[-76.94718,38.88449],[-76.94715,38.88448],[-76.94713,38.88448],[-76.94712,38.88447],[-76.9471,38.88447],[-76.94709,38.88447],[-76.94708,38.88446],[-76.94707,38.88446],[-76.94706,38.88446],[-76.94704,38.88445],[-76.94701,38.88444],[-76.947,38.88443],[-76.94698,38.88443],[-76.94696,38.88442],[-76.94695,38.88442],[-76.94692,38.88441],[-76.94691,38.88441],[-76.94689,38.8844],[-76.94686,38.88439],[-76.94679,38.88437],[-76.94676,38.88435],[-76.94675,38.88435],[-76.94674,38.88435],[-76.94673,38.88435],[-76.94673,38.88434],[-76.94672,38.88434],[-76.94671,38.88434],[-76.9467,38.88434],[-76.94669,38.88434],[-76.94668,38.88434],[-76.94667,38.8842],[-76.94667,38.88417],[-76.94671,38.88415],[-76.94677,38.88412],[-76.94714,38.88395],[-76.94732,38.88387],[-76.94726,38.88377],[-76.94696,38.88329],[-76.94694,38.88329],[-76.94673,38.88333],[-76.9463,38.88349],[-76.94627,38.88351],[-76.94626,38.88348],[-76.94624,38.88346],[-76.94624,38.88345],[-76.9462,38.8834],[-76.9462,38.88339],[-76.94619,38.88337],[-76.94617,38.88334],[-76.94615,38.88332],[-76.94614,38.88331],[-76.94613,38.88331],[-76.94613,38.8833],[-76.94612,38.8833],[-76.94612,38.88329],[-76.94613,38.88328],[-76.94613,38.88326],[-76.94613,38.88325],[-76.94612,38.88324],[-76.94611,38.88322],[-76.9461,38.8832],[-76.94609,38.88319],[-76.94609,38.88317],[-76.94608,38.88316],[-76.94607,38.88313],[-76.94606,38.88311],[-76.94606,38.88308],[-76.94605,38.88307],[-76.94605,38.88306],[-76.94604,38.88302],[-76.94604,38.883],[-76.94604,38.88299],[-76.94604,38.88298],[-76.94604,38.88297],[-76.94604,38.88295],[-76.94604,38.88293],[-76.94604,38.88284],[-76.94538,38.88284],[-76.94538,38.88249],[-76.94541,38.88249],[-76.94553,38.88249],[-76.94553,38.88247],[-76.94553,38.88195],[-76.94599,38.88184],[-76.94619,38.88179],[-76.94612,38.88163],[-76.94603,38.88143],[-76.9459,38.88115],[-76.94585,38.88105],[-76.94577,38.88088],[-76.94573,38.88078],[-76.9457,38.88071],[-76.94549,38.88026],[-76.94534,38.87994],[-76.94532,38.87989],[-76.94529,38.87984],[-76.94527,38.87979],[-76.94525,38.87975],[-76.94522,38.8797],[-76.94519,38.87965],[-76.94517,38.8796],[-76.94514,38.87955],[-76.94512,38.87951],[-76.94509,38.87946],[-76.94508,38.87945],[-76.94506,38.87941],[-76.94503,38.87937],[-76.945,38.87932],[-76.94498,38.87927],[-76.94487,38.8791],[-76.94486,38.87909],[-76.94482,38.87903],[-76.94482,38.87902],[-76.9448,38.879],[-76.94479,38.87898],[-76.94478,38.87897],[-76.94477,38.87896],[-76.94475,38.87893],[-76.94472,38.87888],[-76.94472,38.87887],[-76.94468,38.87883],[-76.94465,38.87878],[-76.94461,38.87873],[-76.94458,38.87868],[-76.94454,38.87863],[-76.9445,38.87858],[-76.94447,38.87853],[-76.94443,38.87849],[-76.94439,38.87844],[-76.94434,38.87838],[-76.94432,38.87835],[-76.94429,38.87831],[-76.94426,38.87828],[-76.94424,38.87825],[-76.94419,38.87819],[-76.94414,38.87813],[-76.94408,38.87807],[-76.94403,38.87801],[-76.94397,38.87796],[-76.94392,38.8779],[-76.94386,38.87784],[-76.94381,38.87779],[-76.94377,38.87775],[-76.94376,38.87774],[-76.94372,38.8777],[-76.94367,38.87765],[-76.94363,38.87761],[-76.94362,38.8776],[-76.94358,38.87756],[-76.94356,38.87754],[-76.94328,38.87757],[-76.94266,38.87764],[-76.94266,38.87766],[-76.94038,38.87792],[-76.94036,38.87789],[-76.94027,38.8779],[-76.94022,38.87791],[-76.93991,38.87794],[-76.93985,38.87795],[-76.93983,38.87795],[-76.9398,38.87796],[-76.93943,38.878],[-76.93932,38.87801],[-76.9392,38.87803],[-76.93883,38.87807],[-76.93882,38.87807],[-76.93878,38.87808],[-76.93868,38.87809],[-76.93849,38.87811],[-76.93841,38.87812],[-76.93836,38.87813],[-76.93823,38.87814],[-76.93823,38.87815],[-76.93725,38.87828],[-76.93629,38.87839],[-76.93619,38.8784],[-76.93623,38.87846],[-76.93627,38.87852],[-76.93627,38.87853],[-76.93628,38.87853],[-76.93628,38.87854],[-76.93629,38.87855],[-76.9363,38.87856],[-76.9363,38.87858],[-76.93631,38.87858],[-76.93631,38.87859],[-76.93631,38.8786],[-76.93632,38.8786],[-76.93632,38.87862],[-76.93633,38.87863],[-76.93633,38.87864],[-76.93634,38.87865],[-76.93634,38.87866],[-76.93621,38.87866],[-76.9362,38.87866],[-76.93617,38.87866],[-76.93599,38.87866],[-76.93586,38.87866],[-76.93548,38.87866],[-76.93537,38.87866],[-76.93525,38.87866],[-76.93519,38.87858],[-76.93503,38.87833],[-76.93493,38.87818],[-76.93462,38.87771],[-76.93458,38.87766],[-76.93455,38.8776],[-76.93452,38.87755],[-76.93449,38.8775],[-76.93446,38.87744],[-76.93443,38.87739],[-76.9344,38.87733],[-76.93437,38.87728],[-76.93435,38.87722],[-76.93432,38.87717],[-76.93428,38.87708],[-76.93428,38.87707],[-76.93424,38.87699],[-76.93421,38.8769],[-76.9342,38.87689],[-76.93417,38.87681],[-76.93414,38.87672],[-76.9341,38.87663],[-76.93409,38.87658],[-76.93407,38.87654],[-76.93406,38.87649],[-76.93405,38.87644],[-76.93404,38.87642],[-76.93404,38.87641],[-76.93402,38.87635],[-76.93399,38.87626],[-76.93397,38.87617],[-76.93395,38.87609],[-76.93394,38.87606],[-76.93394,38.87603],[-76.93393,38.876],[-76.93392,38.87596],[-76.93392,38.87591],[-76.9339,38.87583],[-76.93389,38.87574],[-76.93388,38.87569],[-76.93388,38.87567],[-76.93379,38.87567],[-76.93378,38.87567],[-76.93377,38.87567],[-76.93376,38.87567],[-76.93339,38.87567],[-76.93275,38.87567],[-76.93235,38.87567],[-76.93213,38.87567],[-76.9318,38.87566],[-76.9318,38.87568],[-76.9318,38.87569],[-76.9318,38.8757],[-76.9318,38.87572],[-76.9318,38.87573],[-76.9318,38.87575],[-76.9318,38.87603],[-76.9318,38.87605],[-76.93181,38.87605],[-76.93181,38.87608],[-76.93181,38.87636],[-76.93181,38.8764],[-76.93181,38.87649],[-76.93176,38.87649],[-76.93158,38.87649],[-76.9315,38.87649],[-76.93135,38.87649],[-76.93131,38.87649],[-76.93119,38.87649],[-76.93119,38.87659],[-76.93118,38.87668],[-76.93118,38.87676],[-76.93118,38.87682],[-76.93119,38.8769],[-76.931,38.87691],[-76.93059,38.87693],[-76.93052,38.87693],[-76.93048,38.87693],[-76.93008,38.87695],[-76.93005,38.87695],[-76.92995,38.87696],[-76.92982,38.87696],[-76.92981,38.87696],[-76.92981,38.87697],[-76.92971,38.87697],[-76.92965,38.87697],[-76.928,38.87826],[-76.92807,38.87832],[-76.92798,38.87839],[-76.92691,38.87922],[-76.92642,38.8796],[-76.9264,38.87962],[-76.92637,38.87964],[-76.92635,38.87966],[-76.92633,38.87968],[-76.9263,38.8797],[-76.92628,38.87972],[-76.92626,38.87974],[-76.92624,38.87976],[-76.92623,38.87979],[-76.92621,38.87981],[-76.92619,38.87983],[-76.92618,38.87986],[-76.92616,38.87988],[-76.92615,38.8799],[-76.92614,38.87992],[-76.92613,38.87995],[-76.92612,38.87997],[-76.92611,38.87999],[-76.9261,38.88002],[-76.9261,38.88004],[-76.92609,38.88006],[-76.92609,38.88008],[-76.92608,38.88011],[-76.92608,38.88013],[-76.92621,38.88016],[-76.92774,38.88027],[-76.92781,38.87966],[-76.92906,38.87976],[-76.92973,38.87982],[-76.92993,38.87987],[-76.93003,38.87988],[-76.92995,38.88047],[-76.93002,38.88048],[-76.93001,38.8806],[-76.93003,38.88059],[-76.93006,38.88059],[-76.93009,38.88059],[-76.93011,38.88059],[-76.93014,38.88059],[-76.93017,38.88058],[-76.93019,38.88058],[-76.93022,38.88058],[-76.93025,38.88058],[-76.93028,38.88058],[-76.93032,38.88058],[-76.93035,38.88058],[-76.93039,38.88058],[-76.93043,38.88058],[-76.93046,38.88058],[-76.9305,38.88058],[-76.93054,38.88059],[-76.93057,38.88059],[-76.93061,38.8806],[-76.93065,38.8806],[-76.93068,38.88061],[-76.93074,38.88062],[-76.9308,38.88063],[-76.93085,38.88064],[-76.9309,38.88066],[-76.93096,38.88067],[-76.93101,38.88069],[-76.93106,38.88071],[-76.93112,38.88073],[-76.93117,38.88075],[-76.93122,38.88077],[-76.93124,38.88078],[-76.93127,38.88079],[-76.93129,38.8808],[-76.93132,38.88082],[-76.93135,38.88083],[-76.93137,38.88085],[-76.9314,38.88086],[-76.93143,38.88088],[-76.93145,38.88089],[-76.93148,38.88091],[-76.9315,38.88093],[-76.93153,38.88095],[-76.93156,38.88097],[-76.93158,38.88099],[-76.93161,38.88101],[-76.93163,38.88103],[-76.93166,38.88105],[-76.93168,38.88108],[-76.9317,38.8811],[-76.93172,38.88112],[-76.93175,38.88114],[-76.93177,38.88117],[-76.93179,38.88119],[-76.9318,38.88121],[-76.93182,38.88123],[-76.93184,38.88125],[-76.93185,38.88127],[-76.93187,38.88129],[-76.93189,38.88131],[-76.9319,38.88133],[-76.93192,38.88136],[-76.93193,38.88138],[-76.93194,38.8814],[-76.93195,38.88141],[-76.93196,38.88142],[-76.93197,38.88144],[-76.93198,38.88145],[-76.93199,38.88146],[-76.932,38.88147],[-76.93202,38.88148],[-76.93203,38.88149],[-76.93204,38.8815],[-76.93205,38.88151],[-76.93208,38.88153],[-76.93212,38.88155],[-76.93215,38.88156],[-76.93218,38.88158],[-76.93222,38.88159],[-76.93226,38.8816],[-76.93229,38.88161],[-76.93233,38.88162],[-76.93237,38.88163],[-76.93241,38.88164],[-76.93244,38.88164],[-76.93247,38.88164],[-76.9325,38.88164],[-76.93252,38.88164],[-76.93255,38.88164],[-76.93258,38.88164],[-76.93261,38.88163],[-76.93264,38.88163],[-76.93267,38.88162],[-76.9327,38.88162],[-76.93291,38.88155],[-76.93293,38.88154],[-76.93304,38.8815],[-76.93302,38.88147],[-76.933,38.88143],[-76.933,38.88142],[-76.93297,38.88138],[-76.93295,38.88134],[-76.93293,38.8813],[-76.93291,38.88126],[-76.93289,38.88122],[-76.93286,38.88117],[-76.93284,38.88113],[-76.93282,38.88109],[-76.9328,38.88105],[-76.93278,38.88101],[-76.93275,38.88096],[-76.93272,38.8809],[-76.9327,38.88085],[-76.93267,38.8808],[-76.93264,38.88075],[-76.93261,38.8807],[-76.93259,38.88064],[-76.93256,38.88059],[-76.93253,38.88054],[-76.9325,38.88049],[-76.93237,38.88024],[-76.93234,38.88017],[-76.9323,38.88011],[-76.93241,38.88006],[-76.93243,38.88006],[-76.93244,38.88005],[-76.93246,38.88004],[-76.9325,38.88003],[-76.93283,38.87989],[-76.93285,38.87988],[-76.93281,38.87979],[-76.93231,38.87883],[-76.93231,38.87866],[-76.93234,38.87866],[-76.93252,38.87866],[-76.93253,38.87866],[-76.93262,38.87866],[-76.93263,38.87866],[-76.93273,38.87866],[-76.93274,38.87866],[-76.93282,38.87866],[-76.93314,38.87866],[-76.93315,38.87866],[-76.93315,38.87875],[-76.93315,38.87921],[-76.93315,38.87934],[-76.93315,38.87945],[-76.93315,38.87946],[-76.93315,38.87956],[-76.93315,38.87966],[-76.93315,38.87967],[-76.93314,38.87976],[-76.93309,38.87979],[-76.93304,38.87981],[-76.93309,38.87989],[-76.93325,38.88013],[-76.93327,38.88013],[-76.93343,38.88036],[-76.93362,38.88066],[-76.93373,38.88081],[-76.93372,38.88081],[-76.93358,38.88086],[-76.93345,38.88092],[-76.93361,38.88116],[-76.93366,38.88125],[-76.93373,38.88123],[-76.93453,38.8809],[-76.93505,38.88069],[-76.93525,38.88061],[-76.93528,38.8806],[-76.93535,38.88057],[-76.93546,38.88053],[-76.93567,38.88044],[-76.93615,38.88025],[-76.93616,38.88024],[-76.93621,38.88023],[-76.93627,38.88022],[-76.9363,38.88021],[-76.93642,38.88021],[-76.93649,38.88021],[-76.9368,38.88021],[-76.93762,38.88021],[-76.93777,38.88021],[-76.938,38.88021],[-76.93835,38.88021],[-76.93868,38.8802],[-76.93896,38.88021],[-76.93914,38.88021],[-76.93924,38.88021],[-76.93925,38.88021],[-76.93926,38.88021],[-76.93927,38.88021],[-76.93928,38.88021],[-76.93939,38.88021],[-76.93955,38.88021],[-76.93998,38.88021],[-76.93998,38.88033],[-76.93999,38.88041],[-76.93999,38.88053],[-76.93999,38.8806],[-76.94,38.88076],[-76.94,38.88081],[-76.94001,38.88085],[-76.94002,38.88108],[-76.94002,38.88116],[-76.94002,38.88123],[-76.94003,38.8815],[-76.94004,38.88169],[-76.94004,38.88177],[-76.94007,38.88177],[-76.94008,38.88186],[-76.94008,38.8819],[-76.94008,38.88195],[-76.94008,38.88203],[-76.94009,38.88211],[-76.94009,38.88218],[-76.94009,38.88226],[-76.9401,38.88234],[-76.9401,38.88241],[-76.9401,38.88249],[-76.9401,38.88251],[-76.94012,38.8829],[-76.94013,38.88308],[-76.94013,38.88312],[-76.94013,38.8832],[-76.94016,38.8832],[-76.94016,38.88328],[-76.94017,38.88362],[-76.93986,38.88365],[-76.93948,38.88368],[-76.93949,38.88371],[-76.93921,38.88373],[-76.93776,38.88384],[-76.93721,38.88389],[-76.93665,38.88393],[-76.93583,38.884],[-76.93586,38.8842],[-76.93589,38.88425],[-76.93607,38.88452],[-76.93609,38.88454],[-76.93609,38.88455],[-76.93632,38.88481],[-76.93666,38.8852],[-76.93701,38.8856],[-76.9369,38.88563],[-76.93661,38.8857],[-76.93608,38.88584],[-76.93604,38.88594],[-76.93591,38.886],[-76.93616,38.88656],[-76.9366,38.88757],[-76.93696,38.88842],[-76.93756,38.88842],[-76.9376,38.88849],[-76.93794,38.88929],[-76.93808,38.88947],[-76.93818,38.88966],[-76.9383,38.88946],[-76.93844,38.88932],[-76.93864,38.8892],[-76.93889,38.88906],[-76.93913,38.88891],[-76.93941,38.88869],[-76.93966,38.88847],[-76.93983,38.88828],[-76.93999,38.88809],[-76.9401,38.88793],[-76.94017,38.88781],[-76.94023,38.88769],[-76.94038,38.88772],[-76.94115,38.88795],[-76.9409,38.8884],[-76.94058,38.88898],[-76.94055,38.88903],[-76.9405,38.88911],[-76.94048,38.88914],[-76.94047,38.88915],[-76.94045,38.88919],[-76.94045,38.8892],[-76.94044,38.88923],[-76.94041,38.8893],[-76.94039,38.88934],[-76.94039,38.88935],[-76.94036,38.88944],[-76.94036,38.88945],[-76.94036,38.88946],[-76.94035,38.88946],[-76.94035,38.88947],[-76.94035,38.88948],[-76.94035,38.88949],[-76.94034,38.88955],[-76.94033,38.88958],[-76.94033,38.88962],[-76.94033,38.88968],[-76.94033,38.88974],[-76.94033,38.88979],[-76.94041,38.88979],[-76.9405,38.88979],[-76.94054,38.88979],[-76.94079,38.88979],[-76.94087,38.88979],[-76.94128,38.88979],[-76.94178,38.88979],[-76.94233,38.88979],[-76.94261,38.88979],[-76.94282,38.88979],[-76.94327,38.88979],[-76.94377,38.88979],[-76.94409,38.88979],[-76.94418,38.88979],[-76.94456,38.88979],[-76.94475,38.88979],[-76.94503,38.88979],[-76.94503,38.89001],[-76.94503,38.89042],[-76.94503,38.89047],[-76.94503,38.89052],[-76.94503,38.89057],[-76.94503,38.89062],[-76.94503,38.89067],[-76.94503,38.89072],[-76.94503,38.89077],[-76.94503,38.89082],[-76.94468,38.89082],[-76.94456,38.89082],[-76.94456,38.89089],[-76.94456,38.89097],[-76.94456,38.89119],[-76.94456,38.89156],[-76.94456,38.89186],[-76.94456,38.89191],[-76.94409,38.89191],[-76.94392,38.89191],[-76.94261,38.8919],[-76.94261,38.892],[-76.94261,38.89201],[-76.94261,38.89223],[-76.94261,38.89233],[-76.94261,38.89294],[-76.94325,38.89316],[-76.9433,38.89317],[-76.94332,38.89318],[-76.94341,38.8932],[-76.9435,38.89322],[-76.94358,38.89324],[-76.94388,38.89331],[-76.94389,38.89331],[-76.94393,38.89332],[-76.94394,38.89332],[-76.94395,38.89332],[-76.94397,38.89333],[-76.94399,38.89333],[-76.944,38.89333],[-76.94402,38.89334],[-76.94406,38.89335],[-76.94411,38.89336],[-76.94412,38.89336],[-76.94416,38.89337],[-76.94424,38.89338],[-76.9443,38.8934],[-76.94436,38.89341],[-76.94444,38.89342],[-76.94448,38.89343],[-76.94449,38.89343],[-76.94452,38.89344],[-76.94454,38.89344],[-76.94458,38.89345],[-76.94465,38.89347],[-76.9447,38.89348],[-76.94473,38.89348],[-76.94475,38.89349],[-76.94476,38.89349],[-76.94477,38.89349],[-76.94478,38.89349],[-76.9448,38.8935],[-76.94482,38.8935],[-76.94484,38.89351],[-76.94486,38.89351],[-76.94489,38.89352],[-76.9449,38.89352],[-76.94495,38.89353],[-76.94511,38.89356],[-76.9452,38.89358],[-76.94521,38.89358],[-76.94522,38.89358],[-76.94523,38.89358],[-76.94527,38.89359],[-76.94529,38.8936],[-76.94533,38.8936],[-76.94539,38.89362],[-76.94541,38.89362],[-76.94544,38.89363],[-76.9455,38.89364],[-76.94552,38.89365],[-76.94558,38.89366],[-76.94559,38.89366],[-76.94562,38.89367],[-76.94564,38.89368],[-76.94568,38.89369],[-76.9457,38.89369],[-76.94578,38.89371],[-76.94585,38.89373],[-76.94587,38.89374],[-76.94591,38.89375],[-76.94598,38.89378],[-76.94603,38.89379],[-76.94608,38.89381],[-76.94609,38.89381]],[[-76.93129,38.87771],[-76.93129,38.87774],[-76.9313,38.87775],[-76.93131,38.8778],[-76.93132,38.87785],[-76.93133,38.87789],[-76.93133,38.8779],[-76.93134,38.87795],[-76.93135,38.878],[-76.93137,38.87805],[-76.93137,38.87806],[-76.93138,38.8781],[-76.9314,38.87816],[-76.93141,38.87821],[-76.93143,38.87826],[-76.93144,38.87829],[-76.93144,38.87831],[-76.93146,38.87835],[-76.93148,38.8784],[-76.93149,38.87844],[-76.93149,38.87845],[-76.93151,38.8785],[-76.93153,38.87855],[-76.93154,38.87857],[-76.93155,38.8786],[-76.93158,38.87867],[-76.93156,38.87867],[-76.93155,38.87867],[-76.93153,38.87867],[-76.93151,38.87867],[-76.93148,38.87867],[-76.93146,38.87867],[-76.93143,38.87867],[-76.93129,38.87866],[-76.93087,38.87862],[-76.9308,38.87861],[-76.93081,38.87854],[-76.93081,38.8785],[-76.93083,38.87835],[-76.9308,38.87835],[-76.93079,38.87833],[-76.93079,38.87832],[-76.93078,38.87831],[-76.93078,38.8783],[-76.93078,38.87829],[-76.93077,38.87829],[-76.93077,38.87826],[-76.93076,38.87825],[-76.93076,38.87824],[-76.93076,38.87823],[-76.93075,38.87822],[-76.93072,38.87821],[-76.93071,38.87816],[-76.93071,38.87815],[-76.9307,38.87811],[-76.93069,38.87806],[-76.93063,38.87779],[-76.93066,38.87779],[-76.93109,38.87773],[-76.93115,38.87773],[-76.93118,38.87772],[-76.93121,38.87772],[-76.93124,38.87772],[-76.93126,38.87771],[-76.93129,38.87771]],[[-76.94276,38.88434],[-76.94283,38.88447],[-76.9429,38.88459],[-76.94297,38.88471],[-76.94299,38.88475],[-76.94302,38.8848],[-76.94303,38.88481],[-76.94303,38.88482],[-76.94308,38.8849],[-76.94302,38.8849],[-76.94301,38.8849],[-76.94282,38.8849],[-76.94266,38.8849],[-76.94261,38.8849],[-76.94255,38.8849],[-76.94244,38.8849],[-76.94243,38.8849],[-76.9424,38.8849],[-76.94237,38.8849],[-76.94234,38.8849],[-76.94222,38.8849],[-76.94206,38.8849],[-76.94193,38.8849],[-76.94192,38.8849],[-76.94179,38.8849],[-76.94168,38.8849],[-76.94156,38.8849],[-76.94138,38.8849],[-76.94128,38.8849],[-76.94098,38.88489],[-76.94097,38.88489],[-76.94095,38.88489],[-76.94094,38.88489],[-76.94093,38.88489],[-76.94091,38.88489],[-76.9409,38.88489],[-76.94089,38.88489],[-76.94088,38.88488],[-76.94087,38.88488],[-76.94086,38.88488],[-76.94085,38.88488],[-76.94084,38.88487],[-76.94083,38.88487],[-76.94082,38.88487],[-76.94083,38.88483],[-76.94085,38.8848],[-76.94086,38.88477],[-76.94088,38.88473],[-76.9409,38.88466],[-76.94093,38.88459],[-76.94096,38.88452],[-76.94099,38.88445],[-76.94102,38.88438],[-76.94106,38.88431],[-76.94109,38.88424],[-76.94113,38.88417],[-76.94116,38.88411],[-76.9412,38.88404],[-76.94124,38.88398],[-76.94127,38.88392],[-76.94131,38.88386],[-76.94134,38.88381],[-76.94136,38.88377],[-76.94138,38.88375],[-76.9414,38.88372],[-76.94142,38.88369],[-76.94146,38.88363],[-76.9415,38.88358],[-76.94154,38.88352],[-76.94158,38.88347],[-76.94161,38.88343],[-76.94164,38.8834],[-76.94169,38.88333],[-76.94174,38.88327],[-76.94176,38.88324],[-76.94178,38.88321],[-76.94181,38.88319],[-76.94187,38.88312],[-76.94193,38.88305],[-76.94199,38.88299],[-76.94203,38.88294],[-76.94214,38.883],[-76.94215,38.883],[-76.94216,38.88301],[-76.94217,38.88302],[-76.94217,38.88303],[-76.94217,38.88304],[-76.94218,38.88304],[-76.94218,38.88305],[-76.94218,38.88306],[-76.94219,38.88308],[-76.9422,38.8831],[-76.9422,38.88312],[-76.94221,38.88313],[-76.94221,38.88314],[-76.94222,38.88314],[-76.94222,38.88315],[-76.94222,38.88316],[-76.94224,38.8832],[-76.94227,38.88326],[-76.94229,38.88333],[-76.94238,38.88354],[-76.94241,38.88361],[-76.94248,38.88378],[-76.9425,38.88382],[-76.9425,38.88383],[-76.94235,38.88387],[-76.9423,38.88389],[-76.94229,38.88389],[-76.94227,38.88389],[-76.94226,38.8839],[-76.94225,38.8839],[-76.94223,38.88391],[-76.94219,38.88392],[-76.94216,38.88392],[-76.94215,38.88393],[-76.9421,38.88394],[-76.94205,38.88396],[-76.94197,38.88398],[-76.94189,38.884],[-76.94197,38.88417],[-76.94211,38.88442],[-76.9422,38.88439],[-76.94224,38.88438],[-76.94242,38.88432],[-76.94254,38.88428],[-76.94266,38.88425],[-76.94266,38.88424],[-76.9427,38.88423],[-76.94276,38.88434]]]},"properties":{"zone":"R-2","label":"R-2","desc":"Provide areas predominantly developed with semi-detached houses on moderately-sized lots that also contain some detached dwellings"}},{"type":"Feature","geometry":{"type":"Polygon","coordinates":[[[-77.07548,38.92976],[-77.07573,38.92976],[-77.07581,38.92982],[-77.0764,38.93029],[-77.07691,38.93069],[-77.07705,38.93079],[-77.07705,38.93072],[-77.07705,38.93065],[-77.07705,38.93057],[-77.07705,38.9303],[-77.07705,38.93024],[-77.07706,38.93003],[-77.07705,38.92984],[-77.07705,38.92978],[-77.07705,38.92973],[-77.07705,38.92971],[-77.07705,38.92969],[-77.07705,38.92966],[-77.07706,38.92942],[-77.07706,38.92936],[-77.07706,38.92929],[-77.07706,38.92914],[-77.07706,38.92911],[-77.07705,38.92903],[-77.07705,38.92896],[-77.07705,38.92883],[-77.07705,38.92856],[-77.07705,38.9285],[-77.07705,38.92849],[-77.07705,38.92821],[-77.07705,38.92802],[-77.07705,38.92795],[-77.07705,38.92768],[-77.07705,38.92761],[-77.07705,38.9276],[-77.07705,38.92754],[-77.07715,38.92753],[-77.07737,38.92753],[-77.07739,38.92753],[-77.0774,38.92753],[-77.07742,38.92753],[-77.07744,38.92752],[-77.07745,38.92752],[-77.07747,38.92751],[-77.07748,38.9275],[-77.0775,38.92749],[-77.07751,38.92749],[-77.07753,38.92748],[-77.07762,38.9274],[-77.07766,38.92737],[-77.07767,38.92737],[-77.07766,38.92718],[-77.07766,38.92712],[-77.07766,38.92701],[-77.07766,38.92689],[-77.07766,38.92678],[-77.07766,38.9267],[-77.07766,38.92666],[-77.07766,38.92665],[-77.07766,38.92647],[-77.07766,38.92631],[-77.07766,38.9262],[-77.07748,38.92619],[-77.07748,38.92613],[-77.07748,38.92608],[-77.07748,38.92601],[-77.07748,38.92581],[-77.07748,38.92575],[-77.07748,38.92565],[-77.07748,38.92558],[-77.07748,38.92556],[-77.07748,38.92555],[-77.07701,38.92541],[-77.07701,38.9257],[-77.07699,38.9257],[-77.07697,38.9257],[-77.07694,38.9257],[-77.07691,38.9257],[-77.07688,38.9257],[-77.07686,38.9257],[-77.07684,38.9257],[-77.07679,38.9257],[-77.07674,38.9257],[-77.07672,38.9257],[-77.07662,38.9257],[-77.07645,38.9257],[-77.07614,38.9257],[-77.07591,38.9257],[-77.07582,38.9257],[-77.07573,38.9257],[-77.07557,38.9257],[-77.0753,38.9257],[-77.07526,38.9257],[-77.07526,38.92568],[-77.07526,38.92566],[-77.07526,38.9256],[-77.07526,38.92552],[-77.07522,38.92552],[-77.07484,38.92552],[-77.07477,38.92552],[-77.07463,38.92552],[-77.07462,38.92552],[-77.07462,38.92557],[-77.07453,38.92557],[-77.07447,38.92557],[-77.0744,38.92557],[-77.07398,38.92557],[-77.07397,38.92557],[-77.07396,38.92557],[-77.07394,38.92557],[-77.07392,38.92557],[-77.07391,38.92557],[-77.07391,38.92563],[-77.07391,38.92564],[-77.07391,38.9257],[-77.07391,38.92571],[-77.07391,38.92573],[-77.07391,38.92574],[-77.07391,38.92575],[-77.07391,38.92577],[-77.07391,38.92579],[-77.07391,38.92586],[-77.07391,38.92593],[-77.07391,38.92607],[-77.07391,38.92619],[-77.07391,38.92631],[-77.07391,38.92667],[-77.07391,38.92708],[-77.07391,38.92741],[-77.07391,38.92753],[-77.07393,38.92753],[-77.07393,38.92759],[-77.07393,38.9276],[-77.07393,38.92766],[-77.07393,38.92775],[-77.07393,38.92784],[-77.07393,38.92792],[-77.07393,38.92799],[-77.07404,38.92799],[-77.07405,38.92799],[-77.07405,38.928],[-77.07405,38.92825],[-77.07405,38.92837],[-77.07405,38.92891],[-77.07405,38.92903],[-77.07407,38.92903],[-77.07408,38.92903],[-77.0741,38.92904],[-77.07433,38.92904],[-77.07454,38.92903],[-77.07463,38.92903],[-77.07472,38.92903],[-77.07523,38.92941],[-77.07527,38.92941],[-77.07527,38.92944],[-77.07527,38.92961],[-77.07527,38.92965],[-77.07527,38.92968],[-77.07527,38.92969],[-77.07527,38.92975],[-77.07527,38.92976],[-77.07548,38.92976]]]},"properties":{"zone":"R-2","label":"R-2","desc":"Provide areas predominantly developed with semi-detached houses on moderately-sized lots that also contain some detached dwellings"}},{"type":"Feature","geometry":{"type":"Polygon","coordinates":[[[-76.98107,38.92133],[-76.98109,38.92134],[-76.98147,38.9216],[-76.98171,38.92177],[-76.98172,38.92178],[-76.98179,38.92182],[-76.98181,38.92184],[-76.98214,38.92207],[-76.98243,38.92226],[-76.98265,38.92242],[-76.98271,38.92246],[-76.98274,38.92248],[-76.98295,38.92262],[-76.98296,38.92263],[-76.98306,38.92269],[-76.98314,38.92262],[-76.9833,38.92248],[-76.98339,38.9224],[-76.98374,38.92209],[-76.98374,38.92208],[-76.98381,38.92203],[-76.98386,38.92198],[-76.98388,38.92196],[-76.98405,38.92181],[-76.98447,38.92144],[-76.9845,38.92142],[-76.98452,38.9214],[-76.98455,38.92138],[-76.98457,38.92137],[-76.98459,38.92135],[-76.98461,38.92134],[-76.98463,38.92133],[-76.98467,38.92131],[-76.9847,38.92129],[-76.98473,38.92127],[-76.98477,38.92125],[-76.98481,38.92124],[-76.98483,38.92123],[-76.98485,38.92122],[-76.98488,38.92121],[-76.9849,38.9212],[-76.98493,38.92119],[-76.98495,38.92118],[-76.98498,38.92117],[-76.98501,38.92116],[-76.98503,38.92116],[-76.98506,38.92115],[-76.98509,38.92114],[-76.98511,38.92114],[-76.98514,38.92113],[-76.98517,38.92112],[-76.9852,38.92111],[-76.98522,38.92111],[-76.98525,38.9211],[-76.98526,38.9211],[-76.98529,38.92109],[-76.98532,38.92108],[-76.98535,38.92108],[-76.98537,38.92107],[-76.98538,38.92106],[-76.9854,38.92106],[-76.98542,38.92105],[-76.98543,38.92104],[-76.98545,38.92103],[-76.98546,38.92102],[-76.98547,38.92101],[-76.98548,38.921],[-76.98549,38.92099],[-76.9855,38.92098],[-76.98569,38.92073],[-76.9857,38.92072],[-76.98588,38.92072],[-76.98591,38.92072],[-76.98592,38.92072],[-76.98602,38.92072],[-76.98609,38.92073],[-76.98623,38.92072],[-76.98626,38.92072],[-76.98627,38.92073],[-76.98635,38.92073],[-76.98643,38.92073],[-76.98667,38.92072],[-76.98692,38.92072],[-76.98713,38.92072],[-76.98723,38.92072],[-76.98727,38.92072],[-76.98741,38.92072],[-76.98778,38.92096],[-76.98779,38.92097],[-76.9878,38.92097],[-76.9878,38.92098],[-76.98781,38.92098],[-76.98782,38.92099],[-76.98782,38.921],[-76.98783,38.921],[-76.98783,38.92101],[-76.98784,38.92101],[-76.98784,38.92102],[-76.98785,38.92103],[-76.98785,38.92104],[-76.98786,38.92105],[-76.98786,38.92106],[-76.98786,38.92107],[-76.98787,38.92107],[-76.98787,38.92108],[-76.98787,38.92109],[-76.98791,38.92097],[-76.98794,38.92093],[-76.98806,38.92075],[-76.98808,38.92072],[-76.98809,38.92072],[-76.9881,38.92072],[-76.98811,38.92072],[-76.98812,38.92072],[-76.98815,38.92072],[-76.98818,38.92072],[-76.98822,38.92072],[-76.98825,38.92072],[-76.98828,38.92072],[-76.98841,38.92072],[-76.98849,38.92072],[-76.9885,38.92072],[-76.98851,38.92072],[-76.98852,38.92072],[-76.98853,38.92072],[-76.98854,38.92072],[-76.98879,38.92072],[-76.98878,38.92071],[-76.98872,38.92067],[-76.9887,38.92066],[-76.98869,38.92047],[-76.98869,38.92046],[-76.98868,38.92022],[-76.98867,38.9201],[-76.98867,38.92009],[-76.98864,38.92007],[-76.98862,38.92006],[-76.9886,38.92005],[-76.98856,38.92002],[-76.98852,38.91999],[-76.98848,38.91996],[-76.98843,38.91994],[-76.98839,38.91991],[-76.98835,38.91988],[-76.9883,38.91985],[-76.98826,38.91982],[-76.98822,38.9198],[-76.98817,38.91977],[-76.98813,38.91974],[-76.98809,38.91971],[-76.98804,38.91968],[-76.988,38.91965],[-76.98796,38.91963],[-76.98791,38.9196],[-76.98787,38.91957],[-76.98783,38.91954],[-76.98778,38.91951],[-76.98774,38.91949],[-76.9877,38.91946],[-76.98766,38.91943],[-76.98762,38.9194],[-76.98761,38.9194],[-76.98759,38.91939],[-76.98759,38.91938],[-76.98757,38.91937],[-76.98756,38.91937],[-76.98756,38.91936],[-76.98755,38.91936],[-76.98754,38.91936],[-76.98753,38.91934],[-76.98751,38.91933],[-76.98748,38.91932],[-76.98744,38.91929],[-76.98742,38.91927],[-76.98737,38.91924],[-76.98736,38.91924],[-76.98728,38.91918],[-76.98727,38.91918],[-76.98705,38.91918],[-76.98668,38.91918],[-76.98651,38.91918],[-76.98647,38.91918],[-76.98644,38.91918],[-76.98642,38.91918],[-76.98623,38.91918],[-76.98569,38.91918],[-76.98509,38.91918],[-76.98448,38.91918],[-76.98386,38.91918],[-76.98364,38.91918],[-76.98327,38.91919],[-76.98319,38.91919],[-76.98316,38.91919],[-76.98305,38.91919],[-76.98279,38.91919],[-76.9826,38.91919],[-76.98225,38.91919],[-76.98215,38.91919],[-76.98205,38.91919],[-76.98195,38.91919],[-76.98163,38.91919],[-76.98148,38.91918],[-76.98145,38.91918],[-76.98143,38.91918],[-76.98118,38.91918],[-76.98115,38.91918],[-76.98109,38.91918],[-76.98091,38.91918],[-76.9808,38.91918],[-76.98074,38.91918],[-76.98069,38.91918],[-76.98047,38.91919],[-76.98042,38.91918],[-76.98037,38.91918],[-76.98033,38.91918],[-76.98028,38.91918],[-76.98023,38.91919],[-76.98019,38.91919],[-76.98014,38.91919],[-76.9801,38.9192],[-76.98005,38.91921],[-76.98,38.91922],[-76.97996,38.91923],[-76.97992,38.91924],[-76.97988,38.91926],[-76.97984,38.91927],[-76.9798,38.91929],[-76.97976,38.91931],[-76.97972,38.91933],[-76.97968,38.91934],[-76.97965,38.91937],[-76.97961,38.91939],[-76.97955,38.91944],[-76.9795,38.91949],[-76.97944,38.91954],[-76.97938,38.91959],[-76.97933,38.91964],[-76.97927,38.91969],[-76.97921,38.91973],[-76.97916,38.91978],[-76.9791,38.91983],[-76.97907,38.91986],[-76.97901,38.9199],[-76.979,38.92003],[-76.979,38.92005],[-76.979,38.92016],[-76.979,38.92024],[-76.979,38.92032],[-76.979,38.92033],[-76.979,38.92054],[-76.979,38.92084],[-76.979,38.92114],[-76.979,38.92122],[-76.979,38.9213],[-76.97904,38.9213],[-76.97908,38.9213],[-76.9791,38.9213],[-76.97912,38.9213],[-76.97924,38.9213],[-76.97947,38.9213],[-76.97959,38.9213],[-76.97969,38.9213],[-76.97979,38.9213],[-76.98004,38.9213],[-76.98016,38.9213],[-76.9806,38.9213],[-76.98063,38.9213],[-76.98067,38.92129],[-76.9807,38.92128],[-76.98073,38.92126],[-76.98078,38.92123],[-76.98082,38.92121],[-76.98086,38.92119],[-76.98107,38.92133]]]},"properties":{"zone":"R-3","label":"R-3","desc":"Allows for attached rowhouses on small lots and row dwellings mingled with detached, semi-detached, and groupings of three or more row dwellings"}},{"type":"Feature","geometry":{"type":"Polygon","coordinates":[[[-77.07858,38.94329],[-77.07858,38.9433],[-77.07868,38.94347],[-77.07878,38.94366],[-77.07887,38.94382],[-77.07888,38.94385],[-77.07885,38.94385],[-77.07882,38.94386],[-77.07881,38.94387],[-77.07879,38.94387],[-77.07876,38.94388],[-77.07874,38.94389],[-77.07875,38.94392],[-77.07876,38.94395],[-77.07876,38.94404],[-77.07876,38.94405],[-77.07876,38.94406],[-77.07876,38.94407],[-77.07876,38.9447],[-77.07876,38.94471],[-77.07876,38.94472],[-77.07876,38.94479],[-77.07884,38.94479],[-77.07889,38.94479],[-77.07908,38.94479],[-77.07931,38.94479],[-77.07931,38.94475],[-77.07931,38.94466],[-77.07931,38.94459],[-77.07931,38.94446],[-77.07931,38.94429],[-77.07931,38.94421],[-77.07931,38.94411],[-77.07931,38.94407],[-77.07931,38.94406],[-77.07932,38.94401],[-77.07932,38.94399],[-77.07932,38.94398],[-77.07932,38.94397],[-77.07931,38.94394],[-77.07931,38.94392],[-77.07931,38.94389],[-77.07931,38.94385],[-77.07931,38.94364],[-77.07931,38.94357],[-77.07931,38.9435],[-77.07931,38.94335],[-77.07931,38.94329],[-77.07931,38.94317],[-77.07858,38.94317],[-77.07857,38.94317],[-77.07852,38.94317],[-77.07858,38.94329]]]},"properties":{"zone":"R-2","label":"R-2","desc":"Provide areas predominantly developed with semi-detached houses on moderately-sized lots that also contain some detached dwellings"}},{"type":"Feature","geometry":{"type":"Polygon","coordinates":[[[-77.06507,38.92415],[-77.06484,38.92448],[-77.06481,38.92452],[-77.06467,38.9246],[-77.06468,38.92462],[-77.06469,38.92464],[-77.06471,38.92466],[-77.06472,38.92468],[-77.06473,38.9247],[-77.06474,38.92472],[-77.06475,38.92474],[-77.06477,38.92476],[-77.06478,38.92478],[-77.06479,38.9248],[-77.0648,38.92482],[-77.06481,38.92483],[-77.06482,38.92485],[-77.06482,38.92487],[-77.06483,38.92488],[-77.06485,38.9249],[-77.06486,38.92491],[-77.06487,38.92493],[-77.06488,38.92494],[-77.06489,38.92496],[-77.06491,38.92499],[-77.06493,38.92501],[-77.06495,38.92504],[-77.06497,38.92507],[-77.065,38.92509],[-77.06502,38.92512],[-77.06504,38.92515],[-77.06507,38.92517],[-77.0651,38.9252],[-77.06512,38.92522],[-77.06515,38.92524],[-77.06517,38.92527],[-77.0652,38.92529],[-77.06522,38.92531],[-77.06525,38.92533],[-77.06528,38.92535],[-77.0653,38.92537],[-77.06533,38.92538],[-77.06536,38.9254],[-77.06539,38.92542],[-77.06556,38.92552],[-77.06566,38.92557],[-77.06568,38.92558],[-77.0657,38.9256],[-77.06572,38.92561],[-77.06574,38.92562],[-77.06576,38.92564],[-77.06577,38.92565],[-77.06579,38.92567],[-77.0658,38.92569],[-77.06582,38.9257],[-77.06583,38.92572],[-77.06592,38.92585],[-77.06598,38.92593],[-77.06599,38.92595],[-77.06601,38.92597],[-77.06602,38.92599],[-77.06603,38.92601],[-77.06605,38.92602],[-77.06607,38.92604],[-77.06608,38.92606],[-77.0661,38.92608],[-77.06612,38.92609],[-77.06613,38.92611],[-77.06614,38.92612],[-77.06615,38.92612],[-77.06617,38.92613],[-77.06618,38.92614],[-77.06619,38.92614],[-77.0662,38.92615],[-77.06621,38.92616],[-77.06623,38.92616],[-77.06624,38.92617],[-77.06625,38.92617],[-77.06627,38.92617],[-77.06628,38.92618],[-77.06629,38.92618],[-77.06631,38.92618],[-77.06632,38.92618],[-77.06633,38.92619],[-77.06634,38.92619],[-77.06636,38.92619],[-77.06637,38.92619],[-77.06638,38.92619],[-77.06638,38.92534],[-77.06639,38.9252],[-77.06639,38.9248],[-77.06638,38.9245],[-77.06638,38.92447],[-77.06636,38.92433],[-77.06623,38.92431],[-77.06619,38.9243],[-77.06614,38.92429],[-77.06609,38.92428],[-77.06605,38.92427],[-77.06601,38.92426],[-77.06597,38.92425],[-77.06593,38.92425],[-77.0659,38.92424],[-77.06586,38.92423],[-77.06581,38.92422],[-77.06577,38.92421],[-77.06574,38.9242],[-77.06571,38.92419],[-77.06567,38.92417],[-77.06566,38.92417],[-77.06564,38.92416],[-77.06562,38.92416],[-77.06561,38.92415],[-77.06558,38.92414],[-77.06556,38.92414],[-77.06555,38.92413],[-77.06552,38.92412],[-77.06548,38.92411],[-77.06543,38.92409],[-77.06525,38.92402],[-77.06519,38.92399],[-77.06507,38.92415]]]},"properties":{"zone":"R-1A/TS/NO","label":"R-1A/TS/NO","desc":"Permits detached houses on large lots"}},{"type":"Feature","geometry":{"type":"Polygon","coordinates":[[[-77.0585,38.94042],[-77.05964,38.94042],[-77.05964,38.93989],[-77.05936,38.9394],[-77.05872,38.93854],[-77.05834,38.93843],[-77.05745,38.93818],[-77.05748,38.93809],[-77.0574,38.93808],[-77.05704,38.9377],[-77.05622,38.93748],[-77.05617,38.93747],[-77.05615,38.93746],[-77.05613,38.93746],[-77.05611,38.93745],[-77.0561,38.93745],[-77.05608,38.93745],[-77.05606,38.93744],[-77.05603,38.93744],[-77.05601,38.93743],[-77.05599,38.93743],[-77.05596,38.93743],[-77.05592,38.93742],[-77.05587,38.93742],[-77.05581,38.93741],[-77.05576,38.93741],[-77.05573,38.93741],[-77.05571,38.93741],[-77.05569,38.93741],[-77.05567,38.93741],[-77.05564,38.93741],[-77.05562,38.93741],[-77.0556,38.93741],[-77.0553,38.93743],[-77.055,38.93745],[-77.05497,38.93745],[-77.05521,38.93783],[-77.05535,38.93806],[-77.05565,38.93852],[-77.05599,38.93907],[-77.05668,38.9392],[-77.0568,38.93922],[-77.05694,38.93925],[-77.05708,38.93929],[-77.05722,38.93934],[-77.05735,38.93939],[-77.05748,38.93945],[-77.0576,38.93951],[-77.05771,38.93958],[-77.05782,38.93965],[-77.05793,38.93973],[-77.05802,38.9398],[-77.05808,38.93985],[-77.05818,38.93996],[-77.05827,38.94006],[-77.05836,38.94017],[-77.05841,38.94024],[-77.05842,38.94027],[-77.05844,38.94029],[-77.05845,38.94032],[-77.05846,38.94033],[-77.05847,38.94035],[-77.05848,38.94037],[-77.05849,38.94038],[-77.05849,38.94039],[-77.0585,38.94042]]]},"properties":{"zone":"R-1A","label":"R-1A","desc":"Provides areas predominantly developed with detached houses on large lots."}},{"type":"Feature","geometry":{"type":"Polygon","coordinates":[[[-77.0739,38.93395],[-77.07393,38.93395],[-77.07399,38.93396],[-77.07423,38.93399],[-77.07441,38.93401],[-77.07448,38.93402],[-77.07459,38.93404],[-77.07471,38.93405],[-77.07499,38.93406],[-77.07506,38.93407],[-77.07597,38.93419],[-77.07602,38.93415],[-77.07616,38.93417],[-77.07636,38.93419],[-77.07658,38.93422],[-77.07691,38.93426],[-77.07707,38.93428],[-77.07707,38.93432],[-77.0772,38.93433],[-77.07734,38.93435],[-77.07737,38.93419],[-77.07759,38.93412],[-77.07786,38.93405],[-77.07902,38.93405],[-77.07923,38.93405],[-77.07923,38.93376],[-77.07923,38.9336],[-77.07957,38.93329],[-77.08,38.93361],[-77.0801,38.93261],[-77.07949,38.93216],[-77.07872,38.9316],[-77.07859,38.9315],[-77.07845,38.9314],[-77.07769,38.93083],[-77.07756,38.93074],[-77.07753,38.93079],[-77.07752,38.93079],[-77.07747,38.93086],[-77.07739,38.93095],[-77.07739,38.93094],[-77.07733,38.93092],[-77.07727,38.9309],[-77.07726,38.93089],[-77.07718,38.93088],[-77.07711,38.93087],[-77.07707,38.93087],[-77.07706,38.93087],[-77.07705,38.93087],[-77.07704,38.93087],[-77.07705,38.93079],[-77.07691,38.93069],[-77.0764,38.93029],[-77.07581,38.92982],[-77.07573,38.92976],[-77.07548,38.92976],[-77.07527,38.92976],[-77.07527,38.92975],[-77.07527,38.92969],[-77.07527,38.92968],[-77.07527,38.92965],[-77.07527,38.92961],[-77.07527,38.92944],[-77.07527,38.92941],[-77.07523,38.92941],[-77.07472,38.92903],[-77.07463,38.92903],[-77.07454,38.92903],[-77.07433,38.92904],[-77.0741,38.92904],[-77.07408,38.92903],[-77.07407,38.92903],[-77.07405,38.92903],[-77.07404,38.92903],[-77.07397,38.92903],[-77.07374,38.92903],[-77.07385,38.92911],[-77.07387,38.92913],[-77.07391,38.92916],[-77.07396,38.9292],[-77.07392,38.92947],[-77.07392,38.9295],[-77.07391,38.92951],[-77.0739,38.92959],[-77.0739,38.9296],[-77.0739,38.92962],[-77.07387,38.9298],[-77.07386,38.92983],[-77.07386,38.92986],[-77.07386,38.92988],[-77.07385,38.92991],[-77.07385,38.92993],[-77.07384,38.92996],[-77.07382,38.9301],[-77.0738,38.93023],[-77.07377,38.93037],[-77.07375,38.93051],[-77.07373,38.93064],[-77.07371,38.93078],[-77.07368,38.93091],[-77.07366,38.93105],[-77.07365,38.93112],[-77.07364,38.93119],[-77.07362,38.93132],[-77.07359,38.93146],[-77.07357,38.93159],[-77.07357,38.93161],[-77.07352,38.93187],[-77.07351,38.93194],[-77.07348,38.93194],[-77.07344,38.93194],[-77.07343,38.93201],[-77.0734,38.93221],[-77.07339,38.93228],[-77.07335,38.9325],[-77.07334,38.93255],[-77.07332,38.93269],[-77.0733,38.93283],[-77.07327,38.93296],[-77.07327,38.93299],[-77.0733,38.93299],[-77.07331,38.93299],[-77.07332,38.93299],[-77.07334,38.93299],[-77.07335,38.93299],[-77.0734,38.933],[-77.07341,38.933],[-77.07344,38.933],[-77.07347,38.933],[-77.07347,38.93301],[-77.07349,38.93301],[-77.0735,38.93301],[-77.07352,38.93301],[-77.07353,38.93301],[-77.07354,38.93301],[-77.07356,38.93301],[-77.07357,38.93301],[-77.07358,38.93302],[-77.07357,38.93305],[-77.07356,38.93314],[-77.07355,38.93316],[-77.07354,38.93322],[-77.07354,38.93326],[-77.07353,38.93331],[-77.07353,38.93332],[-77.07352,38.93333],[-77.07352,38.93338],[-77.07351,38.93341],[-77.0735,38.93349],[-77.0736,38.93349],[-77.07382,38.93349],[-77.07387,38.93349],[-77.07389,38.93349],[-77.07398,38.93349],[-77.07397,38.93358],[-77.0739,38.93394],[-77.0739,38.93395]]]},"properties":{"zone":"R-1B","label":"R-1B","desc":"Provides areas predominantly developed with detached houses on moderately sized lots."}},{"type":"Feature","geometry":{"type":"Polygon","coordinates":[[[-76.97336,38.84664],[-76.97336,38.84669],[-76.97336,38.84674],[-76.97335,38.84679],[-76.97331,38.84684],[-76.97327,38.84688],[-76.9732,38.84695],[-76.97321,38.84704],[-76.97321,38.84716],[-76.97325,38.84723],[-76.97375,38.84702],[-76.97387,38.84698],[-76.97393,38.84695],[-76.97404,38.84691],[-76.97416,38.84687],[-76.97424,38.84685],[-76.97432,38.84683],[-76.97445,38.8468],[-76.97442,38.84673],[-76.97442,38.84672],[-76.97441,38.84669],[-76.97438,38.84662],[-76.97437,38.84657],[-76.97439,38.84654],[-76.97445,38.84647],[-76.97449,38.84643],[-76.97458,38.84633],[-76.97474,38.8463],[-76.97481,38.8463],[-76.97488,38.84629],[-76.97497,38.84628],[-76.97505,38.84627],[-76.97528,38.84625],[-76.97556,38.84622],[-76.97582,38.8462],[-76.97582,38.84622],[-76.97585,38.84621],[-76.97592,38.84621],[-76.97612,38.84619],[-76.97631,38.84617],[-76.97631,38.84618],[-76.97631,38.84619],[-76.97654,38.84616],[-76.97675,38.84615],[-76.97679,38.84614],[-76.9768,38.84614],[-76.9769,38.84613],[-76.97682,38.84595],[-76.97681,38.84594],[-76.97671,38.84573],[-76.9767,38.84567],[-76.97665,38.84551],[-76.97654,38.84514],[-76.97654,38.84513],[-76.97636,38.8443],[-76.97632,38.84412],[-76.97627,38.84383],[-76.97626,38.84383],[-76.97619,38.84384],[-76.97615,38.84384],[-76.97607,38.84385],[-76.97595,38.84386],[-76.97584,38.84387],[-76.97573,38.84388],[-76.97562,38.84389],[-76.9755,38.8439],[-76.97539,38.84391],[-76.97528,38.84391],[-76.97517,38.84392],[-76.97506,38.84392],[-76.97494,38.84393],[-76.97483,38.84393],[-76.97482,38.84393],[-76.9748,38.84393],[-76.97466,38.84393],[-76.97464,38.84393],[-76.97463,38.84393],[-76.97445,38.84393],[-76.97427,38.84393],[-76.97402,38.84393],[-76.97398,38.84393],[-76.97386,38.84392],[-76.97385,38.84392],[-76.97384,38.84392],[-76.97382,38.84392],[-76.97381,38.84392],[-76.9738,38.84392],[-76.97378,38.84392],[-76.97377,38.84392],[-76.97376,38.84392],[-76.97375,38.84392],[-76.9736,38.84391],[-76.97342,38.8439],[-76.97343,38.84398],[-76.97342,38.84402],[-76.97341,38.8441],[-76.97341,38.84415],[-76.9734,38.8442],[-76.97336,38.8442],[-76.97336,38.84427],[-76.97335,38.84433],[-76.97335,38.84434],[-76.97334,38.84437],[-76.97336,38.84446],[-76.97337,38.84451],[-76.97339,38.8446],[-76.9734,38.84466],[-76.97342,38.84474],[-76.97346,38.84481],[-76.9735,38.84489],[-76.97352,38.84494],[-76.97356,38.84501],[-76.97357,38.84505],[-76.97357,38.8451],[-76.97356,38.8452],[-76.97356,38.84526],[-76.97358,38.84535],[-76.97359,38.84539],[-76.9736,38.84544],[-76.97361,38.84553],[-76.97362,38.84558],[-76.97364,38.84568],[-76.97366,38.84574],[-76.97367,38.84582],[-76.97369,38.84592],[-76.97368,38.84598],[-76.97365,38.84602],[-76.97361,38.84607],[-76.97358,38.8461],[-76.9735,38.84618],[-76.97349,38.84621],[-76.97347,38.84627],[-76.97345,38.84631],[-76.97343,38.84636],[-76.97346,38.84642],[-76.97347,38.84651],[-76.97345,38.8466],[-76.97336,38.84659],[-76.97335,38.84659],[-76.97336,38.84664]]]},"properties":{"zone":"R-2","label":"R-2","desc":"Provide areas predominantly developed with semi-detached houses on moderately-sized lots that also contain some detached dwellings"}},{"type":"Feature","geometry":{"type":"Polygon","coordinates":[[[-76.98727,38.86885],[-76.98749,38.86885],[-76.98751,38.86885],[-76.98753,38.86885],[-76.98753,38.86872],[-76.98752,38.86872],[-76.98746,38.86875],[-76.98727,38.86885]]]},"properties":{"zone":"R-3","label":"R-3","desc":"Allows for attached rowhouses on small lots and row dwellings mingled with detached, semi-detached, and groupings of three or more row dwellings"}},{"type":"Feature","geometry":{"type":"Polygon","coordinates":[[[-77.04036,38.94741],[-77.04051,38.94752],[-77.04061,38.9476],[-77.04081,38.94774],[-77.04088,38.94779],[-77.04096,38.94784],[-77.04115,38.94798],[-77.04139,38.94816],[-77.0414,38.94816],[-77.04148,38.94821],[-77.04155,38.94815],[-77.04159,38.94812],[-77.04163,38.94809],[-77.04166,38.94806],[-77.0417,38.94802],[-77.04174,38.94799],[-77.04178,38.94796],[-77.04182,38.94793],[-77.04185,38.9479],[-77.04189,38.94787],[-77.04193,38.94783],[-77.04197,38.94779],[-77.04202,38.94775],[-77.04207,38.94771],[-77.04211,38.94767],[-77.04216,38.94763],[-77.0422,38.94758],[-77.04224,38.94754],[-77.04229,38.9475],[-77.04233,38.94745],[-77.04237,38.94741],[-77.04239,38.94738],[-77.04242,38.94735],[-77.04244,38.94733],[-77.04246,38.9473],[-77.04249,38.94727],[-77.04251,38.94725],[-77.04253,38.94722],[-77.04256,38.94719],[-77.04258,38.94716],[-77.0426,38.94714],[-77.04289,38.9468],[-77.04295,38.94673],[-77.04301,38.94666],[-77.04314,38.9465],[-77.04341,38.9462],[-77.04367,38.94589],[-77.0437,38.94585],[-77.04373,38.94581],[-77.04377,38.94578],[-77.0438,38.94574],[-77.04384,38.9457],[-77.04387,38.94567],[-77.0439,38.94563],[-77.04394,38.9456],[-77.04397,38.94556],[-77.04401,38.94552],[-77.04424,38.9453],[-77.04442,38.94513],[-77.04445,38.9451],[-77.0446,38.94496],[-77.04463,38.94492],[-77.04467,38.94489],[-77.0447,38.94486],[-77.04473,38.94482],[-77.04477,38.94479],[-77.0448,38.94476],[-77.04483,38.94472],[-77.04487,38.94469],[-77.0449,38.94466],[-77.04493,38.94462],[-77.04498,38.94458],[-77.04502,38.94454],[-77.04506,38.9445],[-77.0451,38.94445],[-77.04515,38.94441],[-77.04519,38.94437],[-77.04523,38.94433],[-77.04527,38.94428],[-77.04532,38.94424],[-77.04536,38.9442],[-77.04547,38.94409],[-77.04563,38.94393],[-77.0457,38.94385],[-77.04567,38.94383],[-77.04559,38.94378],[-77.04565,38.94371],[-77.04565,38.9437],[-77.04594,38.94342],[-77.04632,38.94286],[-77.04661,38.94279],[-77.04661,38.94261],[-77.04661,38.94248],[-77.04657,38.94226],[-77.04658,38.94209],[-77.04659,38.94209],[-77.04695,38.94211],[-77.04696,38.94211],[-77.04696,38.9421],[-77.04713,38.94186],[-77.04733,38.94156],[-77.04737,38.94151],[-77.04744,38.94135],[-77.04755,38.94109],[-77.04761,38.94096],[-77.04762,38.94093],[-77.04766,38.94086],[-77.04764,38.94086],[-77.04753,38.94083],[-77.04761,38.94049],[-77.04773,38.93998],[-77.0477,38.93907],[-77.04739,38.93788],[-77.04705,38.93764],[-77.04662,38.93734],[-77.04551,38.93747],[-77.04466,38.93757],[-77.04465,38.93758],[-77.04439,38.93763],[-77.04395,38.93771],[-77.04372,38.93776],[-77.04372,38.93787],[-77.04371,38.93787],[-77.0437,38.93787],[-77.04368,38.93787],[-77.04366,38.93787],[-77.04365,38.93788],[-77.04364,38.93788],[-77.04362,38.93788],[-77.04361,38.93788],[-77.0436,38.93788],[-77.04358,38.93788],[-77.04356,38.93788],[-77.0435,38.93789],[-77.04349,38.93789],[-77.04347,38.93789],[-77.04342,38.9379],[-77.04338,38.9379],[-77.04312,38.93792],[-77.04276,38.93796],[-77.04244,38.93799],[-77.04218,38.93802],[-77.04214,38.93803],[-77.04213,38.93803],[-77.04211,38.93803],[-77.04208,38.93804],[-77.04205,38.93805],[-77.04204,38.93805],[-77.04202,38.93805],[-77.04199,38.93806],[-77.04198,38.93807],[-77.04197,38.93808],[-77.04194,38.93809],[-77.04193,38.9381],[-77.04191,38.9381],[-77.04189,38.93812],[-77.04188,38.93813],[-77.04187,38.93813],[-77.04184,38.93815],[-77.04183,38.93815],[-77.04182,38.93816],[-77.0418,38.93818],[-77.04179,38.93818],[-77.04179,38.93819],[-77.04177,38.93821],[-77.04176,38.93822],[-77.04175,38.93823],[-77.04174,38.93823],[-77.04173,38.93824],[-77.04172,38.93826],[-77.04171,38.93827],[-77.0417,38.93828],[-77.04169,38.9383],[-77.04168,38.9383],[-77.04168,38.93831],[-77.04167,38.93833],[-77.04166,38.93835],[-77.04165,38.93836],[-77.04164,38.93838],[-77.04163,38.93839],[-77.04163,38.9384],[-77.04162,38.93842],[-77.04162,38.93843],[-77.04162,38.93844],[-77.04161,38.93845],[-77.04161,38.93846],[-77.04161,38.93847],[-77.04161,38.93848],[-77.0416,38.9385],[-77.0416,38.93851],[-77.0416,38.93853],[-77.0416,38.93854],[-77.0416,38.93855],[-77.0416,38.93858],[-77.04159,38.9386],[-77.04159,38.93861],[-77.04159,38.93863],[-77.04159,38.93865],[-77.04159,38.93866],[-77.04159,38.93868],[-77.0416,38.9387],[-77.0416,38.93879],[-77.0416,38.93886],[-77.0416,38.93893],[-77.0416,38.93961],[-77.0416,38.93967],[-77.0416,38.93968],[-77.0416,38.93976],[-77.04149,38.93976],[-77.04136,38.93976],[-77.04128,38.93976],[-77.04118,38.93976],[-77.04109,38.93976],[-77.04107,38.93976],[-77.04106,38.93976],[-77.04096,38.93976],[-77.04096,38.93969],[-77.04096,38.93959],[-77.04096,38.93954],[-77.04095,38.9395],[-77.04095,38.93946],[-77.04094,38.93942],[-77.04093,38.93938],[-77.04092,38.93934],[-77.04091,38.9393],[-77.0409,38.93926],[-77.04088,38.93922],[-77.04086,38.93918],[-77.04084,38.93914],[-77.04082,38.93909],[-77.04079,38.93905],[-77.04077,38.93901],[-77.04074,38.93897],[-77.04071,38.93893],[-77.04068,38.93889],[-77.04065,38.93886],[-77.04062,38.93882],[-77.04058,38.93878],[-77.04054,38.93874],[-77.0405,38.93871],[-77.04046,38.93867],[-77.04042,38.93864],[-77.04037,38.93861],[-77.04032,38.93858],[-77.04027,38.93855],[-77.04022,38.93853],[-77.04016,38.93851],[-77.04011,38.93849],[-77.04005,38.93848],[-77.04,38.93847],[-77.03995,38.93847],[-77.03989,38.93847],[-77.03984,38.93847],[-77.03979,38.93848],[-77.03974,38.93849],[-77.03969,38.93851],[-77.03968,38.93851],[-77.03967,38.93851],[-77.03964,38.93852],[-77.03963,38.93852],[-77.03953,38.93846],[-77.0395,38.93845],[-77.03948,38.93845],[-77.03947,38.93846],[-77.03945,38.93846],[-77.03944,38.93846],[-77.03943,38.93847],[-77.03941,38.93847],[-77.0394,38.93848],[-77.03938,38.93848],[-77.03937,38.93849],[-77.03936,38.93849],[-77.03935,38.9385],[-77.03933,38.9385],[-77.03932,38.93851],[-77.03931,38.93851],[-77.0393,38.93852],[-77.03929,38.93852],[-77.03928,38.93853],[-77.03926,38.93854],[-77.03924,38.93854],[-77.03923,38.93855],[-77.03922,38.93855],[-77.03921,38.93856],[-77.0392,38.93857],[-77.03919,38.93857],[-77.03918,38.93858],[-77.03917,38.93859],[-77.03916,38.9386],[-77.03915,38.93861],[-77.03913,38.93861],[-77.03912,38.93862],[-77.03911,38.93863],[-77.0391,38.93864],[-77.03909,38.93865],[-77.03908,38.93866],[-77.03907,38.93867],[-77.03906,38.93868],[-77.03904,38.9387],[-77.03903,38.93871],[-77.03898,38.93876],[-77.03893,38.93881],[-77.03882,38.93893],[-77.03874,38.93901],[-77.03865,38.9391],[-77.0386,38.93916],[-77.03857,38.93919],[-77.03855,38.93921],[-77.03854,38.93922],[-77.03853,38.93923],[-77.03845,38.93932],[-77.03817,38.93961],[-77.03815,38.93963],[-77.03815,38.93964],[-77.03815,38.93976],[-77.03814,38.93976],[-77.03813,38.93976],[-77.03812,38.93976],[-77.03811,38.93976],[-77.0381,38.93976],[-77.03809,38.93976],[-77.03808,38.93976],[-77.03807,38.93976],[-77.03806,38.93976],[-77.03805,38.93975],[-77.03804,38.93975],[-77.03803,38.93975],[-77.03802,38.93975],[-77.03801,38.93975],[-77.038,38.93975],[-77.03799,38.93975],[-77.03798,38.93975],[-77.03797,38.93975],[-77.03796,38.93975],[-77.03795,38.93975],[-77.03793,38.93975],[-77.03792,38.93975],[-77.03763,38.93975],[-77.03722,38.93975],[-77.03721,38.93975],[-77.03721,38.93982],[-77.03721,38.94001],[-77.03721,38.94003],[-77.03721,38.94007],[-77.03722,38.94009],[-77.03722,38.9401],[-77.03722,38.94012],[-77.03722,38.94013],[-77.03722,38.94014],[-77.03722,38.94016],[-77.03722,38.94023],[-77.03723,38.94029],[-77.03729,38.94028],[-77.03736,38.94028],[-77.03756,38.94028],[-77.03771,38.94028],[-77.03796,38.94028],[-77.03797,38.94028],[-77.03798,38.94028],[-77.03815,38.94029],[-77.03832,38.94029],[-77.03836,38.94029],[-77.03859,38.94029],[-77.03876,38.94029],[-77.03884,38.94029],[-77.03905,38.94029],[-77.03922,38.94029],[-77.03931,38.94029],[-77.03946,38.94029],[-77.03957,38.94029],[-77.03988,38.94029],[-77.04,38.94029],[-77.0401,38.94029],[-77.04037,38.94029],[-77.04062,38.94029],[-77.04063,38.94029],[-77.04063,38.9403],[-77.04064,38.9403],[-77.04065,38.94031],[-77.04066,38.94032],[-77.04066,38.94033],[-77.04067,38.94033],[-77.04067,38.94051],[-77.04067,38.94054],[-77.04067,38.94063],[-77.04067,38.94069],[-77.04067,38.94075],[-77.04067,38.94082],[-77.04104,38.94082],[-77.04118,38.94082],[-77.04119,38.94082],[-77.04121,38.94082],[-77.04129,38.94083],[-77.04129,38.9409],[-77.04129,38.94102],[-77.04127,38.94144],[-77.04128,38.94181],[-77.04128,38.94189],[-77.04137,38.94189],[-77.04138,38.94189],[-77.04178,38.94189],[-77.04181,38.94189],[-77.04181,38.94199],[-77.04181,38.94212],[-77.04181,38.94242],[-77.04181,38.94273],[-77.04181,38.94286],[-77.04181,38.94295],[-77.04206,38.94295],[-77.04297,38.94295],[-77.04298,38.94296],[-77.04299,38.94296],[-77.04308,38.94298],[-77.043,38.94309],[-77.04295,38.94316],[-77.04291,38.94322],[-77.04286,38.94327],[-77.04282,38.94333],[-77.04277,38.94338],[-77.04273,38.94344],[-77.04268,38.94349],[-77.04264,38.94354],[-77.04263,38.94355],[-77.04262,38.94356],[-77.04259,38.9436],[-77.04254,38.94365],[-77.04249,38.9437],[-77.0422,38.94399],[-77.04209,38.94409],[-77.04196,38.94421],[-77.04179,38.94437],[-77.04145,38.94466],[-77.04139,38.9447],[-77.04138,38.94471],[-77.04137,38.94472],[-77.04127,38.94481],[-77.0412,38.94487],[-77.04117,38.9449],[-77.04104,38.94501],[-77.04095,38.94508],[-77.04087,38.94515],[-77.04082,38.94519],[-77.04054,38.94542],[-77.04032,38.94561],[-77.03986,38.94601],[-77.03933,38.94645],[-77.03922,38.94654],[-77.03895,38.94677],[-77.03895,38.94678],[-77.03894,38.94678],[-77.03893,38.94679],[-77.03883,38.94688],[-77.03886,38.94689],[-77.03889,38.94691],[-77.03895,38.94694],[-77.03939,38.94717],[-77.03942,38.94719],[-77.03945,38.94721],[-77.03957,38.94729],[-77.03972,38.9474],[-77.03984,38.94748],[-77.04,38.9476],[-77.04001,38.9476],[-77.04023,38.94741],[-77.04024,38.9474],[-77.04025,38.9474],[-77.04029,38.94736],[-77.04036,38.94741]]]},"properties":{"zone":"R-1A","label":"R-1A","desc":"Provides areas predominantly developed with detached houses on large lots."}},{"type":"Feature","geometry":{"type":"Polygon","coordinates":[[[-77.01034,38.82439],[-77.01085,38.8244],[-77.01085,38.82431],[-77.01086,38.82404],[-77.01087,38.82402],[-77.01059,38.82401],[-77.01039,38.82401],[-77.01022,38.82401],[-77.01018,38.82401],[-77.01011,38.82401],[-77.01009,38.82401],[-77.01009,38.82403],[-77.0101,38.82431],[-77.0101,38.82439],[-77.01022,38.82439],[-77.01034,38.82439]]]},"properties":{"zone":"R-3","label":"R-3","desc":"Allows for attached rowhouses on small lots and row dwellings mingled with detached, semi-detached, and groupings of three or more row dwellings"}},{"type":"Feature","geometry":{"type":"Polygon","coordinates":[[[-76.98044,38.86547],[-76.98052,38.86549],[-76.98117,38.86561],[-76.98166,38.8657],[-76.98183,38.86573],[-76.98195,38.86575],[-76.98205,38.86576],[-76.98205,38.86577],[-76.98207,38.86577],[-76.9821,38.86577],[-76.98215,38.86578],[-76.98232,38.86581],[-76.98234,38.86581],[-76.98236,38.86582],[-76.98239,38.86582],[-76.98271,38.86588],[-76.98299,38.86593],[-76.98322,38.86597],[-76.98332,38.86599],[-76.98342,38.86601],[-76.98351,38.86603],[-76.98359,38.86604],[-76.98367,38.86606],[-76.98375,38.86607],[-76.98383,38.86609],[-76.98392,38.8661],[-76.984,38.86612],[-76.98408,38.86613],[-76.98413,38.86614],[-76.98416,38.86615],[-76.98422,38.86616],[-76.98424,38.86616],[-76.98433,38.86618],[-76.98441,38.86619],[-76.98449,38.86621],[-76.98457,38.86622],[-76.98465,38.86624],[-76.98474,38.86625],[-76.98488,38.86628],[-76.98489,38.86628],[-76.985,38.8663],[-76.98501,38.8663],[-76.98513,38.86632],[-76.98515,38.86632],[-76.98522,38.86634],[-76.98525,38.86634],[-76.98535,38.86636],[-76.98546,38.86638],[-76.98552,38.86639],[-76.9856,38.8664],[-76.98568,38.86642],[-76.98576,38.86643],[-76.98584,38.86645],[-76.98593,38.86646],[-76.98601,38.86648],[-76.98617,38.86651],[-76.98634,38.86654],[-76.98642,38.86655],[-76.9865,38.86657],[-76.98658,38.86658],[-76.98666,38.8666],[-76.98669,38.8666],[-76.98673,38.86661],[-76.98675,38.86661],[-76.98683,38.86663],[-76.98708,38.86667],[-76.98718,38.86669],[-76.98728,38.86671],[-76.98734,38.86672],[-76.9874,38.86673],[-76.98744,38.86674],[-76.98746,38.86674],[-76.98753,38.86675],[-76.98761,38.86677],[-76.98764,38.86668],[-76.98758,38.86667],[-76.98766,38.86641],[-76.98768,38.86633],[-76.98769,38.8663],[-76.9877,38.86626],[-76.9878,38.86594],[-76.98781,38.86591],[-76.98778,38.8659],[-76.98788,38.86556],[-76.98791,38.86547],[-76.98798,38.86548],[-76.988,38.86541],[-76.98811,38.86506],[-76.98813,38.86499],[-76.98815,38.86493],[-76.98821,38.86472],[-76.98823,38.86463],[-76.98826,38.86455],[-76.98836,38.8642],[-76.98845,38.86401],[-76.98846,38.86399],[-76.98847,38.86385],[-76.98847,38.8638],[-76.98857,38.8638],[-76.98858,38.8638],[-76.98868,38.86381],[-76.98882,38.86382],[-76.98899,38.86382],[-76.9892,38.86384],[-76.98921,38.86384],[-76.98941,38.86385],[-76.98961,38.86386],[-76.98987,38.86387],[-76.98979,38.86378],[-76.98969,38.86366],[-76.98966,38.86363],[-76.98954,38.8635],[-76.9896,38.86347],[-76.98974,38.86339],[-76.98984,38.86334],[-76.98992,38.86329],[-76.98996,38.86334],[-76.99076,38.8629],[-76.9908,38.8629],[-76.99078,38.86289],[-76.9907,38.8628],[-76.99051,38.86261],[-76.99045,38.86256],[-76.99041,38.86251],[-76.9904,38.8625],[-76.99037,38.86248],[-76.99034,38.86244],[-76.9903,38.8624],[-76.99026,38.86236],[-76.99022,38.86232],[-76.99018,38.86229],[-76.99018,38.86228],[-76.99015,38.86225],[-76.99011,38.86221],[-76.99007,38.86217],[-76.99003,38.86214],[-76.98999,38.8621],[-76.98994,38.86205],[-76.98989,38.86201],[-76.98984,38.86196],[-76.98979,38.86192],[-76.98974,38.86187],[-76.98969,38.86183],[-76.98963,38.86178],[-76.98958,38.86174],[-76.98953,38.86169],[-76.98947,38.86165],[-76.98945,38.86163],[-76.98942,38.8616],[-76.9894,38.86158],[-76.9894,38.86157],[-76.98937,38.86155],[-76.98935,38.86153],[-76.98933,38.86151],[-76.9893,38.86148],[-76.98928,38.86146],[-76.98926,38.86143],[-76.98924,38.8614],[-76.98917,38.86133],[-76.98911,38.86126],[-76.98904,38.86119],[-76.98898,38.86112],[-76.98891,38.86105],[-76.98888,38.86102],[-76.98884,38.86098],[-76.98878,38.86091],[-76.98871,38.86084],[-76.98865,38.86077],[-76.98859,38.86071],[-76.98858,38.8607],[-76.98855,38.86067],[-76.98862,38.8606],[-76.98866,38.86056],[-76.98888,38.86035],[-76.98898,38.86026],[-76.98939,38.85986],[-76.9894,38.85985],[-76.98947,38.85978],[-76.9894,38.85974],[-76.98926,38.85965],[-76.98932,38.85959],[-76.98941,38.8595],[-76.98945,38.85946],[-76.9896,38.85933],[-76.98915,38.85904],[-76.98913,38.85903],[-76.98911,38.85902],[-76.98905,38.85898],[-76.98899,38.85895],[-76.98894,38.85891],[-76.98888,38.85887],[-76.98884,38.85884],[-76.98904,38.85863],[-76.98914,38.85851],[-76.98919,38.85845],[-76.98909,38.85845],[-76.98871,38.85844],[-76.98869,38.85844],[-76.98867,38.85844],[-76.98866,38.85844],[-76.98864,38.85844],[-76.98862,38.85843],[-76.9886,38.85843],[-76.98859,38.85843],[-76.98857,38.85842],[-76.98855,38.85842],[-76.98854,38.85841],[-76.98844,38.85836],[-76.98835,38.85832],[-76.98834,38.85832],[-76.98826,38.8584],[-76.98825,38.8584],[-76.98794,38.8587],[-76.98787,38.85877],[-76.98794,38.85881],[-76.98804,38.85888],[-76.98818,38.85896],[-76.98815,38.85899],[-76.98812,38.85901],[-76.98776,38.85936],[-76.98771,38.85941],[-76.98739,38.85972],[-76.98735,38.85976],[-76.98706,38.85958],[-76.98704,38.85957],[-76.98694,38.8595],[-76.98687,38.85946],[-76.98666,38.85932],[-76.98646,38.85918],[-76.98638,38.85912],[-76.9863,38.85907],[-76.98612,38.85894],[-76.98584,38.85874],[-76.98577,38.8587],[-76.9857,38.85865],[-76.98567,38.85863],[-76.98561,38.85858],[-76.98554,38.85853],[-76.98546,38.85847],[-76.98524,38.85833],[-76.98511,38.85823],[-76.9851,38.85823],[-76.985,38.85831],[-76.98488,38.85842],[-76.98479,38.8585],[-76.98478,38.85851],[-76.98479,38.85852],[-76.9848,38.85852],[-76.98507,38.85872],[-76.98514,38.85877],[-76.9852,38.85882],[-76.98527,38.85886],[-76.98544,38.85898],[-76.98562,38.8591],[-76.98562,38.85911],[-76.98573,38.85918],[-76.98598,38.85936],[-76.98605,38.85941],[-76.986,38.85945],[-76.98595,38.8595],[-76.98597,38.85951],[-76.98601,38.85954],[-76.98602,38.85954],[-76.98603,38.85955],[-76.98605,38.85956],[-76.98607,38.85958],[-76.98609,38.85959],[-76.9861,38.8596],[-76.98611,38.85961],[-76.98613,38.85962],[-76.98615,38.85964],[-76.98616,38.85965],[-76.98617,38.85965],[-76.98617,38.85966],[-76.98618,38.85967],[-76.9863,38.85981],[-76.98631,38.85982],[-76.98631,38.85983],[-76.98631,38.85984],[-76.98631,38.85986],[-76.9863,38.85986],[-76.9862,38.85996],[-76.98619,38.85997],[-76.98618,38.85999],[-76.98617,38.85999],[-76.98616,38.86],[-76.98615,38.86002],[-76.98614,38.86003],[-76.98613,38.86004],[-76.98613,38.86005],[-76.98612,38.86006],[-76.98611,38.86007],[-76.98611,38.86008],[-76.9861,38.86009],[-76.98609,38.8601],[-76.98609,38.86011],[-76.98608,38.86012],[-76.98608,38.86013],[-76.98607,38.86014],[-76.98606,38.86015],[-76.98604,38.86016],[-76.98604,38.86017],[-76.98581,38.86036],[-76.98581,38.86037],[-76.9858,38.86038],[-76.9858,38.86039],[-76.9858,38.8604],[-76.9858,38.86045],[-76.98579,38.86053],[-76.98608,38.86053],[-76.98625,38.86053],[-76.98632,38.86053],[-76.9868,38.86053],[-76.98691,38.86053],[-76.98702,38.86053],[-76.98717,38.86053],[-76.98748,38.86053],[-76.98758,38.86053],[-76.9876,38.86053],[-76.98762,38.86053],[-76.98764,38.86052],[-76.98766,38.86052],[-76.98768,38.86051],[-76.9878,38.86059],[-76.98787,38.86064],[-76.98826,38.86091],[-76.98824,38.86092],[-76.98801,38.86113],[-76.988,38.86114],[-76.98798,38.86115],[-76.98778,38.86133],[-76.98777,38.86133],[-76.98734,38.86103],[-76.98732,38.86102],[-76.98728,38.86099],[-76.98722,38.86104],[-76.98707,38.86117],[-76.98705,38.86118],[-76.98705,38.86119],[-76.98699,38.86124],[-76.98674,38.86146],[-76.98652,38.86165],[-76.98632,38.86183],[-76.98608,38.86204],[-76.98588,38.86222],[-76.98586,38.86223],[-76.98585,38.86224],[-76.98583,38.86224],[-76.98575,38.86225],[-76.98576,38.86227],[-76.98576,38.86229],[-76.98577,38.8623],[-76.98577,38.86232],[-76.98578,38.86233],[-76.98581,38.86237],[-76.98583,38.86238],[-76.98584,38.8624],[-76.9859,38.86243],[-76.98591,38.86244],[-76.98622,38.86266],[-76.98623,38.86266],[-76.98624,38.86267],[-76.98625,38.86267],[-76.98626,38.86268],[-76.98627,38.86268],[-76.98628,38.86269],[-76.9863,38.86269],[-76.98631,38.86269],[-76.98632,38.8627],[-76.98633,38.8627],[-76.98633,38.86271],[-76.98632,38.86272],[-76.9863,38.86278],[-76.98629,38.86281],[-76.98624,38.863],[-76.98613,38.86338],[-76.98604,38.86369],[-76.98593,38.86406],[-76.98591,38.86412],[-76.98591,38.86413],[-76.98589,38.8642],[-76.98579,38.86418],[-76.98575,38.86418],[-76.98547,38.86413],[-76.98536,38.86411],[-76.98501,38.86404],[-76.98458,38.86397],[-76.98434,38.86393],[-76.98408,38.86388],[-76.98404,38.86387],[-76.98396,38.86386],[-76.98387,38.86384],[-76.98385,38.86384],[-76.98363,38.8638],[-76.98328,38.86373],[-76.98279,38.86364],[-76.98278,38.86364],[-76.98268,38.86362],[-76.98269,38.86361],[-76.98269,38.8636],[-76.98269,38.86359],[-76.98269,38.86358],[-76.98269,38.86357],[-76.9827,38.86356],[-76.9827,38.86355],[-76.9827,38.86354],[-76.9827,38.86353],[-76.9827,38.86352],[-76.9827,38.86346],[-76.98269,38.8634],[-76.98269,38.86333],[-76.98269,38.8633],[-76.98269,38.86327],[-76.98269,38.8632],[-76.98269,38.86317],[-76.98268,38.86316],[-76.98268,38.86314],[-76.98268,38.86308],[-76.98268,38.86301],[-76.98267,38.86295],[-76.98267,38.86288],[-76.98269,38.86278],[-76.98256,38.86276],[-76.98234,38.86272],[-76.98205,38.86267],[-76.982,38.86266],[-76.98189,38.86264],[-76.9818,38.86262],[-76.98171,38.86261],[-76.9817,38.86261],[-76.98169,38.8626],[-76.98167,38.86267],[-76.98159,38.86294],[-76.98157,38.863],[-76.98166,38.86301],[-76.98156,38.86333],[-76.98153,38.86341],[-76.98129,38.86337],[-76.98126,38.86345],[-76.98119,38.8637],[-76.98125,38.86371],[-76.9813,38.86372],[-76.98136,38.86373],[-76.98142,38.86374],[-76.98148,38.86375],[-76.98154,38.86376],[-76.9816,38.86378],[-76.98157,38.86387],[-76.98165,38.86388],[-76.98173,38.8639],[-76.98171,38.86397],[-76.98155,38.86394],[-76.98146,38.86422],[-76.98144,38.86429],[-76.98078,38.86417],[-76.98045,38.86411],[-76.98045,38.86412],[-76.98042,38.8642],[-76.98032,38.86455],[-76.98026,38.86453],[-76.9802,38.86452],[-76.98014,38.86451],[-76.98008,38.8645],[-76.98002,38.86449],[-76.97994,38.86448],[-76.97992,38.86454],[-76.97983,38.86483],[-76.97983,38.86484],[-76.97981,38.8649],[-76.97972,38.86488],[-76.97957,38.86485],[-76.97946,38.86483],[-76.97945,38.86482],[-76.97943,38.86482],[-76.97909,38.86473],[-76.97907,38.86472],[-76.979,38.86471],[-76.97895,38.86469],[-76.97892,38.86477],[-76.97882,38.86504],[-76.97913,38.86511],[-76.97915,38.86505],[-76.97923,38.86507],[-76.9793,38.86508],[-76.97934,38.86509],[-76.97931,38.86519],[-76.9793,38.86522],[-76.97924,38.8654],[-76.97924,38.86541],[-76.97924,38.86542],[-76.97925,38.86543],[-76.97926,38.86543],[-76.97926,38.86544],[-76.97954,38.86549],[-76.97963,38.8655],[-76.97967,38.86535],[-76.97968,38.86533],[-76.97976,38.86535],[-76.97984,38.86536],[-76.97991,38.86538],[-76.97999,38.86539],[-76.98006,38.86541],[-76.98014,38.86542],[-76.98019,38.86543],[-76.98021,38.86543],[-76.98028,38.86544],[-76.98036,38.86546],[-76.98044,38.86547]]]},"properties":{"zone":"R-3","label":"R-3","desc":"Allows for attached rowhouses on small lots and row dwellings mingled with detached, semi-detached, and groupings of three or more row dwellings"}},{"type":"Feature","geometry":{"type":"Polygon","coordinates":[[[-76.97627,38.8493],[-76.97623,38.84933],[-76.97626,38.84931],[-76.97618,38.84937],[-76.9761,38.84943],[-76.976,38.8495],[-76.97593,38.84954],[-76.97583,38.8496],[-76.97583,38.84961],[-76.97577,38.84964],[-76.97571,38.84968],[-76.97568,38.84969],[-76.97566,38.8497],[-76.97559,38.84962],[-76.97549,38.84951],[-76.97541,38.84942],[-76.97535,38.84945],[-76.97521,38.84952],[-76.97508,38.84958],[-76.97493,38.84964],[-76.97479,38.84969],[-76.97474,38.84971],[-76.97462,38.84951],[-76.9745,38.84932],[-76.97447,38.84925],[-76.97447,38.84924],[-76.97434,38.84929],[-76.9743,38.8493],[-76.97421,38.84933],[-76.9742,38.84934],[-76.9742,38.84952],[-76.9742,38.85018],[-76.97421,38.85018],[-76.97422,38.85018],[-76.97424,38.85018],[-76.97425,38.85018],[-76.97426,38.85018],[-76.97427,38.85018],[-76.97428,38.85018],[-76.97429,38.85018],[-76.9743,38.85017],[-76.97431,38.85017],[-76.97432,38.85017],[-76.97435,38.85016],[-76.97439,38.85015],[-76.97443,38.85014],[-76.97447,38.85013],[-76.97451,38.85012],[-76.97453,38.85011],[-76.97455,38.85011],[-76.97461,38.85009],[-76.97488,38.85002],[-76.97493,38.85009],[-76.97517,38.85057],[-76.97524,38.8507],[-76.97528,38.85069],[-76.97529,38.85069],[-76.97536,38.85067],[-76.97542,38.85065],[-76.97551,38.85062],[-76.97559,38.85059],[-76.97567,38.85056],[-76.97589,38.85046],[-76.9759,38.85046],[-76.97601,38.85041],[-76.97609,38.85037],[-76.9761,38.85036],[-76.97616,38.85034],[-76.97624,38.85029],[-76.97638,38.85021],[-76.97658,38.85009],[-76.97671,38.85],[-76.97678,38.84995],[-76.97684,38.84991],[-76.97689,38.84987],[-76.9769,38.84986],[-76.97692,38.84985],[-76.97696,38.84981],[-76.97699,38.84979],[-76.97702,38.84977],[-76.97706,38.84973],[-76.97707,38.84972],[-76.97709,38.84971],[-76.9771,38.84969],[-76.97711,38.84969],[-76.97712,38.84968],[-76.97714,38.84966],[-76.97718,38.84962],[-76.97719,38.84962],[-76.97719,38.84961],[-76.9772,38.84961],[-76.97724,38.84957],[-76.97725,38.84956],[-76.97735,38.84946],[-76.97736,38.84945],[-76.9774,38.8494],[-76.97743,38.84938],[-76.97743,38.84937],[-76.97744,38.84936],[-76.97747,38.84933],[-76.97748,38.84932],[-76.97749,38.84931],[-76.97751,38.84929],[-76.97752,38.84927],[-76.97755,38.84924],[-76.97755,38.84923],[-76.97756,38.84923],[-76.97759,38.84919],[-76.97762,38.84915],[-76.97765,38.8491],[-76.97767,38.84908],[-76.97771,38.84902],[-76.97781,38.84886],[-76.97814,38.8484],[-76.97789,38.84828],[-76.97762,38.84815],[-76.97766,38.8481],[-76.97777,38.84796],[-76.97772,38.84784],[-76.97768,38.84783],[-76.97755,38.84776],[-76.97738,38.84797],[-76.97732,38.84805],[-76.97732,38.84806],[-76.97725,38.84814],[-76.97719,38.84822],[-76.97717,38.84821],[-76.97711,38.84818],[-76.97701,38.84814],[-76.97683,38.84806],[-76.97679,38.84812],[-76.97675,38.84818],[-76.97671,38.84824],[-76.97664,38.84835],[-76.9766,38.84841],[-76.97653,38.84851],[-76.97645,38.84861],[-76.97641,38.84866],[-76.97637,38.84871],[-76.97633,38.84875],[-76.97628,38.8488],[-76.97623,38.84885],[-76.97618,38.84889],[-76.97614,38.84894],[-76.97609,38.84898],[-76.97603,38.84902],[-76.97599,38.84906],[-76.9761,38.84914],[-76.97622,38.84923],[-76.97629,38.84928],[-76.97629,38.84929],[-76.97626,38.84931],[-76.97627,38.8493]]]},"properties":{"zone":"R-3","label":"R-3","desc":"Allows for attached rowhouses on small lots and row dwellings mingled with detached, semi-detached, and groupings of three or more row dwellings"}},{"type":"Feature","geometry":{"type":"Polygon","coordinates":[[[-77.07278,38.96011],[-77.07286,38.96025],[-77.07287,38.96025],[-77.07291,38.96032],[-77.07295,38.9604],[-77.07318,38.96079],[-77.07318,38.9608],[-77.07326,38.96094],[-77.07331,38.96103],[-77.0735,38.96103],[-77.07381,38.96103],[-77.07381,38.96099],[-77.07381,38.9607],[-77.07384,38.96064],[-77.07367,38.96033],[-77.07362,38.96032],[-77.07362,38.96025],[-77.07362,38.96021],[-77.07362,38.96003],[-77.07362,38.96002],[-77.07362,38.96001],[-77.07349,38.96001],[-77.07348,38.96],[-77.07346,38.95997],[-77.07341,38.95989],[-77.0734,38.95988],[-77.0734,38.95987],[-77.07337,38.95983],[-77.07335,38.95979],[-77.07335,38.95978],[-77.07334,38.95977],[-77.07334,38.95976],[-77.07333,38.95975],[-77.07333,38.95974],[-77.07332,38.95973],[-77.07332,38.95972],[-77.07331,38.95971],[-77.0733,38.95969],[-77.07313,38.95969],[-77.07313,38.95961],[-77.07313,38.95957],[-77.07313,38.95938],[-77.07313,38.95936],[-77.07312,38.95936],[-77.07311,38.95935],[-77.0731,38.95935],[-77.0731,38.95934],[-77.07309,38.95933],[-77.07308,38.95932],[-77.07308,38.95931],[-77.07307,38.9593],[-77.07302,38.95921],[-77.07297,38.95912],[-77.07296,38.95911],[-77.07296,38.9591],[-77.07295,38.95909],[-77.07295,38.95908],[-77.07294,38.95907],[-77.07294,38.95906],[-77.07294,38.95905],[-77.07293,38.95904],[-77.07293,38.95903],[-77.07285,38.95903],[-77.07271,38.95903],[-77.07271,38.95896],[-77.07271,38.95891],[-77.07271,38.95887],[-77.07271,38.95884],[-77.07271,38.95872],[-77.07271,38.95869],[-77.0727,38.95868],[-77.07269,38.95868],[-77.07269,38.95867],[-77.07269,38.95866],[-77.07268,38.95865],[-77.07268,38.95864],[-77.07265,38.95861],[-77.07262,38.95855],[-77.07259,38.95848],[-77.07253,38.95837],[-77.07237,38.95837],[-77.07233,38.95837],[-77.07233,38.95834],[-77.07233,38.95829],[-77.07233,38.95825],[-77.07233,38.95814],[-77.07233,38.95812],[-77.07233,38.95807],[-77.07233,38.95804],[-77.07233,38.95803],[-77.07234,38.95801],[-77.07229,38.95792],[-77.07223,38.95782],[-77.07221,38.95778],[-77.07216,38.95769],[-77.07214,38.95769],[-77.07212,38.95769],[-77.07209,38.95769],[-77.07208,38.95769],[-77.07207,38.95769],[-77.07205,38.95769],[-77.07202,38.95769],[-77.07202,38.95762],[-77.07202,38.95758],[-77.07202,38.95741],[-77.07202,38.95738],[-77.07202,38.95736],[-77.07201,38.95736],[-77.07194,38.95736],[-77.07193,38.95736],[-77.0718,38.95711],[-77.07175,38.95702],[-77.07168,38.95702],[-77.07161,38.95702],[-77.0716,38.95702],[-77.07159,38.95703],[-77.07158,38.95703],[-77.07157,38.95703],[-77.07156,38.95703],[-77.07154,38.95703],[-77.07153,38.95703],[-77.07152,38.95703],[-77.07151,38.95703],[-77.07149,38.95703],[-77.07146,38.95703],[-77.07143,38.95703],[-77.07142,38.95703],[-77.07141,38.95703],[-77.0714,38.95703],[-77.07128,38.95703],[-77.07111,38.95723],[-77.07116,38.95731],[-77.07129,38.95754],[-77.07137,38.95769],[-77.07141,38.95775],[-77.07146,38.95784],[-77.07161,38.95809],[-77.07161,38.9581],[-77.07175,38.95833],[-77.07175,38.95834],[-77.07177,38.95837],[-77.07209,38.95891],[-77.07211,38.95896],[-77.07216,38.95903],[-77.0722,38.95911],[-77.07224,38.95918],[-77.07238,38.95942],[-77.0725,38.95962],[-77.07254,38.95969],[-77.07259,38.95978],[-77.07259,38.95979],[-77.07278,38.96011]]]},"properties":{"zone":"R-3","label":"R-3","desc":"Allows for attached rowhouses on small lots and row dwellings mingled with detached, semi-detached, and groupings of three or more row dwellings"}},{"type":"Feature","geometry":{"type":"Polygon","coordinates":[[[-77.05952,38.91834],[-77.05973,38.91835],[-77.06007,38.91836],[-77.06042,38.91837],[-77.06068,38.91837],[-77.06095,38.91838],[-77.0612,38.91839],[-77.06125,38.91839],[-77.06125,38.9185],[-77.06125,38.91884],[-77.06129,38.91887],[-77.06136,38.91892],[-77.06142,38.91896],[-77.06142,38.91892],[-77.0616,38.91892],[-77.06191,38.91893],[-77.06226,38.91894],[-77.06261,38.91895],[-77.06265,38.91895],[-77.06296,38.91896],[-77.06331,38.91897],[-77.06349,38.91898],[-77.06366,38.91898],[-77.06368,38.91859],[-77.06368,38.91857],[-77.06368,38.91845],[-77.06374,38.91845],[-77.06374,38.91843],[-77.06374,38.91835],[-77.06368,38.91721],[-77.06341,38.91708],[-77.06276,38.91693],[-77.06275,38.91693],[-77.06256,38.91743],[-77.06198,38.91736],[-77.06164,38.91712],[-77.0616,38.91705],[-77.06138,38.9167],[-77.06135,38.91666],[-77.06088,38.91642],[-77.06061,38.91669],[-77.06048,38.91669],[-77.06036,38.91669],[-77.06028,38.91669],[-77.06017,38.91669],[-77.06007,38.91669],[-77.05997,38.91668],[-77.05989,38.91668],[-77.05985,38.91668],[-77.0597,38.91668],[-77.0597,38.9167],[-77.05969,38.91706],[-77.05968,38.91732],[-77.05967,38.91732],[-77.05966,38.91733],[-77.05965,38.91734],[-77.05964,38.91734],[-77.05964,38.91735],[-77.05963,38.91735],[-77.05963,38.91736],[-77.05962,38.91736],[-77.05961,38.91737],[-77.0596,38.91738],[-77.05959,38.91738],[-77.05959,38.91739],[-77.05958,38.91739],[-77.05958,38.9174],[-77.05957,38.9174],[-77.05957,38.91741],[-77.05956,38.91741],[-77.05955,38.91742],[-77.05954,38.91743],[-77.05953,38.91744],[-77.05952,38.91745],[-77.05952,38.91746],[-77.05951,38.91746],[-77.0595,38.91747],[-77.05949,38.91748],[-77.05948,38.91749],[-77.05948,38.9175],[-77.05947,38.9175],[-77.05947,38.91751],[-77.05946,38.91751],[-77.05946,38.91752],[-77.05945,38.91753],[-77.05944,38.91754],[-77.05944,38.91755],[-77.05943,38.91755],[-77.05943,38.91756],[-77.05942,38.91756],[-77.05941,38.91758],[-77.0594,38.91759],[-77.0594,38.9176],[-77.05939,38.9176],[-77.05939,38.91761],[-77.05938,38.91761],[-77.05938,38.91762],[-77.05937,38.91763],[-77.05937,38.91764],[-77.05936,38.91766],[-77.05935,38.91766],[-77.05935,38.91767],[-77.05934,38.91769],[-77.05933,38.9177],[-77.05933,38.91771],[-77.05932,38.91772],[-77.05932,38.91773],[-77.05931,38.91773],[-77.05931,38.91774],[-77.05931,38.91775],[-77.0593,38.91776],[-77.0593,38.91777],[-77.05929,38.91777],[-77.05929,38.91778],[-77.05929,38.91779],[-77.05928,38.91779],[-77.05928,38.9178],[-77.05928,38.91781],[-77.05927,38.91782],[-77.05927,38.91783],[-77.05927,38.91784],[-77.05926,38.91785],[-77.05926,38.91786],[-77.05926,38.91787],[-77.05925,38.91787],[-77.05925,38.91788],[-77.05925,38.91789],[-77.05925,38.9179],[-77.05924,38.9179],[-77.05924,38.91791],[-77.05924,38.91792],[-77.05924,38.91793],[-77.05923,38.91793],[-77.05923,38.91794],[-77.05923,38.91795],[-77.05923,38.91796],[-77.05923,38.91797],[-77.05922,38.91797],[-77.05922,38.91798],[-77.05922,38.91799],[-77.05922,38.918],[-77.05922,38.91801],[-77.05922,38.91802],[-77.05921,38.91803],[-77.05921,38.91804],[-77.05921,38.91805],[-77.05921,38.91806],[-77.05921,38.91807],[-77.05921,38.91808],[-77.05921,38.91809],[-77.05921,38.9181],[-77.05921,38.91811],[-77.05925,38.91814],[-77.05935,38.91822],[-77.05952,38.91834]]]},"properties":{"zone":"R-1A","label":"R-1A","desc":"Provides areas predominantly developed with detached houses on large lots."}}]}