{"type":"FeatureCollection","features":[{"type":"Feature","geometry":{"type":"Polygon","coordinates":[[[-77.0194,38.90253],[-77.0194,38.90205],[-77.01938,38.90205],[-77.01907,38.90205],[-77.01893,38.90205],[-77.01893,38.90113],[-77.01811,38.90085],[-77.018,38.90103],[-77.01795,38.90111],[-77.01796,38.90119],[-77.01796,38.90133],[-77.01763,38.90133],[-77.01763,38.90145],[-77.01763,38.90184],[-77.01763,38.90192],[-77.01763,38.90232],[-77.01763,38.90253],[-77.0194,38.90253]]]},"properties":{"name":"Mount Vernon Triangle Historic District","label":"Mount Vernon Triangle HD","designation":"DC/NR","date":null,"nr":"Y"}},{"type":"Feature","geometry":{"type":"Polygon","coordinates":[[[-77.04611,38.91688],[-77.04384,38.91688],[-77.04344,38.9159],[-77.04173,38.91675],[-77.04151,38.91686],[-77.0413,38.91697],[-77.0411,38.91709],[-77.0411,38.91783],[-77.04063,38.91783],[-77.04102,38.91899],[-77.04129,38.91891],[-77.04149,38.91947],[-77.04111,38.91955],[-77.04211,38.92255],[-77.04196,38.92255],[-77.04196,38.92306],[-77.04212,38.92306],[-77.04282,38.92258],[-77.04307,38.92243],[-77.04317,38.92231],[-77.04327,38.92214],[-77.0434,38.92183],[-77.04369,38.92115],[-77.04385,38.92078],[-77.04399,38.92048],[-77.04407,38.92031],[-77.04412,38.92021],[-77.04421,38.92003],[-77.0443,38.91984],[-77.04441,38.91965],[-77.04494,38.91881],[-77.04567,38.91767],[-77.04593,38.91724],[-77.04607,38.91703],[-77.04611,38.91688]]]},"properties":{"name":"Washington Heights Historic District","label":"Washington Heights HD","designation":"DC/NR","date":null,"nr":"Y"}},{"type":"Feature","geometry":{"type":"Polygon","coordinates":[[[-77.01428,38.87192],[-77.0172,38.87193],[-77.01904,38.87193],[-77.01905,38.87194],[-77.01906,38.87194],[-77.01908,38.87194],[-77.01909,38.87194],[-77.0191,38.87194],[-77.01912,38.87193],[-77.01913,38.87192],[-77.01914,38.87192],[-77.01915,38.87191],[-77.01915,38.8719],[-77.01928,38.87189],[-77.01912,38.87179],[-77.01867,38.87016],[-77.01867,38.86945],[-77.01867,38.86614],[-77.01867,38.86323],[-77.01866,38.86168],[-77.01866,38.86166],[-77.01863,38.86159],[-77.0186,38.86152],[-77.01856,38.86146],[-77.01851,38.8614],[-77.01845,38.86134],[-77.01839,38.86129],[-77.01836,38.86128],[-77.01829,38.86124],[-77.0182,38.86121],[-77.01812,38.86118],[-77.01803,38.86116],[-77.01794,38.86115],[-77.01785,38.86114],[-77.01775,38.86115],[-77.01766,38.86116],[-77.01757,38.86117],[-77.01748,38.86119],[-77.01745,38.8612],[-77.01678,38.86142],[-77.01589,38.86186],[-77.01587,38.86187],[-77.01582,38.8619],[-77.01578,38.86193],[-77.01574,38.86197],[-77.01572,38.86199],[-77.01571,38.86201],[-77.01567,38.86203],[-77.01563,38.86204],[-77.0156,38.86205],[-77.01535,38.8621],[-77.01535,38.86317],[-77.01534,38.86429],[-77.01534,38.86639],[-77.01534,38.86948],[-77.01428,38.87192]]]},"properties":{"name":"Fort McNair (The Old Arsenal)","label":"Fort McNair","designation":"DC","date":null,"nr":"N"}},{"type":"Feature","geometry":{"type":"Polygon","coordinates":[[[-77.06341,38.91708],[-77.06368,38.91721],[-77.06374,38.91835],[-77.06637,38.91842],[-77.06665,38.91832],[-77.06742,38.91764],[-77.06744,38.91762],[-77.06746,38.91761],[-77.06748,38.91759],[-77.0675,38.91757],[-77.06752,38.91756],[-77.06755,38.91754],[-77.06757,38.91753],[-77.06759,38.91752],[-77.06762,38.9175],[-77.06764,38.91749],[-77.06793,38.91736],[-77.06815,38.91725],[-77.06861,38.91704],[-77.06875,38.91697],[-77.06853,38.9167],[-77.06865,38.91665],[-77.06871,38.91663],[-77.069,38.91662],[-77.06931,38.91661],[-77.06935,38.91661],[-77.06941,38.91661],[-77.06941,38.9166],[-77.06941,38.91653],[-77.0694,38.91635],[-77.06939,38.91613],[-77.06938,38.91588],[-77.06937,38.91559],[-77.06937,38.91548],[-77.06936,38.9154],[-77.06936,38.91525],[-77.06935,38.91516],[-77.06934,38.9149],[-77.06933,38.91466],[-77.06933,38.91458],[-77.06932,38.91449],[-77.06932,38.91433],[-77.06931,38.91416],[-77.0693,38.91397],[-77.06929,38.91378],[-77.06929,38.91367],[-77.06928,38.91358],[-77.06927,38.91338],[-77.06926,38.91306],[-77.06925,38.91277],[-77.06925,38.91268],[-77.06938,38.91267],[-77.06942,38.91267],[-77.07006,38.91265],[-77.07081,38.91263],[-77.07097,38.91262],[-77.07107,38.91262],[-77.07117,38.91262],[-77.07119,38.91262],[-77.07182,38.91261],[-77.07257,38.9126],[-77.07268,38.9126],[-77.0727,38.9126],[-77.0728,38.9126],[-77.07303,38.9126],[-77.07331,38.91259],[-77.07357,38.91259],[-77.07361,38.91259],[-77.07365,38.91259],[-77.07369,38.91259],[-77.07374,38.91259],[-77.07378,38.91259],[-77.07382,38.91259],[-77.07386,38.91259],[-77.0739,38.91259],[-77.07394,38.91259],[-77.07398,38.91259],[-77.07403,38.91259],[-77.07408,38.91259],[-77.07413,38.91259],[-77.07418,38.91259],[-77.07423,38.91259],[-77.07428,38.9126],[-77.07433,38.9126],[-77.07448,38.9126],[-77.07482,38.91261],[-77.0752,38.91262],[-77.07544,38.91263],[-77.07554,38.91263],[-77.0761,38.91264],[-77.07647,38.91265],[-77.07747,38.91268],[-77.07856,38.9127],[-77.07912,38.91269],[-77.07926,38.91264],[-77.07928,38.91261],[-77.07928,38.91257],[-77.07953,38.91192],[-77.07959,38.91192],[-77.07908,38.91168],[-77.07796,38.90965],[-77.07798,38.90655],[-77.07813,38.90664],[-77.07822,38.90668],[-77.0783,38.90671],[-77.07839,38.90674],[-77.07848,38.90676],[-77.07857,38.90678],[-77.07866,38.90679],[-77.07875,38.90679],[-77.07884,38.90679],[-77.07894,38.90678],[-77.07912,38.90676],[-77.07912,38.90678],[-77.07934,38.90675],[-77.07933,38.90665],[-77.07914,38.90667],[-77.07917,38.90655],[-77.07914,38.90652],[-77.07857,38.90636],[-77.07811,38.90623],[-77.07778,38.90614],[-77.07719,38.90598],[-77.07718,38.90587],[-77.07721,38.90482],[-77.07702,38.90482],[-77.077,38.90481],[-77.07698,38.90481],[-77.07696,38.90481],[-77.07695,38.90482],[-77.07693,38.90482],[-77.07692,38.90483],[-77.0769,38.90483],[-77.07688,38.90483],[-77.07685,38.90482],[-77.07682,38.90482],[-77.07679,38.90482],[-77.07676,38.90481],[-77.07673,38.90481],[-77.07671,38.9048],[-77.07668,38.9048],[-77.07665,38.9048],[-77.07663,38.9048],[-77.0766,38.9048],[-77.07657,38.90481],[-77.07655,38.90481],[-77.07652,38.90481],[-77.07649,38.90481],[-77.07646,38.90481],[-77.07643,38.90481],[-77.0764,38.90481],[-77.07639,38.90481],[-77.07636,38.90481],[-77.07634,38.90481],[-77.07631,38.90481],[-77.07628,38.90481],[-77.07625,38.90481],[-77.07623,38.90482],[-77.0762,38.90482],[-77.07617,38.90482],[-77.07614,38.90482],[-77.07608,38.90482],[-77.07602,38.90483],[-77.076,38.90483],[-77.07597,38.90483],[-77.07595,38.90483],[-77.07594,38.90484],[-77.07593,38.90484],[-77.07592,38.90486],[-77.07592,38.90487],[-77.07592,38.90488],[-77.07591,38.9049],[-77.0759,38.90491],[-77.07589,38.90492],[-77.07588,38.90493],[-77.07586,38.90493],[-77.07584,38.90493],[-77.07583,38.90493],[-77.07582,38.90493],[-77.07581,38.90492],[-77.0758,38.90491],[-77.07579,38.90489],[-77.07578,38.90488],[-77.07577,38.90486],[-77.07576,38.90485],[-77.07576,38.90483],[-77.07575,38.90481],[-77.07574,38.9048],[-77.07572,38.90478],[-77.0757,38.90478],[-77.07567,38.90477],[-77.07564,38.90476],[-77.07562,38.90475],[-77.07558,38.90475],[-77.07555,38.90475],[-77.07552,38.90475],[-77.0755,38.90475],[-77.07548,38.90475],[-77.07539,38.90474],[-77.07536,38.90474],[-77.07533,38.90473],[-77.0753,38.90473],[-77.07527,38.90473],[-77.07523,38.90473],[-77.0752,38.90473],[-77.07513,38.90472],[-77.07509,38.90472],[-77.07506,38.90471],[-77.07503,38.90471],[-77.075,38.90471],[-77.07497,38.90471],[-77.07494,38.90471],[-77.07491,38.90471],[-77.07449,38.90467],[-77.07447,38.90467],[-77.07445,38.90467],[-77.07443,38.90467],[-77.07441,38.90466],[-77.07439,38.90466],[-77.07436,38.90466],[-77.07433,38.90466],[-77.07431,38.90466],[-77.07428,38.90465],[-77.07425,38.90465],[-77.07423,38.90465],[-77.0742,38.90464],[-77.07418,38.90464],[-77.07415,38.90464],[-77.07412,38.90463],[-77.07409,38.90463],[-77.07406,38.90463],[-77.07403,38.90463],[-77.074,38.90462],[-77.07398,38.90462],[-77.07395,38.90462],[-77.07393,38.90462],[-77.07391,38.90462],[-77.0739,38.90462],[-77.07388,38.90462],[-77.07386,38.90461],[-77.07383,38.90461],[-77.07381,38.90461],[-77.07378,38.9046],[-77.07373,38.90459],[-77.0737,38.90459],[-77.07368,38.90458],[-77.07362,38.90458],[-77.0736,38.90457],[-77.07357,38.90457],[-77.07355,38.90457],[-77.07353,38.90456],[-77.07346,38.90456],[-77.07343,38.90456],[-77.07341,38.90456],[-77.07338,38.90456],[-77.07335,38.90456],[-77.07333,38.90456],[-77.0733,38.90456],[-77.07325,38.90456],[-77.07319,38.90455],[-77.07316,38.90455],[-77.07314,38.90455],[-77.07311,38.90455],[-77.07309,38.90455],[-77.07306,38.90455],[-77.07304,38.90454],[-77.07301,38.90454],[-77.07299,38.90453],[-77.07296,38.90453],[-77.07294,38.90452],[-77.07292,38.90452],[-77.0729,38.90451],[-77.07287,38.90451],[-77.07285,38.9045],[-77.07283,38.9045],[-77.0728,38.90449],[-77.07278,38.90449],[-77.07275,38.90448],[-77.07273,38.90448],[-77.0727,38.90448],[-77.07268,38.90447],[-77.07265,38.90447],[-77.07263,38.90447],[-77.0726,38.90446],[-77.07257,38.90446],[-77.07255,38.90446],[-77.07253,38.90445],[-77.07251,38.90445],[-77.07248,38.90444],[-77.07246,38.90443],[-77.07245,38.90443],[-77.07243,38.90443],[-77.07242,38.90443],[-77.07241,38.90443],[-77.0724,38.90443],[-77.07239,38.90443],[-77.07238,38.90442],[-77.07237,38.90442],[-77.07236,38.90442],[-77.07236,38.90441],[-77.07237,38.90441],[-77.07237,38.9044],[-77.07236,38.9044],[-77.07235,38.9044],[-77.07234,38.90439],[-77.07233,38.90439],[-77.07232,38.90439],[-77.07231,38.90439],[-77.0723,38.90439],[-77.07229,38.90439],[-77.07227,38.90439],[-77.07225,38.90439],[-77.07223,38.90438],[-77.07221,38.90438],[-77.07219,38.90437],[-77.07217,38.90437],[-77.07216,38.90437],[-77.07215,38.90437],[-77.07213,38.90438],[-77.07211,38.90438],[-77.0721,38.90439],[-77.07208,38.9044],[-77.07206,38.9044],[-77.07204,38.90441],[-77.07202,38.90441],[-77.07201,38.90442],[-77.07199,38.90442],[-77.07198,38.90442],[-77.07197,38.90442],[-77.07195,38.90441],[-77.07193,38.90441],[-77.07191,38.9044],[-77.07189,38.9044],[-77.07187,38.9044],[-77.07185,38.9044],[-77.07183,38.90439],[-77.07181,38.90439],[-77.07178,38.90438],[-77.07175,38.90438],[-77.07173,38.90437],[-77.0717,38.90437],[-77.07167,38.90437],[-77.07165,38.90436],[-77.07164,38.90436],[-77.07162,38.90435],[-77.07162,38.90436],[-77.0716,38.90435],[-77.07158,38.90435],[-77.07156,38.90434],[-77.07153,38.90434],[-77.0715,38.90433],[-77.07148,38.90432],[-77.07145,38.90432],[-77.07142,38.90431],[-77.07139,38.9043],[-77.07136,38.9043],[-77.07133,38.90429],[-77.07131,38.90428],[-77.07128,38.90427],[-77.07125,38.90427],[-77.07122,38.90426],[-77.07119,38.90425],[-77.07116,38.90424],[-77.07113,38.90424],[-77.07109,38.90423],[-77.07106,38.90422],[-77.07103,38.90422],[-77.071,38.90421],[-77.07097,38.9042],[-77.07094,38.9042],[-77.07093,38.9042],[-77.07082,38.90418],[-77.0708,38.90418],[-77.07078,38.90418],[-77.07076,38.90418],[-77.07074,38.90417],[-77.07072,38.90417],[-77.0707,38.90417],[-77.07068,38.90416],[-77.07065,38.90416],[-77.07063,38.90416],[-77.07061,38.90416],[-77.07059,38.90416],[-77.07058,38.90415],[-77.07056,38.90415],[-77.07054,38.90415],[-77.07052,38.90415],[-77.07051,38.90415],[-77.0705,38.90415],[-77.0705,38.90412],[-77.0705,38.90411],[-77.07049,38.90411],[-77.07049,38.9041],[-77.07048,38.9041],[-77.07047,38.9041],[-77.07037,38.9041],[-77.07036,38.9041],[-77.07035,38.9041],[-77.07033,38.9041],[-77.07033,38.90409],[-77.07032,38.9041],[-77.07032,38.90409],[-77.07032,38.90407],[-77.0703,38.90407],[-77.07026,38.90407],[-77.07024,38.90407],[-77.07025,38.90407],[-77.07021,38.90406],[-77.07018,38.90405],[-77.07012,38.904],[-77.0701,38.90398],[-77.07009,38.90398],[-77.07008,38.90397],[-77.07007,38.90397],[-77.07006,38.90397],[-77.07005,38.90396],[-77.07003,38.90396],[-77.07002,38.90396],[-77.07,38.90397],[-77.06999,38.90397],[-77.06998,38.90397],[-77.06996,38.90397],[-77.06995,38.90397],[-77.06994,38.90397],[-77.06993,38.90396],[-77.06992,38.90396],[-77.0699,38.90395],[-77.06989,38.90395],[-77.06987,38.90394],[-77.06986,38.90394],[-77.06985,38.90394],[-77.06983,38.90393],[-77.06982,38.90393],[-77.06981,38.90393],[-77.06979,38.90393],[-77.06974,38.90392],[-77.06974,38.90391],[-77.06971,38.90391],[-77.0697,38.90391],[-77.06969,38.90391],[-77.06968,38.90391],[-77.06967,38.90391],[-77.06966,38.90391],[-77.06964,38.90391],[-77.06963,38.90391],[-77.06962,38.90391],[-77.06961,38.90391],[-77.0696,38.9039],[-77.06959,38.9039],[-77.06958,38.9039],[-77.06957,38.9039],[-77.06955,38.9039],[-77.06953,38.9039],[-77.06951,38.9039],[-77.06949,38.90389],[-77.06946,38.90389],[-77.06944,38.90389],[-77.06942,38.90388],[-77.0694,38.90388],[-77.06934,38.90387],[-77.06903,38.90382],[-77.06902,38.90382],[-77.06901,38.90382],[-77.06899,38.90381],[-77.06898,38.9038],[-77.06896,38.90379],[-77.06895,38.90379],[-77.06894,38.90378],[-77.06892,38.90379],[-77.06891,38.90379],[-77.0689,38.90379],[-77.06889,38.90379],[-77.06887,38.90378],[-77.06884,38.90377],[-77.06882,38.90377],[-77.0688,38.90376],[-77.06877,38.90375],[-77.06875,38.90374],[-77.06872,38.90373],[-77.0687,38.90372],[-77.06868,38.90372],[-77.06865,38.90371],[-77.06862,38.90371],[-77.06859,38.9037],[-77.06856,38.90369],[-77.06854,38.90368],[-77.06851,38.90366],[-77.06846,38.90364],[-77.06843,38.90363],[-77.06837,38.90361],[-77.06832,38.90359],[-77.06829,38.90359],[-77.06827,38.90358],[-77.06824,38.90357],[-77.06822,38.90356],[-77.06819,38.90356],[-77.06817,38.90355],[-77.06814,38.90354],[-77.06811,38.90353],[-77.06809,38.90353],[-77.06806,38.90352],[-77.06804,38.90351],[-77.06802,38.90351],[-77.068,38.9035],[-77.06797,38.9035],[-77.06794,38.90349],[-77.06792,38.90349],[-77.06789,38.90348],[-77.06787,38.90348],[-77.06785,38.90347],[-77.06783,38.90347],[-77.06781,38.90346],[-77.06779,38.90346],[-77.06778,38.90345],[-77.06776,38.90344],[-77.06775,38.90344],[-77.06773,38.90343],[-77.06772,38.90342],[-77.06771,38.90341],[-77.06768,38.9034],[-77.06768,38.90334],[-77.06767,38.90333],[-77.06733,38.90323],[-77.06686,38.90309],[-77.06683,38.90315],[-77.06675,38.90314],[-77.06675,38.90315],[-77.06652,38.90309],[-77.0664,38.90307],[-77.06625,38.90299],[-77.06612,38.90292],[-77.06608,38.90285],[-77.06607,38.90284],[-77.06605,38.90282],[-77.06603,38.90282],[-77.06596,38.90279],[-77.06589,38.90276],[-77.06576,38.90272],[-77.06574,38.90272],[-77.06573,38.90272],[-77.06571,38.90272],[-77.06568,38.9027],[-77.06556,38.90265],[-77.06553,38.90264],[-77.0655,38.90263],[-77.06548,38.90262],[-77.06545,38.90261],[-77.06542,38.90261],[-77.06539,38.9026],[-77.06535,38.90259],[-77.06529,38.90256],[-77.06527,38.90255],[-77.06524,38.90254],[-77.06521,38.90252],[-77.06518,38.90251],[-77.06516,38.9025],[-77.06514,38.90249],[-77.06512,38.90248],[-77.06509,38.90247],[-77.06507,38.90246],[-77.06504,38.90246],[-77.065,38.90245],[-77.06497,38.90244],[-77.06494,38.90244],[-77.06491,38.90243],[-77.06488,38.90242],[-77.06485,38.90242],[-77.06482,38.90243],[-77.0648,38.90243],[-77.06476,38.90243],[-77.06444,38.90238],[-77.06367,38.90223],[-77.06324,38.90215],[-77.06288,38.90208],[-77.06288,38.9021],[-77.06274,38.90207],[-77.06259,38.90202],[-77.06231,38.90193],[-77.06179,38.90175],[-77.06178,38.90172],[-77.06176,38.90171],[-77.06174,38.9017],[-77.06172,38.90169],[-77.0617,38.90168],[-77.06167,38.90167],[-77.06165,38.90166],[-77.06163,38.90166],[-77.06161,38.90165],[-77.06158,38.90164],[-77.06156,38.90164],[-77.06154,38.90163],[-77.06153,38.90164],[-77.0615,38.90164],[-77.06143,38.90162],[-77.0614,38.90161],[-77.06138,38.90161],[-77.06137,38.90161],[-77.06135,38.90161],[-77.06133,38.90161],[-77.06131,38.90161],[-77.06129,38.90161],[-77.06127,38.90161],[-77.06125,38.90161],[-77.06125,38.9016],[-77.06124,38.90159],[-77.06124,38.90158],[-77.06124,38.90157],[-77.06123,38.90156],[-77.06123,38.90155],[-77.06122,38.90154],[-77.06121,38.90154],[-77.0612,38.90153],[-77.06119,38.90152],[-77.06118,38.90151],[-77.06117,38.90151],[-77.06116,38.9015],[-77.06115,38.90149],[-77.06114,38.90149],[-77.06113,38.90148],[-77.06111,38.90148],[-77.0611,38.90148],[-77.06065,38.90132],[-77.06061,38.90129],[-77.06058,38.90127],[-77.06054,38.90124],[-77.06054,38.90123],[-77.06052,38.90122],[-77.0605,38.90121],[-77.06048,38.9012],[-77.06046,38.90119],[-77.06044,38.90118],[-77.06042,38.90117],[-77.06039,38.90116],[-77.06037,38.90115],[-77.06035,38.90115],[-77.06033,38.90114],[-77.06031,38.90114],[-77.06028,38.90113],[-77.06026,38.90113],[-77.06023,38.90112],[-77.06021,38.90112],[-77.06018,38.90112],[-77.06015,38.90111],[-77.06013,38.90111],[-77.0601,38.90111],[-77.06008,38.90111],[-77.06005,38.90111],[-77.05977,38.90102],[-77.05924,38.90085],[-77.05923,38.90084],[-77.05912,38.9008],[-77.05909,38.9008],[-77.059,38.90074],[-77.059,38.90072],[-77.05899,38.90071],[-77.05899,38.9007],[-77.05898,38.9007],[-77.05898,38.90071],[-77.05903,38.90113],[-77.05863,38.90104],[-77.05865,38.90142],[-77.05858,38.90147],[-77.05859,38.90158],[-77.05853,38.90169],[-77.05846,38.90183],[-77.05841,38.90191],[-77.05821,38.9021],[-77.05815,38.9022],[-77.05815,38.90235],[-77.05782,38.90274],[-77.0577,38.90287],[-77.05754,38.90301],[-77.0574,38.90315],[-77.0573,38.90327],[-77.05717,38.90342],[-77.05711,38.90348],[-77.05707,38.90355],[-77.05704,38.90362],[-77.05704,38.90369],[-77.05704,38.90374],[-77.05707,38.90381],[-77.05714,38.90389],[-77.05711,38.9041],[-77.05712,38.90434],[-77.05712,38.90449],[-77.05706,38.90449],[-77.05706,38.9046],[-77.05707,38.9048],[-77.05684,38.90498],[-77.05662,38.9049],[-77.05646,38.90516],[-77.05629,38.90538],[-77.05601,38.90555],[-77.05584,38.90574],[-77.0557,38.906],[-77.05561,38.90625],[-77.05535,38.90682],[-77.05508,38.90747],[-77.05493,38.90782],[-77.05482,38.90804],[-77.05469,38.90825],[-77.0546,38.90838],[-77.05445,38.90854],[-77.05425,38.9087],[-77.0541,38.9088],[-77.05394,38.90894],[-77.05385,38.90908],[-77.05384,38.90917],[-77.05389,38.90931],[-77.05275,38.90957],[-77.05124,38.90955],[-77.05123,38.90997],[-77.05159,38.91039],[-77.05159,38.9105],[-77.05163,38.91067],[-77.05174,38.91065],[-77.05187,38.91064],[-77.05198,38.91063],[-77.0521,38.91075],[-77.05215,38.91083],[-77.05218,38.91086],[-77.0524,38.91107],[-77.05268,38.91131],[-77.05274,38.91137],[-77.05279,38.91139],[-77.05287,38.91139],[-77.05358,38.91137],[-77.05365,38.91197],[-77.05448,38.91209],[-77.05439,38.91234],[-77.05497,38.91268],[-77.05616,38.91335],[-77.0569,38.91377],[-77.05723,38.91395],[-77.05739,38.91405],[-77.05779,38.91441],[-77.05838,38.91495],[-77.05871,38.91525],[-77.05888,38.91534],[-77.05915,38.91573],[-77.05944,38.9156],[-77.05975,38.91538],[-77.05998,38.91534],[-77.06066,38.9153],[-77.06146,38.91516],[-77.06159,38.9152],[-77.06162,38.91535],[-77.06183,38.91557],[-77.0608,38.91556],[-77.05974,38.91596],[-77.0597,38.91668],[-77.06061,38.91669],[-77.06088,38.91642],[-77.06135,38.91666],[-77.06164,38.91712],[-77.06198,38.91736],[-77.06256,38.91743],[-77.06276,38.91693],[-77.06341,38.91708]]]},"properties":{"name":"Georgetown Historic District","label":"Georgetown HD","designation":"DC/NR/NHL","date":null,"nr":"Y"}},{"type":"Feature","geometry":{"type":"Polygon","coordinates":[[[-77.03718,38.91812],[-77.03718,38.91823],[-77.03718,38.91831],[-77.03718,38.91849],[-77.03718,38.91853],[-77.03719,38.91855],[-77.03721,38.91858],[-77.03731,38.91879],[-77.03736,38.91888],[-77.03848,38.91853],[-77.03854,38.91851],[-77.0386,38.91849],[-77.0388,38.91844],[-77.03889,38.91842],[-77.03897,38.91839],[-77.03921,38.91833],[-77.0395,38.91825],[-77.03951,38.91825],[-77.03961,38.91822],[-77.03968,38.9182],[-77.03982,38.91816],[-77.03995,38.91812],[-77.04006,38.9181],[-77.0401,38.91809],[-77.04011,38.91808],[-77.04013,38.91808],[-77.04015,38.91807],[-77.04016,38.91807],[-77.04018,38.91806],[-77.04019,38.91805],[-77.04021,38.91804],[-77.04022,38.91803],[-77.04023,38.91802],[-77.04025,38.91801],[-77.04026,38.918],[-77.04027,38.91799],[-77.04034,38.9179],[-77.04036,38.91787],[-77.04043,38.91778],[-77.04045,38.91775],[-77.04047,38.91773],[-77.04052,38.91767],[-77.04056,38.91762],[-77.04061,38.91754],[-77.04083,38.91726],[-77.04084,38.91725],[-77.04085,38.91724],[-77.04087,38.91722],[-77.04088,38.91721],[-77.04089,38.9172],[-77.0409,38.91719],[-77.04092,38.91718],[-77.04093,38.91717],[-77.04095,38.91717],[-77.04097,38.91716],[-77.04098,38.91715],[-77.04104,38.91712],[-77.04111,38.91708],[-77.04117,38.91704],[-77.04123,38.91702],[-77.04123,38.91701],[-77.04129,38.91698],[-77.04143,38.9169],[-77.04155,38.91684],[-77.04166,38.91679],[-77.04179,38.91672],[-77.04219,38.91653],[-77.04274,38.91625],[-77.04323,38.916],[-77.04335,38.91594],[-77.04343,38.9159],[-77.04344,38.9159],[-77.04345,38.91589],[-77.04355,38.91584],[-77.04358,38.91582],[-77.04385,38.91568],[-77.04392,38.91564],[-77.04393,38.91564],[-77.04403,38.91559],[-77.04403,38.91558],[-77.04379,38.91558],[-77.04375,38.91558],[-77.04352,38.91558],[-77.04343,38.91558],[-77.04342,38.91558],[-77.04333,38.91558],[-77.04287,38.91558],[-77.04286,38.91558],[-77.04286,38.91546],[-77.04286,38.91519],[-77.04266,38.91519],[-77.04235,38.91519],[-77.04216,38.91519],[-77.04196,38.91519],[-77.04182,38.91519],[-77.04151,38.91518],[-77.04122,38.91518],[-77.04105,38.91518],[-77.04074,38.91518],[-77.04072,38.9152],[-77.04064,38.9152],[-77.0404,38.9152],[-77.04016,38.9152],[-77.03983,38.9152],[-77.03976,38.91519],[-77.03969,38.91519],[-77.03954,38.91519],[-77.03949,38.91521],[-77.03932,38.91521],[-77.03926,38.91519],[-77.03913,38.91519],[-77.03903,38.91519],[-77.03906,38.91515],[-77.0387,38.915],[-77.03848,38.9149],[-77.03848,38.91484],[-77.03835,38.91484],[-77.03813,38.91484],[-77.03757,38.91484],[-77.03754,38.91484],[-77.03754,38.91478],[-77.03754,38.91452],[-77.0372,38.91452],[-77.03714,38.91452],[-77.03714,38.91478],[-77.03714,38.91484],[-77.03715,38.91484],[-77.03715,38.91489],[-77.03715,38.91512],[-77.03715,38.91546],[-77.03715,38.91558],[-77.0371,38.91558],[-77.03702,38.91558],[-77.03701,38.91558],[-77.03701,38.91568],[-77.03701,38.91581],[-77.03701,38.91595],[-77.03703,38.91595],[-77.03701,38.91601],[-77.03703,38.91601],[-77.03715,38.91608],[-77.03733,38.91618],[-77.03697,38.91655],[-77.03695,38.91657],[-77.03728,38.91657],[-77.03728,38.91659],[-77.03728,38.91689],[-77.03728,38.91701],[-77.0373,38.91701],[-77.03748,38.91701],[-77.03775,38.91701],[-77.03814,38.91701],[-77.03832,38.91701],[-77.03847,38.91701],[-77.03847,38.91714],[-77.03848,38.9175],[-77.03848,38.91757],[-77.03847,38.91764],[-77.03847,38.91768],[-77.03847,38.91803],[-77.03847,38.91805],[-77.03847,38.91812],[-77.03837,38.91812],[-77.03835,38.91812],[-77.03832,38.91812],[-77.03777,38.91812],[-77.03753,38.91812],[-77.03718,38.91812]]]},"properties":{"name":"Strivers' Section Historic District","label":"Strivers' Section HD","designation":"DC/NR","date":null,"nr":"Y"}},{"type":"Feature","geometry":{"type":"Polygon","coordinates":[[[-77.03014,38.9077],[-77.02981,38.9077],[-77.02963,38.9077],[-77.02963,38.90817],[-77.02946,38.90817],[-77.02914,38.90817],[-77.02914,38.90823],[-77.02916,38.90824],[-77.02922,38.90824],[-77.02922,38.90836],[-77.02921,38.90844],[-77.02921,38.90858],[-77.02913,38.90858],[-77.02868,38.90858],[-77.02856,38.90858],[-77.02855,38.90858],[-77.02855,38.9087],[-77.02855,38.90901],[-77.02855,38.90936],[-77.02825,38.90936],[-77.02795,38.90938],[-77.02762,38.90938],[-77.0276,38.90938],[-77.0276,38.90965],[-77.02735,38.90966],[-77.0272,38.90965],[-77.02704,38.90965],[-77.02704,38.90966],[-77.02704,38.90974],[-77.02704,38.91],[-77.02704,38.91034],[-77.02704,38.91035],[-77.02704,38.91048],[-77.02704,38.91056],[-77.02718,38.91051],[-77.02753,38.91038],[-77.02758,38.91036],[-77.02758,38.91084],[-77.02758,38.91113],[-77.02759,38.91113],[-77.02765,38.91113],[-77.02774,38.91113],[-77.02783,38.91113],[-77.02792,38.91113],[-77.02801,38.91113],[-77.02808,38.91113],[-77.02808,38.9112],[-77.02808,38.91144],[-77.02808,38.91146],[-77.02808,38.91148],[-77.02808,38.91151],[-77.02809,38.91153],[-77.02809,38.91155],[-77.0281,38.91158],[-77.02811,38.9116],[-77.02812,38.91162],[-77.02813,38.91164],[-77.02814,38.91167],[-77.0282,38.91178],[-77.02821,38.9118],[-77.02829,38.91193],[-77.02895,38.9122],[-77.02901,38.9122],[-77.02918,38.9122],[-77.02918,38.91223],[-77.02918,38.91229],[-77.02918,38.91245],[-77.02918,38.91251],[-77.02918,38.91262],[-77.02928,38.91262],[-77.02928,38.91273],[-77.02928,38.91307],[-77.02928,38.91309],[-77.02962,38.91309],[-77.02962,38.9132],[-77.02962,38.91328],[-77.02962,38.91335],[-77.02962,38.91344],[-77.02962,38.91356],[-77.02962,38.91371],[-77.02962,38.91393],[-77.02963,38.91402],[-77.02962,38.9141],[-77.02975,38.9141],[-77.02977,38.9141],[-77.02998,38.9141],[-77.03027,38.9141],[-77.0304,38.9141],[-77.03079,38.9141],[-77.03091,38.9141],[-77.03134,38.9141],[-77.03167,38.9141],[-77.03178,38.9141],[-77.03195,38.9141],[-77.03213,38.9141],[-77.03233,38.9141],[-77.0326,38.9141],[-77.03267,38.9141],[-77.03298,38.9141],[-77.03318,38.9141],[-77.03326,38.9141],[-77.0335,38.9141],[-77.03416,38.9141],[-77.0344,38.9141],[-77.03441,38.9141],[-77.03455,38.9141],[-77.0347,38.9141],[-77.03472,38.9141],[-77.03516,38.9141],[-77.03516,38.91399],[-77.03516,38.91373],[-77.03516,38.91363],[-77.03516,38.91355],[-77.03516,38.91339],[-77.03516,38.91338],[-77.03554,38.91337],[-77.03554,38.91335],[-77.03554,38.9132],[-77.03554,38.91312],[-77.03535,38.91312],[-77.03535,38.91292],[-77.03547,38.91292],[-77.03547,38.91276],[-77.03547,38.91262],[-77.03551,38.91262],[-77.03581,38.91262],[-77.03585,38.91262],[-77.03585,38.9125],[-77.03585,38.91207],[-77.03585,38.91194],[-77.03585,38.9118],[-77.03585,38.91156],[-77.03585,38.91125],[-77.03585,38.91113],[-77.03566,38.91113],[-77.03566,38.91101],[-77.03566,38.91072],[-77.0359,38.91072],[-77.03589,38.91058],[-77.03589,38.91045],[-77.03589,38.91034],[-77.03589,38.91021],[-77.03589,38.91007],[-77.03589,38.91005],[-77.03589,38.90977],[-77.03588,38.90954],[-77.03588,38.90926],[-77.03588,38.90904],[-77.03583,38.90904],[-77.03583,38.90907],[-77.03576,38.90907],[-77.03576,38.9088],[-77.03576,38.90871],[-77.03581,38.90871],[-77.03582,38.90871],[-77.03582,38.90863],[-77.03582,38.90846],[-77.03582,38.90815],[-77.03582,38.90811],[-77.03519,38.90834],[-77.03515,38.90834],[-77.03474,38.90834],[-77.03456,38.90834],[-77.03456,38.90844],[-77.03456,38.90863],[-77.03456,38.90871],[-77.03456,38.90881],[-77.03456,38.90892],[-77.03456,38.90896],[-77.03401,38.90896],[-77.03401,38.90891],[-77.03401,38.90852],[-77.03418,38.90852],[-77.03418,38.90825],[-77.03418,38.90807],[-77.03457,38.90794],[-77.03457,38.90699],[-77.03421,38.90699],[-77.03421,38.90714],[-77.03421,38.90725],[-77.03272,38.90725],[-77.03271,38.90683],[-77.03282,38.90674],[-77.03317,38.90679],[-77.03318,38.90677],[-77.0332,38.90677],[-77.03335,38.90638],[-77.03344,38.90617],[-77.0324,38.90581],[-77.03225,38.90592],[-77.03214,38.90598],[-77.03207,38.90604],[-77.03196,38.90616],[-77.03168,38.90612],[-77.03117,38.90699],[-77.03102,38.90724],[-77.03032,38.90725],[-77.03032,38.90736],[-77.03032,38.90763],[-77.03016,38.90764],[-77.03014,38.9077]]]},"properties":{"name":"Greater Fourteenth Street Historic District","label":"Greater 14th St HD","designation":"DC/NR","date":null,"nr":"Y"}},{"type":"Feature","geometry":{"type":"Polygon","coordinates":[[[-77.03632,38.91919],[-77.03636,38.91919],[-77.0365,38.91915],[-77.03736,38.91888],[-77.03731,38.91879],[-77.03721,38.91858],[-77.03719,38.91855],[-77.03718,38.91853],[-77.03718,38.91849],[-77.03718,38.91823],[-77.03718,38.91812],[-77.03714,38.91812],[-77.03714,38.91802],[-77.03714,38.91753],[-77.03728,38.91753],[-77.03728,38.91701],[-77.03728,38.91689],[-77.03728,38.91657],[-77.03695,38.91657],[-77.03697,38.91655],[-77.03733,38.91618],[-77.03715,38.91608],[-77.03703,38.91601],[-77.03701,38.91601],[-77.03703,38.91595],[-77.03701,38.91595],[-77.03701,38.91568],[-77.03701,38.91558],[-77.03702,38.91558],[-77.0371,38.91558],[-77.03715,38.91558],[-77.03715,38.91546],[-77.03715,38.91512],[-77.03715,38.91489],[-77.03715,38.91484],[-77.03714,38.91484],[-77.03714,38.91478],[-77.03714,38.9145],[-77.03714,38.91422],[-77.03714,38.9141],[-77.03717,38.9141],[-77.03717,38.91399],[-77.03717,38.91362],[-77.03717,38.91344],[-77.03717,38.91336],[-77.03717,38.9133],[-77.03717,38.913],[-77.03717,38.91275],[-77.03717,38.91262],[-77.0372,38.91262],[-77.0372,38.91248],[-77.0372,38.91221],[-77.0372,38.91193],[-77.0372,38.91188],[-77.0372,38.91179],[-77.0372,38.91156],[-77.0372,38.91124],[-77.0372,38.91113],[-77.03719,38.91113],[-77.03719,38.911],[-77.03719,38.91069],[-77.03719,38.91045],[-77.03719,38.91039],[-77.03719,38.91032],[-77.03719,38.90977],[-77.03719,38.90965],[-77.03725,38.90965],[-77.03725,38.90955],[-77.03725,38.90928],[-77.03738,38.90928],[-77.03738,38.90916],[-77.03753,38.90916],[-77.03753,38.9087],[-77.03775,38.9087],[-77.03775,38.90837],[-77.03745,38.90826],[-77.03725,38.90826],[-77.03725,38.90775],[-77.03725,38.90749],[-77.03733,38.90752],[-77.03766,38.90764],[-77.03766,38.9074],[-77.03766,38.90724],[-77.03766,38.90712],[-77.03766,38.90699],[-77.03765,38.90686],[-77.03726,38.90696],[-77.03714,38.90698],[-77.03714,38.90685],[-77.03714,38.90579],[-77.03714,38.90566],[-77.03779,38.90566],[-77.03779,38.90475],[-77.03751,38.90475],[-77.0375,38.90474],[-77.03715,38.90474],[-77.03715,38.90469],[-77.03715,38.90462],[-77.03714,38.90462],[-77.03714,38.90439],[-77.03715,38.90439],[-77.03715,38.90432],[-77.03715,38.90416],[-77.03722,38.90416],[-77.03722,38.90388],[-77.03717,38.90388],[-77.03718,38.90362],[-77.03718,38.90332],[-77.0372,38.90332],[-77.0372,38.90298],[-77.03733,38.90298],[-77.03733,38.90273],[-77.03733,38.90253],[-77.03701,38.90253],[-77.03701,38.90232],[-77.03701,38.9021],[-77.03719,38.9021],[-77.03719,38.90174],[-77.03711,38.90174],[-77.03711,38.90145],[-77.03711,38.90135],[-77.03731,38.90135],[-77.03731,38.90122],[-77.03731,38.9009],[-77.03723,38.9009],[-77.03723,38.90074],[-77.03718,38.90074],[-77.03717,38.9007],[-77.03718,38.90034],[-77.03718,38.90021],[-77.03556,38.90021],[-77.03556,38.90036],[-77.03556,38.90059],[-77.03556,38.90087],[-77.03591,38.90087],[-77.03591,38.90135],[-77.03591,38.90147],[-77.03591,38.90175],[-77.03589,38.90175],[-77.03589,38.90233],[-77.03589,38.90253],[-77.03555,38.90253],[-77.03555,38.90273],[-77.03555,38.90362],[-77.03556,38.90375],[-77.03587,38.90375],[-77.03587,38.90386],[-77.03587,38.90413],[-77.03588,38.90413],[-77.03588,38.90426],[-77.03593,38.90426],[-77.03593,38.9043],[-77.03584,38.9043],[-77.03584,38.90509],[-77.03593,38.90509],[-77.03593,38.90517],[-77.03583,38.90517],[-77.03583,38.90553],[-77.03583,38.90566],[-77.03564,38.90566],[-77.03564,38.90578],[-77.03564,38.90624],[-77.03564,38.90633],[-77.03519,38.90617],[-77.03477,38.90617],[-77.03457,38.90618],[-77.03457,38.90657],[-77.03543,38.90687],[-77.03542,38.90691],[-77.03541,38.90695],[-77.0354,38.90697],[-77.0354,38.90701],[-77.0354,38.90715],[-77.0354,38.90725],[-77.0354,38.90745],[-77.03541,38.90758],[-77.03542,38.90764],[-77.03584,38.90748],[-77.03588,38.90746],[-77.03588,38.90768],[-77.03588,38.90813],[-77.03582,38.90815],[-77.03582,38.90863],[-77.03582,38.90871],[-77.03576,38.90871],[-77.03576,38.9088],[-77.03576,38.90907],[-77.03583,38.90907],[-77.03583,38.90904],[-77.03588,38.90904],[-77.03588,38.90954],[-77.03588,38.90965],[-77.03589,38.90965],[-77.03589,38.90977],[-77.03589,38.91006],[-77.03588,38.91006],[-77.03588,38.91007],[-77.03588,38.91034],[-77.03588,38.91039],[-77.03589,38.91039],[-77.03589,38.91045],[-77.03589,38.91071],[-77.03589,38.91072],[-77.03566,38.91072],[-77.03566,38.91113],[-77.03582,38.91113],[-77.03585,38.91113],[-77.03585,38.91125],[-77.03585,38.91156],[-77.03585,38.9118],[-77.03585,38.91188],[-77.03585,38.91194],[-77.03585,38.91221],[-77.03585,38.9125],[-77.03585,38.91262],[-77.03581,38.91262],[-77.03551,38.91262],[-77.03547,38.91262],[-77.03547,38.91276],[-77.03547,38.91292],[-77.03535,38.91292],[-77.03535,38.91312],[-77.03554,38.91312],[-77.03554,38.9132],[-77.03554,38.91335],[-77.03554,38.91337],[-77.03516,38.91338],[-77.03516,38.91339],[-77.03516,38.91355],[-77.03516,38.91363],[-77.03516,38.91373],[-77.03516,38.91399],[-77.03516,38.9141],[-77.03534,38.9141],[-77.03577,38.9141],[-77.03577,38.91423],[-77.03577,38.91455],[-77.03577,38.91457],[-77.03587,38.91457],[-77.03587,38.91459],[-77.03587,38.91466],[-77.03605,38.91466],[-77.03605,38.91477],[-77.03605,38.91484],[-77.03587,38.91484],[-77.03587,38.91491],[-77.03587,38.91531],[-77.03605,38.91531],[-77.03605,38.91546],[-77.03605,38.91558],[-77.03609,38.91558],[-77.03609,38.9157],[-77.03609,38.91592],[-77.03609,38.91594],[-77.03596,38.91594],[-77.03594,38.91595],[-77.03594,38.91621],[-77.03594,38.91637],[-77.03594,38.91688],[-77.03594,38.91701],[-77.03593,38.91701],[-77.03567,38.91701],[-77.03567,38.91714],[-77.03572,38.9172],[-77.03576,38.91722],[-77.03598,38.91734],[-77.03614,38.91743],[-77.03575,38.91786],[-77.03563,38.91795],[-77.03555,38.91802],[-77.0355,38.91812],[-77.03564,38.91812],[-77.03579,38.91812],[-77.03582,38.91812],[-77.03582,38.91824],[-77.03582,38.91867],[-77.03576,38.91867],[-77.03577,38.91872],[-77.03576,38.91909],[-77.03576,38.91919],[-77.03592,38.91919],[-77.03632,38.91919]]]},"properties":{"name":"Sixteenth Street Historic District","label":"Sixteenth St HD","designation":"DC/NR","date":null,"nr":"Y"}},{"type":"Feature","geometry":{"type":"Polygon","coordinates":[[[-77.02968,38.92051],[-77.02968,38.92053],[-77.02968,38.92054],[-77.02969,38.92056],[-77.02969,38.92058],[-77.02969,38.9206],[-77.02969,38.92063],[-77.02969,38.92065],[-77.0297,38.92067],[-77.0297,38.92069],[-77.0297,38.92072],[-77.0297,38.92074],[-77.0297,38.92077],[-77.0297,38.92079],[-77.03123,38.92065],[-77.03125,38.92021],[-77.03151,38.92016],[-77.03176,38.92011],[-77.03194,38.92007],[-77.03211,38.92004],[-77.03213,38.92003],[-77.03222,38.92001],[-77.03244,38.91997],[-77.03246,38.92017],[-77.03247,38.92027],[-77.03268,38.92025],[-77.03268,38.92023],[-77.03279,38.92022],[-77.03279,38.92025],[-77.03288,38.92024],[-77.03285,38.91998],[-77.03314,38.91991],[-77.03317,38.92016],[-77.03333,38.92015],[-77.03333,38.9201],[-77.03354,38.92009],[-77.03354,38.92003],[-77.03408,38.92],[-77.03408,38.91998],[-77.03416,38.91997],[-77.03416,38.91991],[-77.03434,38.91988],[-77.03432,38.91982],[-77.0344,38.91979],[-77.03446,38.91971],[-77.03449,38.9197],[-77.03475,38.91966],[-77.03475,38.91963],[-77.03473,38.91928],[-77.03461,38.91914],[-77.03478,38.91888],[-77.0348,38.91886],[-77.03489,38.91877],[-77.03493,38.91872],[-77.03531,38.91832],[-77.0354,38.91822],[-77.03543,38.91819],[-77.0355,38.91812],[-77.03554,38.91804],[-77.03555,38.91802],[-77.03563,38.91795],[-77.03575,38.91786],[-77.03614,38.91743],[-77.03598,38.91734],[-77.03576,38.91722],[-77.03572,38.9172],[-77.03567,38.91714],[-77.03567,38.91701],[-77.03593,38.91701],[-77.03594,38.91701],[-77.03594,38.91688],[-77.03594,38.91637],[-77.03594,38.91621],[-77.03594,38.91595],[-77.03596,38.91594],[-77.03609,38.91594],[-77.03609,38.9157],[-77.03609,38.91558],[-77.03605,38.91558],[-77.03605,38.91546],[-77.03605,38.91531],[-77.03587,38.91531],[-77.03587,38.91491],[-77.03587,38.91484],[-77.03605,38.91484],[-77.03605,38.91477],[-77.03605,38.91466],[-77.03587,38.91466],[-77.03587,38.91459],[-77.03587,38.91457],[-77.03577,38.91457],[-77.03577,38.91455],[-77.03577,38.91423],[-77.03577,38.9141],[-77.03534,38.9141],[-77.03516,38.9141],[-77.03472,38.9141],[-77.0347,38.9141],[-77.03455,38.9141],[-77.03441,38.9141],[-77.0344,38.9141],[-77.03416,38.9141],[-77.0335,38.9141],[-77.03333,38.9141],[-77.03326,38.9141],[-77.03318,38.9141],[-77.03298,38.9141],[-77.03267,38.9141],[-77.0326,38.9141],[-77.03233,38.9141],[-77.03213,38.9141],[-77.03195,38.9141],[-77.03178,38.9141],[-77.03167,38.9141],[-77.03134,38.9141],[-77.03093,38.9141],[-77.03079,38.9141],[-77.0304,38.9141],[-77.03027,38.9141],[-77.02998,38.9141],[-77.02977,38.9141],[-77.02975,38.9141],[-77.02962,38.9141],[-77.0295,38.9141],[-77.02889,38.9141],[-77.0284,38.9141],[-77.02817,38.9141],[-77.02808,38.9141],[-77.02803,38.9141],[-77.02799,38.9141],[-77.02769,38.9141],[-77.02729,38.9141],[-77.02721,38.9141],[-77.02704,38.9141],[-77.02704,38.91401],[-77.02704,38.91389],[-77.02704,38.91375],[-77.02704,38.91368],[-77.02708,38.91368],[-77.02713,38.91367],[-77.02716,38.91366],[-77.02721,38.91361],[-77.0273,38.91353],[-77.02745,38.91334],[-77.02754,38.91321],[-77.0279,38.91261],[-77.02719,38.91262],[-77.02704,38.91261],[-77.02689,38.91261],[-77.0265,38.91261],[-77.02615,38.91262],[-77.0261,38.91262],[-77.02599,38.91262],[-77.02598,38.91262],[-77.02591,38.91262],[-77.02528,38.91261],[-77.0247,38.91261],[-77.02411,38.91261],[-77.02397,38.91261],[-77.02397,38.91269],[-77.02397,38.91301],[-77.02397,38.91327],[-77.02397,38.91334],[-77.02397,38.91343],[-77.02397,38.91381],[-77.02397,38.91401],[-77.02397,38.91409],[-77.02383,38.91409],[-77.02343,38.91409],[-77.02308,38.9141],[-77.02305,38.9141],[-77.02295,38.9141],[-77.02286,38.9141],[-77.02243,38.9141],[-77.02241,38.9141],[-77.02242,38.91558],[-77.02215,38.91558],[-77.02206,38.91558],[-77.02192,38.91558],[-77.02192,38.91547],[-77.02192,38.91543],[-77.02192,38.91527],[-77.02192,38.91492],[-77.02127,38.91492],[-77.02088,38.91492],[-77.02088,38.91494],[-77.02087,38.91527],[-77.02087,38.9155],[-77.02087,38.91551],[-77.02087,38.91558],[-77.02086,38.91559],[-77.02084,38.91559],[-77.02082,38.9156],[-77.0208,38.91561],[-77.02079,38.91561],[-77.02077,38.91562],[-77.02076,38.91563],[-77.02075,38.91564],[-77.02074,38.91565],[-77.02073,38.91565],[-77.02073,38.91566],[-77.02072,38.91567],[-77.02071,38.91567],[-77.0207,38.91568],[-77.02069,38.91569],[-77.02068,38.9157],[-77.02068,38.91571],[-77.02067,38.91572],[-77.02067,38.91574],[-77.02066,38.91575],[-77.02074,38.91578],[-77.02083,38.91582],[-77.02112,38.91594],[-77.0212,38.91598],[-77.02126,38.916],[-77.02132,38.91602],[-77.02173,38.9162],[-77.02176,38.91621],[-77.0219,38.91627],[-77.02192,38.91628],[-77.02208,38.91635],[-77.02215,38.91638],[-77.02271,38.91662],[-77.02283,38.91667],[-77.02295,38.91672],[-77.02306,38.91677],[-77.02308,38.91677],[-77.02345,38.91688],[-77.02379,38.91697],[-77.02396,38.917],[-77.02395,38.91711],[-77.02395,38.91771],[-77.02395,38.91777],[-77.02398,38.9178],[-77.02405,38.91788],[-77.02411,38.91795],[-77.02427,38.91817],[-77.02441,38.91841],[-77.02464,38.91812],[-77.02485,38.91812],[-77.02498,38.91812],[-77.02553,38.91812],[-77.02589,38.91812],[-77.02599,38.91812],[-77.02609,38.91812],[-77.02613,38.91812],[-77.02646,38.91812],[-77.02692,38.91812],[-77.02695,38.91812],[-77.02701,38.91812],[-77.02704,38.91812],[-77.02704,38.91804],[-77.02704,38.91801],[-77.02704,38.91762],[-77.02704,38.91729],[-77.02723,38.91729],[-77.02758,38.91729],[-77.02758,38.91701],[-77.02792,38.917],[-77.02796,38.917],[-77.02809,38.917],[-77.02809,38.91714],[-77.02809,38.91727],[-77.02823,38.91727],[-77.02862,38.91727],[-77.02865,38.91727],[-77.02865,38.91812],[-77.02825,38.91812],[-77.02809,38.91812],[-77.02809,38.9182],[-77.02808,38.91839],[-77.02809,38.91868],[-77.02809,38.91902],[-77.02809,38.91911],[-77.02809,38.91919],[-77.02809,38.91926],[-77.02809,38.91954],[-77.02809,38.91991],[-77.02809,38.92034],[-77.02809,38.92062],[-77.02809,38.92071],[-77.02817,38.92071],[-77.02823,38.9207],[-77.02829,38.9207],[-77.02834,38.9207],[-77.0284,38.92069],[-77.02851,38.92069],[-77.02857,38.92068],[-77.02863,38.92068],[-77.02868,38.92068],[-77.02874,38.92067],[-77.02877,38.92067],[-77.02878,38.92067],[-77.0288,38.92067],[-77.02882,38.92067],[-77.02884,38.92067],[-77.02885,38.92067],[-77.02887,38.92066],[-77.02888,38.92066],[-77.0289,38.92066],[-77.02892,38.92066],[-77.02893,38.92065],[-77.02894,38.92065],[-77.0294,38.92056],[-77.02949,38.92054],[-77.0295,38.92053],[-77.02968,38.92051]]]},"properties":{"name":"Greater U Street Historic District","label":"Greater U St HD","designation":"DC/NR","date":null,"nr":"Y"}},{"type":"Feature","geometry":{"type":"Polygon","coordinates":[[[-77.08127,38.9113],[-77.08127,38.91131],[-77.08129,38.9117],[-77.0813,38.91177],[-77.08131,38.91186],[-77.08135,38.91203],[-77.08139,38.91219],[-77.08145,38.91234],[-77.08152,38.9125],[-77.08157,38.91259],[-77.0816,38.91269],[-77.08239,38.91269],[-77.08257,38.91269],[-77.08266,38.91268],[-77.08283,38.91268],[-77.08298,38.91266],[-77.0831,38.91264],[-77.08412,38.91245],[-77.0844,38.91241],[-77.08431,38.91229],[-77.08414,38.91204],[-77.08414,38.91178],[-77.08414,38.9117],[-77.08465,38.91169],[-77.08399,38.9108],[-77.08389,38.91066],[-77.08347,38.91009],[-77.08313,38.90963],[-77.08289,38.9093],[-77.08242,38.90866],[-77.08226,38.90866],[-77.08187,38.90866],[-77.08187,38.90873],[-77.08188,38.90913],[-77.08075,38.90913],[-77.08073,38.90911],[-77.08073,38.90874],[-77.08073,38.90866],[-77.08085,38.90866],[-77.08088,38.90858],[-77.08092,38.90846],[-77.08089,38.90846],[-77.08043,38.90835],[-77.08024,38.90831],[-77.07976,38.90821],[-77.07963,38.90859],[-77.07966,38.90859],[-77.07966,38.90874],[-77.07963,38.90886],[-77.07963,38.90895],[-77.07963,38.90904],[-77.07964,38.90914],[-77.07968,38.90928],[-77.07972,38.90938],[-77.07976,38.90948],[-77.07983,38.90957],[-77.07988,38.90963],[-77.07994,38.9097],[-77.08001,38.90977],[-77.08007,38.90982],[-77.08014,38.90988],[-77.08025,38.90995],[-77.08036,38.91003],[-77.08045,38.91012],[-77.0805,38.91018],[-77.08057,38.91028],[-77.08062,38.91038],[-77.08067,38.91049],[-77.0807,38.91058],[-77.08072,38.91067],[-77.08073,38.91076],[-77.08073,38.91088],[-77.08074,38.91106],[-77.08076,38.91132],[-77.08083,38.91131],[-77.08117,38.9113],[-77.08127,38.9113]]]},"properties":{"name":"Foxhall Village Historic District","label":"Foxhall HD","designation":"DC","date":null,"nr":"N"}},{"type":"Feature","geometry":{"type":"Polygon","coordinates":[[[-77.02192,38.90319],[-77.02192,38.90295],[-77.02171,38.90297],[-77.02089,38.90324],[-77.02075,38.90329],[-77.02058,38.90335],[-77.01991,38.90358],[-77.01893,38.90392],[-77.0186,38.90404],[-77.01822,38.90417],[-77.01736,38.90447],[-77.01618,38.90489],[-77.01599,38.90495],[-77.01589,38.90499],[-77.01585,38.905],[-77.01583,38.90501],[-77.01581,38.90501],[-77.01576,38.90503],[-77.01533,38.90518],[-77.01522,38.90521],[-77.01478,38.90537],[-77.01397,38.90565],[-77.01365,38.90576],[-77.01341,38.90584],[-77.01216,38.90628],[-77.01217,38.90724],[-77.01227,38.90724],[-77.01236,38.90724],[-77.01261,38.90724],[-77.01283,38.90724],[-77.01305,38.90724],[-77.01329,38.90724],[-77.01357,38.90724],[-77.01366,38.90724],[-77.01374,38.90724],[-77.01386,38.90724],[-77.01416,38.90724],[-77.01445,38.90725],[-77.01463,38.90724],[-77.01486,38.90724],[-77.01506,38.90724],[-77.01516,38.90724],[-77.01517,38.90724],[-77.01522,38.90724],[-77.0153,38.90724],[-77.01544,38.90724],[-77.01549,38.90725],[-77.01559,38.90725],[-77.01574,38.90725],[-77.01586,38.90725],[-77.01597,38.90725],[-77.01606,38.90725],[-77.01614,38.90725],[-77.01618,38.90725],[-77.01628,38.90725],[-77.0164,38.90725],[-77.01669,38.90724],[-77.01697,38.90724],[-77.01722,38.90724],[-77.01755,38.90724],[-77.01756,38.90724],[-77.01785,38.90724],[-77.01815,38.90724],[-77.0184,38.90724],[-77.01865,38.90724],[-77.01883,38.90725],[-77.01892,38.90725],[-77.01894,38.90724],[-77.01894,38.90716],[-77.01894,38.90708],[-77.01894,38.90685],[-77.01894,38.90666],[-77.01894,38.90652],[-77.01894,38.90645],[-77.01894,38.90639],[-77.01894,38.90627],[-77.01893,38.90606],[-77.01893,38.90591],[-77.01893,38.90576],[-77.01893,38.90573],[-77.01893,38.90565],[-77.01905,38.90565],[-77.01915,38.90565],[-77.01941,38.90565],[-77.01959,38.90565],[-77.01973,38.90565],[-77.0199,38.90565],[-77.02061,38.90565],[-77.02061,38.90553],[-77.02061,38.90518],[-77.02057,38.90518],[-77.02053,38.90518],[-77.02053,38.90464],[-77.02055,38.90457],[-77.02055,38.90417],[-77.02057,38.90417],[-77.02192,38.90418],[-77.02192,38.90417],[-77.02192,38.90319]]]},"properties":{"name":"Mount Vernon Square Historic District","label":"Mt. Vernon Square HD","designation":"DC/NR","date":null,"nr":"Y"}},{"type":"Feature","geometry":{"type":"Polygon","coordinates":[[[-77.03675,38.89535],[-77.03692,38.89538],[-77.03714,38.89545],[-77.03736,38.89556],[-77.03757,38.89572],[-77.0377,38.89588],[-77.0378,38.89607],[-77.03785,38.8962],[-77.03788,38.89642],[-77.03946,38.89641],[-77.03947,38.8954],[-77.03948,38.89211],[-77.05016,38.8921],[-77.05309,38.89375],[-77.05322,38.89409],[-77.05454,38.89444],[-77.05463,38.89402],[-77.05479,38.89369],[-77.05516,38.89337],[-77.05545,38.89325],[-77.05592,38.89388],[-77.0563,38.89446],[-77.05638,38.89495],[-77.05667,38.89497],[-77.05661,38.89468],[-77.05654,38.89444],[-77.05647,38.89426],[-77.05627,38.89383],[-77.05619,38.89364],[-77.05612,38.89347],[-77.05596,38.89311],[-77.05595,38.89309],[-77.05594,38.89307],[-77.05591,38.89301],[-77.05592,38.89301],[-77.05589,38.89289],[-77.05587,38.89282],[-77.05585,38.89282],[-77.05583,38.89282],[-77.05578,38.89273],[-77.05572,38.89263],[-77.05567,38.89256],[-77.05561,38.89248],[-77.05558,38.89243],[-77.05555,38.8924],[-77.05554,38.89238],[-77.05552,38.89236],[-77.0555,38.89234],[-77.05549,38.89233],[-77.05546,38.89232],[-77.05545,38.89231],[-77.05544,38.89231],[-77.05544,38.8923],[-77.05545,38.89229],[-77.05546,38.89228],[-77.05547,38.89226],[-77.05547,38.89225],[-77.05548,38.89223],[-77.05549,38.89222],[-77.05549,38.8922],[-77.0555,38.89217],[-77.0555,38.89213],[-77.05551,38.8921],[-77.0555,38.89207],[-77.05549,38.89203],[-77.05548,38.892],[-77.05546,38.89197],[-77.05545,38.89194],[-77.05544,38.89194],[-77.05544,38.89187],[-77.0551,38.89187],[-77.05507,38.89187],[-77.05505,38.89187],[-77.05504,38.89187],[-77.05503,38.89186],[-77.05501,38.89186],[-77.055,38.89185],[-77.05499,38.89184],[-77.05498,38.89183],[-77.05497,38.89182],[-77.05495,38.89178],[-77.0549,38.8917],[-77.05483,38.89158],[-77.05475,38.89146],[-77.05468,38.89137],[-77.05459,38.89126],[-77.05452,38.89117],[-77.05442,38.89107],[-77.05434,38.89099],[-77.05424,38.8909],[-77.05412,38.8908],[-77.05401,38.8907],[-77.05389,38.89061],[-77.05378,38.89054],[-77.05367,38.89047],[-77.05359,38.89042],[-77.05349,38.89036],[-77.05339,38.89031],[-77.0533,38.89027],[-77.05318,38.8902],[-77.05308,38.89016],[-77.05297,38.89011],[-77.05289,38.89007],[-77.05294,38.89009],[-77.0529,38.89004],[-77.05288,38.89001],[-77.05288,38.88999],[-77.05287,38.88997],[-77.05286,38.88995],[-77.05285,38.88993],[-77.05284,38.88991],[-77.05284,38.88989],[-77.05284,38.88987],[-77.05283,38.88985],[-77.05283,38.88982],[-77.05283,38.8898],[-77.05284,38.88978],[-77.05284,38.88976],[-77.05284,38.88974],[-77.05284,38.88972],[-77.05284,38.8897],[-77.05285,38.88969],[-77.05286,38.88969],[-77.05287,38.88967],[-77.05288,38.88966],[-77.05288,38.88964],[-77.05287,38.88962],[-77.05287,38.8896],[-77.05286,38.88958],[-77.05286,38.88957],[-77.05285,38.88955],[-77.05285,38.88954],[-77.05284,38.88954],[-77.05286,38.88945],[-77.05286,38.88937],[-77.05287,38.88928],[-77.05287,38.88921],[-77.05286,38.88914],[-77.05285,38.88906],[-77.05284,38.88897],[-77.05281,38.88887],[-77.05281,38.88886],[-77.05279,38.88887],[-77.05277,38.88878],[-77.05274,38.88871],[-77.05273,38.88869],[-77.05274,38.88869],[-77.0527,38.8886],[-77.05268,38.88856],[-77.05266,38.88853],[-77.05266,38.88852],[-77.05265,38.88852],[-77.05265,38.88851],[-77.05263,38.88848],[-77.05259,38.88842],[-77.05258,38.8884],[-77.05254,38.88833],[-77.05252,38.8883],[-77.05251,38.88829],[-77.0525,38.88828],[-77.05247,38.88824],[-77.05244,38.88819],[-77.05242,38.88816],[-77.05237,38.8881],[-77.05229,38.888],[-77.05218,38.88788],[-77.05217,38.88787],[-77.05206,38.88776],[-77.05193,38.88765],[-77.05181,38.88753],[-77.05168,38.88742],[-77.05154,38.88731],[-77.05142,38.8872],[-77.05128,38.88709],[-77.05111,38.88695],[-77.05107,38.88692],[-77.05103,38.88689],[-77.05084,38.88673],[-77.05051,38.88647],[-77.05047,38.88644],[-77.05028,38.88628],[-77.05022,38.88623],[-77.04985,38.88594],[-77.04928,38.8855],[-77.04901,38.88529],[-77.04871,38.88506],[-77.04841,38.88484],[-77.04833,38.88477],[-77.0482,38.88468],[-77.0481,38.88461],[-77.04801,38.88453],[-77.04785,38.88441],[-77.04762,38.88424],[-77.04746,38.88412],[-77.04732,38.88401],[-77.04719,38.88391],[-77.04705,38.88381],[-77.0469,38.8837],[-77.04678,38.88361],[-77.04666,38.88352],[-77.04662,38.88349],[-77.04661,38.88348],[-77.0466,38.88347],[-77.04652,38.88342],[-77.04612,38.88311],[-77.04589,38.88294],[-77.04572,38.88281],[-77.04545,38.8826],[-77.04526,38.88246],[-77.04491,38.88219],[-77.04488,38.88218],[-77.04447,38.8819],[-77.04444,38.88188],[-77.04442,38.88187],[-77.04441,38.88186],[-77.04439,38.88184],[-77.04437,38.88183],[-77.04434,38.88181],[-77.0443,38.88179],[-77.04427,38.88177],[-77.04421,38.88172],[-77.04414,38.88168],[-77.04397,38.88156],[-77.04381,38.88145],[-77.04377,38.88143],[-77.04364,38.88134],[-77.04348,38.88123],[-77.04344,38.88121],[-77.04317,38.88103],[-77.04313,38.88101],[-77.04297,38.8809],[-77.04289,38.88085],[-77.04286,38.88083],[-77.04282,38.8808],[-77.04243,38.88054],[-77.04239,38.88052],[-77.0423,38.88046],[-77.04199,38.88025],[-77.04195,38.88023],[-77.0419,38.8802],[-77.04186,38.88018],[-77.04185,38.88017],[-77.04182,38.88015],[-77.0418,38.88014],[-77.04179,38.88014],[-77.04178,38.88013],[-77.04176,38.88013],[-77.04176,38.88012],[-77.04175,38.88012],[-77.04171,38.88009],[-77.0417,38.88009],[-77.04168,38.88007],[-77.04167,38.88007],[-77.04156,38.88001],[-77.04151,38.87999],[-77.04143,38.87994],[-77.04141,38.87994],[-77.0414,38.87994],[-77.04139,38.87994],[-77.04136,38.87994],[-77.04131,38.87995],[-77.04106,38.87998],[-77.04099,38.87999],[-77.04098,38.88],[-77.04097,38.88],[-77.04096,38.88],[-77.04095,38.88],[-77.04088,38.88002],[-77.0408,38.88006],[-77.04078,38.88007],[-77.04077,38.88007],[-77.04075,38.88008],[-77.04074,38.88009],[-77.04073,38.8801],[-77.04071,38.8801],[-77.0407,38.88011],[-77.04069,38.88012],[-77.04068,38.88013],[-77.04067,38.88014],[-77.04065,38.88015],[-77.04064,38.88016],[-77.04063,38.88016],[-77.04062,38.88017],[-77.04061,38.88018],[-77.0406,38.88019],[-77.04059,38.8802],[-77.04058,38.88021],[-77.04057,38.88022],[-77.04056,38.88023],[-77.04055,38.88024],[-77.04049,38.88031],[-77.04043,38.88037],[-77.04042,38.88036],[-77.04043,38.88036],[-77.04028,38.88027],[-77.04028,38.88028],[-77.04025,38.88026],[-77.04018,38.88022],[-77.04014,38.8802],[-77.04015,38.8802],[-77.04,38.88012],[-77.03998,38.88011],[-77.04004,38.88006],[-77.04011,38.87999],[-77.04012,38.87997],[-77.04016,38.87992],[-77.04017,38.87991],[-77.04018,38.8799],[-77.04018,38.87989],[-77.04019,38.87988],[-77.0402,38.87986],[-77.0402,38.87985],[-77.04021,38.87984],[-77.04021,38.87983],[-77.04022,38.87982],[-77.04022,38.87981],[-77.04023,38.8798],[-77.04024,38.87979],[-77.04024,38.87977],[-77.04025,38.87976],[-77.04025,38.87975],[-77.04025,38.87974],[-77.04026,38.87973],[-77.04026,38.87971],[-77.04027,38.8797],[-77.04027,38.87969],[-77.04027,38.87968],[-77.04033,38.87944],[-77.04034,38.8794],[-77.04035,38.87939],[-77.04035,38.87938],[-77.04034,38.87938],[-77.04034,38.87937],[-77.04034,38.87936],[-77.04033,38.87935],[-77.04033,38.87934],[-77.04032,38.87934],[-77.04032,38.87933],[-77.04031,38.87932],[-77.04022,38.87927],[-77.0402,38.87926],[-77.04012,38.87922],[-77.03994,38.87912],[-77.0397,38.87899],[-77.03948,38.87887],[-77.03946,38.87885],[-77.03945,38.87885],[-77.03939,38.87881],[-77.03929,38.87876],[-77.03924,38.87873],[-77.03919,38.8787],[-77.03914,38.87868],[-77.03911,38.87866],[-77.03909,38.87865],[-77.03906,38.87864],[-77.03902,38.87861],[-77.03895,38.87857],[-77.03889,38.87854],[-77.03888,38.87854],[-77.0387,38.87843],[-77.03836,38.87823],[-77.038,38.87802],[-77.03794,38.87798],[-77.03778,38.87788],[-77.03777,38.87787],[-77.0377,38.87782],[-77.03761,38.87776],[-77.0376,38.87776],[-77.03744,38.87765],[-77.03739,38.87762],[-77.03738,38.87762],[-77.03728,38.87754],[-77.03715,38.87745],[-77.03714,38.87745],[-77.03714,38.87744],[-77.03713,38.87744],[-77.03709,38.87741],[-77.03707,38.8774],[-77.03707,38.87739],[-77.03685,38.87724],[-77.03684,38.87723],[-77.03683,38.87723],[-77.03678,38.87719],[-77.03658,38.87704],[-77.03657,38.87704],[-77.03648,38.87697],[-77.03169,38.88332],[-77.03216,38.88357],[-77.03275,38.88392],[-77.03339,38.88431],[-77.03365,38.88451],[-77.0337,38.88488],[-77.03369,38.88778],[-77.03321,38.88781],[-77.03286,38.88777],[-77.03195,38.88758],[-77.01518,38.88757],[-77.01523,38.89209],[-77.01557,38.89207],[-77.01585,38.89203],[-77.01626,38.89189],[-77.01639,38.89179],[-77.01757,38.89212],[-77.01859,38.8924],[-77.01868,38.89227],[-77.01912,38.8921],[-77.03366,38.8921],[-77.03362,38.89549],[-77.03365,38.89641],[-77.03507,38.89641],[-77.03522,38.8964],[-77.03526,38.89619],[-77.03533,38.89598],[-77.03541,38.89586],[-77.03556,38.8957],[-77.0357,38.89559],[-77.03585,38.89551],[-77.03603,38.89543],[-77.03626,38.89537],[-77.03647,38.89535],[-77.03675,38.89535]]]},"properties":{"name":"National Mall","label":"National Mall HD","designation":"DC/NR","date":null,"nr":"Y"}},{"type":"Feature","geometry":{"type":"Polygon","coordinates":[[[-77.01368,38.941],[-77.01367,38.94098],[-77.01366,38.94097],[-77.01365,38.94095],[-77.01313,38.94007],[-77.0131,38.94009],[-77.01306,38.9401],[-77.01282,38.94019],[-77.01276,38.94022],[-77.01273,38.94023],[-77.01271,38.94024],[-77.01268,38.94026],[-77.01266,38.94027],[-77.01263,38.94029],[-77.01261,38.9403],[-77.01259,38.94032],[-77.01257,38.94034],[-77.01255,38.94035],[-77.01253,38.94037],[-77.01251,38.9404],[-77.01248,38.94043],[-77.01246,38.94045],[-77.01244,38.94048],[-77.01243,38.94051],[-77.01242,38.94053],[-77.01241,38.94054],[-77.0124,38.94055],[-77.0124,38.94057],[-77.01238,38.9406],[-77.01237,38.94063],[-77.01237,38.94066],[-77.01225,38.94064],[-77.01224,38.94064],[-77.01223,38.94065],[-77.01222,38.94065],[-77.01198,38.94095],[-77.01186,38.94109],[-77.01185,38.94109],[-77.01184,38.94109],[-77.01183,38.94109],[-77.01182,38.94108],[-77.0118,38.94108],[-77.01179,38.94108],[-77.01178,38.94107],[-77.01177,38.94107],[-77.01176,38.94107],[-77.01175,38.94106],[-77.01173,38.94105],[-77.01154,38.94096],[-77.01135,38.94086],[-77.01131,38.94085],[-77.01128,38.94083],[-77.01125,38.94082],[-77.01121,38.9408],[-77.01118,38.94079],[-77.01114,38.94078],[-77.0111,38.94077],[-77.01106,38.94076],[-77.01103,38.94076],[-77.01099,38.94075],[-77.01095,38.94075],[-77.0109,38.94075],[-77.01087,38.94074],[-77.01086,38.94074],[-77.01064,38.94074],[-77.0105,38.94073],[-77.01049,38.94073],[-77.01048,38.94073],[-77.01047,38.94074],[-77.01046,38.94074],[-77.01045,38.94075],[-77.01044,38.94075],[-77.01044,38.94076],[-77.01043,38.94076],[-77.01043,38.94077],[-77.01043,38.94078],[-77.01043,38.94079],[-77.01042,38.94094],[-77.01042,38.94098],[-77.01042,38.941],[-77.0104,38.94123],[-77.01039,38.94151],[-77.01039,38.94153],[-77.01039,38.94154],[-77.01039,38.94155],[-77.0104,38.94157],[-77.01041,38.94158],[-77.01041,38.9416],[-77.01042,38.94161],[-77.01043,38.94162],[-77.01044,38.94163],[-77.01046,38.94165],[-77.01047,38.94166],[-77.01048,38.94166],[-77.01049,38.94167],[-77.0105,38.94168],[-77.01051,38.94168],[-77.01052,38.94168],[-77.01053,38.94168],[-77.01054,38.94169],[-77.01055,38.94169],[-77.01056,38.94169],[-77.01057,38.94169],[-77.01058,38.9417],[-77.01059,38.9417],[-77.0106,38.9417],[-77.01061,38.9417],[-77.01062,38.9417],[-77.01063,38.9417],[-77.01066,38.9417],[-77.01066,38.94182],[-77.01067,38.94187],[-77.01073,38.94187],[-77.01096,38.94187],[-77.01102,38.94187],[-77.01126,38.94186],[-77.01154,38.94185],[-77.01155,38.94185],[-77.01155,38.94184],[-77.01155,38.94183],[-77.01155,38.94181],[-77.01155,38.94179],[-77.01155,38.94178],[-77.01156,38.94178],[-77.01158,38.94178],[-77.01158,38.94179],[-77.01159,38.94179],[-77.01159,38.9418],[-77.0116,38.9418],[-77.01161,38.9418],[-77.01185,38.9418],[-77.01186,38.9418],[-77.01187,38.9418],[-77.01188,38.9418],[-77.012,38.94185],[-77.01201,38.94186],[-77.01202,38.94186],[-77.01203,38.94186],[-77.01204,38.94187],[-77.01205,38.94187],[-77.01206,38.94187],[-77.01207,38.94187],[-77.01208,38.94187],[-77.01209,38.94187],[-77.0121,38.94187],[-77.01211,38.94186],[-77.01217,38.94185],[-77.0122,38.94185],[-77.01223,38.94184],[-77.01225,38.94184],[-77.01226,38.94184],[-77.01229,38.94183],[-77.01235,38.94181],[-77.01238,38.94181],[-77.01241,38.9418],[-77.01276,38.94169],[-77.013,38.94163],[-77.01301,38.94163],[-77.01302,38.94163],[-77.01302,38.94162],[-77.01303,38.94162],[-77.01304,38.94162],[-77.01304,38.94161],[-77.01305,38.94161],[-77.0133,38.94147],[-77.01332,38.94146],[-77.01333,38.94146],[-77.01333,38.94145],[-77.01334,38.94145],[-77.01335,38.94144],[-77.01336,38.94144],[-77.01336,38.94143],[-77.0134,38.9414],[-77.01342,38.94138],[-77.01344,38.94136],[-77.01346,38.94134],[-77.01348,38.94132],[-77.01349,38.9413],[-77.01351,38.94128],[-77.01353,38.94126],[-77.01355,38.94124],[-77.01357,38.94122],[-77.01359,38.9412],[-77.0136,38.94119],[-77.01361,38.94118],[-77.01362,38.94117],[-77.01362,38.94115],[-77.01363,38.94114],[-77.01364,38.94112],[-77.01365,38.94111],[-77.01366,38.9411],[-77.01366,38.94109],[-77.01367,38.94108],[-77.01367,38.94107],[-77.01367,38.94106],[-77.01367,38.94105],[-77.01368,38.94104],[-77.01368,38.94103],[-77.01368,38.94102],[-77.01368,38.94101],[-77.01368,38.941]]]},"properties":{"name":"Soldier's Home National Historic Site","label":"Soldier's Home NHS","designation":"DC/NR/NHL","date":null,"nr":"Y"}},{"type":"Feature","geometry":{"type":"Polygon","coordinates":[[[-77.00704,38.93759],[-77.00736,38.93843],[-77.00758,38.93885],[-77.00834,38.94031],[-77.00846,38.94065],[-77.00851,38.94093],[-77.00852,38.94115],[-77.0085,38.9414],[-77.00846,38.94164],[-77.00841,38.94186],[-77.00822,38.94236],[-77.00852,38.94253],[-77.00907,38.94284],[-77.00928,38.94298],[-77.00973,38.94329],[-77.01051,38.9441],[-77.01086,38.94448],[-77.01102,38.9445],[-77.01155,38.94427],[-77.01211,38.94377],[-77.0124,38.94316],[-77.01257,38.9428],[-77.01272,38.9426],[-77.01288,38.94243],[-77.01315,38.94218],[-77.01331,38.94205],[-77.01374,38.94166],[-77.01402,38.9414],[-77.01424,38.94116],[-77.01458,38.94073],[-77.01472,38.94048],[-77.01496,38.94012],[-77.01509,38.93989],[-77.01523,38.93971],[-77.01588,38.93914],[-77.01626,38.9388],[-77.01679,38.93832],[-77.01732,38.93788],[-77.01738,38.93784],[-77.01755,38.93773],[-77.01896,38.93736],[-77.01911,38.93706],[-77.01916,38.93688],[-77.01909,38.93415],[-77.01823,38.9307],[-77.01819,38.93064],[-77.01814,38.93065],[-77.01646,38.93092],[-77.01618,38.93101],[-77.01592,38.93108],[-77.01563,38.93118],[-77.01541,38.93124],[-77.01515,38.93131],[-77.01491,38.93135],[-77.01463,38.93135],[-77.01413,38.93136],[-77.01368,38.93137],[-77.01295,38.93139],[-77.01194,38.9314],[-77.0092,38.93144],[-77.00894,38.93145],[-77.00867,38.9315],[-77.00849,38.93158],[-77.00837,38.93171],[-77.00826,38.93187],[-77.00824,38.93201],[-77.00817,38.93212],[-77.00803,38.93223],[-77.00697,38.93278],[-77.00689,38.93285],[-77.00684,38.93296],[-77.00662,38.93374],[-77.00631,38.93445],[-77.0063,38.93483],[-77.00666,38.93562],[-77.00689,38.9365],[-77.00692,38.93673],[-77.00697,38.93727],[-77.00704,38.93759]]]},"properties":{"name":"Armed Forces Retirement Home-Washington Historic District","label":"Armed Forces Retirement Home HD","designation":"DC/NR","date":null,"nr":"Y"}},{"type":"Feature","geometry":{"type":"Polygon","coordinates":[[[-77.0501,38.90732],[-77.0501,38.90725],[-77.05007,38.90725],[-77.05001,38.90725],[-77.04999,38.90725],[-77.04962,38.90725],[-77.04905,38.90725],[-77.04891,38.90725],[-77.04881,38.90725],[-77.04869,38.90725],[-77.04868,38.90725],[-77.04843,38.90725],[-77.04823,38.90725],[-77.04756,38.90725],[-77.04681,38.90725],[-77.04674,38.90725],[-77.04664,38.90725],[-77.04664,38.90718],[-77.04665,38.90676],[-77.04665,38.90659],[-77.04664,38.90642],[-77.04664,38.90641],[-77.04665,38.90624],[-77.04654,38.90635],[-77.04619,38.90673],[-77.04577,38.90716],[-77.04576,38.90717],[-77.04569,38.90725],[-77.04552,38.90725],[-77.04548,38.90725],[-77.04542,38.90725],[-77.04535,38.90725],[-77.04528,38.90725],[-77.04522,38.90725],[-77.04515,38.90725],[-77.04509,38.90725],[-77.04502,38.90725],[-77.04496,38.90725],[-77.04489,38.90725],[-77.04489,38.90733],[-77.04489,38.90781],[-77.04489,38.90783],[-77.04489,38.90791],[-77.04476,38.90791],[-77.04427,38.90791],[-77.04427,38.90784],[-77.04427,38.9076],[-77.04344,38.9076],[-77.04345,38.90743],[-77.04345,38.90734],[-77.04345,38.90725],[-77.04345,38.90716],[-77.04345,38.90677],[-77.04345,38.90654],[-77.04345,38.90646],[-77.04345,38.9064],[-77.04345,38.90636],[-77.04345,38.90593],[-77.04345,38.90579],[-77.04345,38.90566],[-77.04335,38.90566],[-77.04251,38.90566],[-77.04213,38.90566],[-77.04182,38.90566],[-77.04169,38.90566],[-77.04154,38.90567],[-77.0414,38.90567],[-77.04137,38.90567],[-77.04113,38.90567],[-77.04096,38.90572],[-77.04092,38.90573],[-77.04087,38.90574],[-77.04082,38.90576],[-77.04066,38.90581],[-77.04052,38.90586],[-77.04033,38.90593],[-77.04017,38.90598],[-77.04001,38.90604],[-77.03985,38.9061],[-77.03969,38.90615],[-77.03953,38.90621],[-77.03936,38.90627],[-77.0385,38.90656],[-77.03825,38.90665],[-77.03805,38.90672],[-77.03795,38.90675],[-77.03765,38.90686],[-77.03766,38.90699],[-77.03766,38.90712],[-77.03766,38.90724],[-77.03766,38.9074],[-77.03766,38.90764],[-77.03733,38.90752],[-77.03725,38.90749],[-77.03725,38.90775],[-77.03725,38.90826],[-77.03745,38.90826],[-77.03775,38.90837],[-77.03775,38.9087],[-77.03753,38.9087],[-77.03753,38.90881],[-77.03753,38.90916],[-77.03738,38.90916],[-77.03738,38.90928],[-77.03725,38.90928],[-77.03725,38.90955],[-77.03725,38.90965],[-77.03719,38.90965],[-77.03719,38.90977],[-77.03719,38.91032],[-77.03719,38.91039],[-77.03719,38.91045],[-77.03719,38.91069],[-77.03719,38.911],[-77.03719,38.91113],[-77.0372,38.91113],[-77.0372,38.91124],[-77.0372,38.9115],[-77.0372,38.91179],[-77.0372,38.91188],[-77.0372,38.91193],[-77.0372,38.91221],[-77.0372,38.91248],[-77.0372,38.91262],[-77.03717,38.91262],[-77.03717,38.91275],[-77.03717,38.913],[-77.03717,38.9133],[-77.03717,38.91336],[-77.03717,38.91344],[-77.03717,38.91399],[-77.03717,38.9141],[-77.03714,38.9141],[-77.03714,38.91422],[-77.03714,38.9145],[-77.03714,38.91451],[-77.03848,38.91451],[-77.03848,38.91468],[-77.03848,38.91469],[-77.03848,38.91484],[-77.03848,38.9149],[-77.0387,38.915],[-77.03906,38.91515],[-77.03905,38.91516],[-77.03905,38.91517],[-77.03903,38.91519],[-77.03913,38.91519],[-77.03926,38.91519],[-77.03932,38.91521],[-77.03949,38.91521],[-77.03954,38.91519],[-77.03976,38.91519],[-77.03983,38.9152],[-77.0401,38.9152],[-77.04072,38.9152],[-77.04074,38.91518],[-77.04122,38.91518],[-77.04151,38.91518],[-77.04166,38.91518],[-77.04166,38.91519],[-77.04182,38.91519],[-77.04196,38.91519],[-77.04252,38.91519],[-77.04286,38.91519],[-77.04286,38.91546],[-77.04286,38.91558],[-77.04333,38.91558],[-77.04342,38.91558],[-77.04343,38.91558],[-77.04352,38.91558],[-77.04375,38.91558],[-77.04404,38.91558],[-77.04407,38.91556],[-77.04415,38.91552],[-77.04422,38.91548],[-77.04426,38.91546],[-77.04439,38.9154],[-77.04448,38.91535],[-77.04464,38.91527],[-77.04472,38.91522],[-77.04484,38.91516],[-77.04492,38.91512],[-77.04502,38.91506],[-77.04504,38.91505],[-77.04527,38.91492],[-77.04554,38.91476],[-77.04574,38.91465],[-77.04596,38.91452],[-77.04598,38.91452],[-77.04599,38.91451],[-77.04609,38.91444],[-77.04617,38.91439],[-77.04624,38.91434],[-77.04634,38.91426],[-77.04639,38.91421],[-77.04649,38.91412],[-77.04651,38.9141],[-77.04658,38.91404],[-77.04663,38.91398],[-77.04665,38.91396],[-77.04675,38.91388],[-77.04679,38.91384],[-77.04681,38.91383],[-77.04682,38.91382],[-77.04684,38.9138],[-77.04686,38.91379],[-77.04687,38.91377],[-77.04688,38.91376],[-77.04689,38.91374],[-77.0469,38.91373],[-77.04691,38.91371],[-77.04692,38.91369],[-77.04695,38.91364],[-77.04698,38.91358],[-77.04702,38.91352],[-77.04708,38.9134],[-77.04713,38.91332],[-77.04716,38.91326],[-77.04726,38.91308],[-77.04745,38.91275],[-77.04747,38.91271],[-77.04748,38.9127],[-77.0475,38.91267],[-77.04753,38.91264],[-77.04756,38.91262],[-77.04757,38.91259],[-77.04759,38.91257],[-77.04761,38.91255],[-77.04764,38.91253],[-77.04766,38.91251],[-77.04768,38.91248],[-77.04771,38.91246],[-77.04773,38.91243],[-77.04776,38.91241],[-77.04796,38.91219],[-77.04798,38.91217],[-77.04801,38.91214],[-77.04803,38.91212],[-77.04806,38.91209],[-77.04808,38.91207],[-77.04811,38.91204],[-77.04814,38.91202],[-77.04817,38.912],[-77.0482,38.91197],[-77.04823,38.91195],[-77.04843,38.9118],[-77.04849,38.91176],[-77.04879,38.91151],[-77.04886,38.91144],[-77.04887,38.9114],[-77.04887,38.91122],[-77.04887,38.91115],[-77.04887,38.91114],[-77.04887,38.91109],[-77.04887,38.91104],[-77.04887,38.911],[-77.04887,38.91087],[-77.04889,38.91076],[-77.04889,38.91073],[-77.04891,38.91065],[-77.04892,38.91062],[-77.04896,38.91053],[-77.049,38.91043],[-77.04905,38.91032],[-77.04914,38.91017],[-77.04915,38.91016],[-77.04917,38.91012],[-77.0492,38.91006],[-77.04925,38.90997],[-77.04926,38.90994],[-77.04929,38.90986],[-77.0493,38.90984],[-77.0493,38.90981],[-77.04931,38.90976],[-77.04934,38.90964],[-77.04934,38.90955],[-77.04934,38.9093],[-77.04934,38.90857],[-77.04934,38.90853],[-77.04934,38.90852],[-77.04934,38.9085],[-77.04934,38.90849],[-77.04934,38.90848],[-77.04935,38.90846],[-77.04935,38.90845],[-77.04935,38.90843],[-77.04936,38.90841],[-77.04937,38.9084],[-77.04937,38.90839],[-77.04938,38.90836],[-77.04939,38.90834],[-77.0494,38.90832],[-77.04942,38.9083],[-77.04943,38.90827],[-77.04945,38.90825],[-77.04946,38.90823],[-77.04948,38.90821],[-77.0495,38.90819],[-77.04966,38.90806],[-77.04982,38.90793],[-77.04984,38.90791],[-77.04986,38.9079],[-77.04988,38.90788],[-77.0499,38.90786],[-77.04992,38.90785],[-77.04994,38.90783],[-77.04996,38.90781],[-77.04997,38.90779],[-77.04999,38.90777],[-77.04999,38.90776],[-77.05001,38.90775],[-77.05002,38.90773],[-77.05003,38.90771],[-77.05004,38.90769],[-77.05005,38.90767],[-77.05006,38.90765],[-77.05007,38.90763],[-77.05008,38.90761],[-77.05009,38.90759],[-77.05009,38.90758],[-77.05009,38.90756],[-77.0501,38.90754],[-77.0501,38.90752],[-77.0501,38.9075],[-77.0501,38.90748],[-77.05011,38.90745],[-77.05011,38.90744],[-77.0501,38.90741],[-77.0501,38.90733],[-77.0501,38.90732]]]},"properties":{"name":"Dupont Circle Historic District","label":"Dupont Circle HD","designation":"DC/NR","date":null,"nr":"Y"}},{"type":"Feature","geometry":{"type":"Polygon","coordinates":[[[-77.03365,38.89549],[-77.03365,38.89533],[-77.03365,38.89515],[-77.03364,38.89432],[-77.03365,38.89388],[-77.03365,38.89365],[-77.03364,38.89321],[-77.03364,38.89303],[-77.03364,38.89286],[-77.03364,38.89267],[-77.03364,38.89248],[-77.03364,38.89228],[-77.03366,38.8921],[-77.03344,38.89209],[-77.03327,38.89209],[-77.033,38.89209],[-77.03269,38.89209],[-77.03236,38.8921],[-77.03216,38.8921],[-77.03196,38.8921],[-77.03175,38.8921],[-77.03171,38.8921],[-77.03137,38.8921],[-77.03104,38.89209],[-77.03067,38.8921],[-77.03036,38.8921],[-77.03003,38.8921],[-77.02997,38.8921],[-77.02972,38.89209],[-77.02939,38.89209],[-77.02908,38.89209],[-77.02877,38.89209],[-77.0285,38.89209],[-77.02834,38.89209],[-77.02819,38.89209],[-77.02814,38.89209],[-77.0281,38.89209],[-77.02801,38.89209],[-77.02791,38.89209],[-77.02788,38.89209],[-77.02774,38.89209],[-77.02755,38.89209],[-77.02742,38.89209],[-77.02713,38.89209],[-77.02681,38.89209],[-77.02646,38.89209],[-77.02629,38.89209],[-77.02618,38.89209],[-77.02606,38.89209],[-77.02599,38.89209],[-77.02592,38.89209],[-77.02586,38.89209],[-77.02571,38.89209],[-77.0253,38.89209],[-77.02504,38.89209],[-77.02473,38.89209],[-77.02439,38.89209],[-77.02413,38.89209],[-77.024,38.89209],[-77.02396,38.89209],[-77.0238,38.89209],[-77.02375,38.89209],[-77.02349,38.89209],[-77.02318,38.89209],[-77.02291,38.89209],[-77.02259,38.89209],[-77.02228,38.89209],[-77.02212,38.89209],[-77.0219,38.89209],[-77.02171,38.89208],[-77.02162,38.89208],[-77.02131,38.89208],[-77.02107,38.89208],[-77.02083,38.89208],[-77.01991,38.89208],[-77.01918,38.89208],[-77.01892,38.89215],[-77.01868,38.89227],[-77.01859,38.8924],[-77.0199,38.89277],[-77.02071,38.89299],[-77.02075,38.89301],[-77.02192,38.8933],[-77.02311,38.89365],[-77.02335,38.89372],[-77.0239,38.89386],[-77.02398,38.89388],[-77.026,38.89445],[-77.02706,38.89474],[-77.0281,38.89503],[-77.02881,38.89523],[-77.02964,38.89545],[-77.02989,38.89551],[-77.02997,38.89551],[-77.03021,38.89551],[-77.03077,38.89551],[-77.03196,38.89551],[-77.03256,38.89551],[-77.03308,38.89551],[-77.03341,38.89551],[-77.03342,38.89551],[-77.03362,38.89549],[-77.03365,38.89549]]]},"properties":{"name":"Federal Triangle Historic District","label":"Federal Triangle HD","designation":"DC","date":null,"nr":"N"}},{"type":"Feature","geometry":{"type":"Polygon","coordinates":[[[-77.11532,38.93507],[-77.11534,38.93507],[-77.11536,38.93509],[-77.11537,38.9351],[-77.11539,38.93512],[-77.11541,38.93515],[-77.11543,38.93517],[-77.11544,38.93519],[-77.11546,38.93521],[-77.11547,38.93524],[-77.11549,38.93526],[-77.1155,38.93528],[-77.11552,38.93531],[-77.11554,38.93533],[-77.11555,38.93535],[-77.11557,38.93537],[-77.11559,38.9354],[-77.11561,38.93542],[-77.11563,38.93544],[-77.11565,38.93546],[-77.11567,38.93548],[-77.1157,38.9355],[-77.11572,38.93552],[-77.11574,38.93554],[-77.11576,38.93556],[-77.11578,38.93558],[-77.1158,38.9356],[-77.11583,38.93562],[-77.11585,38.93564],[-77.11587,38.93566],[-77.1159,38.93568],[-77.11592,38.9357],[-77.11594,38.93572],[-77.11597,38.93574],[-77.11599,38.93576],[-77.11601,38.93578],[-77.11604,38.9358],[-77.11606,38.93583],[-77.11608,38.93584],[-77.1161,38.93586],[-77.11612,38.93589],[-77.11614,38.93591],[-77.11616,38.93593],[-77.11617,38.93595],[-77.11619,38.93597],[-77.11621,38.93598],[-77.11623,38.936],[-77.11626,38.93602],[-77.11628,38.93603],[-77.1163,38.93605],[-77.11632,38.93607],[-77.11634,38.93609],[-77.11636,38.93611],[-77.11638,38.93613],[-77.1164,38.93615],[-77.11643,38.93617],[-77.11645,38.93618],[-77.11647,38.9362],[-77.1165,38.93622],[-77.11652,38.93623],[-77.11654,38.93625],[-77.11656,38.93627],[-77.11658,38.93629],[-77.11661,38.9363],[-77.11663,38.93632],[-77.11665,38.93634],[-77.11667,38.93636],[-77.11669,38.93637],[-77.11671,38.93639],[-77.11673,38.93641],[-77.11675,38.93642],[-77.11678,38.93644],[-77.1168,38.93645],[-77.11682,38.93647],[-77.11683,38.93648],[-77.11685,38.93649],[-77.11688,38.93651],[-77.1169,38.93653],[-77.11692,38.93654],[-77.11694,38.93656],[-77.11696,38.93657],[-77.11711,38.93645],[-77.11934,38.93471],[-77.11934,38.93469],[-77.11934,38.93467],[-77.11933,38.93466],[-77.11932,38.93464],[-77.1193,38.93463],[-77.11929,38.93462],[-77.11928,38.93461],[-77.11926,38.9346],[-77.11925,38.9346],[-77.11924,38.93459],[-77.11924,38.93458],[-77.11923,38.93458],[-77.11922,38.93457],[-77.11921,38.93456],[-77.11919,38.93456],[-77.11918,38.93456],[-77.11916,38.93456],[-77.11915,38.93457],[-77.11914,38.93456],[-77.11913,38.93456],[-77.11914,38.93455],[-77.11914,38.93453],[-77.11914,38.93452],[-77.11913,38.93451],[-77.11912,38.9345],[-77.11911,38.93449],[-77.1191,38.93447],[-77.1191,38.93446],[-77.11909,38.93445],[-77.11908,38.93444],[-77.11906,38.93443],[-77.11904,38.93442],[-77.11903,38.93442],[-77.11901,38.93441],[-77.119,38.9344],[-77.11899,38.93439],[-77.11898,38.93438],[-77.11897,38.93437],[-77.11896,38.93435],[-77.11895,38.93434],[-77.11893,38.93433],[-77.11892,38.93433],[-77.1189,38.93432],[-77.11889,38.93431],[-77.11888,38.93431],[-77.11887,38.93432],[-77.11886,38.93433],[-77.11884,38.93433],[-77.11883,38.93432],[-77.11882,38.93431],[-77.11881,38.9343],[-77.1188,38.93429],[-77.11879,38.93429],[-77.11877,38.93427],[-77.11876,38.93426],[-77.11875,38.93425],[-77.11873,38.93424],[-77.11872,38.93423],[-77.1187,38.93422],[-77.11869,38.9342],[-77.11868,38.93419],[-77.11867,38.93417],[-77.11865,38.93416],[-77.11863,38.93414],[-77.11861,38.93412],[-77.1186,38.93411],[-77.11859,38.93409],[-77.11857,38.93408],[-77.11856,38.93407],[-77.11855,38.93405],[-77.11855,38.93404],[-77.11854,38.93402],[-77.11853,38.93401],[-77.11852,38.934],[-77.11851,38.934],[-77.11849,38.934],[-77.11847,38.93401],[-77.11846,38.934],[-77.11845,38.93399],[-77.11844,38.93397],[-77.11844,38.93395],[-77.11842,38.93393],[-77.11841,38.93393],[-77.11838,38.93392],[-77.11836,38.93392],[-77.11834,38.93392],[-77.11833,38.93391],[-77.11832,38.9339],[-77.11831,38.93388],[-77.1183,38.93387],[-77.11828,38.93386],[-77.11826,38.93384],[-77.11825,38.93382],[-77.11825,38.9338],[-77.11825,38.93378],[-77.11824,38.93377],[-77.11825,38.93376],[-77.11825,38.93372],[-77.11825,38.9337],[-77.11826,38.93369],[-77.11826,38.93368],[-77.11826,38.93367],[-77.11826,38.93365],[-77.11825,38.93364],[-77.11824,38.93363],[-77.11823,38.93363],[-77.11821,38.93362],[-77.1182,38.93362],[-77.11819,38.93361],[-77.11818,38.93361],[-77.11816,38.9336],[-77.11815,38.9336],[-77.11814,38.93359],[-77.11813,38.93359],[-77.11811,38.93358],[-77.1181,38.93358],[-77.11809,38.93359],[-77.11809,38.9336],[-77.11808,38.93361],[-77.11807,38.93361],[-77.11806,38.93361],[-77.11806,38.9336],[-77.11805,38.9336],[-77.11804,38.9336],[-77.11803,38.93359],[-77.11802,38.93359],[-77.118,38.93358],[-77.11799,38.93357],[-77.11798,38.93356],[-77.11797,38.93355],[-77.11797,38.93354],[-77.11796,38.93353],[-77.11795,38.93352],[-77.11794,38.93351],[-77.11793,38.93351],[-77.11791,38.93351],[-77.1179,38.9335],[-77.11789,38.93349],[-77.11788,38.93348],[-77.11787,38.93347],[-77.11787,38.93346],[-77.11787,38.93344],[-77.11787,38.93343],[-77.11788,38.93341],[-77.11789,38.9334],[-77.1179,38.93338],[-77.1179,38.93336],[-77.1179,38.93335],[-77.1179,38.93334],[-77.11791,38.93333],[-77.11791,38.93331],[-77.11791,38.9333],[-77.1179,38.93328],[-77.11789,38.93327],[-77.11787,38.93326],[-77.11787,38.93324],[-77.11786,38.93323],[-77.11785,38.93322],[-77.11785,38.9332],[-77.11785,38.93319],[-77.11785,38.93317],[-77.11785,38.93316],[-77.11784,38.93314],[-77.11783,38.93313],[-77.11781,38.93311],[-77.1178,38.9331],[-77.11779,38.93309],[-77.11778,38.93308],[-77.11777,38.93307],[-77.11777,38.93306],[-77.11776,38.93305],[-77.11775,38.93304],[-77.11775,38.93303],[-77.11775,38.93302],[-77.11775,38.93301],[-77.11776,38.933],[-77.11777,38.93299],[-77.11777,38.93297],[-77.11776,38.93296],[-77.11775,38.93295],[-77.11774,38.93294],[-77.11773,38.93293],[-77.11771,38.93291],[-77.1177,38.9329],[-77.11769,38.93289],[-77.11768,38.93288],[-77.11767,38.93287],[-77.11766,38.93285],[-77.11765,38.93284],[-77.11764,38.93283],[-77.11764,38.93281],[-77.11764,38.93279],[-77.11764,38.93278],[-77.11764,38.93277],[-77.11763,38.93276],[-77.11761,38.93276],[-77.1176,38.93277],[-77.11758,38.93277],[-77.11756,38.93278],[-77.11755,38.93278],[-77.11753,38.93279],[-77.11752,38.9328],[-77.1175,38.93281],[-77.11749,38.93281],[-77.11747,38.93281],[-77.11745,38.93281],[-77.11743,38.93281],[-77.11741,38.93281],[-77.11739,38.9328],[-77.11738,38.93279],[-77.11737,38.93278],[-77.11736,38.93276],[-77.11736,38.93275],[-77.11736,38.93273],[-77.11735,38.93271],[-77.11735,38.93269],[-77.11734,38.93268],[-77.11732,38.93267],[-77.11731,38.93266],[-77.11728,38.93266],[-77.11726,38.93267],[-77.11725,38.93268],[-77.11723,38.93268],[-77.11722,38.93269],[-77.11721,38.93269],[-77.11721,38.9327],[-77.11721,38.93271],[-77.11721,38.93272],[-77.11721,38.93273],[-77.11721,38.93274],[-77.1172,38.93275],[-77.11719,38.93276],[-77.11717,38.93277],[-77.11716,38.93279],[-77.11714,38.9328],[-77.11713,38.93282],[-77.11711,38.93283],[-77.1171,38.93284],[-77.11708,38.93286],[-77.11706,38.93287],[-77.11705,38.93288],[-77.11704,38.93289],[-77.11702,38.9329],[-77.11701,38.93291],[-77.11699,38.93291],[-77.11697,38.93291],[-77.11697,38.9329],[-77.11696,38.93289],[-77.11697,38.93288],[-77.11697,38.93287],[-77.11698,38.93287],[-77.11699,38.93286],[-77.117,38.93284],[-77.11701,38.93283],[-77.11702,38.93282],[-77.11704,38.93281],[-77.11705,38.93279],[-77.11707,38.93278],[-77.11708,38.93276],[-77.11709,38.93275],[-77.1171,38.93273],[-77.11711,38.93272],[-77.11712,38.9327],[-77.11713,38.93268],[-77.11714,38.93267],[-77.11715,38.93265],[-77.11716,38.93263],[-77.11717,38.93262],[-77.11718,38.9326],[-77.11718,38.93259],[-77.11718,38.93257],[-77.11717,38.93256],[-77.11716,38.93256],[-77.11715,38.93257],[-77.11714,38.93258],[-77.11713,38.93258],[-77.11712,38.93258],[-77.1171,38.93257],[-77.11709,38.93256],[-77.11707,38.93255],[-77.11705,38.93254],[-77.11703,38.93254],[-77.11701,38.93254],[-77.117,38.93253],[-77.117,38.93252],[-77.117,38.9325],[-77.117,38.93249],[-77.117,38.93247],[-77.11701,38.93246],[-77.117,38.93244],[-77.117,38.93243],[-77.11699,38.93242],[-77.11697,38.93239],[-77.11697,38.93238],[-77.11697,38.93236],[-77.11698,38.93234],[-77.11697,38.93232],[-77.11697,38.93231],[-77.11696,38.93229],[-77.11695,38.93229],[-77.11694,38.93229],[-77.11692,38.93228],[-77.11691,38.93227],[-77.1169,38.93226],[-77.11689,38.93224],[-77.11689,38.93223],[-77.11688,38.93221],[-77.11688,38.93219],[-77.11688,38.93217],[-77.11687,38.93215],[-77.11687,38.93213],[-77.11685,38.93211],[-77.11684,38.9321],[-77.11681,38.9321],[-77.1168,38.93209],[-77.11678,38.93208],[-77.11676,38.93208],[-77.11674,38.93208],[-77.11673,38.93209],[-77.11672,38.9321],[-77.1167,38.93209],[-77.11669,38.93208],[-77.11669,38.93207],[-77.11669,38.93206],[-77.11669,38.93204],[-77.11668,38.93204],[-77.11667,38.93202],[-77.11666,38.93201],[-77.11664,38.93199],[-77.11663,38.93198],[-77.11662,38.93198],[-77.11661,38.93199],[-77.11661,38.932],[-77.11661,38.93202],[-77.11662,38.93203],[-77.11662,38.93205],[-77.11662,38.93206],[-77.11661,38.93206],[-77.11659,38.93206],[-77.11658,38.93206],[-77.11657,38.93205],[-77.11657,38.93204],[-77.11657,38.93203],[-77.11657,38.93201],[-77.11657,38.932],[-77.11657,38.93199],[-77.11657,38.93198],[-77.11656,38.93197],[-77.11655,38.93196],[-77.11654,38.93195],[-77.11652,38.93194],[-77.11651,38.93192],[-77.1165,38.93191],[-77.11649,38.93189],[-77.11649,38.93187],[-77.11649,38.93185],[-77.11649,38.93183],[-77.11649,38.93181],[-77.11649,38.93179],[-77.11648,38.93179],[-77.11646,38.93178],[-77.11644,38.93178],[-77.11642,38.93178],[-77.11641,38.93178],[-77.1164,38.93176],[-77.1164,38.93174],[-77.1164,38.93172],[-77.11641,38.9317],[-77.11642,38.93168],[-77.11642,38.93166],[-77.11643,38.93164],[-77.11643,38.93162],[-77.11644,38.93161],[-77.11643,38.93158],[-77.11642,38.93156],[-77.1164,38.93154],[-77.11638,38.93153],[-77.11637,38.93151],[-77.11635,38.9315],[-77.11634,38.93149],[-77.11633,38.93147],[-77.11633,38.93145],[-77.11633,38.93143],[-77.11633,38.93141],[-77.11633,38.93139],[-77.11633,38.93137],[-77.11634,38.93135],[-77.11635,38.93133],[-77.11637,38.93133],[-77.11638,38.93133],[-77.1164,38.93133],[-77.11641,38.93134],[-77.11643,38.93135],[-77.11645,38.93137],[-77.11648,38.93138],[-77.1165,38.93138],[-77.11651,38.93137],[-77.11652,38.93136],[-77.11652,38.93135],[-77.11652,38.93133],[-77.11652,38.93132],[-77.11651,38.9313],[-77.1165,38.93129],[-77.11649,38.93127],[-77.11648,38.93126],[-77.11647,38.93124],[-77.11646,38.93122],[-77.11645,38.9312],[-77.11644,38.93118],[-77.11644,38.93116],[-77.11643,38.93114],[-77.11644,38.93113],[-77.11645,38.93112],[-77.11647,38.93111],[-77.11649,38.9311],[-77.11649,38.93109],[-77.11648,38.93107],[-77.11647,38.93105],[-77.11647,38.93104],[-77.11647,38.93102],[-77.11647,38.931],[-77.11648,38.93098],[-77.11648,38.93097],[-77.11648,38.93095],[-77.11647,38.93094],[-77.11646,38.93093],[-77.11644,38.93093],[-77.11642,38.93091],[-77.1164,38.9309],[-77.11639,38.93088],[-77.11638,38.93086],[-77.11637,38.93083],[-77.11638,38.93081],[-77.11638,38.9308],[-77.11639,38.93078],[-77.1164,38.93076],[-77.11641,38.93074],[-77.11641,38.93072],[-77.11641,38.9307],[-77.1164,38.93069],[-77.11639,38.93068],[-77.11638,38.93068],[-77.11637,38.9307],[-77.11636,38.93072],[-77.11635,38.93074],[-77.11633,38.93075],[-77.11631,38.93077],[-77.11629,38.93078],[-77.11627,38.93079],[-77.11625,38.93079],[-77.11623,38.93079],[-77.11622,38.93078],[-77.11621,38.93076],[-77.11621,38.93074],[-77.1162,38.93072],[-77.11619,38.93071],[-77.11617,38.93069],[-77.11616,38.93067],[-77.11615,38.93066],[-77.11613,38.93064],[-77.11612,38.93063],[-77.11611,38.93061],[-77.1161,38.9306],[-77.11609,38.93059],[-77.11607,38.93058],[-77.11605,38.93058],[-77.11604,38.93056],[-77.11604,38.93055],[-77.11604,38.93054],[-77.11605,38.93052],[-77.11606,38.93051],[-77.11607,38.93049],[-77.11608,38.93047],[-77.11609,38.93045],[-77.11609,38.93044],[-77.11609,38.93043],[-77.11608,38.93043],[-77.11607,38.93042],[-77.11606,38.93042],[-77.11605,38.93041],[-77.11604,38.93041],[-77.11603,38.93039],[-77.11602,38.93038],[-77.11601,38.93038],[-77.11599,38.93037],[-77.11598,38.93036],[-77.11597,38.93035],[-77.11597,38.93034],[-77.11596,38.93033],[-77.11597,38.93032],[-77.11597,38.93031],[-77.11598,38.9303],[-77.11599,38.93029],[-77.116,38.93029],[-77.116,38.93025],[-77.116,38.93024],[-77.116,38.93022],[-77.11599,38.93021],[-77.11599,38.9302],[-77.11598,38.93019],[-77.11597,38.93018],[-77.11597,38.93017],[-77.11597,38.93015],[-77.11596,38.93014],[-77.11596,38.93012],[-77.11595,38.93011],[-77.11596,38.9301],[-77.11596,38.93009],[-77.11595,38.93008],[-77.11595,38.93007],[-77.11594,38.93005],[-77.11594,38.93004],[-77.11594,38.93003],[-77.11594,38.93002],[-77.11594,38.93001],[-77.11594,38.92999],[-77.11594,38.92998],[-77.11595,38.92997],[-77.11597,38.92996],[-77.11598,38.92996],[-77.11599,38.92996],[-77.116,38.92996],[-77.11601,38.92996],[-77.11601,38.92995],[-77.116,38.92995],[-77.11599,38.92994],[-77.11597,38.92993],[-77.11597,38.92992],[-77.11596,38.92991],[-77.11595,38.92989],[-77.11595,38.92988],[-77.11595,38.92987],[-77.11595,38.92986],[-77.11597,38.92986],[-77.11599,38.92985],[-77.11601,38.92985],[-77.11603,38.92985],[-77.11605,38.92985],[-77.11607,38.92984],[-77.11609,38.92984],[-77.1161,38.92984],[-77.11611,38.92983],[-77.11612,38.92982],[-77.11612,38.92981],[-77.11612,38.9298],[-77.11612,38.92979],[-77.11612,38.92978],[-77.11612,38.92977],[-77.11611,38.92977],[-77.11611,38.92976],[-77.1161,38.92975],[-77.11609,38.92975],[-77.11608,38.92975],[-77.11607,38.92974],[-77.11606,38.92974],[-77.11606,38.92973],[-77.11605,38.92973],[-77.11604,38.92973],[-77.11604,38.92972],[-77.11603,38.92972],[-77.11603,38.92971],[-77.11602,38.92971],[-77.116,38.92969],[-77.11598,38.92963],[-77.11595,38.92959],[-77.11594,38.92958],[-77.11594,38.92957],[-77.11593,38.92955],[-77.11593,38.92954],[-77.11593,38.92953],[-77.11593,38.92952],[-77.11594,38.92951],[-77.11594,38.9295],[-77.11595,38.92949],[-77.11596,38.92948],[-77.11596,38.92946],[-77.11596,38.92945],[-77.11596,38.92944],[-77.11595,38.92942],[-77.11594,38.92941],[-77.11593,38.9294],[-77.11593,38.92939],[-77.11593,38.92938],[-77.11592,38.92936],[-77.11591,38.92935],[-77.11591,38.92933],[-77.1159,38.92932],[-77.1159,38.9293],[-77.11589,38.92929],[-77.11589,38.92927],[-77.11588,38.92925],[-77.11588,38.92923],[-77.11587,38.92922],[-77.11587,38.9292],[-77.11586,38.92918],[-77.11586,38.92916],[-77.11586,38.92914],[-77.11585,38.92913],[-77.11585,38.92912],[-77.11585,38.9291],[-77.11584,38.92908],[-77.11584,38.92907],[-77.11583,38.92905],[-77.11582,38.92904],[-77.11581,38.92903],[-77.1158,38.92903],[-77.11579,38.92903],[-77.11578,38.92904],[-77.11578,38.92905],[-77.11577,38.92905],[-77.11576,38.92904],[-77.11575,38.92903],[-77.11574,38.92903],[-77.11573,38.92902],[-77.11572,38.92902],[-77.11571,38.92901],[-77.1157,38.92901],[-77.11569,38.929],[-77.11568,38.92901],[-77.11567,38.92901],[-77.11566,38.92902],[-77.11565,38.92902],[-77.11565,38.92903],[-77.11564,38.92904],[-77.11563,38.92905],[-77.11562,38.92906],[-77.11561,38.92907],[-77.1156,38.92908],[-77.11559,38.92909],[-77.11558,38.92909],[-77.11557,38.92909],[-77.11556,38.92909],[-77.11555,38.92909],[-77.11554,38.92909],[-77.11553,38.92909],[-77.11552,38.92909],[-77.11551,38.92909],[-77.1155,38.92908],[-77.1155,38.92907],[-77.1155,38.92906],[-77.11549,38.92905],[-77.11548,38.92904],[-77.11548,38.92903],[-77.11548,38.92902],[-77.11548,38.92901],[-77.11548,38.92899],[-77.11548,38.92898],[-77.11548,38.92897],[-77.11548,38.92896],[-77.11548,38.92894],[-77.11549,38.92893],[-77.1155,38.92892],[-77.1155,38.92891],[-77.11549,38.9289],[-77.11548,38.9289],[-77.11547,38.92891],[-77.11546,38.92891],[-77.11546,38.9289],[-77.11545,38.92889],[-77.11546,38.92888],[-77.11547,38.92887],[-77.11548,38.92886],[-77.11549,38.92885],[-77.1155,38.92884],[-77.1155,38.92883],[-77.11551,38.92882],[-77.1155,38.92881],[-77.11549,38.9288],[-77.11548,38.9288],[-77.11547,38.9288],[-77.11546,38.9288],[-77.11545,38.9288],[-77.11544,38.9288],[-77.11543,38.92879],[-77.11543,38.92878],[-77.11543,38.92877],[-77.11545,38.92876],[-77.11546,38.92875],[-77.11547,38.92874],[-77.11548,38.92873],[-77.11549,38.92872],[-77.1155,38.92871],[-77.1155,38.9287],[-77.11548,38.9287],[-77.11547,38.9287],[-77.11546,38.9287],[-77.11544,38.9287],[-77.11544,38.92869],[-77.11545,38.92869],[-77.11545,38.92868],[-77.11545,38.92867],[-77.11546,38.92867],[-77.11547,38.92866],[-77.11549,38.92866],[-77.1155,38.92867],[-77.1155,38.92868],[-77.11551,38.92868],[-77.11552,38.92868],[-77.11553,38.92867],[-77.11553,38.92866],[-77.11552,38.92866],[-77.11552,38.92865],[-77.11551,38.92864],[-77.11551,38.92863],[-77.1155,38.92861],[-77.11549,38.9286],[-77.11548,38.92859],[-77.11548,38.92858],[-77.11548,38.92857],[-77.11549,38.92856],[-77.11549,38.92855],[-77.11549,38.92854],[-77.11549,38.92853],[-77.11549,38.92852],[-77.11548,38.92851],[-77.11547,38.92851],[-77.11546,38.9285],[-77.11545,38.9285],[-77.11544,38.92849],[-77.11543,38.92849],[-77.11542,38.92849],[-77.11541,38.92849],[-77.1154,38.92849],[-77.1154,38.92848],[-77.1154,38.92847],[-77.1154,38.92846],[-77.1154,38.92845],[-77.11539,38.92844],[-77.11538,38.92843],[-77.11537,38.92842],[-77.11536,38.92841],[-77.11535,38.92841],[-77.11534,38.92841],[-77.11533,38.92841],[-77.11532,38.92842],[-77.11531,38.92842],[-77.1153,38.92843],[-77.11528,38.92843],[-77.11527,38.92843],[-77.11526,38.92843],[-77.11525,38.92843],[-77.11524,38.92843],[-77.11523,38.92843],[-77.11522,38.92843],[-77.11521,38.92843],[-77.11521,38.92842],[-77.11522,38.92841],[-77.11522,38.9284],[-77.11523,38.92839],[-77.11524,38.92838],[-77.11525,38.92838],[-77.11525,38.92837],[-77.11525,38.92836],[-77.11525,38.92835],[-77.11524,38.92834],[-77.11523,38.92834],[-77.11522,38.92835],[-77.11521,38.92835],[-77.1152,38.92835],[-77.11519,38.92835],[-77.11519,38.92834],[-77.1152,38.92833],[-77.11521,38.92832],[-77.11522,38.92831],[-77.11523,38.9283],[-77.11523,38.92829],[-77.11522,38.92829],[-77.11521,38.92829],[-77.1152,38.92829],[-77.11519,38.92829],[-77.11519,38.92828],[-77.11519,38.92827],[-77.11519,38.92826],[-77.11518,38.92825],[-77.11516,38.92824],[-77.11514,38.92824],[-77.11513,38.92824],[-77.11513,38.92823],[-77.11513,38.92822],[-77.11513,38.92821],[-77.11513,38.92819],[-77.11513,38.92818],[-77.11511,38.92819],[-77.11509,38.92819],[-77.11508,38.92819],[-77.11508,38.92818],[-77.11507,38.92817],[-77.11507,38.92816],[-77.11508,38.92815],[-77.11509,38.92814],[-77.11508,38.92814],[-77.11506,38.92814],[-77.11504,38.92815],[-77.11503,38.92815],[-77.11501,38.92815],[-77.115,38.92815],[-77.11499,38.92815],[-77.11498,38.92815],[-77.11497,38.92814],[-77.11496,38.92813],[-77.11495,38.92811],[-77.11495,38.9281],[-77.11495,38.92808],[-77.11494,38.92807],[-77.11494,38.92806],[-77.11494,38.92805],[-77.11495,38.92805],[-77.11496,38.92805],[-77.11496,38.92806],[-77.11497,38.92806],[-77.11498,38.92805],[-77.11499,38.92803],[-77.11499,38.92802],[-77.11499,38.92801],[-77.11498,38.92801],[-77.11496,38.92802],[-77.11494,38.92802],[-77.11493,38.92802],[-77.11493,38.92801],[-77.11493,38.928],[-77.11493,38.92799],[-77.11492,38.92798],[-77.11491,38.92797],[-77.1149,38.92797],[-77.11489,38.92797],[-77.11488,38.92797],[-77.11487,38.92797],[-77.11486,38.92796],[-77.11486,38.92795],[-77.11485,38.92794],[-77.11484,38.92792],[-77.11484,38.92791],[-77.11484,38.92789],[-77.11483,38.92788],[-77.11482,38.92788],[-77.11481,38.92788],[-77.1148,38.92788],[-77.11478,38.92789],[-77.11477,38.92789],[-77.11475,38.92789],[-77.11474,38.92789],[-77.11472,38.92788],[-77.11471,38.92787],[-77.1147,38.92785],[-77.11469,38.92784],[-77.11467,38.92783],[-77.11466,38.92781],[-77.11465,38.9278],[-77.11465,38.92778],[-77.11464,38.92777],[-77.11463,38.92776],[-77.11462,38.92775],[-77.1146,38.92773],[-77.11459,38.92772],[-77.11458,38.92771],[-77.11457,38.92769],[-77.11455,38.92769],[-77.11454,38.92768],[-77.11452,38.92768],[-77.1145,38.92768],[-77.11449,38.92768],[-77.11448,38.92768],[-77.11447,38.92767],[-77.11446,38.92767],[-77.11445,38.92765],[-77.11445,38.92764],[-77.11445,38.92762],[-77.11445,38.92761],[-77.11446,38.9276],[-77.11446,38.92759],[-77.11446,38.92757],[-77.11445,38.92756],[-77.11445,38.92755],[-77.11444,38.92755],[-77.11443,38.92755],[-77.11443,38.92756],[-77.11443,38.92757],[-77.11443,38.92758],[-77.11442,38.92759],[-77.11441,38.92758],[-77.1144,38.92757],[-77.1144,38.92756],[-77.11439,38.92755],[-77.11438,38.92753],[-77.11437,38.92752],[-77.11435,38.92751],[-77.11434,38.92752],[-77.11434,38.92753],[-77.11433,38.92753],[-77.11432,38.92753],[-77.1143,38.92752],[-77.11429,38.92751],[-77.11427,38.9275],[-77.11426,38.92748],[-77.11425,38.92746],[-77.11425,38.92744],[-77.11424,38.92743],[-77.11423,38.92743],[-77.11422,38.92742],[-77.11421,38.92742],[-77.1142,38.92742],[-77.11419,38.92741],[-77.11418,38.92741],[-77.11417,38.9274],[-77.11416,38.9274],[-77.11415,38.92738],[-77.11415,38.92737],[-77.11414,38.92735],[-77.11413,38.92734],[-77.11413,38.92732],[-77.11412,38.92731],[-77.11411,38.92729],[-77.1141,38.92728],[-77.11409,38.92727],[-77.11408,38.92727],[-77.11407,38.92727],[-77.11407,38.92726],[-77.11407,38.92725],[-77.11407,38.92724],[-77.11406,38.92723],[-77.11404,38.92722],[-77.11403,38.92721],[-77.11402,38.9272],[-77.114,38.92719],[-77.11399,38.92718],[-77.11398,38.92718],[-77.11396,38.92717],[-77.11395,38.92717],[-77.11395,38.92716],[-77.11396,38.92715],[-77.11396,38.92714],[-77.11397,38.92715],[-77.11398,38.92715],[-77.11399,38.92715],[-77.114,38.92715],[-77.11401,38.92715],[-77.11401,38.92714],[-77.11402,38.92713],[-77.11401,38.92712],[-77.11399,38.92712],[-77.11398,38.92712],[-77.11397,38.92712],[-77.11398,38.92712],[-77.11398,38.92711],[-77.11398,38.92709],[-77.11398,38.92708],[-77.11398,38.92707],[-77.11396,38.92707],[-77.11395,38.92707],[-77.11393,38.92707],[-77.11392,38.92708],[-77.11391,38.92708],[-77.1139,38.92709],[-77.11388,38.9271],[-77.11386,38.9271],[-77.11384,38.9271],[-77.11382,38.9271],[-77.11381,38.92711],[-77.1138,38.92711],[-77.11379,38.92711],[-77.11378,38.9271],[-77.11377,38.92709],[-77.11377,38.92707],[-77.11377,38.92706],[-77.11376,38.92704],[-77.11376,38.92702],[-77.11375,38.927],[-77.11375,38.92699],[-77.11374,38.92697],[-77.11373,38.92696],[-77.11372,38.92694],[-77.11371,38.92693],[-77.1137,38.92691],[-77.11369,38.9269],[-77.11369,38.92688],[-77.11368,38.92686],[-77.11368,38.92685],[-77.11368,38.92684],[-77.11369,38.92683],[-77.1137,38.92683],[-77.11371,38.92682],[-77.11371,38.92681],[-77.11372,38.9268],[-77.11372,38.92679],[-77.11372,38.92678],[-77.11373,38.92678],[-77.11374,38.92677],[-77.11374,38.92676],[-77.11373,38.92676],[-77.11372,38.92677],[-77.11371,38.92676],[-77.11371,38.92675],[-77.1137,38.92675],[-77.11369,38.92675],[-77.11368,38.92675],[-77.11368,38.92674],[-77.11368,38.92673],[-77.11367,38.92672],[-77.11366,38.92671],[-77.11366,38.9267],[-77.11365,38.92669],[-77.11364,38.92669],[-77.11363,38.9267],[-77.11362,38.9267],[-77.11361,38.92671],[-77.11359,38.92671],[-77.11358,38.92672],[-77.11357,38.92672],[-77.11355,38.92671],[-77.11355,38.9267],[-77.11356,38.92669],[-77.11357,38.92668],[-77.11358,38.92668],[-77.11358,38.92667],[-77.11358,38.92666],[-77.11358,38.92665],[-77.11357,38.92665],[-77.11356,38.92665],[-77.11355,38.92665],[-77.11354,38.92665],[-77.11352,38.92664],[-77.11351,38.92664],[-77.1135,38.92663],[-77.1135,38.92662],[-77.1135,38.92661],[-77.11351,38.9266],[-77.11351,38.92659],[-77.11351,38.92658],[-77.11352,38.92658],[-77.11353,38.92657],[-77.11355,38.92657],[-77.11356,38.92657],[-77.11357,38.92656],[-77.11357,38.92655],[-77.11357,38.92654],[-77.11356,38.92653],[-77.11355,38.92652],[-77.11354,38.92652],[-77.11353,38.92653],[-77.11352,38.92653],[-77.11352,38.92654],[-77.11352,38.92655],[-77.11351,38.92656],[-77.11349,38.92657],[-77.11348,38.92658],[-77.11347,38.92659],[-77.11345,38.92659],[-77.11344,38.92659],[-77.11342,38.92658],[-77.11341,38.92657],[-77.1134,38.92655],[-77.11339,38.92654],[-77.11339,38.92653],[-77.1134,38.92652],[-77.11341,38.92651],[-77.11342,38.92649],[-77.11342,38.92648],[-77.11343,38.92647],[-77.11344,38.92645],[-77.11344,38.92644],[-77.11345,38.92643],[-77.11345,38.92642],[-77.11345,38.92641],[-77.11345,38.9264],[-77.11344,38.9264],[-77.11343,38.92641],[-77.11342,38.92642],[-77.11342,38.92643],[-77.11341,38.92644],[-77.1134,38.92645],[-77.11339,38.92646],[-77.11338,38.92646],[-77.11336,38.92646],[-77.11334,38.92645],[-77.11332,38.92645],[-77.1133,38.92644],[-77.11329,38.92643],[-77.11328,38.92643],[-77.11327,38.92643],[-77.11326,38.92643],[-77.11326,38.92642],[-77.11325,38.92641],[-77.11325,38.9264],[-77.11326,38.92638],[-77.11326,38.92636],[-77.11327,38.92634],[-77.11327,38.92633],[-77.11327,38.92632],[-77.11326,38.92632],[-77.11324,38.92631],[-77.11323,38.9263],[-77.11321,38.92629],[-77.1132,38.92627],[-77.11318,38.92626],[-77.11317,38.92627],[-77.11316,38.92627],[-77.11314,38.92627],[-77.11313,38.92627],[-77.11312,38.92627],[-77.11311,38.92626],[-77.11311,38.92625],[-77.1131,38.92624],[-77.1131,38.92623],[-77.11308,38.92622],[-77.11306,38.92622],[-77.11305,38.92621],[-77.11303,38.9262],[-77.11302,38.92619],[-77.11302,38.92617],[-77.11302,38.92616],[-77.11301,38.92615],[-77.11299,38.92615],[-77.11297,38.92615],[-77.11295,38.92615],[-77.11294,38.92615],[-77.11292,38.92614],[-77.11291,38.92614],[-77.11291,38.92613],[-77.11291,38.92612],[-77.11291,38.92611],[-77.11292,38.9261],[-77.11291,38.9261],[-77.1129,38.92609],[-77.11289,38.92609],[-77.11288,38.92609],[-77.11287,38.92608],[-77.11286,38.92607],[-77.11286,38.92605],[-77.11285,38.92603],[-77.11284,38.92602],[-77.11283,38.92601],[-77.11282,38.926],[-77.1128,38.92599],[-77.11279,38.92599],[-77.11278,38.92599],[-77.11277,38.92598],[-77.11276,38.92597],[-77.11275,38.92596],[-77.11274,38.92595],[-77.11273,38.92595],[-77.11272,38.92594],[-77.11271,38.92593],[-77.1127,38.92592],[-77.11269,38.92592],[-77.11268,38.92593],[-77.11268,38.92594],[-77.11267,38.92594],[-77.11266,38.92594],[-77.11264,38.92593],[-77.11263,38.92593],[-77.11262,38.92592],[-77.11261,38.92592],[-77.1126,38.92592],[-77.11258,38.92591],[-77.11258,38.9259],[-77.11257,38.92589],[-77.11255,38.92588],[-77.11254,38.92588],[-77.11252,38.92587],[-77.1125,38.92586],[-77.11248,38.92585],[-77.11247,38.92584],[-77.11245,38.92583],[-77.11244,38.92582],[-77.11242,38.92581],[-77.11241,38.9258],[-77.1124,38.92578],[-77.11239,38.92577],[-77.11238,38.92576],[-77.11237,38.92575],[-77.11235,38.92574],[-77.11234,38.92573],[-77.11233,38.92572],[-77.11231,38.92571],[-77.1123,38.9257],[-77.11229,38.92569],[-77.11228,38.92568],[-77.11227,38.92567],[-77.11226,38.92565],[-77.11225,38.92564],[-77.11224,38.92563],[-77.11223,38.92562],[-77.11221,38.92561],[-77.1122,38.9256],[-77.11219,38.92559],[-77.11218,38.92558],[-77.11216,38.92557],[-77.11215,38.92556],[-77.11213,38.92554],[-77.11212,38.92553],[-77.11211,38.92552],[-77.11209,38.92551],[-77.11207,38.9255],[-77.11205,38.92549],[-77.11204,38.92548],[-77.11203,38.92547],[-77.11202,38.92546],[-77.11202,38.92545],[-77.11201,38.92545],[-77.11201,38.92544],[-77.11201,38.92543],[-77.112,38.92542],[-77.112,38.92541],[-77.11199,38.92541],[-77.11199,38.9254],[-77.11199,38.92539],[-77.112,38.92538],[-77.11201,38.92536],[-77.11202,38.92535],[-77.11202,38.92534],[-77.11203,38.92533],[-77.11203,38.92531],[-77.11204,38.9253],[-77.11204,38.92529],[-77.11203,38.92529],[-77.11202,38.92529],[-77.11201,38.92529],[-77.11199,38.92529],[-77.11197,38.92529],[-77.11195,38.92529],[-77.11194,38.92529],[-77.11193,38.92529],[-77.11191,38.92529],[-77.1119,38.92529],[-77.11189,38.9253],[-77.1119,38.92531],[-77.1119,38.92532],[-77.11189,38.92533],[-77.11188,38.92532],[-77.11187,38.92531],[-77.11186,38.92529],[-77.11185,38.92527],[-77.11184,38.92525],[-77.11182,38.92524],[-77.1118,38.92524],[-77.11177,38.92523],[-77.11175,38.92522],[-77.11174,38.92522],[-77.11173,38.9252],[-77.11173,38.92519],[-77.11174,38.92518],[-77.11174,38.92517],[-77.11174,38.92515],[-77.11173,38.92512],[-77.11173,38.92509],[-77.11172,38.92507],[-77.11172,38.92505],[-77.11171,38.92505],[-77.11169,38.92505],[-77.11168,38.92505],[-77.11167,38.92504],[-77.11168,38.92503],[-77.11169,38.92501],[-77.11169,38.925],[-77.1117,38.92498],[-77.11171,38.92496],[-77.11171,38.92495],[-77.11171,38.92494],[-77.1117,38.92493],[-77.11169,38.92492],[-77.11168,38.92492],[-77.11167,38.92493],[-77.11166,38.92494],[-77.11165,38.92495],[-77.11164,38.92497],[-77.11163,38.92498],[-77.11161,38.92499],[-77.1116,38.92497],[-77.11161,38.92496],[-77.11161,38.92494],[-77.11161,38.92492],[-77.11161,38.9249],[-77.1116,38.92489],[-77.11159,38.92489],[-77.11158,38.92489],[-77.11157,38.9249],[-77.11156,38.92492],[-77.11156,38.92493],[-77.11155,38.92494],[-77.11154,38.92495],[-77.11153,38.92495],[-77.11152,38.92494],[-77.11151,38.92492],[-77.1115,38.92491],[-77.11148,38.9249],[-77.11147,38.92489],[-77.11145,38.92489],[-77.11144,38.92487],[-77.11144,38.92486],[-77.11145,38.92484],[-77.11145,38.92482],[-77.11145,38.92481],[-77.11145,38.9248],[-77.11145,38.92479],[-77.11146,38.92478],[-77.11146,38.92476],[-77.11146,38.92475],[-77.11146,38.92474],[-77.11146,38.92473],[-77.11145,38.92472],[-77.11144,38.92472],[-77.11143,38.92472],[-77.11142,38.92473],[-77.11141,38.92474],[-77.1114,38.92473],[-77.1114,38.92472],[-77.1114,38.92471],[-77.1114,38.9247],[-77.1114,38.92468],[-77.1114,38.92467],[-77.1114,38.92466],[-77.1114,38.92465],[-77.11138,38.92464],[-77.11137,38.92465],[-77.11135,38.92465],[-77.11134,38.92467],[-77.11133,38.92467],[-77.11132,38.92467],[-77.11131,38.92466],[-77.1113,38.92466],[-77.11129,38.92465],[-77.1113,38.92464],[-77.1113,38.92463],[-77.1113,38.92461],[-77.1113,38.9246],[-77.11131,38.92459],[-77.11132,38.92457],[-77.11132,38.92456],[-77.11131,38.92455],[-77.11131,38.92454],[-77.1113,38.92453],[-77.11129,38.92452],[-77.11127,38.92451],[-77.11126,38.92451],[-77.11125,38.92451],[-77.11123,38.92452],[-77.11122,38.92452],[-77.1112,38.92453],[-77.11119,38.92453],[-77.11118,38.92452],[-77.11117,38.92452],[-77.11116,38.92451],[-77.11115,38.92449],[-77.11115,38.92448],[-77.11114,38.92448],[-77.11113,38.92447],[-77.11111,38.92447],[-77.1111,38.92448],[-77.11108,38.92448],[-77.11107,38.92449],[-77.11106,38.92449],[-77.11105,38.9245],[-77.11103,38.9245],[-77.11102,38.9245],[-77.11101,38.92449],[-77.11099,38.92448],[-77.11098,38.92447],[-77.11097,38.92446],[-77.11096,38.92445],[-77.11095,38.92444],[-77.11094,38.92443],[-77.11093,38.92442],[-77.11092,38.92442],[-77.1109,38.92442],[-77.11089,38.92442],[-77.11088,38.92442],[-77.11087,38.92441],[-77.11087,38.9244],[-77.11086,38.92439],[-77.11086,38.92438],[-77.11086,38.92437],[-77.11086,38.92436],[-77.11085,38.92435],[-77.11084,38.92436],[-77.11082,38.92436],[-77.11081,38.92436],[-77.1108,38.92437],[-77.1108,38.92438],[-77.11081,38.92438],[-77.11081,38.92439],[-77.11081,38.9244],[-77.1108,38.9244],[-77.11079,38.92441],[-77.11078,38.92441],[-77.11076,38.92442],[-77.11075,38.92443],[-77.11075,38.92444],[-77.11075,38.92445],[-77.11075,38.92446],[-77.11074,38.92447],[-77.11072,38.92449],[-77.1107,38.9245],[-77.11069,38.9245],[-77.11069,38.92449],[-77.11069,38.92448],[-77.11069,38.92446],[-77.11068,38.92444],[-77.11068,38.92442],[-77.11067,38.92441],[-77.11066,38.92443],[-77.11065,38.92443],[-77.11063,38.92442],[-77.11062,38.92442],[-77.11061,38.92441],[-77.11061,38.9244],[-77.11061,38.92439],[-77.11061,38.92438],[-77.11062,38.92437],[-77.11062,38.92436],[-77.11062,38.92435],[-77.11062,38.92434],[-77.11062,38.92433],[-77.11061,38.92432],[-77.11059,38.92431],[-77.11058,38.92431],[-77.11057,38.9243],[-77.11056,38.92429],[-77.11058,38.92429],[-77.11059,38.92429],[-77.11061,38.92428],[-77.1106,38.92427],[-77.11059,38.92426],[-77.11057,38.92425],[-77.11055,38.92424],[-77.11055,38.92423],[-77.11055,38.92421],[-77.11055,38.9242],[-77.11054,38.92419],[-77.11053,38.9242],[-77.11052,38.92421],[-77.11051,38.92422],[-77.1105,38.92423],[-77.11049,38.92425],[-77.11049,38.92426],[-77.11049,38.92427],[-77.11048,38.92427],[-77.11047,38.92427],[-77.11047,38.92426],[-77.11046,38.92425],[-77.11045,38.92425],[-77.11044,38.92425],[-77.11042,38.92426],[-77.11041,38.92426],[-77.11039,38.92425],[-77.11038,38.92424],[-77.11037,38.92423],[-77.11036,38.92422],[-77.11034,38.92422],[-77.11032,38.92422],[-77.11031,38.92423],[-77.11031,38.92424],[-77.11032,38.92426],[-77.11033,38.92426],[-77.11034,38.92427],[-77.11034,38.92428],[-77.11032,38.92429],[-77.11031,38.92429],[-77.11029,38.92429],[-77.11028,38.92429],[-77.11027,38.92428],[-77.11026,38.92427],[-77.11025,38.92425],[-77.11025,38.92424],[-77.11023,38.92422],[-77.11022,38.92421],[-77.11021,38.92419],[-77.11019,38.92419],[-77.11017,38.92418],[-77.11015,38.92417],[-77.11013,38.92416],[-77.11011,38.92415],[-77.11008,38.92414],[-77.11006,38.92413],[-77.11004,38.92412],[-77.11002,38.92411],[-77.11001,38.92411],[-77.10999,38.9241],[-77.10997,38.92409],[-77.10995,38.92408],[-77.10994,38.92407],[-77.10992,38.92406],[-77.1099,38.92405],[-77.10988,38.92404],[-77.10987,38.92403],[-77.10985,38.92402],[-77.10984,38.92401],[-77.10984,38.924],[-77.10984,38.92398],[-77.10984,38.92397],[-77.10985,38.92396],[-77.10986,38.92395],[-77.10987,38.92393],[-77.10989,38.92392],[-77.1099,38.92391],[-77.10991,38.9239],[-77.10992,38.9239],[-77.10993,38.9239],[-77.10994,38.9239],[-77.10995,38.92391],[-77.10997,38.92392],[-77.10998,38.92393],[-77.11,38.92394],[-77.11001,38.92394],[-77.11002,38.92393],[-77.11003,38.92392],[-77.11004,38.9239],[-77.11004,38.92389],[-77.11003,38.92387],[-77.11004,38.92387],[-77.11004,38.92386],[-77.11006,38.92385],[-77.11008,38.92385],[-77.11009,38.92385],[-77.11011,38.92385],[-77.11012,38.92384],[-77.11012,38.92383],[-77.11012,38.92382],[-77.11012,38.92381],[-77.11012,38.9238],[-77.11012,38.92379],[-77.11013,38.92378],[-77.11014,38.92377],[-77.11015,38.92377],[-77.11015,38.92376],[-77.11015,38.92374],[-77.11015,38.92373],[-77.11016,38.92371],[-77.11016,38.9237],[-77.11017,38.92368],[-77.11017,38.92366],[-77.11018,38.92364],[-77.11018,38.92363],[-77.11018,38.92362],[-77.11016,38.9236],[-77.1101,38.92361],[-77.11004,38.9236],[-77.10996,38.92353],[-77.10988,38.92343],[-77.10984,38.92342],[-77.1098,38.92348],[-77.10978,38.92355],[-77.10973,38.9236],[-77.10969,38.92359],[-77.10967,38.92354],[-77.10968,38.92348],[-77.10968,38.92343],[-77.10968,38.92342],[-77.10968,38.92341],[-77.10967,38.92341],[-77.10966,38.9234],[-77.10966,38.92339],[-77.10966,38.92337],[-77.10967,38.92336],[-77.10967,38.92335],[-77.10967,38.92334],[-77.10966,38.92334],[-77.10964,38.92334],[-77.10963,38.92335],[-77.10962,38.92335],[-77.10961,38.92335],[-77.10961,38.92334],[-77.10961,38.92333],[-77.10961,38.92332],[-77.10962,38.92331],[-77.10962,38.9233],[-77.10961,38.92329],[-77.1096,38.92328],[-77.1096,38.92327],[-77.1096,38.92326],[-77.10958,38.92326],[-77.10956,38.92326],[-77.10954,38.92325],[-77.10952,38.92325],[-77.1095,38.92324],[-77.10949,38.92324],[-77.10948,38.92323],[-77.10948,38.92322],[-77.10949,38.92321],[-77.10949,38.92319],[-77.10949,38.92318],[-77.10948,38.92317],[-77.10947,38.92315],[-77.10945,38.92314],[-77.10944,38.92314],[-77.10942,38.92314],[-77.1094,38.92314],[-77.10939,38.92313],[-77.10937,38.92313],[-77.10936,38.92313],[-77.10935,38.92313],[-77.10934,38.92313],[-77.10933,38.92312],[-77.10933,38.92311],[-77.10934,38.9231],[-77.10935,38.92309],[-77.10935,38.92308],[-77.10935,38.92307],[-77.10935,38.92306],[-77.10934,38.92306],[-77.10932,38.92306],[-77.10932,38.92307],[-77.10931,38.92308],[-77.1093,38.92309],[-77.10929,38.9231],[-77.10928,38.92311],[-77.10929,38.92313],[-77.10931,38.92314],[-77.10932,38.92315],[-77.10934,38.92317],[-77.10935,38.92319],[-77.10936,38.92321],[-77.10936,38.92323],[-77.10936,38.92324],[-77.10937,38.92325],[-77.10937,38.92326],[-77.10936,38.92327],[-77.10935,38.92327],[-77.10933,38.92326],[-77.10931,38.92325],[-77.10928,38.92323],[-77.10926,38.92322],[-77.10924,38.92321],[-77.10923,38.9232],[-77.10922,38.92319],[-77.10921,38.92318],[-77.1092,38.92318],[-77.10919,38.92317],[-77.10918,38.92315],[-77.10917,38.92314],[-77.10916,38.92313],[-77.10915,38.92312],[-77.10914,38.92311],[-77.10913,38.9231],[-77.10913,38.92309],[-77.10913,38.92308],[-77.10913,38.92306],[-77.10912,38.92305],[-77.1091,38.92305],[-77.10909,38.92305],[-77.10908,38.92305],[-77.10907,38.92304],[-77.10907,38.92303],[-77.10907,38.92302],[-77.10907,38.92301],[-77.10907,38.923],[-77.10907,38.92299],[-77.10906,38.92298],[-77.10906,38.92297],[-77.10907,38.92297],[-77.10908,38.92296],[-77.1091,38.92296],[-77.10912,38.92296],[-77.10913,38.92295],[-77.10915,38.92294],[-77.10916,38.92292],[-77.10916,38.92291],[-77.10916,38.9229],[-77.10916,38.92289],[-77.10917,38.92287],[-77.10917,38.92286],[-77.10917,38.92285],[-77.10916,38.92284],[-77.10914,38.92284],[-77.10912,38.92284],[-77.10911,38.92285],[-77.10909,38.92285],[-77.10907,38.92287],[-77.10906,38.92288],[-77.10904,38.92289],[-77.10903,38.9229],[-77.10901,38.9229],[-77.109,38.92291],[-77.10899,38.92293],[-77.10898,38.92294],[-77.10896,38.92294],[-77.10895,38.92294],[-77.10894,38.92294],[-77.10893,38.92294],[-77.10891,38.92295],[-77.1089,38.92295],[-77.10889,38.92295],[-77.10887,38.92294],[-77.10886,38.92292],[-77.10884,38.9229],[-77.10882,38.92289],[-77.10881,38.92288],[-77.10878,38.92286],[-77.10876,38.92285],[-77.10874,38.92283],[-77.10872,38.92282],[-77.10871,38.9228],[-77.10869,38.92279],[-77.10867,38.92278],[-77.10865,38.92278],[-77.10864,38.92277],[-77.10862,38.92275],[-77.1086,38.92273],[-77.10859,38.92271],[-77.10857,38.92269],[-77.10856,38.92267],[-77.10856,38.92265],[-77.10857,38.92264],[-77.10857,38.92262],[-77.10858,38.92261],[-77.10859,38.9226],[-77.10859,38.92258],[-77.10859,38.92256],[-77.10859,38.92255],[-77.10858,38.92255],[-77.10857,38.92255],[-77.10857,38.92254],[-77.10857,38.92252],[-77.10857,38.92251],[-77.10857,38.92249],[-77.10857,38.92248],[-77.10857,38.92247],[-77.10856,38.92243],[-77.10856,38.92242],[-77.10856,38.92241],[-77.10854,38.92241],[-77.10853,38.92242],[-77.10852,38.92242],[-77.10851,38.92242],[-77.1085,38.92241],[-77.1085,38.9224],[-77.10851,38.92239],[-77.10851,38.92238],[-77.1085,38.92237],[-77.10849,38.92236],[-77.10848,38.92235],[-77.10845,38.92235],[-77.10843,38.92235],[-77.1084,38.92235],[-77.10839,38.92235],[-77.10838,38.92233],[-77.10837,38.92231],[-77.10836,38.9223],[-77.10836,38.92229],[-77.10836,38.92228],[-77.10836,38.92227],[-77.10836,38.92225],[-77.10836,38.92224],[-77.10835,38.92224],[-77.10833,38.92224],[-77.10831,38.92224],[-77.1083,38.92225],[-77.10829,38.92226],[-77.10827,38.92226],[-77.10825,38.92226],[-77.10823,38.92226],[-77.10821,38.92225],[-77.10817,38.92224],[-77.10814,38.92223],[-77.10811,38.92222],[-77.10808,38.92222],[-77.10805,38.92222],[-77.10802,38.92222],[-77.10799,38.92222],[-77.10795,38.92222],[-77.10792,38.92222],[-77.1079,38.92222],[-77.10787,38.92222],[-77.10784,38.92221],[-77.10782,38.9222],[-77.10779,38.92219],[-77.10777,38.92217],[-77.10775,38.92215],[-77.10773,38.92213],[-77.10771,38.92211],[-77.1077,38.92209],[-77.10768,38.92208],[-77.10767,38.92206],[-77.10766,38.92204],[-77.10764,38.92202],[-77.10763,38.922],[-77.10761,38.92199],[-77.10759,38.92197],[-77.10758,38.92195],[-77.10756,38.92193],[-77.10755,38.92191],[-77.10753,38.9219],[-77.1075,38.92188],[-77.10749,38.92187],[-77.10748,38.92186],[-77.10747,38.92185],[-77.10747,38.92184],[-77.10747,38.92183],[-77.10746,38.92182],[-77.10746,38.92181],[-77.10745,38.9218],[-77.10745,38.92179],[-77.10743,38.92178],[-77.10742,38.92177],[-77.10741,38.92176],[-77.1074,38.92175],[-77.10739,38.92175],[-77.10738,38.92174],[-77.10737,38.92173],[-77.10736,38.92173],[-77.10735,38.92172],[-77.10734,38.92171],[-77.10733,38.9217],[-77.10732,38.92169],[-77.10731,38.92168],[-77.1073,38.92167],[-77.1073,38.92166],[-77.10729,38.92166],[-77.10728,38.92165],[-77.10727,38.92164],[-77.10727,38.92163],[-77.10726,38.92162],[-77.10726,38.92161],[-77.10726,38.9216],[-77.10726,38.92159],[-77.10725,38.92158],[-77.10724,38.92158],[-77.10723,38.92158],[-77.10722,38.92158],[-77.10721,38.92157],[-77.10721,38.92156],[-77.1072,38.92156],[-77.10719,38.92155],[-77.10719,38.92154],[-77.10718,38.92153],[-77.10719,38.92153],[-77.10719,38.92152],[-77.1072,38.92151],[-77.10721,38.9215],[-77.10721,38.92149],[-77.10721,38.92148],[-77.10721,38.92147],[-77.1072,38.92147],[-77.10719,38.92147],[-77.10718,38.92148],[-77.10718,38.92149],[-77.10717,38.9215],[-77.10715,38.92151],[-77.10714,38.9215],[-77.10713,38.92149],[-77.10712,38.92148],[-77.10711,38.92147],[-77.1071,38.92147],[-77.10709,38.92146],[-77.10708,38.92145],[-77.10707,38.92144],[-77.10707,38.92143],[-77.10706,38.92142],[-77.10705,38.92142],[-77.10704,38.92141],[-77.10702,38.92141],[-77.10701,38.9214],[-77.107,38.92139],[-77.10699,38.92138],[-77.10698,38.92138],[-77.10697,38.92137],[-77.10696,38.92136],[-77.10694,38.92136],[-77.10693,38.92135],[-77.10691,38.92134],[-77.1069,38.92134],[-77.10688,38.92134],[-77.10687,38.92133],[-77.10685,38.92133],[-77.10684,38.92132],[-77.10683,38.92132],[-77.10681,38.92131],[-77.1068,38.92131],[-77.10679,38.92131],[-77.10678,38.92131],[-77.10677,38.92131],[-77.10676,38.92131],[-77.10674,38.92131],[-77.10673,38.92131],[-77.10672,38.92131],[-77.1067,38.92131],[-77.10669,38.92131],[-77.10668,38.9213],[-77.10667,38.9213],[-77.10665,38.92129],[-77.10664,38.92129],[-77.10662,38.92128],[-77.10662,38.92127],[-77.10661,38.92126],[-77.10661,38.92125],[-77.10661,38.92124],[-77.1066,38.92123],[-77.10658,38.92122],[-77.10657,38.92122],[-77.10656,38.92122],[-77.10656,38.92121],[-77.10656,38.9212],[-77.10656,38.92119],[-77.10656,38.92118],[-77.10656,38.92117],[-77.10655,38.92117],[-77.10654,38.92116],[-77.10654,38.92115],[-77.10653,38.92115],[-77.10653,38.92114],[-77.10654,38.92113],[-77.10655,38.92112],[-77.10656,38.92112],[-77.10656,38.92111],[-77.10655,38.92111],[-77.10654,38.9211],[-77.10653,38.9211],[-77.10652,38.92111],[-77.10651,38.92111],[-77.1065,38.92111],[-77.10649,38.9211],[-77.10648,38.9211],[-77.10647,38.92109],[-77.10647,38.92108],[-77.10647,38.92107],[-77.10648,38.92107],[-77.10649,38.92106],[-77.1065,38.92106],[-77.1065,38.92105],[-77.10651,38.92105],[-77.1065,38.92104],[-77.10649,38.92104],[-77.10648,38.92104],[-77.10647,38.92104],[-77.10646,38.92104],[-77.10645,38.92104],[-77.10644,38.92104],[-77.10643,38.92104],[-77.10642,38.92104],[-77.10641,38.92104],[-77.1064,38.92103],[-77.1064,38.92102],[-77.10639,38.92102],[-77.10638,38.92102],[-77.10637,38.92101],[-77.10637,38.921],[-77.10636,38.92099],[-77.10636,38.92098],[-77.10635,38.92097],[-77.10634,38.92096],[-77.10633,38.92095],[-77.10632,38.92094],[-77.10631,38.92094],[-77.1063,38.92092],[-77.10628,38.92091],[-77.10627,38.9209],[-77.10626,38.92089],[-77.10625,38.92088],[-77.10623,38.92087],[-77.10622,38.92086],[-77.10621,38.92085],[-77.10619,38.92085],[-77.10618,38.92084],[-77.10616,38.92083],[-77.10615,38.92082],[-77.10613,38.92081],[-77.10611,38.9208],[-77.1061,38.92079],[-77.10608,38.92079],[-77.10606,38.92078],[-77.10605,38.92077],[-77.10603,38.92077],[-77.10601,38.92076],[-77.10599,38.92076],[-77.10598,38.92076],[-77.10596,38.92076],[-77.10594,38.92076],[-77.10592,38.92076],[-77.1059,38.92076],[-77.10589,38.92076],[-77.10588,38.92076],[-77.10587,38.92076],[-77.10586,38.92076],[-77.10584,38.92077],[-77.10582,38.92077],[-77.10581,38.92077],[-77.10579,38.92077],[-77.10577,38.92077],[-77.10575,38.92077],[-77.10573,38.92077],[-77.10571,38.92077],[-77.10569,38.92076],[-77.10568,38.92076],[-77.10566,38.92075],[-77.10564,38.92075],[-77.10562,38.92074],[-77.10561,38.92074],[-77.10559,38.92073],[-77.10558,38.92073],[-77.10557,38.92072],[-77.10556,38.92072],[-77.10554,38.92071],[-77.10553,38.9207],[-77.10552,38.92069],[-77.10551,38.92068],[-77.1055,38.92067],[-77.10549,38.92065],[-77.10547,38.92064],[-77.10547,38.92063],[-77.10546,38.92063],[-77.10545,38.92062],[-77.10544,38.92061],[-77.10543,38.92061],[-77.10542,38.9206],[-77.10541,38.92059],[-77.1054,38.92058],[-77.10539,38.92056],[-77.10538,38.92055],[-77.10537,38.92054],[-77.10536,38.92053],[-77.10535,38.92052],[-77.10534,38.92051],[-77.10533,38.92049],[-77.10532,38.92047],[-77.10532,38.92046],[-77.10531,38.92045],[-77.10531,38.92044],[-77.1053,38.92042],[-77.10529,38.92041],[-77.10528,38.92039],[-77.10527,38.92038],[-77.10527,38.92037],[-77.10527,38.92035],[-77.10527,38.92034],[-77.10527,38.92033],[-77.10527,38.92032],[-77.10526,38.9203],[-77.10525,38.92029],[-77.10524,38.92028],[-77.10524,38.92027],[-77.10523,38.92026],[-77.10523,38.92024],[-77.10523,38.92023],[-77.10522,38.92021],[-77.10521,38.9202],[-77.1052,38.92018],[-77.1052,38.92017],[-77.10519,38.92016],[-77.10518,38.92014],[-77.10518,38.92013],[-77.10518,38.92011],[-77.10517,38.9201],[-77.10517,38.92009],[-77.10516,38.92008],[-77.10516,38.92006],[-77.10515,38.92005],[-77.10515,38.92003],[-77.10514,38.92001],[-77.10513,38.92],[-77.10512,38.91999],[-77.10511,38.91998],[-77.1051,38.91997],[-77.10509,38.91996],[-77.10509,38.91995],[-77.10509,38.91994],[-77.10508,38.91993],[-77.10508,38.91992],[-77.10507,38.91991],[-77.10507,38.9199],[-77.10506,38.91989],[-77.10505,38.91987],[-77.10504,38.91986],[-77.10503,38.91985],[-77.10502,38.91984],[-77.10501,38.91983],[-77.10499,38.91982],[-77.10498,38.91981],[-77.10497,38.9198],[-77.10496,38.91978],[-77.10495,38.91977],[-77.10493,38.91976],[-77.10492,38.91975],[-77.10491,38.91973],[-77.10489,38.91972],[-77.10488,38.91971],[-77.10487,38.9197],[-77.10485,38.91969],[-77.10483,38.91968],[-77.10482,38.91967],[-77.10481,38.91966],[-77.10479,38.91966],[-77.10477,38.91965],[-77.10476,38.91964],[-77.10475,38.91964],[-77.10474,38.91963],[-77.10472,38.91963],[-77.10471,38.91962],[-77.1047,38.91961],[-77.10468,38.91961],[-77.10467,38.9196],[-77.10466,38.91959],[-77.10464,38.91958],[-77.10463,38.91957],[-77.10461,38.91956],[-77.1046,38.91956],[-77.10459,38.91955],[-77.10458,38.91954],[-77.10456,38.91954],[-77.10455,38.91953],[-77.10454,38.91953],[-77.10453,38.91952],[-77.10452,38.91952],[-77.10451,38.91952],[-77.1045,38.91951],[-77.10449,38.91951],[-77.10448,38.9195],[-77.10447,38.9195],[-77.10446,38.91949],[-77.10445,38.91949],[-77.10444,38.91949],[-77.10443,38.91948],[-77.10442,38.91948],[-77.10441,38.91947],[-77.1044,38.91946],[-77.10441,38.91946],[-77.10441,38.91945],[-77.10442,38.91945],[-77.10444,38.91945],[-77.10446,38.91946],[-77.10448,38.91947],[-77.10449,38.91947],[-77.10451,38.91947],[-77.10453,38.91947],[-77.10455,38.91948],[-77.10457,38.91948],[-77.10458,38.91948],[-77.1046,38.91949],[-77.10461,38.91949],[-77.10462,38.91949],[-77.10464,38.91949],[-77.10465,38.91949],[-77.10467,38.91949],[-77.10468,38.91949],[-77.10469,38.91949],[-77.10468,38.91948],[-77.10467,38.91947],[-77.10466,38.91946],[-77.10465,38.91945],[-77.10464,38.91944],[-77.10463,38.91943],[-77.10462,38.91942],[-77.10461,38.91942],[-77.1046,38.91941],[-77.10459,38.9194],[-77.10458,38.91939],[-77.10457,38.91938],[-77.10456,38.91937],[-77.10455,38.91936],[-77.10454,38.91935],[-77.10453,38.91934],[-77.10452,38.91933],[-77.10451,38.91932],[-77.1045,38.91931],[-77.10449,38.9193],[-77.10448,38.91929],[-77.10447,38.91928],[-77.10446,38.91926],[-77.10445,38.91925],[-77.10444,38.91924],[-77.10443,38.91923],[-77.10442,38.91922],[-77.10441,38.91922],[-77.10441,38.91921],[-77.1044,38.9192],[-77.10439,38.9192],[-77.10438,38.91919],[-77.10438,38.91917],[-77.10439,38.91916],[-77.1044,38.91915],[-77.10441,38.91914],[-77.10441,38.91913],[-77.10441,38.91911],[-77.10441,38.9191],[-77.1044,38.91909],[-77.10439,38.91908],[-77.10439,38.91907],[-77.10438,38.91905],[-77.10437,38.91904],[-77.10436,38.91903],[-77.10435,38.91902],[-77.10434,38.91902],[-77.10432,38.91902],[-77.10431,38.91901],[-77.1043,38.91901],[-77.10429,38.919],[-77.10428,38.91899],[-77.10426,38.91899],[-77.10425,38.91899],[-77.10424,38.91898],[-77.10422,38.91898],[-77.1042,38.91897],[-77.10419,38.91897],[-77.10417,38.91897],[-77.10415,38.91896],[-77.10414,38.91896],[-77.10412,38.91895],[-77.10412,38.91894],[-77.10411,38.91894],[-77.10411,38.91893],[-77.10411,38.91892],[-77.10412,38.91891],[-77.10412,38.9189],[-77.10413,38.91889],[-77.10414,38.91888],[-77.10415,38.91888],[-77.10417,38.91889],[-77.10418,38.91889],[-77.10419,38.91889],[-77.1042,38.91889],[-77.10421,38.91888],[-77.10422,38.91887],[-77.10422,38.91886],[-77.10422,38.91885],[-77.10423,38.91884],[-77.10423,38.91883],[-77.10423,38.91882],[-77.10421,38.91881],[-77.1042,38.91881],[-77.10419,38.91882],[-77.10418,38.91882],[-77.10416,38.91883],[-77.10415,38.91884],[-77.10413,38.91884],[-77.10412,38.91884],[-77.10411,38.91883],[-77.1041,38.91884],[-77.10409,38.91884],[-77.10408,38.91885],[-77.10407,38.91885],[-77.10406,38.91886],[-77.10405,38.91886],[-77.10404,38.91886],[-77.10402,38.91886],[-77.10401,38.91885],[-77.104,38.91885],[-77.10398,38.91884],[-77.10397,38.91884],[-77.10395,38.91883],[-77.10394,38.91882],[-77.10393,38.91882],[-77.10391,38.91881],[-77.1039,38.9188],[-77.1039,38.91879],[-77.10389,38.91879],[-77.10388,38.91878],[-77.10388,38.91877],[-77.10388,38.91876],[-77.10387,38.91875],[-77.10385,38.91875],[-77.10384,38.91875],[-77.10382,38.91875],[-77.10381,38.91874],[-77.1038,38.91874],[-77.1038,38.91872],[-77.1038,38.91871],[-77.10379,38.9187],[-77.10378,38.9187],[-77.10378,38.91869],[-77.10376,38.91869],[-77.10375,38.91868],[-77.10374,38.91867],[-77.10373,38.91866],[-77.10372,38.91865],[-77.10371,38.91864],[-77.10371,38.91863],[-77.1037,38.91861],[-77.10369,38.9186],[-77.10368,38.91859],[-77.10367,38.91858],[-77.10366,38.91857],[-77.10366,38.91856],[-77.10364,38.91856],[-77.10364,38.91855],[-77.10363,38.91855],[-77.10363,38.91854],[-77.10362,38.91854],[-77.10361,38.91855],[-77.1036,38.91855],[-77.10359,38.91854],[-77.10358,38.91853],[-77.10358,38.91854],[-77.10357,38.91855],[-77.10356,38.91855],[-77.10355,38.91856],[-77.10354,38.91857],[-77.10353,38.91857],[-77.10352,38.91857],[-77.10352,38.91858],[-77.10352,38.91859],[-77.10351,38.91859],[-77.1035,38.9186],[-77.10349,38.9186],[-77.10348,38.9186],[-77.10347,38.91861],[-77.10346,38.91862],[-77.10345,38.91863],[-77.10344,38.91863],[-77.10343,38.91863],[-77.10343,38.91864],[-77.10342,38.91865],[-77.1034,38.91866],[-77.10339,38.91866],[-77.10338,38.91866],[-77.10337,38.91866],[-77.10336,38.91866],[-77.10335,38.91866],[-77.10334,38.91867],[-77.10333,38.91868],[-77.10332,38.91868],[-77.10331,38.91869],[-77.1033,38.9187],[-77.10329,38.91871],[-77.10329,38.91872],[-77.10329,38.91873],[-77.1033,38.91875],[-77.10331,38.91876],[-77.10332,38.91877],[-77.10333,38.91878],[-77.10333,38.91879],[-77.10332,38.9188],[-77.10333,38.91881],[-77.10333,38.91882],[-77.10334,38.91882],[-77.10334,38.91883],[-77.10334,38.91884],[-77.10334,38.91885],[-77.10335,38.91886],[-77.10335,38.91887],[-77.10336,38.91888],[-77.10337,38.91889],[-77.10338,38.9189],[-77.10339,38.91891],[-77.1034,38.91892],[-77.1034,38.91893],[-77.1034,38.91894],[-77.10341,38.91895],[-77.10342,38.91896],[-77.10344,38.91896],[-77.10345,38.91897],[-77.10346,38.91898],[-77.10347,38.91899],[-77.10348,38.919],[-77.1035,38.919],[-77.10352,38.91901],[-77.10354,38.91902],[-77.10355,38.91902],[-77.10357,38.91903],[-77.10358,38.91903],[-77.10359,38.91904],[-77.1036,38.91904],[-77.10361,38.91905],[-77.10362,38.91905],[-77.10363,38.91906],[-77.10365,38.91907],[-77.10367,38.91907],[-77.10368,38.91908],[-77.10369,38.91908],[-77.1037,38.91909],[-77.10371,38.91909],[-77.10371,38.9191],[-77.10372,38.91911],[-77.10372,38.91912],[-77.10372,38.91913],[-77.10371,38.91914],[-77.1037,38.91913],[-77.10369,38.91913],[-77.10368,38.91912],[-77.10367,38.91911],[-77.10365,38.9191],[-77.10364,38.9191],[-77.10363,38.91909],[-77.10361,38.91909],[-77.10359,38.91908],[-77.10358,38.91908],[-77.10356,38.91907],[-77.10354,38.91906],[-77.10353,38.91906],[-77.10351,38.91905],[-77.1035,38.91905],[-77.10348,38.91905],[-77.10346,38.91905],[-77.10345,38.91904],[-77.10344,38.91904],[-77.10343,38.91903],[-77.10342,38.91903],[-77.10341,38.91903],[-77.10339,38.91903],[-77.10338,38.91903],[-77.10336,38.91903],[-77.10335,38.91902],[-77.10334,38.91902],[-77.10333,38.91903],[-77.10332,38.91903],[-77.10331,38.91905],[-77.1033,38.91906],[-77.1033,38.91907],[-77.10329,38.91909],[-77.10329,38.91911],[-77.10329,38.91912],[-77.10329,38.91913],[-77.10329,38.91914],[-77.10329,38.91915],[-77.10328,38.91917],[-77.10328,38.91919],[-77.10327,38.9192],[-77.10326,38.91922],[-77.10325,38.91923],[-77.10324,38.91924],[-77.10323,38.91925],[-77.10321,38.91926],[-77.1032,38.91927],[-77.10319,38.91928],[-77.10318,38.91929],[-77.10317,38.91929],[-77.10316,38.91929],[-77.10315,38.9193],[-77.10314,38.9193],[-77.10313,38.9193],[-77.10312,38.9193],[-77.1031,38.91931],[-77.10309,38.91931],[-77.10307,38.91931],[-77.10306,38.91931],[-77.10304,38.91931],[-77.10303,38.91931],[-77.10301,38.91931],[-77.103,38.91931],[-77.10298,38.91931],[-77.10297,38.91931],[-77.10295,38.91932],[-77.10294,38.91932],[-77.10293,38.91933],[-77.10291,38.91933],[-77.1029,38.91933],[-77.10288,38.91933],[-77.10287,38.91933],[-77.10285,38.91933],[-77.10283,38.91934],[-77.10282,38.91934],[-77.10281,38.91935],[-77.10279,38.91935],[-77.10278,38.91936],[-77.10277,38.91936],[-77.10275,38.91937],[-77.10274,38.91938],[-77.10273,38.91939],[-77.10272,38.9194],[-77.10271,38.9194],[-77.1027,38.91941],[-77.10269,38.91942],[-77.10268,38.91943],[-77.10267,38.91944],[-77.10266,38.91945],[-77.10265,38.91946],[-77.10264,38.91947],[-77.10263,38.91947],[-77.10263,38.91949],[-77.10262,38.91949],[-77.10262,38.9195],[-77.10261,38.91951],[-77.10261,38.91953],[-77.1026,38.91954],[-77.10261,38.91955],[-77.10261,38.91956],[-77.1026,38.91957],[-77.1026,38.91958],[-77.1026,38.91959],[-77.1026,38.9196],[-77.1026,38.91961],[-77.10259,38.91961],[-77.10259,38.91962],[-77.10259,38.91963],[-77.10259,38.91964],[-77.10259,38.91965],[-77.10259,38.91966],[-77.10259,38.91967],[-77.10258,38.91968],[-77.10259,38.91968],[-77.10258,38.91969],[-77.10258,38.9197],[-77.10258,38.91971],[-77.10257,38.91972],[-77.10256,38.91973],[-77.10256,38.91974],[-77.10255,38.91974],[-77.10255,38.91975],[-77.10255,38.91976],[-77.10255,38.91977],[-77.10255,38.91978],[-77.10254,38.91979],[-77.10252,38.91979],[-77.10251,38.9198],[-77.1025,38.9198],[-77.10249,38.91981],[-77.10248,38.91981],[-77.10248,38.91982],[-77.10248,38.91983],[-77.10247,38.91984],[-77.10247,38.91985],[-77.10246,38.91986],[-77.10245,38.91986],[-77.10244,38.91986],[-77.10242,38.91987],[-77.10241,38.91987],[-77.1024,38.91986],[-77.10238,38.91986],[-77.10237,38.91986],[-77.10236,38.91986],[-77.10235,38.91987],[-77.10234,38.91988],[-77.10233,38.91989],[-77.10231,38.91989],[-77.1023,38.9199],[-77.10229,38.9199],[-77.10228,38.9199],[-77.10227,38.91991],[-77.10226,38.91991],[-77.10225,38.91991],[-77.10224,38.91991],[-77.10223,38.91991],[-77.10222,38.91991],[-77.10221,38.91991],[-77.10219,38.91992],[-77.10217,38.9199],[-77.10219,38.91987],[-77.1022,38.91986],[-77.10222,38.91986],[-77.10223,38.91985],[-77.10224,38.91985],[-77.10225,38.91984],[-77.10226,38.91984],[-77.10227,38.91983],[-77.10228,38.91983],[-77.10229,38.91983],[-77.1023,38.91982],[-77.10231,38.91982],[-77.10232,38.91981],[-77.10233,38.91981],[-77.10234,38.91981],[-77.10235,38.91981],[-77.10236,38.91981],[-77.10237,38.9198],[-77.10238,38.91979],[-77.1024,38.91979],[-77.10241,38.91979],[-77.10242,38.91979],[-77.10243,38.91978],[-77.10244,38.91978],[-77.10245,38.91977],[-77.10246,38.91976],[-77.10247,38.91976],[-77.10248,38.91975],[-77.10248,38.91974],[-77.10249,38.91973],[-77.10249,38.91972],[-77.1025,38.91971],[-77.1025,38.9197],[-77.1025,38.91969],[-77.10251,38.91968],[-77.10251,38.91967],[-77.10251,38.91966],[-77.10251,38.91965],[-77.10251,38.91964],[-77.10251,38.91963],[-77.10252,38.91961],[-77.10252,38.9196],[-77.10252,38.91959],[-77.10253,38.91958],[-77.10254,38.91956],[-77.10255,38.91955],[-77.10255,38.91954],[-77.10256,38.91953],[-77.10256,38.91952],[-77.10257,38.91951],[-77.10258,38.9195],[-77.10258,38.91949],[-77.10259,38.91948],[-77.1026,38.91946],[-77.1026,38.91945],[-77.1026,38.91944],[-77.1026,38.91943],[-77.1026,38.91942],[-77.10261,38.91941],[-77.10261,38.9194],[-77.10262,38.91938],[-77.10262,38.91937],[-77.10263,38.91935],[-77.10264,38.91934],[-77.10264,38.91933],[-77.10264,38.91932],[-77.10264,38.91931],[-77.10266,38.9193],[-77.10267,38.91929],[-77.10268,38.91927],[-77.10269,38.91926],[-77.1027,38.91925],[-77.10271,38.91924],[-77.10271,38.91923],[-77.10272,38.91922],[-77.10272,38.91921],[-77.10272,38.9192],[-77.10271,38.9192],[-77.10271,38.91919],[-77.10272,38.91919],[-77.10274,38.91918],[-77.10276,38.91918],[-77.10277,38.91918],[-77.10278,38.91917],[-77.1028,38.91916],[-77.10281,38.91916],[-77.10282,38.91915],[-77.10282,38.91914],[-77.10282,38.91912],[-77.10282,38.91911],[-77.10282,38.91909],[-77.10282,38.91907],[-77.10282,38.91905],[-77.10282,38.91904],[-77.10282,38.91902],[-77.10281,38.91901],[-77.1028,38.91899],[-77.1028,38.91898],[-77.10279,38.91897],[-77.10279,38.91896],[-77.10278,38.91894],[-77.10277,38.91893],[-77.10276,38.91892],[-77.10275,38.91892],[-77.10273,38.91891],[-77.10272,38.9189],[-77.10271,38.91889],[-77.1027,38.91888],[-77.10268,38.91888],[-77.10267,38.91887],[-77.10266,38.91886],[-77.10265,38.91885],[-77.10264,38.91885],[-77.10263,38.91884],[-77.10263,38.91882],[-77.10262,38.91881],[-77.10261,38.91881],[-77.1026,38.9188],[-77.1026,38.91879],[-77.10259,38.91878],[-77.10259,38.91877],[-77.10258,38.91877],[-77.10258,38.91876],[-77.10257,38.91876],[-77.10255,38.91875],[-77.10254,38.91875],[-77.10253,38.91875],[-77.10253,38.91874],[-77.10252,38.91874],[-77.10251,38.91873],[-77.1025,38.91872],[-77.10249,38.91871],[-77.10249,38.9187],[-77.10248,38.9187],[-77.10247,38.91869],[-77.10246,38.91868],[-77.10246,38.91867],[-77.10245,38.91866],[-77.10243,38.91866],[-77.10243,38.91865],[-77.10242,38.91864],[-77.10241,38.91864],[-77.10241,38.91863],[-77.10241,38.91862],[-77.10242,38.91861],[-77.10242,38.91859],[-77.10243,38.91858],[-77.10244,38.91857],[-77.10246,38.91856],[-77.10247,38.91856],[-77.10248,38.91855],[-77.1025,38.91854],[-77.10252,38.91854],[-77.10253,38.91854],[-77.10255,38.91854],[-77.10257,38.91853],[-77.10258,38.91853],[-77.10259,38.91852],[-77.1026,38.91851],[-77.10261,38.91851],[-77.10261,38.9185],[-77.10262,38.91849],[-77.10262,38.91847],[-77.10262,38.91845],[-77.10261,38.91844],[-77.10261,38.91843],[-77.10261,38.91841],[-77.1026,38.9184],[-77.1026,38.91838],[-77.10259,38.91836],[-77.10259,38.91835],[-77.10258,38.91833],[-77.10258,38.91832],[-77.10257,38.91831],[-77.10256,38.91829],[-77.10256,38.91827],[-77.10256,38.91826],[-77.10256,38.91824],[-77.10255,38.91823],[-77.10255,38.91821],[-77.10255,38.9182],[-77.10255,38.91818],[-77.10255,38.91817],[-77.10255,38.91815],[-77.10255,38.91814],[-77.10254,38.91812],[-77.10254,38.9181],[-77.10254,38.91809],[-77.10254,38.91808],[-77.10255,38.91807],[-77.10254,38.91806],[-77.10254,38.91805],[-77.10253,38.91805],[-77.10253,38.91804],[-77.10253,38.91803],[-77.10254,38.91802],[-77.10254,38.918],[-77.10254,38.91799],[-77.10254,38.91798],[-77.10254,38.91796],[-77.10254,38.91795],[-77.10254,38.91793],[-77.10254,38.91792],[-77.10254,38.91791],[-77.10254,38.91789],[-77.10254,38.91788],[-77.10253,38.91787],[-77.10253,38.91785],[-77.10252,38.91784],[-77.10252,38.91782],[-77.10252,38.91781],[-77.10251,38.9178],[-77.10251,38.91779],[-77.10251,38.91778],[-77.1025,38.91777],[-77.1025,38.91776],[-77.1025,38.91774],[-77.1025,38.91773],[-77.1025,38.91771],[-77.1025,38.9177],[-77.1025,38.91769],[-77.1025,38.91768],[-77.10249,38.91766],[-77.10249,38.91765],[-77.10249,38.91764],[-77.10249,38.91763],[-77.10249,38.91762],[-77.10249,38.91761],[-77.10249,38.91759],[-77.10248,38.91758],[-77.10248,38.91756],[-77.10248,38.91754],[-77.10247,38.91753],[-77.10247,38.91752],[-77.10246,38.91751],[-77.10246,38.9175],[-77.10246,38.91749],[-77.10245,38.91748],[-77.10245,38.91747],[-77.10244,38.91746],[-77.10242,38.91745],[-77.10241,38.91744],[-77.1024,38.91743],[-77.10238,38.91742],[-77.10237,38.91741],[-77.10236,38.9174],[-77.10235,38.91739],[-77.10234,38.91738],[-77.10233,38.91736],[-77.10232,38.91735],[-77.1023,38.91734],[-77.1023,38.91733],[-77.1023,38.91731],[-77.1023,38.91729],[-77.1023,38.91728],[-77.10229,38.91727],[-77.10229,38.91726],[-77.1023,38.91725],[-77.1023,38.91723],[-77.10231,38.91722],[-77.1023,38.91721],[-77.10229,38.91721],[-77.10228,38.91721],[-77.10227,38.9172],[-77.10226,38.91718],[-77.10225,38.91717],[-77.10225,38.91715],[-77.10224,38.91713],[-77.10223,38.91712],[-77.10222,38.9171],[-77.10221,38.91709],[-77.1022,38.91708],[-77.10219,38.91707],[-77.10218,38.91705],[-77.10217,38.91704],[-77.10216,38.91703],[-77.10215,38.91702],[-77.10214,38.917],[-77.10214,38.91699],[-77.10214,38.91697],[-77.10213,38.91697],[-77.10211,38.91696],[-77.1021,38.91695],[-77.10209,38.91693],[-77.10208,38.91692],[-77.10207,38.91691],[-77.10206,38.9169],[-77.10206,38.91689],[-77.10206,38.91688],[-77.10207,38.91686],[-77.10207,38.91685],[-77.10207,38.91684],[-77.10206,38.91684],[-77.10205,38.91683],[-77.10203,38.91682],[-77.10202,38.91682],[-77.10201,38.91682],[-77.102,38.91681],[-77.10199,38.9168],[-77.10197,38.91679],[-77.10196,38.91677],[-77.10194,38.91676],[-77.10192,38.91674],[-77.10191,38.91673],[-77.1019,38.91671],[-77.10189,38.91669],[-77.10187,38.91667],[-77.10186,38.91666],[-77.10185,38.91664],[-77.10184,38.91662],[-77.10183,38.9166],[-77.10182,38.91658],[-77.10182,38.91656],[-77.10181,38.91654],[-77.1018,38.91652],[-77.1018,38.9165],[-77.1018,38.91648],[-77.10179,38.91647],[-77.10179,38.91644],[-77.10178,38.91642],[-77.10178,38.91641],[-77.10177,38.91639],[-77.10176,38.91637],[-77.10176,38.91635],[-77.10175,38.91633],[-77.10174,38.91631],[-77.10173,38.9163],[-77.10172,38.91628],[-77.10172,38.91626],[-77.10171,38.91624],[-77.1017,38.91622],[-77.10169,38.9162],[-77.10168,38.91618],[-77.10167,38.91616],[-77.10166,38.91615],[-77.10165,38.91613],[-77.10163,38.91611],[-77.10163,38.91609],[-77.10162,38.91607],[-77.10161,38.91606],[-77.1016,38.91604],[-77.10159,38.91602],[-77.10158,38.916],[-77.10156,38.91598],[-77.10155,38.91597],[-77.10154,38.91595],[-77.10153,38.91593],[-77.10152,38.91591],[-77.10151,38.91589],[-77.1015,38.91588],[-77.10149,38.91586],[-77.10148,38.91584],[-77.10147,38.91582],[-77.10146,38.9158],[-77.10145,38.91578],[-77.10145,38.91577],[-77.10144,38.91575],[-77.10143,38.91573],[-77.10142,38.91571],[-77.10142,38.91569],[-77.10141,38.91567],[-77.1014,38.91565],[-77.10139,38.91563],[-77.10138,38.91561],[-77.10138,38.91559],[-77.10137,38.91557],[-77.10136,38.91555],[-77.10135,38.91553],[-77.10134,38.91552],[-77.10133,38.9155],[-77.10133,38.91548],[-77.10132,38.91546],[-77.10132,38.91544],[-77.10132,38.91542],[-77.10131,38.91541],[-77.10131,38.91539],[-77.1013,38.91537],[-77.1013,38.91535],[-77.1013,38.91534],[-77.10131,38.91533],[-77.10132,38.91531],[-77.10133,38.9153],[-77.10135,38.91529],[-77.10137,38.91528],[-77.10137,38.91527],[-77.10137,38.91526],[-77.10136,38.91525],[-77.10135,38.91524],[-77.10134,38.91523],[-77.10134,38.91522],[-77.10135,38.9152],[-77.10135,38.91518],[-77.10135,38.91517],[-77.10134,38.91515],[-77.10134,38.91513],[-77.10133,38.91512],[-77.10133,38.9151],[-77.10134,38.91509],[-77.10134,38.91507],[-77.10135,38.91505],[-77.10136,38.91504],[-77.10137,38.91502],[-77.10139,38.91501],[-77.1014,38.91499],[-77.10141,38.91498],[-77.10143,38.91496],[-77.10144,38.91495],[-77.10146,38.91493],[-77.10147,38.91491],[-77.10148,38.9149],[-77.10149,38.91488],[-77.10149,38.91486],[-77.10149,38.91484],[-77.10149,38.91482],[-77.10149,38.91481],[-77.10148,38.91479],[-77.10148,38.91477],[-77.10148,38.91475],[-77.10148,38.91473],[-77.10147,38.91471],[-77.10147,38.91469],[-77.10147,38.91467],[-77.10147,38.91465],[-77.10147,38.91464],[-77.10146,38.91462],[-77.10145,38.91461],[-77.10144,38.9146],[-77.10143,38.91459],[-77.10142,38.91457],[-77.10141,38.91456],[-77.10141,38.91455],[-77.10141,38.91454],[-77.10141,38.91453],[-77.10141,38.91451],[-77.10141,38.9145],[-77.1014,38.91448],[-77.10139,38.91447],[-77.10138,38.91446],[-77.10136,38.91445],[-77.10135,38.91444],[-77.10135,38.91442],[-77.10135,38.91441],[-77.10137,38.91439],[-77.10138,38.91439],[-77.1014,38.91438],[-77.10141,38.91437],[-77.10143,38.91437],[-77.10145,38.91436],[-77.10148,38.91436],[-77.1015,38.91436],[-77.10151,38.91436],[-77.10151,38.91435],[-77.1015,38.91434],[-77.10148,38.91433],[-77.10146,38.91432],[-77.10145,38.91431],[-77.10144,38.9143],[-77.10143,38.91428],[-77.10143,38.91427],[-77.10143,38.91426],[-77.10144,38.91424],[-77.10144,38.91423],[-77.10143,38.91422],[-77.10142,38.91421],[-77.1014,38.91421],[-77.10139,38.91422],[-77.10138,38.91422],[-77.10136,38.91422],[-77.10135,38.9142],[-77.10134,38.91418],[-77.10133,38.91416],[-77.10134,38.91414],[-77.10135,38.91413],[-77.10136,38.91412],[-77.10137,38.91411],[-77.10139,38.9141],[-77.10141,38.91411],[-77.10142,38.91411],[-77.10144,38.91412],[-77.10144,38.91413],[-77.10145,38.91415],[-77.10146,38.91417],[-77.10147,38.91418],[-77.10148,38.91418],[-77.10149,38.91419],[-77.1015,38.91418],[-77.10151,38.91417],[-77.10152,38.91415],[-77.10153,38.91414],[-77.10154,38.91413],[-77.10155,38.91412],[-77.10156,38.9141],[-77.10157,38.91409],[-77.10158,38.91408],[-77.10158,38.91406],[-77.10159,38.91404],[-77.10159,38.91402],[-77.10159,38.91401],[-77.10159,38.91399],[-77.10159,38.91397],[-77.10159,38.91395],[-77.10159,38.91394],[-77.10159,38.91392],[-77.1016,38.9139],[-77.1016,38.91388],[-77.10161,38.91386],[-77.10162,38.91384],[-77.10162,38.91383],[-77.10163,38.91381],[-77.10163,38.91379],[-77.10164,38.91377],[-77.10164,38.91375],[-77.10165,38.91374],[-77.10165,38.91372],[-77.10165,38.9137],[-77.10165,38.91369],[-77.10166,38.91368],[-77.10168,38.91366],[-77.10169,38.91366],[-77.1017,38.91366],[-77.10171,38.91365],[-77.10171,38.91364],[-77.10171,38.91363],[-77.1017,38.91362],[-77.10169,38.91362],[-77.10168,38.91362],[-77.10167,38.91362],[-77.10166,38.91362],[-77.10165,38.91363],[-77.10164,38.91363],[-77.10163,38.91362],[-77.10162,38.91361],[-77.1016,38.91361],[-77.10159,38.91359],[-77.10159,38.91358],[-77.10159,38.91356],[-77.10159,38.91355],[-77.10158,38.91354],[-77.10157,38.91354],[-77.10156,38.91354],[-77.10155,38.91353],[-77.10154,38.91351],[-77.10153,38.9135],[-77.10153,38.91349],[-77.10153,38.91348],[-77.10154,38.91347],[-77.10155,38.91346],[-77.10155,38.91344],[-77.10155,38.91342],[-77.10154,38.91341],[-77.10153,38.91341],[-77.10152,38.91341],[-77.1015,38.91341],[-77.10148,38.91341],[-77.10146,38.91342],[-77.10145,38.91342],[-77.10144,38.91343],[-77.10143,38.91343],[-77.10142,38.91344],[-77.10141,38.91343],[-77.10139,38.91343],[-77.10138,38.91341],[-77.10137,38.9134],[-77.10136,38.91339],[-77.10135,38.91337],[-77.10135,38.91335],[-77.10135,38.91333],[-77.10135,38.91331],[-77.10135,38.9133],[-77.10134,38.91329],[-77.10133,38.91328],[-77.10132,38.91326],[-77.10131,38.91324],[-77.1013,38.91322],[-77.1013,38.91321],[-77.10129,38.91319],[-77.10127,38.91317],[-77.10126,38.91316],[-77.10127,38.91315],[-77.10127,38.91314],[-77.10128,38.91314],[-77.1013,38.91314],[-77.10131,38.91314],[-77.10131,38.91313],[-77.1013,38.91312],[-77.10128,38.91311],[-77.10126,38.91309],[-77.10125,38.91308],[-77.10124,38.91307],[-77.10122,38.91306],[-77.10121,38.91305],[-77.1012,38.91303],[-77.10119,38.91302],[-77.10118,38.91301],[-77.10117,38.91299],[-77.10115,38.91298],[-77.10113,38.91297],[-77.10111,38.91296],[-77.10109,38.91295],[-77.10107,38.91294],[-77.10105,38.91293],[-77.10103,38.91292],[-77.10101,38.91291],[-77.10099,38.91289],[-77.10098,38.91288],[-77.10096,38.91287],[-77.10095,38.91285],[-77.10093,38.91284],[-77.10092,38.91282],[-77.1009,38.9128],[-77.10089,38.91279],[-77.10088,38.91278],[-77.10087,38.91276],[-77.10087,38.91274],[-77.10086,38.91272],[-77.10085,38.91271],[-77.10084,38.91269],[-77.10083,38.91268],[-77.10082,38.91266],[-77.10081,38.91264],[-77.1008,38.91263],[-77.10079,38.91261],[-77.10078,38.9126],[-77.10077,38.91259],[-77.10077,38.91257],[-77.10076,38.91255],[-77.10074,38.91253],[-77.10073,38.91252],[-77.10072,38.91251],[-77.1007,38.91251],[-77.10069,38.91251],[-77.10067,38.9125],[-77.10066,38.91248],[-77.10065,38.91247],[-77.10065,38.91245],[-77.10064,38.91244],[-77.10062,38.91244],[-77.10061,38.91244],[-77.1006,38.91245],[-77.10059,38.91246],[-77.10057,38.91245],[-77.10055,38.91244],[-77.10054,38.91242],[-77.10052,38.91241],[-77.10051,38.91239],[-77.10049,38.91238],[-77.10047,38.91238],[-77.10045,38.91238],[-77.10043,38.91237],[-77.10041,38.91236],[-77.1004,38.91236],[-77.1004,38.91237],[-77.1004,38.91239],[-77.10041,38.9124],[-77.10042,38.91242],[-77.10043,38.91244],[-77.10044,38.91245],[-77.10044,38.91247],[-77.10045,38.91249],[-77.10046,38.9125],[-77.10047,38.91252],[-77.10048,38.91254],[-77.10049,38.91256],[-77.1005,38.91258],[-77.10052,38.91259],[-77.10054,38.9126],[-77.10056,38.91262],[-77.10056,38.91264],[-77.10057,38.91266],[-77.10058,38.91268],[-77.10059,38.9127],[-77.10059,38.91272],[-77.1006,38.91274],[-77.10061,38.91276],[-77.10062,38.91278],[-77.10064,38.91279],[-77.10066,38.91281],[-77.10067,38.91283],[-77.10068,38.91285],[-77.10069,38.91287],[-77.1007,38.91289],[-77.10071,38.91291],[-77.10072,38.91293],[-77.10073,38.91296],[-77.10074,38.91298],[-77.10074,38.913],[-77.10076,38.91302],[-77.10077,38.91305],[-77.10078,38.91307],[-77.10079,38.91309],[-77.1008,38.91311],[-77.10081,38.91313],[-77.10082,38.91315],[-77.10083,38.91317],[-77.10084,38.91319],[-77.10085,38.91321],[-77.10085,38.91323],[-77.10086,38.91325],[-77.10086,38.91326],[-77.10085,38.91327],[-77.10084,38.91327],[-77.10083,38.91328],[-77.10082,38.91329],[-77.10083,38.9133],[-77.10084,38.91331],[-77.10086,38.91332],[-77.10088,38.91333],[-77.10089,38.91334],[-77.1009,38.91336],[-77.10091,38.91338],[-77.10092,38.9134],[-77.10093,38.91341],[-77.10094,38.91343],[-77.10095,38.91345],[-77.10096,38.91347],[-77.10097,38.91349],[-77.10097,38.9135],[-77.10098,38.91352],[-77.10098,38.91354],[-77.10099,38.91356],[-77.101,38.91358],[-77.101,38.9136],[-77.101,38.91362],[-77.10101,38.91363],[-77.10102,38.91365],[-77.10103,38.91367],[-77.10104,38.91368],[-77.10105,38.9137],[-77.10106,38.91371],[-77.10107,38.91373],[-77.10109,38.91374],[-77.1011,38.91376],[-77.10111,38.91377],[-77.10111,38.91378],[-77.1011,38.91379],[-77.10109,38.9138],[-77.10107,38.91381],[-77.10106,38.91381],[-77.10104,38.91382],[-77.10103,38.91382],[-77.10102,38.91383],[-77.10101,38.91383],[-77.10101,38.91382],[-77.101,38.91381],[-77.101,38.91379],[-77.101,38.91377],[-77.101,38.91376],[-77.10099,38.91375],[-77.10097,38.91375],[-77.10096,38.91374],[-77.10094,38.91372],[-77.10092,38.91371],[-77.10091,38.9137],[-77.10091,38.91368],[-77.10091,38.91367],[-77.1009,38.91366],[-77.10089,38.91365],[-77.10087,38.91364],[-77.10085,38.91363],[-77.10084,38.91362],[-77.10082,38.91361],[-77.1008,38.9136],[-77.10078,38.91359],[-77.10077,38.91358],[-77.10076,38.91357],[-77.10076,38.91355],[-77.10076,38.91353],[-77.10075,38.91351],[-77.10074,38.9135],[-77.10073,38.91349],[-77.10071,38.91349],[-77.1007,38.91348],[-77.10068,38.91348],[-77.10067,38.91347],[-77.10065,38.91346],[-77.10063,38.91345],[-77.10061,38.91344],[-77.1006,38.91343],[-77.1006,38.91342],[-77.10059,38.9134],[-77.10059,38.91339],[-77.10058,38.91337],[-77.10057,38.91336],[-77.10055,38.91335],[-77.10054,38.91333],[-77.10053,38.91332],[-77.10052,38.9133],[-77.10051,38.91328],[-77.10049,38.91326],[-77.10048,38.91325],[-77.10047,38.91323],[-77.10047,38.91322],[-77.10046,38.9132],[-77.10045,38.91318],[-77.10044,38.91316],[-77.10043,38.91315],[-77.10042,38.91313],[-77.10041,38.91311],[-77.1004,38.9131],[-77.10039,38.91308],[-77.10039,38.91306],[-77.10038,38.91305],[-77.10038,38.91303],[-77.10038,38.91301],[-77.10038,38.91299],[-77.10037,38.91297],[-77.10037,38.91296],[-77.10037,38.91294],[-77.10036,38.91293],[-77.10035,38.91291],[-77.10034,38.9129],[-77.10034,38.91289],[-77.10033,38.91288],[-77.10032,38.91287],[-77.10031,38.91286],[-77.1003,38.91284],[-77.1003,38.91283],[-77.10029,38.91282],[-77.1003,38.91281],[-77.10031,38.9128],[-77.10031,38.91279],[-77.1003,38.91278],[-77.1003,38.91276],[-77.10029,38.91275],[-77.10027,38.91275],[-77.10025,38.91275],[-77.10023,38.91275],[-77.10021,38.91274],[-77.1002,38.91273],[-77.1002,38.91271],[-77.1002,38.9127],[-77.1002,38.91269],[-77.1002,38.91268],[-77.1002,38.91267],[-77.10019,38.91266],[-77.10018,38.91266],[-77.10017,38.91267],[-77.10016,38.91269],[-77.10015,38.9127],[-77.10016,38.91272],[-77.10016,38.91273],[-77.10016,38.91274],[-77.10015,38.91275],[-77.10014,38.91275],[-77.10013,38.91276],[-77.10011,38.91275],[-77.1001,38.91274],[-77.10009,38.91273],[-77.10009,38.91271],[-77.10009,38.9127],[-77.10008,38.91268],[-77.10007,38.91267],[-77.10006,38.91266],[-77.10004,38.91265],[-77.10003,38.91263],[-77.10002,38.91262],[-77.10001,38.91261],[-77.1,38.91259],[-77.09999,38.91257],[-77.09998,38.91255],[-77.09996,38.91254],[-77.09995,38.91253],[-77.09995,38.91252],[-77.09995,38.91251],[-77.09995,38.9125],[-77.09995,38.91248],[-77.09996,38.91247],[-77.09996,38.91245],[-77.09997,38.91245],[-77.09998,38.91245],[-77.09999,38.91246],[-77.1,38.91248],[-77.10001,38.91249],[-77.10002,38.9125],[-77.10003,38.9125],[-77.10004,38.91249],[-77.10005,38.91248],[-77.10005,38.91246],[-77.10005,38.91245],[-77.10005,38.91243],[-77.10004,38.91241],[-77.10003,38.9124],[-77.10001,38.91238],[-77.1,38.91237],[-77.09999,38.91235],[-77.09998,38.91233],[-77.09998,38.91231],[-77.09998,38.91229],[-77.09999,38.91228],[-77.09999,38.91226],[-77.09999,38.91225],[-77.09999,38.91223],[-77.09998,38.91221],[-77.09996,38.9122],[-77.09995,38.91218],[-77.09993,38.91217],[-77.09991,38.91216],[-77.09989,38.91216],[-77.09987,38.91215],[-77.09985,38.91215],[-77.09984,38.91214],[-77.09983,38.91213],[-77.09982,38.91211],[-77.09982,38.9121],[-77.09981,38.91209],[-77.09979,38.91208],[-77.09978,38.91208],[-77.09976,38.91207],[-77.09974,38.91206],[-77.09972,38.91206],[-77.0997,38.91205],[-77.09968,38.91204],[-77.09966,38.91204],[-77.09964,38.91203],[-77.09963,38.91203],[-77.09961,38.91202],[-77.09958,38.912],[-77.09956,38.91198],[-77.09955,38.91196],[-77.09954,38.91193],[-77.09953,38.91191],[-77.09951,38.91189],[-77.09949,38.91187],[-77.09947,38.91187],[-77.09946,38.91188],[-77.09947,38.91189],[-77.09946,38.9119],[-77.09946,38.91192],[-77.09945,38.91193],[-77.09944,38.91194],[-77.09942,38.91196],[-77.09941,38.91196],[-77.09939,38.91197],[-77.09937,38.91197],[-77.09936,38.91197],[-77.09936,38.91196],[-77.09934,38.91195],[-77.09933,38.91194],[-77.09932,38.91192],[-77.0993,38.9119],[-77.09928,38.91189],[-77.09926,38.91189],[-77.09924,38.91189],[-77.09923,38.91189],[-77.09922,38.91188],[-77.0992,38.91187],[-77.09918,38.91185],[-77.09917,38.91184],[-77.09915,38.91182],[-77.09914,38.9118],[-77.09912,38.91178],[-77.0991,38.91177],[-77.09908,38.91177],[-77.09905,38.91177],[-77.09902,38.91177],[-77.099,38.91177],[-77.09898,38.91176],[-77.09895,38.91174],[-77.09893,38.91173],[-77.09891,38.91172],[-77.09888,38.91172],[-77.09885,38.91172],[-77.09882,38.91171],[-77.0988,38.91172],[-77.09879,38.91172],[-77.09879,38.91173],[-77.09878,38.91173],[-77.09876,38.91174],[-77.09875,38.91175],[-77.09873,38.91176],[-77.09872,38.91178],[-77.09871,38.91179],[-77.09869,38.91179],[-77.09868,38.91179],[-77.09867,38.91178],[-77.09866,38.91177],[-77.09865,38.91177],[-77.09865,38.91176],[-77.09865,38.91175],[-77.09866,38.91175],[-77.09867,38.91174],[-77.09868,38.91174],[-77.0987,38.91173],[-77.09872,38.91171],[-77.09873,38.9117],[-77.09874,38.91169],[-77.09875,38.91168],[-77.09875,38.91167],[-77.09875,38.91166],[-77.09875,38.91165],[-77.09874,38.91162],[-77.09874,38.9116],[-77.09872,38.91157],[-77.0987,38.91155],[-77.09867,38.91153],[-77.09864,38.91151],[-77.09861,38.91149],[-77.09858,38.91147],[-77.09855,38.91144],[-77.09851,38.91142],[-77.09848,38.9114],[-77.09844,38.91137],[-77.09841,38.91135],[-77.09838,38.91133],[-77.09834,38.9113],[-77.09831,38.91128],[-77.09827,38.91126],[-77.09824,38.91124],[-77.0982,38.91122],[-77.09817,38.9112],[-77.09813,38.91118],[-77.09809,38.91116],[-77.09806,38.91114],[-77.09803,38.91112],[-77.098,38.91109],[-77.09797,38.91107],[-77.09794,38.91104],[-77.09791,38.91102],[-77.09788,38.91099],[-77.09785,38.91097],[-77.09781,38.91095],[-77.09778,38.91093],[-77.09774,38.91091],[-77.0977,38.91089],[-77.09766,38.91088],[-77.09762,38.91086],[-77.09758,38.91084],[-77.09755,38.91081],[-77.09752,38.91079],[-77.09749,38.91077],[-77.09746,38.91075],[-77.09744,38.91073],[-77.09741,38.91072],[-77.09738,38.9107],[-77.09736,38.91069],[-77.09733,38.91067],[-77.09731,38.91064],[-77.09728,38.91062],[-77.09725,38.9106],[-77.09722,38.91057],[-77.09719,38.91055],[-77.09717,38.91052],[-77.09715,38.9105],[-77.09712,38.91048],[-77.09709,38.91045],[-77.09705,38.91042],[-77.09702,38.9104],[-77.09698,38.91037],[-77.09694,38.91035],[-77.0969,38.91033],[-77.09686,38.9103],[-77.09682,38.91028],[-77.09678,38.91026],[-77.09674,38.91024],[-77.0967,38.91022],[-77.09666,38.9102],[-77.09663,38.91018],[-77.09659,38.91016],[-77.09655,38.91014],[-77.09651,38.91012],[-77.09648,38.9101],[-77.09645,38.91008],[-77.09642,38.91006],[-77.09639,38.91004],[-77.09637,38.91002],[-77.09634,38.91],[-77.09632,38.90998],[-77.0963,38.90996],[-77.09629,38.90994],[-77.09629,38.90992],[-77.09629,38.9099],[-77.0963,38.90988],[-77.0963,38.90986],[-77.09629,38.90984],[-77.09627,38.90983],[-77.09624,38.90982],[-77.09622,38.90981],[-77.09621,38.9098],[-77.09619,38.90979],[-77.09617,38.90978],[-77.09615,38.90977],[-77.09613,38.90976],[-77.09612,38.90974],[-77.09612,38.90973],[-77.09611,38.90971],[-77.09609,38.9097],[-77.09608,38.90969],[-77.0961,38.90967],[-77.09612,38.90966],[-77.09614,38.90965],[-77.09616,38.90963],[-77.09617,38.90961],[-77.09615,38.90961],[-77.09612,38.90962],[-77.0961,38.90963],[-77.09607,38.90965],[-77.09604,38.90966],[-77.09603,38.90964],[-77.09604,38.90962],[-77.09604,38.90959],[-77.09604,38.90957],[-77.09603,38.90955],[-77.09601,38.90954],[-77.096,38.90955],[-77.09598,38.90957],[-77.09597,38.90959],[-77.09596,38.90961],[-77.09595,38.90961],[-77.09595,38.9096],[-77.09595,38.90958],[-77.09595,38.90956],[-77.09594,38.90954],[-77.09593,38.90953],[-77.09591,38.90954],[-77.0959,38.90955],[-77.09588,38.90956],[-77.09586,38.90955],[-77.09583,38.90954],[-77.09582,38.90952],[-77.0958,38.9095],[-77.0958,38.90947],[-77.0958,38.90946],[-77.09579,38.90944],[-77.09577,38.90944],[-77.09574,38.90943],[-77.09572,38.90942],[-77.0957,38.90941],[-77.09571,38.90939],[-77.09572,38.90937],[-77.09572,38.90935],[-77.0957,38.90933],[-77.09568,38.90931],[-77.09566,38.9093],[-77.09563,38.90927],[-77.09561,38.90925],[-77.09559,38.90923],[-77.09557,38.90921],[-77.09555,38.90919],[-77.09553,38.90917],[-77.09552,38.90915],[-77.0955,38.90914],[-77.09548,38.90914],[-77.09546,38.90915],[-77.09543,38.90915],[-77.09541,38.90914],[-77.09539,38.90913],[-77.09537,38.90911],[-77.09535,38.9091],[-77.09533,38.90908],[-77.09531,38.90906],[-77.09529,38.90905],[-77.09527,38.90904],[-77.09525,38.90902],[-77.09522,38.909],[-77.09519,38.90898],[-77.09517,38.90895],[-77.09514,38.90893],[-77.09511,38.90891],[-77.09508,38.90889],[-77.09505,38.90886],[-77.09501,38.90884],[-77.09498,38.90881],[-77.09495,38.90879],[-77.09492,38.90877],[-77.09489,38.90875],[-77.09486,38.90873],[-77.09483,38.90871],[-77.09481,38.90869],[-77.09478,38.90867],[-77.09475,38.90865],[-77.09473,38.90864],[-77.09471,38.90862],[-77.09469,38.90861],[-77.09467,38.9086],[-77.09466,38.90859],[-77.09466,38.90858],[-77.09465,38.90857],[-77.09464,38.90856],[-77.09462,38.90855],[-77.0946,38.90853],[-77.09457,38.90851],[-77.09455,38.90849],[-77.09454,38.90848],[-77.09453,38.90847],[-77.09451,38.90845],[-77.09449,38.90843],[-77.09447,38.90841],[-77.09445,38.90839],[-77.09442,38.90837],[-77.0944,38.90835],[-77.09438,38.90833],[-77.09436,38.90831],[-77.09435,38.9083],[-77.09434,38.90829],[-77.09433,38.90829],[-77.09432,38.90828],[-77.0943,38.90827],[-77.09428,38.90826],[-77.09426,38.90824],[-77.09423,38.90822],[-77.0942,38.90821],[-77.09417,38.90819],[-77.09414,38.90817],[-77.09411,38.90816],[-77.09408,38.90815],[-77.09405,38.90814],[-77.09402,38.90812],[-77.09398,38.90811],[-77.09395,38.9081],[-77.09391,38.9081],[-77.09388,38.90808],[-77.09385,38.90807],[-77.09381,38.90806],[-77.09378,38.90805],[-77.09375,38.90804],[-77.09372,38.90803],[-77.09369,38.90802],[-77.09366,38.90801],[-77.09363,38.908],[-77.0936,38.90799],[-77.09357,38.90798],[-77.09353,38.90797],[-77.0935,38.90796],[-77.09347,38.90795],[-77.09344,38.90794],[-77.09341,38.90793],[-77.09338,38.90792],[-77.09335,38.90792],[-77.09332,38.90791],[-77.09329,38.90791],[-77.09326,38.9079],[-77.09323,38.9079],[-77.0932,38.90789],[-77.09317,38.90788],[-77.09315,38.90788],[-77.09312,38.90788],[-77.0931,38.90788],[-77.09309,38.90788],[-77.09307,38.90789],[-77.09306,38.90789],[-77.09304,38.9079],[-77.09302,38.90791],[-77.093,38.90792],[-77.09298,38.90793],[-77.09295,38.90794],[-77.09294,38.90796],[-77.09292,38.90797],[-77.0929,38.90799],[-77.09289,38.90801],[-77.09287,38.90802],[-77.09285,38.90803],[-77.09284,38.90802],[-77.09283,38.90802],[-77.09282,38.90801],[-77.09281,38.908],[-77.09281,38.90798],[-77.09281,38.90797],[-77.09281,38.90796],[-77.09281,38.90795],[-77.09282,38.90793],[-77.09282,38.90792],[-77.09282,38.9079],[-77.09282,38.90788],[-77.09282,38.90786],[-77.09282,38.90784],[-77.09282,38.90783],[-77.09281,38.90781],[-77.0928,38.90781],[-77.09278,38.90781],[-77.09276,38.9078],[-77.09273,38.9078],[-77.0927,38.90779],[-77.09267,38.90779],[-77.09264,38.90779],[-77.09261,38.90778],[-77.09258,38.90778],[-77.09255,38.90777],[-77.09253,38.90777],[-77.09251,38.90776],[-77.09249,38.90776],[-77.09248,38.90775],[-77.09246,38.90775],[-77.09245,38.90775],[-77.09245,38.90774],[-77.09243,38.90774],[-77.09241,38.90773],[-77.0924,38.90772],[-77.09238,38.90772],[-77.09237,38.90771],[-77.09236,38.90771],[-77.09235,38.9077],[-77.09233,38.9077],[-77.09232,38.9077],[-77.0923,38.9077],[-77.09229,38.9077],[-77.09227,38.9077],[-77.09226,38.9077],[-77.09225,38.9077],[-77.09223,38.9077],[-77.09222,38.9077],[-77.0922,38.90769],[-77.09219,38.90769],[-77.09217,38.90768],[-77.09216,38.90768],[-77.09214,38.90768],[-77.09212,38.90767],[-77.0921,38.90767],[-77.09208,38.90766],[-77.09206,38.90766],[-77.09204,38.90765],[-77.09202,38.90765],[-77.092,38.90765],[-77.09198,38.90764],[-77.09196,38.90764],[-77.09194,38.90763],[-77.09193,38.90763],[-77.09192,38.90762],[-77.09191,38.90762],[-77.09189,38.90762],[-77.09188,38.90761],[-77.09186,38.90761],[-77.09184,38.9076],[-77.09182,38.90759],[-77.09181,38.90759],[-77.09179,38.90758],[-77.09178,38.90757],[-77.09177,38.90757],[-77.09176,38.90756],[-77.09175,38.90756],[-77.09174,38.90756],[-77.09173,38.90755],[-77.09172,38.90754],[-77.0917,38.90754],[-77.09169,38.90753],[-77.09168,38.90752],[-77.09168,38.90751],[-77.09166,38.90751],[-77.09165,38.9075],[-77.09164,38.9075],[-77.09163,38.90749],[-77.09161,38.90749],[-77.09159,38.90748],[-77.09157,38.90748],[-77.09155,38.90748],[-77.09154,38.90747],[-77.09153,38.90746],[-77.09151,38.90745],[-77.0915,38.90744],[-77.09149,38.90743],[-77.09149,38.90742],[-77.09149,38.90741],[-77.09148,38.9074],[-77.09147,38.9074],[-77.09146,38.90739],[-77.09145,38.90738],[-77.09145,38.90737],[-77.09146,38.90736],[-77.09146,38.90735],[-77.09145,38.90734],[-77.09144,38.90734],[-77.09143,38.90735],[-77.09142,38.90735],[-77.09141,38.90735],[-77.0914,38.90735],[-77.09139,38.90734],[-77.09138,38.90734],[-77.09137,38.90734],[-77.09135,38.90734],[-77.09133,38.90733],[-77.09132,38.90733],[-77.0913,38.90733],[-77.09129,38.90733],[-77.09128,38.90733],[-77.09127,38.90732],[-77.09126,38.90732],[-77.09125,38.90731],[-77.09124,38.9073],[-77.09123,38.9073],[-77.09122,38.90729],[-77.09121,38.90729],[-77.0912,38.90728],[-77.09119,38.90727],[-77.09117,38.90727],[-77.09115,38.90727],[-77.09114,38.90726],[-77.09113,38.90726],[-77.09112,38.90726],[-77.0911,38.90726],[-77.09109,38.90725],[-77.09107,38.90725],[-77.09106,38.90725],[-77.09104,38.90724],[-77.09103,38.90724],[-77.09102,38.90723],[-77.09101,38.90722],[-77.09099,38.90722],[-77.09097,38.90721],[-77.09096,38.9072],[-77.09094,38.9072],[-77.09092,38.9072],[-77.0909,38.90719],[-77.09089,38.90719],[-77.09087,38.90719],[-77.09085,38.90719],[-77.09083,38.90719],[-77.09081,38.90718],[-77.0908,38.90718],[-77.09078,38.90718],[-77.09077,38.90718],[-77.09075,38.90717],[-77.09073,38.90717],[-77.09071,38.90717],[-77.09069,38.90716],[-77.09067,38.90716],[-77.09066,38.90716],[-77.09064,38.90716],[-77.09062,38.90715],[-77.09061,38.90715],[-77.09059,38.90715],[-77.09057,38.90715],[-77.09055,38.90715],[-77.09054,38.90714],[-77.09052,38.90713],[-77.0905,38.90713],[-77.09048,38.90712],[-77.09047,38.90711],[-77.09045,38.90711],[-77.09044,38.9071],[-77.09043,38.9071],[-77.09042,38.90709],[-77.0904,38.90709],[-77.09039,38.90709],[-77.09037,38.90708],[-77.09036,38.90708],[-77.09034,38.90707],[-77.09033,38.90706],[-77.09031,38.90705],[-77.09029,38.90704],[-77.09027,38.90702],[-77.09026,38.90701],[-77.09024,38.907],[-77.09023,38.90698],[-77.09021,38.90697],[-77.09019,38.90695],[-77.09018,38.90694],[-77.09016,38.90692],[-77.09015,38.90691],[-77.09013,38.9069],[-77.09011,38.90688],[-77.0901,38.90687],[-77.09008,38.90686],[-77.09006,38.90685],[-77.09005,38.90683],[-77.09003,38.90682],[-77.09002,38.90681],[-77.09,38.9068],[-77.08998,38.90679],[-77.08997,38.90678],[-77.08996,38.90677],[-77.08995,38.90677],[-77.08994,38.90676],[-77.08993,38.90675],[-77.08991,38.90675],[-77.0899,38.90674],[-77.08988,38.90674],[-77.08986,38.90673],[-77.08985,38.90673],[-77.08983,38.90672],[-77.08982,38.90672],[-77.08981,38.90671],[-77.08979,38.9067],[-77.08977,38.9067],[-77.08976,38.9067],[-77.08975,38.9067],[-77.08974,38.9067],[-77.08973,38.90671],[-77.08972,38.90672],[-77.08972,38.90673],[-77.08971,38.90674],[-77.08971,38.90675],[-77.08971,38.90676],[-77.0897,38.90676],[-77.0897,38.90677],[-77.0897,38.90678],[-77.0897,38.90679],[-77.08971,38.9068],[-77.08972,38.9068],[-77.08973,38.90681],[-77.08974,38.90681],[-77.08975,38.90681],[-77.08976,38.9068],[-77.08977,38.9068],[-77.08978,38.9068],[-77.0898,38.90681],[-77.08981,38.90681],[-77.08982,38.90682],[-77.08984,38.90683],[-77.08986,38.90684],[-77.08987,38.90685],[-77.08989,38.90686],[-77.08991,38.90687],[-77.08992,38.90688],[-77.08993,38.9069],[-77.08995,38.90691],[-77.08996,38.90692],[-77.08997,38.90693],[-77.08998,38.90694],[-77.09,38.90695],[-77.09001,38.90696],[-77.09003,38.90698],[-77.09006,38.90699],[-77.09008,38.907],[-77.0901,38.90701],[-77.09011,38.90702],[-77.09013,38.90704],[-77.09015,38.90705],[-77.09017,38.90707],[-77.09018,38.90708],[-77.0902,38.90709],[-77.09021,38.90711],[-77.09022,38.90712],[-77.09022,38.90714],[-77.09023,38.90715],[-77.09024,38.90717],[-77.09024,38.90718],[-77.09023,38.90718],[-77.09021,38.90719],[-77.0902,38.90719],[-77.09019,38.90718],[-77.09018,38.90718],[-77.09017,38.90717],[-77.09016,38.90717],[-77.09015,38.90716],[-77.09013,38.90716],[-77.09012,38.90715],[-77.0901,38.90714],[-77.09009,38.90713],[-77.09007,38.90713],[-77.09006,38.90712],[-77.09004,38.90711],[-77.09001,38.90711],[-77.08999,38.9071],[-77.08998,38.90709],[-77.08996,38.90708],[-77.08994,38.90707],[-77.08992,38.90706],[-77.08991,38.90705],[-77.08989,38.90704],[-77.08988,38.90703],[-77.08986,38.90703],[-77.08984,38.90702],[-77.08983,38.90702],[-77.08982,38.90701],[-77.0898,38.90701],[-77.08979,38.90701],[-77.08977,38.907],[-77.08976,38.90699],[-77.08974,38.90698],[-77.08973,38.90697],[-77.08971,38.90696],[-77.0897,38.90695],[-77.0897,38.90693],[-77.0897,38.90692],[-77.0897,38.90691],[-77.0897,38.9069],[-77.08971,38.90689],[-77.08971,38.90688],[-77.08972,38.90688],[-77.08972,38.90687],[-77.08972,38.90686],[-77.08972,38.90685],[-77.08971,38.90684],[-77.08971,38.90683],[-77.0897,38.90683],[-77.08969,38.90682],[-77.08968,38.90682],[-77.08968,38.90681],[-77.08967,38.90681],[-77.08966,38.90681],[-77.08965,38.90681],[-77.08964,38.9068],[-77.08963,38.9068],[-77.08963,38.90679],[-77.08962,38.90679],[-77.08961,38.90678],[-77.0896,38.90678],[-77.08959,38.90678],[-77.08958,38.90678],[-77.08957,38.90678],[-77.08956,38.90677],[-77.08954,38.90677],[-77.08953,38.90677],[-77.08952,38.90677],[-77.08951,38.90677],[-77.08949,38.90676],[-77.08947,38.90676],[-77.08946,38.90676],[-77.08944,38.90675],[-77.08942,38.90675],[-77.08941,38.90675],[-77.08939,38.90674],[-77.08937,38.90674],[-77.08936,38.90674],[-77.08935,38.90674],[-77.08933,38.90674],[-77.08931,38.90673],[-77.08929,38.90673],[-77.08927,38.90673],[-77.08925,38.90672],[-77.08923,38.90672],[-77.08921,38.90672],[-77.08919,38.90671],[-77.08917,38.90671],[-77.08915,38.90671],[-77.08914,38.90671],[-77.08912,38.90671],[-77.08911,38.90671],[-77.08911,38.9067],[-77.0891,38.9067],[-77.0891,38.90669],[-77.08909,38.90668],[-77.08908,38.90667],[-77.08907,38.90666],[-77.08905,38.90666],[-77.08905,38.90667],[-77.08904,38.90667],[-77.08903,38.90668],[-77.08902,38.90668],[-77.089,38.90668],[-77.08899,38.90667],[-77.08897,38.90667],[-77.08896,38.90667],[-77.08895,38.90667],[-77.08893,38.90668],[-77.08892,38.90668],[-77.08891,38.90668],[-77.08889,38.90668],[-77.08887,38.90668],[-77.08885,38.90668],[-77.08884,38.90669],[-77.08883,38.90669],[-77.08881,38.90669],[-77.0888,38.90669],[-77.08878,38.90669],[-77.08876,38.90669],[-77.08874,38.90669],[-77.08873,38.90669],[-77.08871,38.90668],[-77.08869,38.90668],[-77.08868,38.90667],[-77.08866,38.90667],[-77.08864,38.90667],[-77.08863,38.90666],[-77.08861,38.90666],[-77.0886,38.90666],[-77.08858,38.90665],[-77.08856,38.90665],[-77.08855,38.90665],[-77.08853,38.90664],[-77.08851,38.90664],[-77.08849,38.90664],[-77.08848,38.90664],[-77.08846,38.90664],[-77.08844,38.90663],[-77.08842,38.90663],[-77.0884,38.90662],[-77.08838,38.90662],[-77.08837,38.90661],[-77.08835,38.90661],[-77.08833,38.90661],[-77.08831,38.9066],[-77.0883,38.9066],[-77.08828,38.90659],[-77.08827,38.90659],[-77.08826,38.90659],[-77.08825,38.90658],[-77.08823,38.90658],[-77.08822,38.90657],[-77.0882,38.90657],[-77.08818,38.90656],[-77.08816,38.90656],[-77.08815,38.90655],[-77.08813,38.90655],[-77.08812,38.90654],[-77.08811,38.90654],[-77.0881,38.90653],[-77.08808,38.90653],[-77.08806,38.90652],[-77.08804,38.90652],[-77.08803,38.90651],[-77.08801,38.90651],[-77.088,38.90651],[-77.08798,38.9065],[-77.08797,38.9065],[-77.08795,38.90649],[-77.08793,38.90649],[-77.08791,38.90648],[-77.08789,38.90648],[-77.08787,38.90647],[-77.08786,38.90646],[-77.08784,38.90645],[-77.08782,38.90645],[-77.08781,38.90644],[-77.08779,38.90643],[-77.08778,38.90643],[-77.08776,38.90642],[-77.08775,38.90642],[-77.08773,38.90641],[-77.08771,38.90641],[-77.0877,38.9064],[-77.08768,38.90639],[-77.08767,38.90639],[-77.08766,38.90638],[-77.08764,38.90637],[-77.08763,38.90636],[-77.08762,38.90635],[-77.08761,38.90635],[-77.08759,38.90635],[-77.08758,38.90634],[-77.08756,38.90634],[-77.08754,38.90634],[-77.08753,38.90634],[-77.08752,38.90634],[-77.08751,38.90635],[-77.0875,38.90635],[-77.08749,38.90635],[-77.08748,38.90635],[-77.08746,38.90634],[-77.08745,38.90634],[-77.08743,38.90634],[-77.08741,38.90634],[-77.08739,38.90634],[-77.08738,38.90633],[-77.08736,38.90633],[-77.08735,38.90633],[-77.08733,38.90633],[-77.08731,38.90633],[-77.0873,38.90633],[-77.08728,38.90632],[-77.08727,38.90632],[-77.08725,38.90632],[-77.08723,38.90632],[-77.08722,38.90631],[-77.0872,38.90631],[-77.08718,38.90631],[-77.08717,38.90631],[-77.08716,38.9063],[-77.08714,38.9063],[-77.08713,38.90629],[-77.08711,38.90629],[-77.08709,38.90629],[-77.08708,38.90629],[-77.08706,38.90628],[-77.08705,38.90628],[-77.08704,38.90627],[-77.08703,38.90626],[-77.08702,38.90626],[-77.087,38.90625],[-77.08699,38.90625],[-77.08697,38.90624],[-77.08695,38.90624],[-77.08694,38.90623],[-77.08692,38.90623],[-77.08691,38.90623],[-77.08689,38.90622],[-77.08687,38.90622],[-77.08686,38.90621],[-77.08684,38.90621],[-77.08683,38.90621],[-77.08681,38.9062],[-77.0868,38.9062],[-77.08678,38.9062],[-77.08677,38.9062],[-77.08675,38.90619],[-77.08674,38.90619],[-77.08672,38.90619],[-77.0867,38.90618],[-77.08669,38.90618],[-77.08667,38.90618],[-77.08666,38.90617],[-77.08664,38.90616],[-77.08662,38.90616],[-77.08661,38.90615],[-77.08659,38.90615],[-77.08658,38.90614],[-77.08657,38.90613],[-77.08656,38.90612],[-77.08655,38.90612],[-77.08653,38.90611],[-77.08651,38.9061],[-77.08649,38.90609],[-77.08648,38.90608],[-77.08646,38.90607],[-77.08645,38.90607],[-77.08643,38.90606],[-77.08641,38.90606],[-77.08639,38.90606],[-77.08638,38.90605],[-77.08637,38.90605],[-77.08636,38.90605],[-77.08634,38.90605],[-77.08633,38.90605],[-77.08632,38.90605],[-77.08631,38.90605],[-77.0863,38.90605],[-77.08629,38.90604],[-77.08627,38.90604],[-77.08625,38.90604],[-77.08623,38.90604],[-77.08621,38.90603],[-77.08619,38.90603],[-77.08617,38.90602],[-77.08615,38.90601],[-77.08614,38.90601],[-77.08612,38.906],[-77.08611,38.906],[-77.08609,38.90599],[-77.08607,38.90598],[-77.08606,38.90597],[-77.08604,38.90597],[-77.08602,38.90596],[-77.08601,38.90595],[-77.086,38.90594],[-77.08599,38.90594],[-77.08597,38.90593],[-77.08595,38.90593],[-77.08594,38.90593],[-77.08592,38.90593],[-77.08591,38.90593],[-77.0859,38.90593],[-77.08589,38.90592],[-77.08588,38.90591],[-77.08586,38.90591],[-77.08585,38.9059],[-77.08583,38.9059],[-77.08581,38.90589],[-77.08579,38.90589],[-77.08577,38.90588],[-77.08575,38.90588],[-77.08573,38.90587],[-77.08571,38.90587],[-77.08569,38.90586],[-77.08567,38.90585],[-77.08566,38.90585],[-77.08564,38.90584],[-77.08562,38.90583],[-77.0856,38.90583],[-77.08558,38.90582],[-77.08556,38.90581],[-77.08554,38.90581],[-77.08553,38.9058],[-77.08551,38.9058],[-77.0855,38.90579],[-77.08549,38.90578],[-77.08547,38.90577],[-77.08546,38.90576],[-77.08545,38.90575],[-77.08543,38.90575],[-77.08542,38.90575],[-77.0854,38.90574],[-77.08539,38.90574],[-77.08537,38.90573],[-77.08535,38.90573],[-77.08534,38.90572],[-77.08532,38.90572],[-77.0853,38.90571],[-77.08528,38.90571],[-77.08527,38.9057],[-77.08525,38.9057],[-77.08523,38.90569],[-77.08522,38.90569],[-77.08521,38.90568],[-77.0852,38.90567],[-77.08519,38.90567],[-77.08517,38.90567],[-77.08516,38.90567],[-77.08515,38.90566],[-77.08513,38.90566],[-77.08511,38.90565],[-77.0851,38.90565],[-77.08508,38.90564],[-77.08506,38.90564],[-77.08505,38.90563],[-77.08503,38.90562],[-77.08501,38.90562],[-77.085,38.90561],[-77.08498,38.90561],[-77.08496,38.9056],[-77.08494,38.90559],[-77.08493,38.90558],[-77.08491,38.90557],[-77.08489,38.90556],[-77.08487,38.90555],[-77.08486,38.90554],[-77.08484,38.90553],[-77.08483,38.90552],[-77.08481,38.90551],[-77.0848,38.9055],[-77.08478,38.9055],[-77.08477,38.90549],[-77.08475,38.90548],[-77.08474,38.90547],[-77.08472,38.90546],[-77.0847,38.90546],[-77.08468,38.90545],[-77.08467,38.90545],[-77.08466,38.90545],[-77.08465,38.90545],[-77.08464,38.90544],[-77.08462,38.90544],[-77.08461,38.90544],[-77.08459,38.90543],[-77.08457,38.90542],[-77.08455,38.90542],[-77.08453,38.90541],[-77.08451,38.90541],[-77.08449,38.9054],[-77.08447,38.9054],[-77.08445,38.90539],[-77.08444,38.90539],[-77.08442,38.90538],[-77.0844,38.90538],[-77.08439,38.90537],[-77.08437,38.90537],[-77.08435,38.90536],[-77.08434,38.90536],[-77.08432,38.90535],[-77.0843,38.90534],[-77.08428,38.90534],[-77.08426,38.90533],[-77.08424,38.90532],[-77.08422,38.90532],[-77.0842,38.90532],[-77.08419,38.90531],[-77.08418,38.90531],[-77.08417,38.9053],[-77.08417,38.90529],[-77.08417,38.90528],[-77.08417,38.90527],[-77.08417,38.90525],[-77.08417,38.90524],[-77.08417,38.90523],[-77.08416,38.90522],[-77.08415,38.90521],[-77.08414,38.90521],[-77.08413,38.90522],[-77.08413,38.90523],[-77.08413,38.90524],[-77.08413,38.90526],[-77.08413,38.90527],[-77.08412,38.90528],[-77.08411,38.90528],[-77.0841,38.90528],[-77.08409,38.90528],[-77.08407,38.90527],[-77.08406,38.90527],[-77.08405,38.90526],[-77.08405,38.90525],[-77.08404,38.90524],[-77.08403,38.90524],[-77.08402,38.90524],[-77.084,38.90523],[-77.08398,38.90523],[-77.08396,38.90522],[-77.08394,38.90521],[-77.08393,38.9052],[-77.08391,38.9052],[-77.08389,38.90519],[-77.08386,38.90518],[-77.08384,38.90517],[-77.08383,38.90517],[-77.08381,38.90516],[-77.08379,38.90516],[-77.08378,38.90515],[-77.08376,38.90515],[-77.08374,38.90514],[-77.08372,38.90513],[-77.0837,38.90513],[-77.08368,38.90512],[-77.08366,38.90512],[-77.08364,38.90511],[-77.08362,38.90511],[-77.08361,38.9051],[-77.0836,38.90509],[-77.08359,38.90508],[-77.08358,38.90507],[-77.08357,38.90506],[-77.08355,38.90505],[-77.08354,38.90505],[-77.08352,38.90505],[-77.08351,38.90504],[-77.0835,38.90503],[-77.08351,38.90502],[-77.0835,38.90501],[-77.08349,38.905],[-77.08348,38.905],[-77.08347,38.90501],[-77.08346,38.90501],[-77.08345,38.90501],[-77.08343,38.90501],[-77.08342,38.90501],[-77.08341,38.90501],[-77.08339,38.90501],[-77.08338,38.905],[-77.08337,38.90499],[-77.08335,38.90499],[-77.08333,38.90498],[-77.08331,38.90498],[-77.08329,38.90497],[-77.08327,38.90496],[-77.08325,38.90496],[-77.08324,38.90495],[-77.08322,38.90495],[-77.0832,38.90494],[-77.08318,38.90493],[-77.08316,38.90492],[-77.08314,38.90492],[-77.08313,38.90491],[-77.08311,38.9049],[-77.08309,38.9049],[-77.08308,38.9049],[-77.08307,38.9049],[-77.08306,38.90491],[-77.08304,38.90491],[-77.08303,38.90491],[-77.08301,38.9049],[-77.083,38.9049],[-77.08298,38.9049],[-77.08297,38.90489],[-77.08296,38.90489],[-77.08295,38.90489],[-77.08293,38.90488],[-77.08291,38.90487],[-77.0829,38.90487],[-77.08288,38.90486],[-77.08285,38.90485],[-77.08283,38.90484],[-77.08281,38.90483],[-77.0828,38.90482],[-77.08279,38.90481],[-77.08278,38.9048],[-77.08276,38.9048],[-77.08274,38.90479],[-77.08271,38.90478],[-77.08269,38.90478],[-77.08267,38.90477],[-77.08264,38.90476],[-77.08262,38.90476],[-77.08259,38.90475],[-77.08256,38.90475],[-77.08254,38.90474],[-77.08252,38.90474],[-77.08249,38.90474],[-77.08247,38.90474],[-77.08244,38.90474],[-77.08242,38.90474],[-77.0824,38.90474],[-77.08238,38.90474],[-77.08236,38.90474],[-77.08234,38.90474],[-77.08232,38.90474],[-77.0823,38.90474],[-77.08228,38.90475],[-77.08227,38.90475],[-77.08225,38.90475],[-77.08223,38.90474],[-77.08221,38.90474],[-77.08219,38.90474],[-77.08218,38.90473],[-77.08216,38.90473],[-77.08214,38.90473],[-77.08212,38.90473],[-77.08211,38.90472],[-77.08209,38.90472],[-77.08208,38.90471],[-77.08207,38.9047],[-77.08206,38.90469],[-77.08204,38.90469],[-77.08202,38.90469],[-77.08201,38.90469],[-77.08199,38.90469],[-77.08197,38.90469],[-77.08196,38.90468],[-77.08194,38.90468],[-77.08193,38.90468],[-77.08191,38.90468],[-77.08188,38.90468],[-77.08186,38.90468],[-77.08185,38.90468],[-77.08183,38.90469],[-77.08181,38.90469],[-77.08179,38.9047],[-77.08178,38.90471],[-77.08176,38.90472],[-77.08175,38.90472],[-77.08173,38.90473],[-77.08171,38.90473],[-77.0817,38.90474],[-77.08168,38.90474],[-77.08166,38.90475],[-77.08163,38.90475],[-77.08161,38.90475],[-77.08158,38.90475],[-77.08156,38.90475],[-77.08153,38.90475],[-77.08151,38.90475],[-77.08149,38.90475],[-77.08146,38.90475],[-77.08144,38.90475],[-77.08141,38.90476],[-77.08139,38.90476],[-77.08136,38.90476],[-77.08134,38.90477],[-77.08131,38.90477],[-77.08129,38.90478],[-77.08126,38.90478],[-77.08124,38.90479],[-77.08122,38.90479],[-77.08119,38.9048],[-77.08117,38.9048],[-77.08115,38.9048],[-77.08112,38.90481],[-77.0811,38.90481],[-77.08107,38.90482],[-77.08105,38.90482],[-77.08102,38.90483],[-77.081,38.90483],[-77.08098,38.90483],[-77.08095,38.90483],[-77.08092,38.90483],[-77.0809,38.90483],[-77.08087,38.90483],[-77.08085,38.90483],[-77.08082,38.90483],[-77.0808,38.90483],[-77.08077,38.90483],[-77.08074,38.90483],[-77.08072,38.90483],[-77.08069,38.90483],[-77.08067,38.90483],[-77.08064,38.90484],[-77.08062,38.90484],[-77.08059,38.90484],[-77.08057,38.90484],[-77.08055,38.90484],[-77.08052,38.90484],[-77.0805,38.90484],[-77.08048,38.90485],[-77.08045,38.90485],[-77.08043,38.90485],[-77.08041,38.90485],[-77.08039,38.90485],[-77.08037,38.90486],[-77.08035,38.90486],[-77.08033,38.90486],[-77.08031,38.90486],[-77.08028,38.90486],[-77.08026,38.90486],[-77.08023,38.90486],[-77.08021,38.90486],[-77.08019,38.90486],[-77.08016,38.90486],[-77.08014,38.90487],[-77.08011,38.90487],[-77.08009,38.90487],[-77.08006,38.90487],[-77.08004,38.90488],[-77.08002,38.90488],[-77.08,38.90489],[-77.07997,38.90489],[-77.07995,38.90489],[-77.07993,38.9049],[-77.0799,38.9049],[-77.07988,38.9049],[-77.07985,38.9049],[-77.07983,38.9049],[-77.0798,38.9049],[-77.07978,38.9049],[-77.07975,38.9049],[-77.07973,38.9049],[-77.0797,38.9049],[-77.07968,38.9049],[-77.07965,38.90489],[-77.07962,38.90489],[-77.0796,38.90489],[-77.07957,38.90489],[-77.07954,38.90489],[-77.07952,38.90489],[-77.0795,38.90488],[-77.07948,38.90488],[-77.07946,38.90487],[-77.07944,38.90487],[-77.07943,38.90487],[-77.07941,38.90487],[-77.07939,38.90487],[-77.07937,38.90487],[-77.07935,38.90488],[-77.07933,38.90489],[-77.0793,38.9049],[-77.07928,38.9049],[-77.07925,38.90492],[-77.07923,38.90493],[-77.07921,38.90494],[-77.07918,38.90494],[-77.07916,38.90495],[-77.07915,38.90496],[-77.07913,38.90497],[-77.07911,38.90498],[-77.0791,38.90499],[-77.07909,38.90501],[-77.07907,38.90502],[-77.07906,38.90504],[-77.07905,38.90505],[-77.07905,38.90507],[-77.07905,38.90508],[-77.07905,38.90509],[-77.07906,38.9051],[-77.07906,38.90511],[-77.07907,38.90512],[-77.07908,38.90513],[-77.0791,38.90514],[-77.07911,38.90515],[-77.07913,38.90515],[-77.07915,38.90516],[-77.07916,38.90517],[-77.07917,38.90518],[-77.07918,38.90519],[-77.0792,38.9052],[-77.07921,38.90521],[-77.07922,38.90522],[-77.07923,38.90522],[-77.07923,38.90523],[-77.07923,38.90524],[-77.0792,38.90527],[-77.07918,38.90527],[-77.07917,38.90527],[-77.07916,38.90528],[-77.07915,38.90528],[-77.07914,38.90529],[-77.07914,38.9053],[-77.07913,38.9053],[-77.07912,38.90531],[-77.07911,38.90531],[-77.0791,38.90531],[-77.07909,38.9053],[-77.07908,38.90529],[-77.07907,38.90529],[-77.07905,38.90529],[-77.07904,38.90529],[-77.07902,38.90529],[-77.07901,38.90529],[-77.07899,38.9053],[-77.07897,38.9053],[-77.07895,38.9053],[-77.07893,38.9053],[-77.07892,38.90531],[-77.07891,38.90531],[-77.07891,38.90532],[-77.0789,38.90533],[-77.07889,38.90534],[-77.07888,38.90534],[-77.07887,38.90534],[-77.07886,38.90534],[-77.07885,38.90533],[-77.07884,38.90533],[-77.07883,38.90532],[-77.07882,38.90531],[-77.07882,38.90529],[-77.07881,38.90529],[-77.07881,38.90528],[-77.07881,38.90525],[-77.07881,38.90523],[-77.07881,38.90522],[-77.0788,38.9052],[-77.0788,38.90519],[-77.0788,38.90517],[-77.07879,38.90515],[-77.07879,38.90514],[-77.07879,38.90512],[-77.07878,38.9051],[-77.07878,38.90508],[-77.07878,38.90507],[-77.07877,38.90505],[-77.07876,38.90503],[-77.07875,38.90501],[-77.07874,38.905],[-77.07873,38.90498],[-77.07872,38.90496],[-77.0787,38.90494],[-77.07869,38.90493],[-77.07867,38.90491],[-77.07866,38.9049],[-77.07864,38.90489],[-77.07862,38.90488],[-77.0786,38.90487],[-77.07858,38.90487],[-77.07856,38.90486],[-77.07854,38.90486],[-77.07851,38.90486],[-77.07849,38.90487],[-77.07848,38.90487],[-77.07846,38.90488],[-77.07845,38.90489],[-77.07844,38.90489],[-77.07843,38.9049],[-77.07841,38.90491],[-77.0784,38.90491],[-77.07838,38.90492],[-77.07836,38.90491],[-77.07834,38.90491],[-77.07832,38.9049],[-77.0783,38.9049],[-77.07828,38.9049],[-77.07825,38.9049],[-77.07823,38.9049],[-77.07821,38.90489],[-77.07819,38.90489],[-77.07816,38.90489],[-77.07814,38.90488],[-77.07812,38.90488],[-77.0781,38.90487],[-77.07807,38.90486],[-77.07805,38.90485],[-77.07804,38.90484],[-77.07802,38.90483],[-77.078,38.90482],[-77.07798,38.90482],[-77.07797,38.90481],[-77.07797,38.9048],[-77.07797,38.90479],[-77.07797,38.90478],[-77.07797,38.90477],[-77.07795,38.90477],[-77.07794,38.90476],[-77.07792,38.90476],[-77.07791,38.90476],[-77.0779,38.90476],[-77.07789,38.90477],[-77.07788,38.90478],[-77.07788,38.90479],[-77.07788,38.9048],[-77.07787,38.90481],[-77.07786,38.90482],[-77.07785,38.90483],[-77.07784,38.90483],[-77.07782,38.90484],[-77.0778,38.90485],[-77.07779,38.90486],[-77.07777,38.90486],[-77.07774,38.90487],[-77.07772,38.90487],[-77.0777,38.90487],[-77.07768,38.90486],[-77.07766,38.90486],[-77.07764,38.90486],[-77.07762,38.90486],[-77.0776,38.90485],[-77.07758,38.90485],[-77.07756,38.90484],[-77.07754,38.90484],[-77.07752,38.90483],[-77.0775,38.90483],[-77.07748,38.90483],[-77.07746,38.90483],[-77.07744,38.90483],[-77.07742,38.90483],[-77.0774,38.90483],[-77.07739,38.90482],[-77.07736,38.90482],[-77.07735,38.90482],[-77.07733,38.90482],[-77.07731,38.90482],[-77.07729,38.90482],[-77.07726,38.90482],[-77.07723,38.90482],[-77.0772,38.90482],[-77.07718,38.90482],[-77.07715,38.90482],[-77.07713,38.90482],[-77.0771,38.90482],[-77.07707,38.90482],[-77.07705,38.90482],[-77.07702,38.90482],[-77.077,38.90481],[-77.07698,38.90481],[-77.07696,38.90481],[-77.07695,38.90482],[-77.07693,38.90482],[-77.07692,38.90483],[-77.0769,38.90483],[-77.07688,38.90483],[-77.07685,38.90482],[-77.07682,38.90482],[-77.07679,38.90482],[-77.07676,38.90481],[-77.07673,38.90481],[-77.07671,38.9048],[-77.07668,38.9048],[-77.07665,38.9048],[-77.07663,38.9048],[-77.0766,38.9048],[-77.07657,38.90481],[-77.07655,38.90481],[-77.07652,38.90481],[-77.07649,38.90481],[-77.07646,38.90481],[-77.07643,38.90481],[-77.0764,38.90481],[-77.07639,38.90481],[-77.07638,38.90481],[-77.07637,38.90481],[-77.07636,38.90481],[-77.07634,38.90481],[-77.07631,38.90481],[-77.07628,38.90481],[-77.07625,38.90481],[-77.07623,38.90482],[-77.0762,38.90482],[-77.07617,38.90482],[-77.07614,38.90482],[-77.07611,38.90482],[-77.07609,38.90482],[-77.07608,38.90482],[-77.07605,38.90483],[-77.07602,38.90483],[-77.076,38.90483],[-77.07597,38.90483],[-77.07595,38.90483],[-77.07594,38.90484],[-77.07593,38.90484],[-77.07592,38.90486],[-77.07592,38.90487],[-77.07592,38.90488],[-77.07591,38.9049],[-77.0759,38.90491],[-77.07589,38.90492],[-77.07588,38.90493],[-77.07586,38.90493],[-77.07584,38.90493],[-77.07583,38.90493],[-77.07582,38.90493],[-77.07581,38.90492],[-77.0758,38.90491],[-77.07579,38.90489],[-77.07578,38.90488],[-77.07577,38.90486],[-77.07576,38.90485],[-77.07576,38.90483],[-77.07575,38.90481],[-77.07574,38.9048],[-77.07572,38.90478],[-77.0757,38.90478],[-77.07567,38.90477],[-77.07564,38.90476],[-77.07562,38.90475],[-77.07558,38.90475],[-77.07555,38.90475],[-77.07552,38.90475],[-77.0755,38.90475],[-77.07548,38.90475],[-77.07539,38.90474],[-77.07536,38.90474],[-77.07533,38.90473],[-77.0753,38.90473],[-77.07527,38.90473],[-77.07523,38.90473],[-77.0752,38.90473],[-77.07516,38.90472],[-77.07513,38.90472],[-77.07509,38.90472],[-77.07506,38.90471],[-77.07503,38.90471],[-77.075,38.90471],[-77.07497,38.90471],[-77.07494,38.90471],[-77.07491,38.90471],[-77.07449,38.90467],[-77.07447,38.90467],[-77.07445,38.90467],[-77.07443,38.90467],[-77.07441,38.90466],[-77.07439,38.90466],[-77.07436,38.90466],[-77.07433,38.90466],[-77.07431,38.90466],[-77.07428,38.90465],[-77.07425,38.90465],[-77.07423,38.90465],[-77.0742,38.90464],[-77.07418,38.90464],[-77.07415,38.90464],[-77.07412,38.90463],[-77.07409,38.90463],[-77.07406,38.90463],[-77.07403,38.90463],[-77.074,38.90462],[-77.07398,38.90462],[-77.07395,38.90462],[-77.07393,38.90462],[-77.07392,38.90462],[-77.07391,38.90462],[-77.0739,38.90462],[-77.07388,38.90462],[-77.07386,38.90461],[-77.07383,38.90461],[-77.07381,38.90461],[-77.07378,38.9046],[-77.07376,38.9046],[-77.07373,38.90459],[-77.0737,38.90459],[-77.07368,38.90458],[-77.07365,38.90458],[-77.07362,38.90458],[-77.0736,38.90457],[-77.07357,38.90457],[-77.07355,38.90457],[-77.07353,38.90456],[-77.07351,38.90456],[-77.07348,38.90456],[-77.07346,38.90456],[-77.07343,38.90456],[-77.07341,38.90456],[-77.07338,38.90456],[-77.07335,38.90456],[-77.07333,38.90456],[-77.0733,38.90456],[-77.07327,38.90456],[-77.07325,38.90456],[-77.07322,38.90456],[-77.07319,38.90455],[-77.07316,38.90455],[-77.07314,38.90455],[-77.07311,38.90455],[-77.07309,38.90455],[-77.07306,38.90455],[-77.07304,38.90454],[-77.07301,38.90454],[-77.07299,38.90453],[-77.07296,38.90453],[-77.07294,38.90452],[-77.07292,38.90452],[-77.0729,38.90451],[-77.07287,38.90451],[-77.07285,38.9045],[-77.07283,38.9045],[-77.0728,38.90449],[-77.07278,38.90449],[-77.07275,38.90448],[-77.07273,38.90448],[-77.0727,38.90448],[-77.07268,38.90447],[-77.07265,38.90447],[-77.07263,38.90447],[-77.0726,38.90446],[-77.07257,38.90446],[-77.07255,38.90446],[-77.07253,38.90445],[-77.07251,38.90445],[-77.07248,38.90444],[-77.07246,38.90443],[-77.07245,38.90443],[-77.07243,38.90443],[-77.07242,38.90443],[-77.07241,38.90443],[-77.0724,38.90443],[-77.07239,38.90443],[-77.07238,38.90442],[-77.07237,38.90442],[-77.07236,38.90442],[-77.07236,38.90441],[-77.07237,38.90441],[-77.07237,38.9044],[-77.07236,38.9044],[-77.07235,38.9044],[-77.07234,38.90439],[-77.07233,38.90439],[-77.07232,38.90439],[-77.07231,38.90439],[-77.0723,38.90439],[-77.07229,38.90439],[-77.07227,38.90439],[-77.07225,38.90439],[-77.07223,38.90438],[-77.07221,38.90438],[-77.07219,38.90437],[-77.07217,38.90437],[-77.07216,38.90437],[-77.07215,38.90437],[-77.07213,38.90438],[-77.07211,38.90438],[-77.0721,38.90439],[-77.07208,38.9044],[-77.07206,38.9044],[-77.07204,38.90441],[-77.07202,38.90441],[-77.07201,38.90442],[-77.07199,38.90442],[-77.07198,38.90442],[-77.07197,38.90442],[-77.07195,38.90441],[-77.07193,38.90441],[-77.07191,38.9044],[-77.07189,38.9044],[-77.07187,38.9044],[-77.07185,38.9044],[-77.07183,38.90439],[-77.07181,38.90439],[-77.07178,38.90438],[-77.07175,38.90438],[-77.07173,38.90437],[-77.0717,38.90437],[-77.07167,38.90437],[-77.07165,38.90436],[-77.07164,38.90436],[-77.07162,38.90435],[-77.07162,38.90436],[-77.0716,38.90435],[-77.07158,38.90435],[-77.07156,38.90434],[-77.07153,38.90434],[-77.0715,38.90433],[-77.07148,38.90432],[-77.07145,38.90432],[-77.07142,38.90431],[-77.07139,38.9043],[-77.07136,38.9043],[-77.07133,38.90429],[-77.07131,38.90428],[-77.07128,38.90427],[-77.07125,38.90427],[-77.07122,38.90426],[-77.07119,38.90425],[-77.07116,38.90424],[-77.07113,38.90424],[-77.07109,38.90423],[-77.07106,38.90422],[-77.07103,38.90422],[-77.071,38.90421],[-77.07097,38.9042],[-77.07094,38.9042],[-77.07093,38.9042],[-77.07082,38.90418],[-77.0708,38.90418],[-77.07078,38.90418],[-77.07076,38.90418],[-77.07074,38.90417],[-77.07072,38.90417],[-77.0707,38.90417],[-77.07068,38.90416],[-77.07065,38.90416],[-77.07063,38.90416],[-77.07061,38.90416],[-77.07059,38.90416],[-77.07058,38.90415],[-77.07056,38.90415],[-77.07054,38.90415],[-77.07052,38.90415],[-77.07051,38.90415],[-77.0705,38.90415],[-77.0705,38.90412],[-77.0705,38.90411],[-77.07049,38.90411],[-77.07049,38.9041],[-77.07048,38.9041],[-77.07047,38.9041],[-77.07037,38.9041],[-77.07036,38.9041],[-77.07035,38.9041],[-77.07033,38.9041],[-77.07033,38.90409],[-77.07032,38.9041],[-77.07032,38.90409],[-77.07032,38.90407],[-77.0703,38.90407],[-77.07026,38.90407],[-77.07024,38.90407],[-77.07025,38.90407],[-77.07021,38.90406],[-77.07018,38.90405],[-77.07012,38.904],[-77.0701,38.90398],[-77.07009,38.90398],[-77.07009,38.90397],[-77.07008,38.90397],[-77.07007,38.90397],[-77.07006,38.90397],[-77.07005,38.90396],[-77.07003,38.90396],[-77.07002,38.90396],[-77.07,38.90397],[-77.06999,38.90397],[-77.06998,38.90397],[-77.06997,38.90397],[-77.06996,38.90397],[-77.06995,38.90397],[-77.06994,38.90397],[-77.06993,38.90396],[-77.06992,38.90396],[-77.0699,38.90395],[-77.06989,38.90395],[-77.06987,38.90394],[-77.06986,38.90394],[-77.06985,38.90394],[-77.06983,38.90393],[-77.06982,38.90393],[-77.06981,38.90393],[-77.06979,38.90393],[-77.06974,38.90392],[-77.06974,38.90391],[-77.06971,38.90391],[-77.0697,38.90391],[-77.06969,38.90391],[-77.06968,38.90391],[-77.06967,38.90391],[-77.06966,38.90391],[-77.06964,38.90391],[-77.06963,38.90391],[-77.06962,38.90391],[-77.06961,38.90391],[-77.0696,38.9039],[-77.06959,38.9039],[-77.06958,38.9039],[-77.06957,38.9039],[-77.06955,38.9039],[-77.06953,38.9039],[-77.06951,38.9039],[-77.06949,38.90389],[-77.06946,38.90389],[-77.06944,38.90389],[-77.06942,38.90388],[-77.0694,38.90388],[-77.06934,38.90387],[-77.06923,38.90411],[-77.06917,38.90425],[-77.06914,38.9043],[-77.0687,38.90418],[-77.06864,38.90417],[-77.06862,38.90423],[-77.06869,38.90424],[-77.06864,38.90434],[-77.06863,38.90437],[-77.06845,38.90433],[-77.06825,38.9043],[-77.06785,38.90427],[-77.06786,38.90439],[-77.06777,38.90439],[-77.0677,38.90439],[-77.06745,38.90435],[-77.06722,38.90432],[-77.06709,38.9043],[-77.067,38.90429],[-77.0668,38.90427],[-77.06679,38.90427],[-77.06659,38.90424],[-77.06605,38.90419],[-77.06601,38.90418],[-77.06592,38.90418],[-77.06591,38.90418],[-77.0656,38.90418],[-77.06532,38.90418],[-77.06521,38.90418],[-77.06509,38.90418],[-77.06506,38.90418],[-77.06498,38.90419],[-77.06484,38.90419],[-77.06477,38.90419],[-77.06476,38.90419],[-77.0642,38.90418],[-77.06408,38.90418],[-77.06357,38.90417],[-77.06357,38.90418],[-77.06356,38.90418],[-77.06331,38.90416],[-77.06324,38.90416],[-77.06323,38.90416],[-77.06295,38.90414],[-77.06279,38.90413],[-77.06279,38.90418],[-77.06272,38.90418],[-77.06262,38.90418],[-77.06224,38.90416],[-77.06216,38.90415],[-77.06203,38.90415],[-77.06189,38.90414],[-77.06176,38.90413],[-77.06163,38.90413],[-77.06125,38.90411],[-77.06117,38.9041],[-77.06117,38.90413],[-77.06103,38.90413],[-77.06061,38.90413],[-77.06035,38.9041],[-77.06024,38.90408],[-77.06007,38.90412],[-77.06003,38.90413],[-77.05987,38.90413],[-77.05966,38.9041],[-77.05966,38.90408],[-77.05964,38.90408],[-77.05926,38.90408],[-77.05923,38.90408],[-77.05919,38.90408],[-77.05914,38.90408],[-77.05914,38.90393],[-77.05902,38.90393],[-77.0586,38.90392],[-77.05818,38.90392],[-77.05799,38.90393],[-77.05797,38.90393],[-77.05765,38.90394],[-77.05748,38.90395],[-77.05734,38.90393],[-77.05719,38.90392],[-77.05718,38.90392],[-77.05712,38.9039],[-77.05709,38.90389],[-77.05708,38.90389],[-77.05705,38.90388],[-77.05701,38.90387],[-77.05698,38.90385],[-77.05696,38.90384],[-77.05694,38.90383],[-77.05693,38.90382],[-77.05692,38.90381],[-77.05691,38.9038],[-77.0569,38.90379],[-77.05689,38.90379],[-77.05688,38.90379],[-77.05685,38.9038],[-77.05689,38.90385],[-77.0569,38.90386],[-77.05691,38.90387],[-77.05692,38.90389],[-77.05694,38.9039],[-77.05696,38.90391],[-77.05697,38.90391],[-77.05699,38.90392],[-77.05702,38.90393],[-77.05704,38.90394],[-77.05707,38.90394],[-77.0571,38.90395],[-77.05712,38.90395],[-77.05714,38.90395],[-77.05717,38.90396],[-77.05747,38.90398],[-77.05753,38.90398],[-77.05767,38.90398],[-77.05767,38.904],[-77.05767,38.90403],[-77.05768,38.90403],[-77.05769,38.90404],[-77.0577,38.90404],[-77.05771,38.90404],[-77.05778,38.90405],[-77.05784,38.90405],[-77.0579,38.90406],[-77.058,38.90407],[-77.0582,38.90412],[-77.05862,38.90415],[-77.05904,38.9042],[-77.05914,38.90421],[-77.05914,38.90428],[-77.05927,38.90428],[-77.05946,38.90428],[-77.05946,38.90461],[-77.05927,38.90461],[-77.05927,38.90472],[-77.05969,38.90472],[-77.05969,38.90429],[-77.05993,38.90429],[-77.06006,38.90429],[-77.06027,38.90428],[-77.06064,38.90428],[-77.06064,38.90431],[-77.06085,38.90431],[-77.06107,38.90431],[-77.06117,38.90431],[-77.06117,38.90435],[-77.06128,38.90435],[-77.06206,38.90435],[-77.06227,38.90435],[-77.06265,38.90435],[-77.06279,38.90435],[-77.06279,38.90431],[-77.06279,38.90427],[-77.06295,38.90428],[-77.06323,38.90429],[-77.06356,38.9043],[-77.06388,38.90431],[-77.0642,38.90431],[-77.06444,38.90431],[-77.06469,38.90431],[-77.06469,38.90435],[-77.06475,38.90436],[-77.06475,38.90435],[-77.06508,38.90435],[-77.06508,38.90433],[-77.0651,38.90433],[-77.0651,38.90434],[-77.06524,38.90434],[-77.06536,38.90434],[-77.06563,38.90434],[-77.06595,38.90434],[-77.06606,38.90436],[-77.06606,38.90438],[-77.06619,38.90437],[-77.06639,38.9044],[-77.06677,38.90444],[-77.0668,38.90444],[-77.06701,38.90446],[-77.06701,38.90447],[-77.06723,38.90449],[-77.06738,38.90451],[-77.06746,38.90452],[-77.0677,38.90455],[-77.06786,38.90453],[-77.06816,38.90452],[-77.06816,38.9045],[-77.06821,38.9045],[-77.0685,38.90452],[-77.06871,38.90456],[-77.06901,38.90466],[-77.06922,38.9047],[-77.06944,38.90474],[-77.06964,38.90478],[-77.06985,38.90482],[-77.07006,38.90489],[-77.07007,38.90489],[-77.07007,38.90477],[-77.07034,38.90482],[-77.07035,38.90483],[-77.0704,38.90484],[-77.07043,38.90484],[-77.0706,38.90487],[-77.0713,38.90498],[-77.0714,38.90499],[-77.0715,38.90501],[-77.07168,38.90505],[-77.07238,38.9052],[-77.07318,38.9053],[-77.07352,38.90534],[-77.07401,38.9054],[-77.07425,38.90541],[-77.07449,38.9054],[-77.07489,38.9054],[-77.0749,38.90539],[-77.07491,38.90539],[-77.07493,38.90539],[-77.07495,38.90539],[-77.07498,38.90539],[-77.07502,38.90539],[-77.07506,38.90539],[-77.0751,38.90539],[-77.07514,38.90539],[-77.07518,38.90539],[-77.07522,38.90539],[-77.07526,38.90539],[-77.0753,38.90539],[-77.07534,38.90539],[-77.07537,38.90539],[-77.0754,38.90539],[-77.07542,38.90539],[-77.07543,38.90539],[-77.07545,38.90539],[-77.07548,38.90539],[-77.07551,38.90539],[-77.07554,38.90539],[-77.07557,38.90539],[-77.07559,38.90539],[-77.07562,38.90539],[-77.07565,38.90539],[-77.07568,38.90539],[-77.0757,38.90539],[-77.07573,38.90539],[-77.07575,38.9054],[-77.07578,38.9054],[-77.07581,38.90541],[-77.07584,38.90541],[-77.07587,38.90541],[-77.0759,38.90541],[-77.07592,38.90542],[-77.07595,38.90542],[-77.07598,38.90543],[-77.07601,38.90543],[-77.07603,38.90544],[-77.07606,38.90544],[-77.07609,38.90545],[-77.07611,38.90545],[-77.07614,38.90546],[-77.07617,38.90546],[-77.07619,38.90546],[-77.07622,38.90547],[-77.07625,38.90547],[-77.07627,38.90548],[-77.07629,38.90548],[-77.07632,38.90548],[-77.07634,38.90549],[-77.07636,38.90549],[-77.07638,38.9055],[-77.07655,38.90553],[-77.07658,38.90554],[-77.0766,38.90554],[-77.07664,38.90555],[-77.07682,38.9056],[-77.0772,38.9057],[-77.07743,38.90576],[-77.07766,38.90581],[-77.07775,38.90583],[-77.07776,38.90583],[-77.07777,38.90583],[-77.07778,38.90584],[-77.0778,38.90584],[-77.07781,38.90584],[-77.07783,38.90584],[-77.07786,38.90585],[-77.07788,38.90585],[-77.0779,38.90585],[-77.07793,38.90586],[-77.07795,38.90586],[-77.07797,38.90586],[-77.07799,38.90586],[-77.07801,38.90586],[-77.07803,38.90587],[-77.07806,38.90587],[-77.07808,38.90587],[-77.0781,38.90587],[-77.07813,38.90588],[-77.07816,38.90588],[-77.07818,38.90588],[-77.07821,38.90588],[-77.07824,38.90588],[-77.07827,38.90588],[-77.07829,38.90588],[-77.07832,38.90588],[-77.07834,38.90588],[-77.07836,38.90588],[-77.07838,38.90588],[-77.0784,38.90588],[-77.07842,38.90588],[-77.07845,38.90587],[-77.07847,38.90587],[-77.07849,38.90587],[-77.07851,38.90587],[-77.07853,38.90587],[-77.07856,38.90587],[-77.07858,38.90586],[-77.07861,38.90586],[-77.07863,38.90586],[-77.07866,38.90585],[-77.07869,38.90585],[-77.07871,38.90585],[-77.07874,38.90584],[-77.07876,38.90584],[-77.07879,38.90583],[-77.07882,38.90583],[-77.07884,38.90582],[-77.07887,38.90582],[-77.07889,38.90581],[-77.07892,38.90581],[-77.07895,38.9058],[-77.07897,38.90579],[-77.079,38.90579],[-77.07903,38.90578],[-77.07906,38.90577],[-77.07909,38.90577],[-77.07912,38.90576],[-77.07915,38.90576],[-77.07918,38.90576],[-77.07921,38.90575],[-77.07924,38.90574],[-77.07927,38.90573],[-77.0793,38.90573],[-77.07933,38.90572],[-77.07936,38.90571],[-77.07938,38.90571],[-77.07941,38.9057],[-77.07944,38.90569],[-77.07947,38.90569],[-77.07949,38.90568],[-77.07952,38.90567],[-77.07955,38.90566],[-77.07958,38.90566],[-77.0796,38.90565],[-77.07963,38.90564],[-77.07966,38.90563],[-77.07969,38.90562],[-77.07972,38.90561],[-77.07975,38.90561],[-77.07978,38.9056],[-77.07981,38.90559],[-77.07984,38.90558],[-77.07987,38.90557],[-77.0799,38.90557],[-77.07993,38.90556],[-77.07997,38.90555],[-77.08,38.90554],[-77.08003,38.90554],[-77.08006,38.90553],[-77.08009,38.90552],[-77.08012,38.90552],[-77.08015,38.90551],[-77.08018,38.9055],[-77.08021,38.90549],[-77.08024,38.90548],[-77.08027,38.90547],[-77.08031,38.90546],[-77.08034,38.90545],[-77.08037,38.90544],[-77.08041,38.90543],[-77.08044,38.90542],[-77.08047,38.90541],[-77.08051,38.90541],[-77.08054,38.9054],[-77.08057,38.90539],[-77.0806,38.90538],[-77.08063,38.90537],[-77.08066,38.90536],[-77.08069,38.90536],[-77.08072,38.90535],[-77.08075,38.90534],[-77.08077,38.90533],[-77.08079,38.90532],[-77.08081,38.90532],[-77.08083,38.90532],[-77.08084,38.90532],[-77.08084,38.90533],[-77.08085,38.90533],[-77.08086,38.90532],[-77.08086,38.90531],[-77.08087,38.90531],[-77.08088,38.90531],[-77.08089,38.9053],[-77.0809,38.9053],[-77.08092,38.90529],[-77.08094,38.90529],[-77.08096,38.90529],[-77.08098,38.90528],[-77.081,38.90527],[-77.08102,38.90527],[-77.08105,38.90526],[-77.08107,38.90525],[-77.08109,38.90525],[-77.08111,38.90524],[-77.08114,38.90523],[-77.08116,38.90523],[-77.08118,38.90522],[-77.08121,38.90522],[-77.08124,38.90521],[-77.08127,38.9052],[-77.08129,38.9052],[-77.08132,38.90519],[-77.08135,38.90519],[-77.08138,38.90518],[-77.08141,38.90518],[-77.08144,38.90517],[-77.08147,38.90517],[-77.0815,38.90517],[-77.08154,38.90516],[-77.08157,38.90516],[-77.08161,38.90516],[-77.08164,38.90516],[-77.08168,38.90515],[-77.08171,38.90515],[-77.08175,38.90515],[-77.08179,38.90515],[-77.08182,38.90516],[-77.08186,38.90516],[-77.0819,38.90516],[-77.08194,38.90516],[-77.08197,38.90516],[-77.08201,38.90517],[-77.08205,38.90517],[-77.0821,38.90517],[-77.08214,38.90517],[-77.08218,38.90518],[-77.08222,38.90518],[-77.08226,38.90518],[-77.0823,38.90518],[-77.08234,38.90518],[-77.08238,38.90519],[-77.08242,38.90519],[-77.08247,38.90519],[-77.08251,38.9052],[-77.08254,38.90521],[-77.08258,38.90521],[-77.08262,38.90522],[-77.08265,38.90523],[-77.08269,38.90523],[-77.08272,38.90524],[-77.08275,38.90525],[-77.08279,38.90526],[-77.08282,38.90528],[-77.08286,38.90529],[-77.08289,38.9053],[-77.08292,38.90531],[-77.08295,38.90532],[-77.08297,38.90533],[-77.08299,38.90534],[-77.083,38.90534],[-77.08301,38.90535],[-77.08302,38.90535],[-77.08303,38.90535],[-77.08304,38.90535],[-77.08306,38.90536],[-77.08308,38.90537],[-77.08311,38.90537],[-77.08313,38.90538],[-77.08316,38.90539],[-77.0832,38.9054],[-77.08323,38.90541],[-77.08326,38.90542],[-77.08329,38.90543],[-77.08332,38.90544],[-77.08336,38.90545],[-77.08339,38.90546],[-77.08342,38.90548],[-77.08345,38.90549],[-77.08348,38.9055],[-77.0835,38.90551],[-77.08353,38.90552],[-77.08356,38.90553],[-77.08358,38.90555],[-77.08361,38.90556],[-77.08364,38.90557],[-77.08367,38.90558],[-77.0837,38.90559],[-77.08373,38.9056],[-77.08376,38.90561],[-77.08379,38.90562],[-77.08382,38.90563],[-77.08384,38.90564],[-77.08387,38.90565],[-77.08388,38.90566],[-77.0839,38.90567],[-77.08392,38.90567],[-77.08393,38.90568],[-77.08394,38.90568],[-77.08395,38.90568],[-77.08396,38.90569],[-77.08398,38.90569],[-77.084,38.9057],[-77.08403,38.90571],[-77.08406,38.90572],[-77.08409,38.90573],[-77.08412,38.90574],[-77.08415,38.90575],[-77.08418,38.90576],[-77.08421,38.90577],[-77.08424,38.90578],[-77.08427,38.90579],[-77.08431,38.90581],[-77.08434,38.90582],[-77.08438,38.90583],[-77.08441,38.90584],[-77.08444,38.90585],[-77.08447,38.90586],[-77.0845,38.90587],[-77.08453,38.90589],[-77.08455,38.90589],[-77.08456,38.9059],[-77.08457,38.9059],[-77.08459,38.90591],[-77.08462,38.90592],[-77.08464,38.90593],[-77.08467,38.90594],[-77.0847,38.90595],[-77.08473,38.90596],[-77.08476,38.90597],[-77.08479,38.90599],[-77.08483,38.906],[-77.08486,38.90601],[-77.0849,38.90602],[-77.08493,38.90603],[-77.08497,38.90604],[-77.085,38.90605],[-77.08503,38.90606],[-77.08506,38.90607],[-77.08508,38.90608],[-77.08509,38.90608],[-77.0851,38.90609],[-77.08511,38.90609],[-77.08512,38.90609],[-77.08514,38.9061],[-77.08517,38.90611],[-77.08519,38.90612],[-77.08522,38.90613],[-77.08524,38.90613],[-77.08526,38.90614],[-77.08529,38.90614],[-77.08531,38.90615],[-77.08532,38.90616],[-77.08542,38.90618],[-77.08569,38.90627],[-77.08575,38.9063],[-77.08582,38.90631],[-77.08585,38.90632],[-77.08589,38.90633],[-77.08593,38.90634],[-77.08596,38.90635],[-77.08602,38.90637],[-77.08618,38.90641],[-77.08619,38.90642],[-77.0862,38.90642],[-77.08621,38.90642],[-77.08621,38.90641],[-77.08622,38.90641],[-77.08624,38.90641],[-77.08625,38.90642],[-77.08627,38.90643],[-77.08628,38.90644],[-77.0863,38.90645],[-77.08632,38.90646],[-77.08634,38.90647],[-77.08637,38.90647],[-77.08638,38.90648],[-77.0864,38.90649],[-77.08641,38.90649],[-77.08643,38.9065],[-77.08646,38.9065],[-77.08649,38.90651],[-77.08651,38.90651],[-77.08652,38.90652],[-77.08654,38.90653],[-77.08655,38.90654],[-77.08655,38.90655],[-77.08656,38.90655],[-77.08657,38.90655],[-77.08658,38.90655],[-77.08659,38.90656],[-77.0866,38.90656],[-77.08662,38.90656],[-77.08663,38.90656],[-77.08664,38.90655],[-77.08666,38.90656],[-77.08668,38.90656],[-77.08669,38.90657],[-77.0867,38.90657],[-77.08671,38.90658],[-77.08672,38.90659],[-77.08673,38.9066],[-77.08674,38.90661],[-77.08676,38.90661],[-77.08679,38.90662],[-77.08681,38.90662],[-77.08684,38.90663],[-77.08685,38.90663],[-77.08686,38.90663],[-77.08687,38.90663],[-77.08688,38.90663],[-77.0869,38.90663],[-77.08691,38.90663],[-77.08691,38.90664],[-77.08691,38.90665],[-77.08691,38.90666],[-77.0869,38.90666],[-77.08689,38.90667],[-77.08689,38.90668],[-77.0869,38.90669],[-77.08692,38.90668],[-77.08693,38.90667],[-77.08695,38.90666],[-77.08696,38.90666],[-77.08698,38.90666],[-77.08699,38.90667],[-77.08701,38.90668],[-77.08703,38.90669],[-77.08704,38.9067],[-77.08707,38.9067],[-77.08709,38.90671],[-77.08711,38.90671],[-77.08713,38.90672],[-77.08714,38.90672],[-77.08716,38.90673],[-77.08717,38.90673],[-77.08718,38.90673],[-77.0872,38.90674],[-77.08721,38.90675],[-77.08751,38.90683],[-77.08786,38.90693],[-77.08837,38.90708],[-77.08852,38.90713],[-77.08855,38.90713],[-77.08857,38.90714],[-77.0886,38.90715],[-77.08863,38.90716],[-77.08866,38.90717],[-77.08868,38.90718],[-77.08877,38.90721],[-77.08879,38.90723],[-77.08882,38.90723],[-77.08885,38.90724],[-77.08887,38.90725],[-77.0889,38.90726],[-77.08892,38.90727],[-77.08895,38.90728],[-77.08899,38.90729],[-77.08901,38.9073],[-77.08904,38.90731],[-77.08906,38.90732],[-77.08909,38.90732],[-77.08912,38.90733],[-77.08912,38.90734],[-77.08919,38.90736],[-77.08922,38.90737],[-77.08925,38.90738],[-77.08928,38.90738],[-77.08931,38.90739],[-77.08934,38.9074],[-77.08937,38.90741],[-77.08939,38.90742],[-77.08942,38.90743],[-77.08945,38.90744],[-77.08946,38.90744],[-77.0896,38.90749],[-77.08963,38.9075],[-77.08966,38.90751],[-77.08968,38.90752],[-77.08971,38.90753],[-77.08973,38.90754],[-77.08975,38.90754],[-77.08977,38.90755],[-77.08979,38.90756],[-77.08995,38.90761],[-77.08997,38.90762],[-77.09,38.90763],[-77.09003,38.90764],[-77.09005,38.90765],[-77.09006,38.90766],[-77.09008,38.90767],[-77.0901,38.90768],[-77.09012,38.90769],[-77.09015,38.9077],[-77.09017,38.90771],[-77.09019,38.90772],[-77.09022,38.90773],[-77.09024,38.90774],[-77.09027,38.90775],[-77.09036,38.90778],[-77.09038,38.90779],[-77.0904,38.9078],[-77.09043,38.90781],[-77.09045,38.90782],[-77.09047,38.90782],[-77.09048,38.90782],[-77.09052,38.90784],[-77.09054,38.90784],[-77.09056,38.90785],[-77.09058,38.90786],[-77.09059,38.90786],[-77.0906,38.90787],[-77.09062,38.90788],[-77.09063,38.90788],[-77.09064,38.90789],[-77.09065,38.90788],[-77.09066,38.90788],[-77.09067,38.90787],[-77.09067,38.90788],[-77.09068,38.90789],[-77.09068,38.9079],[-77.09069,38.90791],[-77.0907,38.90792],[-77.09072,38.90792],[-77.09081,38.90798],[-77.09083,38.90799],[-77.09086,38.908],[-77.09089,38.90801],[-77.09091,38.90802],[-77.09093,38.90803],[-77.09096,38.90804],[-77.09098,38.90806],[-77.09101,38.90807],[-77.09103,38.90808],[-77.09106,38.90809],[-77.09108,38.9081],[-77.0911,38.90812],[-77.09112,38.90813],[-77.09114,38.90814],[-77.09117,38.90815],[-77.09119,38.90816],[-77.09122,38.90816],[-77.09125,38.90817],[-77.09127,38.90818],[-77.0913,38.90819],[-77.09133,38.9082],[-77.09136,38.9082],[-77.09138,38.90821],[-77.09141,38.90822],[-77.09144,38.90823],[-77.09146,38.90824],[-77.09149,38.90825],[-77.09151,38.90826],[-77.09153,38.90827],[-77.09155,38.90828],[-77.09157,38.90829],[-77.09159,38.9083],[-77.0916,38.90831],[-77.09162,38.90832],[-77.09164,38.90832],[-77.09166,38.90833],[-77.09167,38.90834],[-77.09169,38.90835],[-77.09171,38.90836],[-77.09173,38.90837],[-77.09175,38.90838],[-77.09177,38.90839],[-77.09179,38.9084],[-77.09181,38.90841],[-77.09183,38.90842],[-77.09185,38.90843],[-77.09187,38.90844],[-77.09189,38.90846],[-77.09191,38.90847],[-77.09193,38.90848],[-77.09195,38.90849],[-77.09197,38.90851],[-77.09199,38.90852],[-77.09201,38.90853],[-77.09203,38.90854],[-77.09206,38.90855],[-77.09208,38.90856],[-77.0921,38.90857],[-77.09212,38.90858],[-77.09214,38.90859],[-77.09216,38.90859],[-77.09218,38.90861],[-77.0922,38.90862],[-77.09222,38.90863],[-77.09224,38.90864],[-77.09226,38.90865],[-77.09228,38.90867],[-77.0923,38.90868],[-77.09232,38.90869],[-77.09234,38.9087],[-77.09236,38.90872],[-77.09237,38.90873],[-77.09239,38.90874],[-77.09241,38.90876],[-77.09244,38.90877],[-77.09247,38.90878],[-77.09248,38.90879],[-77.09253,38.90882],[-77.09255,38.90884],[-77.09258,38.90885],[-77.0926,38.90887],[-77.09262,38.90889],[-77.09264,38.9089],[-77.09267,38.90892],[-77.0927,38.90893],[-77.09272,38.90895],[-77.09275,38.90896],[-77.09277,38.90898],[-77.0928,38.90899],[-77.09282,38.909],[-77.09283,38.90901],[-77.09291,38.90906],[-77.09291,38.90907],[-77.09292,38.90907],[-77.09294,38.90908],[-77.09295,38.90909],[-77.09297,38.9091],[-77.09299,38.90911],[-77.09301,38.90912],[-77.09302,38.90913],[-77.09304,38.90914],[-77.09306,38.90915],[-77.09308,38.90916],[-77.09309,38.90918],[-77.09311,38.90919],[-77.09313,38.9092],[-77.09315,38.90922],[-77.09317,38.90923],[-77.09319,38.90924],[-77.09321,38.90926],[-77.09323,38.90927],[-77.09325,38.90928],[-77.09327,38.9093],[-77.09329,38.90931],[-77.09331,38.90933],[-77.09333,38.90934],[-77.09335,38.90936],[-77.09337,38.90937],[-77.0934,38.90939],[-77.09342,38.9094],[-77.09344,38.90942],[-77.09346,38.90943],[-77.09348,38.90945],[-77.0935,38.90946],[-77.09352,38.90948],[-77.09355,38.9095],[-77.09357,38.90951],[-77.09359,38.90953],[-77.09362,38.90955],[-77.09364,38.90956],[-77.09366,38.90958],[-77.09369,38.9096],[-77.09371,38.90961],[-77.09373,38.90963],[-77.09375,38.90965],[-77.09377,38.90967],[-77.09379,38.90968],[-77.09381,38.9097],[-77.09382,38.90972],[-77.09385,38.90974],[-77.09387,38.90975],[-77.09389,38.90977],[-77.09391,38.90978],[-77.09394,38.9098],[-77.09396,38.90982],[-77.09398,38.90983],[-77.094,38.90985],[-77.09402,38.90987],[-77.09404,38.90988],[-77.09407,38.9099],[-77.09409,38.90992],[-77.09411,38.90994],[-77.09413,38.90995],[-77.09415,38.90997],[-77.09417,38.90998],[-77.09419,38.91],[-77.09422,38.91002],[-77.09424,38.91003],[-77.09426,38.91005],[-77.09428,38.91006],[-77.09431,38.91008],[-77.09433,38.9101],[-77.09435,38.91011],[-77.09437,38.91013],[-77.0944,38.91015],[-77.09442,38.91016],[-77.09444,38.91018],[-77.09446,38.9102],[-77.09448,38.91022],[-77.0945,38.91024],[-77.09453,38.91025],[-77.09455,38.91027],[-77.09457,38.91029],[-77.09459,38.91031],[-77.09462,38.91032],[-77.09464,38.91034],[-77.09466,38.91036],[-77.09468,38.91038],[-77.09471,38.9104],[-77.09473,38.91041],[-77.09475,38.91043],[-77.09477,38.91045],[-77.09479,38.91047],[-77.09481,38.91048],[-77.09482,38.9105],[-77.09484,38.91052],[-77.09486,38.91053],[-77.09488,38.91055],[-77.09491,38.91056],[-77.09493,38.91058],[-77.09495,38.91059],[-77.09497,38.91061],[-77.09499,38.91062],[-77.09501,38.91064],[-77.09503,38.91066],[-77.09505,38.91067],[-77.09507,38.91069],[-77.09509,38.91071],[-77.09511,38.91072],[-77.09512,38.91074],[-77.09514,38.91075],[-77.09516,38.91077],[-77.09518,38.91079],[-77.0952,38.9108],[-77.09522,38.91082],[-77.09524,38.91083],[-77.09526,38.91085],[-77.09527,38.91087],[-77.09529,38.91088],[-77.09531,38.9109],[-77.09533,38.91092],[-77.09535,38.91093],[-77.09537,38.91095],[-77.09539,38.91097],[-77.0954,38.91099],[-77.09542,38.911],[-77.09544,38.91102],[-77.09546,38.91104],[-77.09548,38.91105],[-77.0955,38.91107],[-77.09552,38.91109],[-77.09555,38.91111],[-77.09557,38.91112],[-77.09559,38.91114],[-77.09561,38.91116],[-77.09563,38.91118],[-77.09564,38.9112],[-77.09566,38.91121],[-77.09568,38.91123],[-77.0957,38.91125],[-77.09572,38.91127],[-77.09574,38.91129],[-77.09576,38.91131],[-77.09578,38.91132],[-77.0958,38.91134],[-77.09582,38.91136],[-77.09584,38.91138],[-77.09586,38.9114],[-77.09587,38.91142],[-77.0959,38.91144],[-77.09592,38.91146],[-77.09593,38.91148],[-77.09595,38.9115],[-77.09596,38.91151],[-77.09598,38.91153],[-77.096,38.91155],[-77.09601,38.91157],[-77.09603,38.91159],[-77.09604,38.91161],[-77.09606,38.91163],[-77.09608,38.91165],[-77.0961,38.91167],[-77.09612,38.91169],[-77.09614,38.9117],[-77.09616,38.91172],[-77.09618,38.91174],[-77.09619,38.91176],[-77.09621,38.91178],[-77.09623,38.9118],[-77.09625,38.91181],[-77.09627,38.91183],[-77.09629,38.91185],[-77.0963,38.91187],[-77.09632,38.91189],[-77.09635,38.91191],[-77.09636,38.91193],[-77.09638,38.91195],[-77.0964,38.91197],[-77.09642,38.91198],[-77.09644,38.912],[-77.09646,38.91202],[-77.09648,38.91204],[-77.0965,38.91206],[-77.09651,38.91208],[-77.09653,38.9121],[-77.09655,38.91212],[-77.09656,38.91213],[-77.09658,38.91216],[-77.0966,38.91217],[-77.09662,38.91219],[-77.09663,38.91221],[-77.09665,38.91223],[-77.09666,38.91225],[-77.09668,38.91227],[-77.0967,38.91229],[-77.09672,38.91231],[-77.09674,38.91232],[-77.09676,38.91234],[-77.09678,38.91236],[-77.09679,38.91238],[-77.09681,38.9124],[-77.09682,38.91242],[-77.09684,38.91244],[-77.09686,38.91246],[-77.09687,38.91248],[-77.09689,38.9125],[-77.0969,38.91251],[-77.09692,38.91253],[-77.09693,38.91255],[-77.09695,38.91257],[-77.09696,38.91259],[-77.09698,38.9126],[-77.09698,38.91261],[-77.09715,38.91281],[-77.09716,38.91283],[-77.09717,38.91284],[-77.09718,38.91286],[-77.09718,38.91287],[-77.09719,38.91288],[-77.09727,38.91299],[-77.09727,38.913],[-77.09728,38.91301],[-77.0973,38.91302],[-77.09731,38.91304],[-77.09732,38.91306],[-77.09733,38.91307],[-77.09733,38.91309],[-77.09734,38.9131],[-77.09735,38.91312],[-77.09736,38.91314],[-77.09737,38.91316],[-77.09738,38.91317],[-77.09739,38.91318],[-77.0974,38.9132],[-77.09741,38.91322],[-77.09742,38.91324],[-77.09744,38.91325],[-77.09745,38.91327],[-77.09746,38.91329],[-77.09747,38.9133],[-77.09748,38.91332],[-77.09749,38.91334],[-77.0975,38.91335],[-77.09751,38.91337],[-77.09752,38.91338],[-77.09753,38.9134],[-77.09754,38.91342],[-77.09755,38.91343],[-77.09757,38.91345],[-77.09758,38.91347],[-77.09758,38.91348],[-77.09759,38.9135],[-77.0976,38.91352],[-77.09761,38.91353],[-77.09763,38.91355],[-77.09764,38.91356],[-77.09765,38.91358],[-77.09766,38.91359],[-77.09777,38.91375],[-77.09778,38.91376],[-77.09779,38.91377],[-77.0978,38.91379],[-77.09781,38.91381],[-77.09781,38.91382],[-77.09792,38.91399],[-77.09793,38.91401],[-77.09794,38.91402],[-77.09795,38.91403],[-77.09796,38.91404],[-77.09797,38.91405],[-77.09797,38.91407],[-77.09798,38.91408],[-77.09807,38.91422],[-77.09807,38.91423],[-77.09809,38.91424],[-77.0981,38.91426],[-77.09811,38.91427],[-77.09812,38.91428],[-77.09813,38.9143],[-77.09814,38.91432],[-77.09815,38.91433],[-77.09817,38.91435],[-77.09823,38.91445],[-77.09824,38.91447],[-77.09825,38.91449],[-77.09826,38.9145],[-77.09827,38.91452],[-77.09828,38.91453],[-77.09843,38.91478],[-77.09844,38.9148],[-77.09845,38.91481],[-77.09845,38.91482],[-77.09852,38.91494],[-77.09853,38.91495],[-77.09855,38.91497],[-77.09856,38.91498],[-77.09857,38.915],[-77.09858,38.91501],[-77.09859,38.91503],[-77.0986,38.91505],[-77.0986,38.91507],[-77.09861,38.91508],[-77.09862,38.9151],[-77.09863,38.91512],[-77.09864,38.91513],[-77.09865,38.91515],[-77.09866,38.91517],[-77.09867,38.91518],[-77.09869,38.91519],[-77.0987,38.91521],[-77.09871,38.91523],[-77.09871,38.91524],[-77.09873,38.91526],[-77.09874,38.91528],[-77.09875,38.91529],[-77.09876,38.91531],[-77.09877,38.91532],[-77.09878,38.91534],[-77.09879,38.91535],[-77.0988,38.91537],[-77.09881,38.91538],[-77.09882,38.9154],[-77.09882,38.91542],[-77.09883,38.91543],[-77.09884,38.91545],[-77.09886,38.91546],[-77.09887,38.91548],[-77.09888,38.9155],[-77.09889,38.91551],[-77.0989,38.91553],[-77.09891,38.91554],[-77.09892,38.91556],[-77.09893,38.91557],[-77.09894,38.91559],[-77.09895,38.91561],[-77.09896,38.91562],[-77.09897,38.91564],[-77.09898,38.91565],[-77.099,38.91567],[-77.09901,38.91568],[-77.09902,38.91569],[-77.09903,38.91571],[-77.09904,38.91572],[-77.09904,38.91574],[-77.09904,38.91575],[-77.09905,38.91577],[-77.09906,38.91578],[-77.09907,38.9158],[-77.09908,38.91581],[-77.0991,38.91583],[-77.09911,38.91584],[-77.09912,38.91586],[-77.09913,38.91587],[-77.09914,38.91589],[-77.09915,38.9159],[-77.09916,38.91592],[-77.09917,38.91594],[-77.09918,38.91595],[-77.09919,38.91597],[-77.09921,38.91599],[-77.09922,38.916],[-77.09924,38.91602],[-77.09925,38.91604],[-77.09926,38.91605],[-77.09927,38.91607],[-77.09929,38.91608],[-77.0993,38.9161],[-77.09931,38.91612],[-77.09932,38.91613],[-77.09933,38.91615],[-77.09934,38.91616],[-77.09935,38.91618],[-77.09936,38.9162],[-77.09938,38.91621],[-77.09939,38.91623],[-77.0994,38.91624],[-77.09941,38.91626],[-77.09942,38.91627],[-77.09944,38.91629],[-77.09945,38.9163],[-77.09946,38.91632],[-77.09947,38.91633],[-77.09948,38.91633],[-77.09948,38.91632],[-77.09948,38.91631],[-77.09947,38.9163],[-77.09947,38.91629],[-77.09946,38.91627],[-77.09947,38.91626],[-77.09947,38.91627],[-77.09948,38.91628],[-77.09949,38.9163],[-77.0995,38.91631],[-77.09951,38.91633],[-77.09953,38.91634],[-77.09954,38.91636],[-77.09955,38.91637],[-77.09957,38.91639],[-77.09957,38.9164],[-77.09958,38.91642],[-77.09959,38.91643],[-77.0996,38.91645],[-77.09961,38.91646],[-77.09962,38.91648],[-77.09963,38.9165],[-77.09964,38.91651],[-77.09965,38.91652],[-77.09965,38.91654],[-77.09965,38.91655],[-77.09965,38.91656],[-77.09965,38.91657],[-77.09965,38.91658],[-77.09965,38.91659],[-77.09966,38.91659],[-77.09967,38.91659],[-77.09968,38.91659],[-77.09968,38.91658],[-77.09969,38.91657],[-77.0997,38.91656],[-77.09971,38.91657],[-77.09971,38.91658],[-77.09972,38.91659],[-77.09973,38.9166],[-77.09973,38.91662],[-77.09974,38.91663],[-77.09975,38.91664],[-77.09975,38.91666],[-77.09976,38.91666],[-77.09976,38.91667],[-77.09976,38.91668],[-77.09976,38.91669],[-77.09977,38.9167],[-77.09976,38.91671],[-77.09976,38.91672],[-77.09974,38.91672],[-77.09973,38.91672],[-77.09972,38.91672],[-77.09971,38.91672],[-77.0997,38.91673],[-77.0997,38.91674],[-77.0997,38.91675],[-77.09971,38.91676],[-77.09971,38.91677],[-77.09972,38.91678],[-77.09973,38.91679],[-77.09974,38.9168],[-77.09975,38.91682],[-77.09976,38.91683],[-77.09977,38.91684],[-77.09978,38.91685],[-77.09978,38.91686],[-77.09979,38.91686],[-77.09979,38.91687],[-77.0998,38.91688],[-77.09981,38.91689],[-77.09982,38.9169],[-77.09983,38.91691],[-77.09983,38.91692],[-77.09983,38.91693],[-77.09983,38.91694],[-77.09983,38.91695],[-77.09982,38.91696],[-77.09983,38.91697],[-77.09983,38.91699],[-77.09984,38.917],[-77.09985,38.91702],[-77.09985,38.91703],[-77.09986,38.91705],[-77.09987,38.91706],[-77.09987,38.91708],[-77.09988,38.91709],[-77.09989,38.91711],[-77.0999,38.91712],[-77.09991,38.91714],[-77.09992,38.91715],[-77.09993,38.91717],[-77.09993,38.91718],[-77.09994,38.9172],[-77.09995,38.91722],[-77.09996,38.91723],[-77.09997,38.91725],[-77.09998,38.91726],[-77.09998,38.91727],[-77.09999,38.91729],[-77.1,38.9173],[-77.10001,38.91732],[-77.10002,38.91733],[-77.10003,38.91735],[-77.10004,38.91736],[-77.10005,38.91738],[-77.10006,38.9174],[-77.10007,38.91741],[-77.10008,38.91743],[-77.10009,38.91744],[-77.10009,38.91746],[-77.1001,38.91747],[-77.10012,38.91748],[-77.10012,38.9175],[-77.10013,38.91752],[-77.10014,38.91753],[-77.10015,38.91754],[-77.10016,38.91756],[-77.10017,38.91758],[-77.10017,38.91759],[-77.10018,38.9176],[-77.10019,38.91762],[-77.10023,38.91769],[-77.10024,38.91769],[-77.10024,38.9177],[-77.10025,38.91771],[-77.10026,38.91772],[-77.10027,38.91774],[-77.10028,38.91775],[-77.10028,38.91776],[-77.10029,38.91777],[-77.1003,38.91779],[-77.10031,38.9178],[-77.10032,38.91782],[-77.10033,38.91783],[-77.10034,38.91784],[-77.10035,38.91786],[-77.10036,38.91787],[-77.10037,38.91789],[-77.10038,38.91791],[-77.10039,38.91792],[-77.1004,38.91794],[-77.10041,38.91795],[-77.10042,38.91797],[-77.10043,38.91798],[-77.10044,38.918],[-77.10045,38.91801],[-77.10046,38.91802],[-77.10047,38.91804],[-77.10048,38.91805],[-77.10049,38.91806],[-77.1005,38.91808],[-77.1005,38.91809],[-77.10051,38.9181],[-77.10052,38.91811],[-77.10053,38.91811],[-77.10054,38.91811],[-77.10061,38.91821],[-77.10061,38.91822],[-77.10061,38.91823],[-77.10061,38.91824],[-77.10061,38.91825],[-77.10062,38.91825],[-77.10062,38.91826],[-77.10062,38.91827],[-77.10063,38.91827],[-77.10063,38.91828],[-77.10063,38.91829],[-77.10064,38.91829],[-77.10064,38.9183],[-77.10065,38.91831],[-77.10065,38.91832],[-77.10066,38.91833],[-77.10066,38.91834],[-77.10067,38.91834],[-77.10067,38.91835],[-77.10068,38.91836],[-77.10068,38.91837],[-77.10069,38.91837],[-77.10069,38.91838],[-77.10069,38.91839],[-77.1007,38.91839],[-77.1007,38.9184],[-77.10071,38.9184],[-77.10071,38.91841],[-77.10072,38.91841],[-77.10072,38.91842],[-77.10073,38.91843],[-77.10073,38.91844],[-77.10074,38.91844],[-77.10074,38.91845],[-77.10074,38.91846],[-77.10075,38.91847],[-77.10075,38.91848],[-77.10076,38.91848],[-77.10076,38.91849],[-77.10076,38.9185],[-77.10077,38.9185],[-77.10077,38.91851],[-77.10078,38.91852],[-77.10078,38.91853],[-77.10079,38.91853],[-77.10079,38.91854],[-77.1008,38.91854],[-77.1008,38.91855],[-77.1008,38.91856],[-77.10081,38.91856],[-77.10081,38.91857],[-77.10082,38.91858],[-77.10082,38.91859],[-77.10083,38.91859],[-77.10083,38.9186],[-77.10084,38.9186],[-77.10084,38.91861],[-77.10085,38.91862],[-77.10086,38.91863],[-77.10086,38.91864],[-77.10087,38.91864],[-77.10087,38.91865],[-77.10088,38.91865],[-77.10088,38.91866],[-77.10089,38.91866],[-77.10089,38.91867],[-77.1009,38.91868],[-77.10091,38.91869],[-77.10091,38.9187],[-77.10092,38.9187],[-77.10092,38.91871],[-77.10093,38.91872],[-77.10093,38.91873],[-77.10094,38.91874],[-77.10094,38.91875],[-77.10095,38.91875],[-77.10095,38.91876],[-77.10095,38.91877],[-77.10096,38.91877],[-77.10096,38.91878],[-77.10097,38.91878],[-77.10097,38.91879],[-77.10098,38.9188],[-77.10098,38.91881],[-77.10099,38.91881],[-77.10099,38.91882],[-77.101,38.91883],[-77.101,38.91884],[-77.10101,38.91884],[-77.10101,38.91885],[-77.10102,38.91885],[-77.10102,38.91886],[-77.10103,38.91887],[-77.10104,38.91888],[-77.10104,38.91889],[-77.10105,38.91889],[-77.10105,38.9189],[-77.10106,38.91891],[-77.10106,38.91892],[-77.10107,38.91892],[-77.10107,38.91893],[-77.10108,38.91894],[-77.10108,38.91895],[-77.10109,38.91895],[-77.10109,38.91896],[-77.1011,38.91896],[-77.1011,38.91897],[-77.10111,38.91898],[-77.10111,38.91899],[-77.10112,38.91899],[-77.10112,38.919],[-77.10113,38.919],[-77.10113,38.91901],[-77.10114,38.91901],[-77.10114,38.91902],[-77.10115,38.91902],[-77.10115,38.91903],[-77.10116,38.91904],[-77.10116,38.91905],[-77.10117,38.91905],[-77.10117,38.91906],[-77.10117,38.91907],[-77.10118,38.91908],[-77.10118,38.91909],[-77.10119,38.9191],[-77.10119,38.91911],[-77.1012,38.91912],[-77.1012,38.91913],[-77.10121,38.91913],[-77.10121,38.91914],[-77.10121,38.91915],[-77.10122,38.91915],[-77.10122,38.91916],[-77.10123,38.91917],[-77.10123,38.91918],[-77.10124,38.91918],[-77.10124,38.91919],[-77.10124,38.9192],[-77.10125,38.9192],[-77.10125,38.91921],[-77.10126,38.91922],[-77.10126,38.91923],[-77.10127,38.91923],[-77.10127,38.91924],[-77.10128,38.91924],[-77.10128,38.91925],[-77.10129,38.91927],[-77.1013,38.91928],[-77.10131,38.9193],[-77.10132,38.91932],[-77.10133,38.91934],[-77.10134,38.91935],[-77.10135,38.91937],[-77.10136,38.91938],[-77.10137,38.9194],[-77.10138,38.91941],[-77.10139,38.91942],[-77.1014,38.91944],[-77.10142,38.91945],[-77.10143,38.91947],[-77.10144,38.91948],[-77.10145,38.9195],[-77.10147,38.91951],[-77.10148,38.91953],[-77.10149,38.91955],[-77.1015,38.91957],[-77.10152,38.91959],[-77.10153,38.91961],[-77.10155,38.91963],[-77.10157,38.91965],[-77.10158,38.91967],[-77.1016,38.91969],[-77.10161,38.91971],[-77.10163,38.91973],[-77.10165,38.91975],[-77.10166,38.91977],[-77.10168,38.91979],[-77.10169,38.91981],[-77.10171,38.91983],[-77.10173,38.91985],[-77.10174,38.91987],[-77.10176,38.91989],[-77.10177,38.91992],[-77.10179,38.91994],[-77.1018,38.91996],[-77.10182,38.91997],[-77.10183,38.91999],[-77.10185,38.92001],[-77.10186,38.92003],[-77.10187,38.92005],[-77.10188,38.92006],[-77.10189,38.92008],[-77.1019,38.92009],[-77.10197,38.9202],[-77.10202,38.92026],[-77.10204,38.92029],[-77.10209,38.92035],[-77.10216,38.92043],[-77.10225,38.92057],[-77.10226,38.92058],[-77.10227,38.92059],[-77.10229,38.92061],[-77.1023,38.92063],[-77.10231,38.92064],[-77.10232,38.92064],[-77.10232,38.92065],[-77.10233,38.92066],[-77.10234,38.92068],[-77.10235,38.92069],[-77.10236,38.92071],[-77.10236,38.92072],[-77.10237,38.92073],[-77.10238,38.92075],[-77.10239,38.92076],[-77.10241,38.92078],[-77.10242,38.92079],[-77.10243,38.92081],[-77.10245,38.92082],[-77.10246,38.92083],[-77.10246,38.92084],[-77.10247,38.92085],[-77.10248,38.92085],[-77.10248,38.92086],[-77.10249,38.92087],[-77.10249,38.92088],[-77.1025,38.92088],[-77.1025,38.92089],[-77.10252,38.92091],[-77.10253,38.92092],[-77.10255,38.92094],[-77.10257,38.92095],[-77.10258,38.92097],[-77.10259,38.92099],[-77.10261,38.92101],[-77.10263,38.92102],[-77.10265,38.92104],[-77.10266,38.92106],[-77.10268,38.92107],[-77.1027,38.92109],[-77.10271,38.92111],[-77.10273,38.92112],[-77.10275,38.92114],[-77.10277,38.92116],[-77.10278,38.92117],[-77.1028,38.92119],[-77.10281,38.92121],[-77.10283,38.92122],[-77.10284,38.92124],[-77.10286,38.92125],[-77.10288,38.92127],[-77.10289,38.92128],[-77.10291,38.9213],[-77.10292,38.92132],[-77.10294,38.92133],[-77.10296,38.92135],[-77.10297,38.92137],[-77.10299,38.92138],[-77.10301,38.9214],[-77.10302,38.92142],[-77.10304,38.92143],[-77.10306,38.92145],[-77.10308,38.92146],[-77.10309,38.92148],[-77.10311,38.9215],[-77.10313,38.92151],[-77.10315,38.92153],[-77.10316,38.92154],[-77.10318,38.92156],[-77.1032,38.92157],[-77.10321,38.92159],[-77.10322,38.9216],[-77.10324,38.92162],[-77.10325,38.92164],[-77.10327,38.92165],[-77.10329,38.92167],[-77.10331,38.92168],[-77.10332,38.9217],[-77.10334,38.92172],[-77.10335,38.92173],[-77.10337,38.92174],[-77.10337,38.92175],[-77.10339,38.92176],[-77.1034,38.92178],[-77.10342,38.9218],[-77.10344,38.92181],[-77.10345,38.92182],[-77.10347,38.92184],[-77.10349,38.92185],[-77.10351,38.92187],[-77.10353,38.92189],[-77.10354,38.9219],[-77.10356,38.92191],[-77.10356,38.92192],[-77.10357,38.92193],[-77.10358,38.92194],[-77.10359,38.92194],[-77.10359,38.92195],[-77.10361,38.92196],[-77.10362,38.92197],[-77.10364,38.92199],[-77.10365,38.922],[-77.10367,38.92201],[-77.10369,38.92203],[-77.1037,38.92204],[-77.10372,38.92205],[-77.10373,38.92206],[-77.10375,38.92207],[-77.10376,38.92208],[-77.10378,38.9221],[-77.10379,38.9221],[-77.1038,38.92211],[-77.10381,38.92212],[-77.10382,38.92212],[-77.10383,38.92213],[-77.10384,38.92214],[-77.10385,38.92215],[-77.10387,38.92216],[-77.10388,38.92218],[-77.1039,38.92219],[-77.10392,38.9222],[-77.10393,38.92221],[-77.10395,38.92222],[-77.10396,38.92223],[-77.10408,38.9223],[-77.10408,38.92231],[-77.10409,38.92232],[-77.10411,38.92233],[-77.10412,38.92234],[-77.10414,38.92235],[-77.10416,38.92237],[-77.10418,38.92239],[-77.1042,38.9224],[-77.10422,38.92242],[-77.10424,38.92243],[-77.10426,38.92245],[-77.10428,38.92246],[-77.1043,38.92248],[-77.10432,38.9225],[-77.10434,38.92251],[-77.10436,38.92253],[-77.10438,38.92254],[-77.1044,38.92256],[-77.10442,38.92258],[-77.10444,38.92259],[-77.10447,38.92261],[-77.10449,38.92262],[-77.1045,38.92264],[-77.10452,38.92265],[-77.10454,38.92267],[-77.10456,38.92268],[-77.10458,38.9227],[-77.1046,38.92271],[-77.10462,38.92272],[-77.10464,38.92273],[-77.10465,38.92274],[-77.10467,38.92276],[-77.10469,38.92277],[-77.10471,38.92278],[-77.10473,38.9228],[-77.10475,38.92281],[-77.10476,38.92282],[-77.10478,38.92283],[-77.1048,38.92284],[-77.10482,38.92285],[-77.10484,38.92287],[-77.10485,38.92288],[-77.10487,38.92289],[-77.10489,38.9229],[-77.1049,38.92291],[-77.10491,38.92292],[-77.10492,38.92293],[-77.10493,38.92294],[-77.10495,38.92294],[-77.10496,38.92295],[-77.10497,38.92295],[-77.10498,38.92295],[-77.10499,38.92296],[-77.105,38.92297],[-77.10501,38.92297],[-77.10502,38.92298],[-77.10503,38.92299],[-77.10503,38.923],[-77.10505,38.92302],[-77.10506,38.92303],[-77.10507,38.92304],[-77.10509,38.92306],[-77.1051,38.92307],[-77.10512,38.92309],[-77.10514,38.9231],[-77.10516,38.92312],[-77.10518,38.92313],[-77.1052,38.92315],[-77.10522,38.92316],[-77.10524,38.92318],[-77.10526,38.92319],[-77.10528,38.9232],[-77.1053,38.92322],[-77.10532,38.92323],[-77.10534,38.92325],[-77.10536,38.92326],[-77.10538,38.92327],[-77.1054,38.92329],[-77.10542,38.92331],[-77.10544,38.92332],[-77.10546,38.92333],[-77.10548,38.92335],[-77.1055,38.92337],[-77.10552,38.92338],[-77.10554,38.9234],[-77.10556,38.92341],[-77.10558,38.92342],[-77.10559,38.92344],[-77.10561,38.92345],[-77.10563,38.92346],[-77.10565,38.92348],[-77.10567,38.92349],[-77.10569,38.92351],[-77.10571,38.92352],[-77.10573,38.92353],[-77.10576,38.92355],[-77.10578,38.92356],[-77.1058,38.92358],[-77.10582,38.92359],[-77.10584,38.92361],[-77.10585,38.92362],[-77.10587,38.92363],[-77.10589,38.92365],[-77.10591,38.92366],[-77.10593,38.92367],[-77.10595,38.92369],[-77.10597,38.9237],[-77.106,38.92371],[-77.10602,38.92373],[-77.10604,38.92375],[-77.10606,38.92376],[-77.10608,38.92378],[-77.10611,38.92379],[-77.10613,38.92381],[-77.10615,38.92383],[-77.10617,38.92384],[-77.10619,38.92386],[-77.10621,38.92387],[-77.10624,38.92389],[-77.10626,38.9239],[-77.10628,38.92391],[-77.1063,38.92393],[-77.10632,38.92394],[-77.10633,38.92395],[-77.10635,38.92397],[-77.10637,38.92398],[-77.10639,38.92399],[-77.10641,38.92401],[-77.10644,38.92402],[-77.10646,38.92404],[-77.10648,38.92406],[-77.1065,38.92407],[-77.10653,38.92409],[-77.10655,38.9241],[-77.10657,38.92412],[-77.10659,38.92413],[-77.10662,38.92415],[-77.10664,38.92416],[-77.10666,38.92418],[-77.10668,38.92419],[-77.10671,38.92421],[-77.10673,38.92423],[-77.10675,38.92425],[-77.10677,38.92426],[-77.10679,38.92428],[-77.10682,38.92429],[-77.10684,38.92431],[-77.10686,38.92432],[-77.10688,38.92434],[-77.1069,38.92435],[-77.10692,38.92437],[-77.10694,38.92439],[-77.10697,38.9244],[-77.10699,38.92442],[-77.10701,38.92443],[-77.10702,38.92444],[-77.10704,38.92446],[-77.10706,38.92447],[-77.10708,38.92448],[-77.10709,38.92449],[-77.10711,38.92451],[-77.10713,38.92452],[-77.10715,38.92453],[-77.10716,38.92454],[-77.10718,38.92455],[-77.1072,38.92456],[-77.10722,38.92457],[-77.10723,38.92458],[-77.10724,38.92458],[-77.10731,38.92463],[-77.10731,38.92464],[-77.10732,38.92465],[-77.10733,38.92466],[-77.10734,38.92467],[-77.10735,38.92467],[-77.10737,38.92468],[-77.10738,38.92469],[-77.10739,38.9247],[-77.1074,38.92471],[-77.10741,38.92472],[-77.10743,38.92473],[-77.10744,38.92474],[-77.10745,38.92475],[-77.10746,38.92476],[-77.10748,38.92476],[-77.10749,38.92477],[-77.1075,38.92478],[-77.10752,38.92479],[-77.10753,38.9248],[-77.10754,38.92481],[-77.10755,38.92482],[-77.10757,38.92483],[-77.10758,38.92484],[-77.10759,38.92485],[-77.1076,38.92486],[-77.10761,38.92487],[-77.10762,38.92488],[-77.10764,38.92489],[-77.10765,38.9249],[-77.10766,38.92491],[-77.10768,38.92492],[-77.10769,38.92493],[-77.1077,38.92493],[-77.10772,38.92494],[-77.10773,38.92495],[-77.10774,38.92496],[-77.10776,38.92497],[-77.10777,38.92497],[-77.10779,38.92498],[-77.1078,38.92499],[-77.10781,38.92499],[-77.10782,38.925],[-77.10783,38.92501],[-77.10785,38.92501],[-77.10786,38.92502],[-77.10787,38.92503],[-77.10789,38.92504],[-77.1079,38.92505],[-77.10791,38.92505],[-77.10792,38.92506],[-77.10793,38.92507],[-77.10795,38.92508],[-77.10796,38.92509],[-77.10797,38.92509],[-77.10798,38.9251],[-77.10799,38.92511],[-77.108,38.92512],[-77.10801,38.92512],[-77.10802,38.92513],[-77.10804,38.92514],[-77.10805,38.92515],[-77.10806,38.92516],[-77.10807,38.92516],[-77.10808,38.92517],[-77.10809,38.92518],[-77.10811,38.92519],[-77.10812,38.9252],[-77.10813,38.92521],[-77.10814,38.92522],[-77.10815,38.92523],[-77.10816,38.92523],[-77.10817,38.92524],[-77.10818,38.92525],[-77.1082,38.92526],[-77.10821,38.92527],[-77.10822,38.92528],[-77.10823,38.92528],[-77.10824,38.92529],[-77.10825,38.9253],[-77.10826,38.92531],[-77.10827,38.92532],[-77.10828,38.92533],[-77.1083,38.92533],[-77.10831,38.92534],[-77.10832,38.92535],[-77.10833,38.92536],[-77.10834,38.92537],[-77.10835,38.92538],[-77.10837,38.92539],[-77.10838,38.92539],[-77.10839,38.9254],[-77.1084,38.92541],[-77.10841,38.92542],[-77.10842,38.92543],[-77.10843,38.92544],[-77.10845,38.92544],[-77.10846,38.92545],[-77.10847,38.92546],[-77.10848,38.92547],[-77.10849,38.92548],[-77.1085,38.92548],[-77.1085,38.92549],[-77.10851,38.92549],[-77.10852,38.92549],[-77.10852,38.9255],[-77.10853,38.9255],[-77.10854,38.92551],[-77.10854,38.92552],[-77.10855,38.92553],[-77.10856,38.92553],[-77.10856,38.92554],[-77.10857,38.92554],[-77.10858,38.92555],[-77.10859,38.92555],[-77.1086,38.92556],[-77.10861,38.92557],[-77.10862,38.92558],[-77.10864,38.92559],[-77.10865,38.9256],[-77.10866,38.92561],[-77.10867,38.92562],[-77.10868,38.92563],[-77.10869,38.92564],[-77.1087,38.92565],[-77.10872,38.92567],[-77.10873,38.92568],[-77.10873,38.92569],[-77.10874,38.9257],[-77.10876,38.92572],[-77.10877,38.92573],[-77.10878,38.92574],[-77.1088,38.92575],[-77.10881,38.92576],[-77.10882,38.92577],[-77.10882,38.92578],[-77.10883,38.92579],[-77.10884,38.9258],[-77.10886,38.9258],[-77.10887,38.92581],[-77.10888,38.92582],[-77.10889,38.92583],[-77.10891,38.92585],[-77.10892,38.92586],[-77.10893,38.92587],[-77.10894,38.92588],[-77.10895,38.92589],[-77.10896,38.9259],[-77.10898,38.92591],[-77.10899,38.92592],[-77.109,38.92593],[-77.10901,38.92594],[-77.10903,38.92596],[-77.10904,38.92597],[-77.10905,38.92598],[-77.10906,38.92599],[-77.10907,38.926],[-77.10908,38.92601],[-77.10909,38.92603],[-77.10911,38.92604],[-77.10912,38.92605],[-77.10913,38.92606],[-77.10914,38.92607],[-77.10915,38.92608],[-77.10916,38.9261],[-77.10917,38.92611],[-77.10918,38.92612],[-77.10919,38.92613],[-77.1092,38.92614],[-77.10921,38.92615],[-77.10922,38.92616],[-77.10924,38.92618],[-77.10925,38.92619],[-77.10926,38.9262],[-77.10927,38.92622],[-77.10928,38.92623],[-77.10929,38.92624],[-77.1093,38.92625],[-77.10931,38.92626],[-77.10933,38.92627],[-77.10934,38.92628],[-77.10935,38.9263],[-77.10936,38.92631],[-77.10937,38.92631],[-77.10939,38.92632],[-77.1094,38.92633],[-77.10941,38.92634],[-77.10941,38.92635],[-77.10941,38.92636],[-77.1094,38.92636],[-77.10939,38.92637],[-77.10939,38.92638],[-77.10939,38.92639],[-77.1094,38.9264],[-77.10941,38.92641],[-77.10942,38.92642],[-77.10943,38.92643],[-77.10944,38.92644],[-77.10945,38.92646],[-77.10946,38.92647],[-77.10948,38.92648],[-77.10949,38.9265],[-77.1095,38.92651],[-77.10951,38.92652],[-77.10952,38.92653],[-77.10953,38.92654],[-77.10954,38.92656],[-77.10955,38.92657],[-77.10956,38.92658],[-77.10957,38.92659],[-77.10958,38.92661],[-77.10959,38.92662],[-77.1096,38.92663],[-77.10961,38.92665],[-77.10962,38.92666],[-77.10963,38.92667],[-77.10964,38.92668],[-77.10965,38.9267],[-77.10967,38.92671],[-77.10968,38.92672],[-77.10969,38.92673],[-77.1097,38.92674],[-77.10971,38.92675],[-77.10972,38.92676],[-77.10974,38.92677],[-77.10975,38.92678],[-77.10976,38.92679],[-77.10977,38.9268],[-77.10978,38.92681],[-77.10979,38.92682],[-77.1098,38.92683],[-77.10981,38.92685],[-77.10982,38.92686],[-77.10983,38.92687],[-77.10984,38.92687],[-77.10985,38.92688],[-77.10986,38.92689],[-77.10987,38.92691],[-77.10988,38.92692],[-77.10989,38.92693],[-77.1099,38.92694],[-77.10991,38.92696],[-77.10992,38.92697],[-77.10993,38.92698],[-77.10994,38.927],[-77.10995,38.92701],[-77.10996,38.92702],[-77.10997,38.92704],[-77.10998,38.92705],[-77.10999,38.92706],[-77.11,38.92707],[-77.11001,38.92709],[-77.11002,38.9271],[-77.11003,38.92711],[-77.11004,38.92712],[-77.11005,38.92713],[-77.11006,38.92715],[-77.11007,38.92716],[-77.11008,38.92717],[-77.11009,38.92719],[-77.1101,38.9272],[-77.11011,38.92721],[-77.11012,38.92722],[-77.11013,38.92723],[-77.11014,38.92724],[-77.11015,38.92725],[-77.11016,38.92727],[-77.11017,38.92728],[-77.11018,38.92729],[-77.11018,38.9273],[-77.11019,38.92731],[-77.1102,38.92732],[-77.11021,38.92732],[-77.11022,38.92733],[-77.11022,38.92734],[-77.11023,38.92735],[-77.11024,38.92736],[-77.11025,38.92738],[-77.11026,38.92739],[-77.11027,38.9274],[-77.11028,38.92741],[-77.11029,38.92743],[-77.1103,38.92744],[-77.11031,38.92745],[-77.11032,38.92746],[-77.11033,38.92747],[-77.11034,38.92749],[-77.11035,38.9275],[-77.11036,38.92751],[-77.11036,38.92752],[-77.11037,38.92753],[-77.11038,38.92754],[-77.1104,38.92755],[-77.1104,38.92756],[-77.11041,38.92758],[-77.11042,38.92759],[-77.11043,38.9276],[-77.11044,38.92761],[-77.11045,38.92763],[-77.11046,38.92764],[-77.11047,38.92765],[-77.11047,38.92767],[-77.11048,38.92768],[-77.11049,38.92769],[-77.1105,38.92771],[-77.11051,38.92772],[-77.11052,38.92774],[-77.11053,38.92775],[-77.11054,38.92776],[-77.11055,38.92778],[-77.11055,38.92779],[-77.11056,38.9278],[-77.11057,38.92782],[-77.11058,38.92783],[-77.11058,38.92784],[-77.11059,38.92786],[-77.1106,38.92787],[-77.11061,38.92788],[-77.11062,38.9279],[-77.11063,38.92791],[-77.11064,38.92792],[-77.11064,38.92794],[-77.11065,38.92795],[-77.11066,38.92797],[-77.11067,38.92798],[-77.11068,38.92799],[-77.11069,38.92801],[-77.1107,38.92802],[-77.1107,38.92803],[-77.11071,38.92805],[-77.11072,38.92806],[-77.11073,38.92807],[-77.11074,38.92808],[-77.11075,38.92809],[-77.11076,38.9281],[-77.11076,38.92812],[-77.11077,38.92813],[-77.11078,38.92814],[-77.11079,38.92815],[-77.11079,38.92816],[-77.1108,38.92817],[-77.1108,38.92819],[-77.1108,38.9282],[-77.11081,38.92821],[-77.11081,38.92822],[-77.11082,38.92823],[-77.11082,38.92824],[-77.11083,38.92825],[-77.11083,38.92826],[-77.11083,38.92827],[-77.11084,38.92828],[-77.11084,38.9283],[-77.11085,38.92831],[-77.11085,38.92832],[-77.11086,38.92833],[-77.11087,38.92834],[-77.11089,38.92837],[-77.1109,38.92839],[-77.11091,38.92841],[-77.11092,38.92842],[-77.11093,38.92844],[-77.11094,38.92846],[-77.11095,38.92847],[-77.11096,38.92849],[-77.11097,38.9285],[-77.11098,38.92852],[-77.11099,38.92854],[-77.111,38.92855],[-77.11101,38.92857],[-77.11102,38.92858],[-77.11103,38.9286],[-77.11104,38.92862],[-77.11104,38.92863],[-77.11105,38.92865],[-77.11106,38.92866],[-77.11107,38.92868],[-77.11108,38.92869],[-77.11109,38.92871],[-77.1111,38.92872],[-77.11111,38.92873],[-77.11111,38.92874],[-77.11112,38.92874],[-77.11113,38.92875],[-77.11113,38.92876],[-77.11114,38.92877],[-77.11115,38.92879],[-77.11115,38.9288],[-77.11116,38.92881],[-77.11116,38.92882],[-77.11117,38.92883],[-77.11118,38.92885],[-77.11119,38.92887],[-77.1112,38.92889],[-77.11121,38.92891],[-77.11122,38.92893],[-77.11124,38.92895],[-77.11125,38.92897],[-77.11126,38.92899],[-77.11127,38.92901],[-77.11128,38.92903],[-77.11129,38.92905],[-77.1113,38.92907],[-77.11131,38.92909],[-77.11132,38.92911],[-77.11133,38.92913],[-77.11134,38.92915],[-77.11136,38.92917],[-77.11137,38.92919],[-77.11138,38.92921],[-77.11139,38.92923],[-77.1114,38.92926],[-77.11142,38.92928],[-77.11143,38.9293],[-77.11144,38.92932],[-77.11146,38.92934],[-77.11147,38.92936],[-77.11149,38.92939],[-77.1115,38.92941],[-77.11151,38.92943],[-77.11153,38.92945],[-77.11154,38.92947],[-77.11155,38.92949],[-77.11157,38.92951],[-77.11158,38.92954],[-77.11159,38.92956],[-77.11161,38.92958],[-77.11162,38.9296],[-77.11163,38.92962],[-77.11164,38.92963],[-77.11164,38.92965],[-77.11165,38.92967],[-77.11167,38.92969],[-77.11168,38.92971],[-77.11169,38.92973],[-77.1117,38.92975],[-77.11171,38.92977],[-77.11173,38.92979],[-77.11174,38.92981],[-77.11176,38.92984],[-77.11177,38.92986],[-77.11179,38.92988],[-77.1118,38.9299],[-77.11181,38.92992],[-77.11183,38.92994],[-77.11184,38.92996],[-77.11185,38.92998],[-77.11187,38.93],[-77.11188,38.93002],[-77.1119,38.93005],[-77.11191,38.93007],[-77.11192,38.93009],[-77.11194,38.93012],[-77.11195,38.93014],[-77.11196,38.93016],[-77.11197,38.93018],[-77.11198,38.9302],[-77.11199,38.93021],[-77.112,38.93023],[-77.11201,38.93024],[-77.11209,38.93037],[-77.11211,38.93039],[-77.11211,38.9304],[-77.11212,38.93042],[-77.11213,38.93043],[-77.11215,38.93046],[-77.11216,38.93048],[-77.11217,38.9305],[-77.11219,38.93052],[-77.1122,38.93054],[-77.11221,38.93056],[-77.11223,38.93058],[-77.11224,38.93061],[-77.11225,38.93063],[-77.11226,38.93065],[-77.11228,38.93067],[-77.11229,38.93069],[-77.1123,38.93072],[-77.11231,38.93074],[-77.11232,38.93076],[-77.11233,38.93078],[-77.11234,38.9308],[-77.11235,38.93082],[-77.11236,38.93085],[-77.11237,38.93087],[-77.11238,38.93089],[-77.1124,38.93092],[-77.11242,38.93094],[-77.11244,38.93096],[-77.11246,38.93098],[-77.11248,38.931],[-77.11251,38.93102],[-77.11253,38.93104],[-77.11255,38.93106],[-77.11257,38.93108],[-77.11259,38.9311],[-77.11261,38.93113],[-77.11263,38.93115],[-77.11264,38.93117],[-77.11265,38.9312],[-77.11267,38.93122],[-77.11268,38.93125],[-77.1127,38.93127],[-77.11271,38.9313],[-77.11272,38.93132],[-77.11273,38.93134],[-77.11274,38.93137],[-77.11274,38.93139],[-77.1128,38.93148],[-77.11283,38.93154],[-77.11299,38.9318],[-77.11303,38.93186],[-77.11307,38.93193],[-77.11327,38.93228],[-77.11341,38.93253],[-77.11371,38.93303],[-77.11372,38.93304],[-77.11373,38.93305],[-77.11374,38.93307],[-77.11375,38.93309],[-77.11376,38.93311],[-77.11378,38.93314],[-77.11379,38.93316],[-77.1138,38.93318],[-77.11382,38.9332],[-77.11383,38.93323],[-77.11385,38.93325],[-77.11386,38.93327],[-77.11387,38.9333],[-77.11389,38.93332],[-77.11391,38.93334],[-77.11392,38.93337],[-77.11394,38.93339],[-77.11395,38.93341],[-77.11396,38.93344],[-77.11398,38.93346],[-77.114,38.93348],[-77.11402,38.93351],[-77.11404,38.93353],[-77.11406,38.93355],[-77.11408,38.93358],[-77.11409,38.9336],[-77.11411,38.93362],[-77.11413,38.93364],[-77.11415,38.93367],[-77.11417,38.93369],[-77.11418,38.93371],[-77.1142,38.93373],[-77.11422,38.93376],[-77.11424,38.93378],[-77.11426,38.93381],[-77.11427,38.93383],[-77.11429,38.93385],[-77.11431,38.93387],[-77.11433,38.9339],[-77.11434,38.93392],[-77.11436,38.93395],[-77.11437,38.93397],[-77.11439,38.93399],[-77.11441,38.93402],[-77.11442,38.93404],[-77.11444,38.93406],[-77.11446,38.93408],[-77.11447,38.93411],[-77.11449,38.93413],[-77.11451,38.93415],[-77.11452,38.93417],[-77.11454,38.9342],[-77.11456,38.93422],[-77.11458,38.93424],[-77.1146,38.93427],[-77.11462,38.93429],[-77.11464,38.93431],[-77.11466,38.93433],[-77.11468,38.93435],[-77.1147,38.93438],[-77.11472,38.9344],[-77.11474,38.93442],[-77.11477,38.93445],[-77.11479,38.93447],[-77.11481,38.93449],[-77.11483,38.93452],[-77.11485,38.93454],[-77.11487,38.93456],[-77.11488,38.93458],[-77.11489,38.9346],[-77.1149,38.93462],[-77.11491,38.93463],[-77.11493,38.93465],[-77.11495,38.93467],[-77.11497,38.93469],[-77.11499,38.93471],[-77.11501,38.93474],[-77.11503,38.93476],[-77.11505,38.93478],[-77.11507,38.9348],[-77.11509,38.93483],[-77.11512,38.93485],[-77.11513,38.93487],[-77.11515,38.93489],[-77.11517,38.93491],[-77.11518,38.93492],[-77.11519,38.93493],[-77.11519,38.93494],[-77.11519,38.93495],[-77.11521,38.93497],[-77.11522,38.93496],[-77.11523,38.93496],[-77.11522,38.93497],[-77.11525,38.93499],[-77.11526,38.93498],[-77.11527,38.93499],[-77.11526,38.935],[-77.11528,38.93506],[-77.11531,38.93506],[-77.11532,38.93507]]]},"properties":{"name":"Chesapeake and Ohio Canal National Historical Park","label":"C & O Canal NHP","designation":"DC/NR/NM/NHP","date":null,"nr":"Y"}},{"type":"Feature","geometry":{"type":"Polygon","coordinates":[[[-77.06925,38.93154],[-77.07215,38.93176],[-77.07232,38.93177],[-77.07235,38.93173],[-77.07245,38.93163],[-77.07245,38.93162],[-77.07246,38.93161],[-77.07246,38.9316],[-77.07246,38.93159],[-77.07246,38.93158],[-77.07267,38.93028],[-77.07268,38.93027],[-77.07269,38.93027],[-77.0727,38.93027],[-77.0727,38.93026],[-77.07271,38.93026],[-77.07272,38.93026],[-77.07273,38.93026],[-77.07282,38.92966],[-77.07294,38.92892],[-77.07296,38.92877],[-77.07147,38.92766],[-77.06652,38.92769],[-77.06652,38.93138],[-77.06696,38.93146],[-77.06925,38.93154]]]},"properties":{"name":"Washington National Cathedral and Close Historic District","label":"Washington Cathedral HD","designation":"DC/NR","date":null,"nr":"Y"}},{"type":"Feature","geometry":{"type":"Polygon","coordinates":[[[-77.04878,38.9189],[-77.0488,38.91892],[-77.04882,38.91893],[-77.04883,38.91895],[-77.04885,38.91896],[-77.04887,38.91899],[-77.04892,38.91907],[-77.04894,38.91912],[-77.04896,38.91915],[-77.04898,38.91918],[-77.049,38.91922],[-77.04901,38.91924],[-77.04903,38.91927],[-77.04906,38.91933],[-77.04909,38.91938],[-77.04912,38.91943],[-77.04915,38.91947],[-77.04917,38.9195],[-77.04926,38.91947],[-77.04929,38.91946],[-77.04936,38.91938],[-77.05009,38.91911],[-77.05014,38.9191],[-77.05017,38.91909],[-77.0502,38.91908],[-77.05025,38.91907],[-77.05029,38.91906],[-77.05032,38.91906],[-77.05037,38.91906],[-77.05043,38.91905],[-77.05265,38.91905],[-77.05331,38.91899],[-77.05343,38.91897],[-77.0535,38.91896],[-77.05357,38.91895],[-77.05367,38.91893],[-77.05377,38.9189],[-77.05386,38.91887],[-77.054,38.91883],[-77.05413,38.9188],[-77.05421,38.91877],[-77.05428,38.91875],[-77.05432,38.91873],[-77.05438,38.9187],[-77.05442,38.91867],[-77.05446,38.91864],[-77.0545,38.91862],[-77.05491,38.91828],[-77.05532,38.91794],[-77.05541,38.918],[-77.05582,38.91792],[-77.05644,38.91781],[-77.05671,38.91776],[-77.05726,38.91729],[-77.05725,38.91728],[-77.05732,38.91722],[-77.05734,38.9172],[-77.05735,38.91719],[-77.05751,38.91707],[-77.05748,38.91703],[-77.05747,38.91702],[-77.05747,38.91701],[-77.05747,38.917],[-77.05747,38.91699],[-77.05747,38.91698],[-77.05747,38.91697],[-77.05747,38.91696],[-77.05748,38.91695],[-77.05748,38.91694],[-77.05749,38.91692],[-77.0575,38.91691],[-77.0575,38.9169],[-77.05751,38.91689],[-77.05753,38.91687],[-77.05754,38.91688],[-77.05756,38.9169],[-77.05757,38.91689],[-77.05759,38.91687],[-77.0576,38.91686],[-77.05762,38.91684],[-77.05763,38.91683],[-77.05765,38.91681],[-77.05766,38.91679],[-77.05768,38.91676],[-77.0577,38.91674],[-77.05771,38.91671],[-77.05773,38.91668],[-77.05774,38.91666],[-77.05775,38.91665],[-77.05776,38.91663],[-77.05777,38.9166],[-77.05779,38.91657],[-77.05781,38.91653],[-77.05783,38.91648],[-77.05784,38.91644],[-77.05785,38.91639],[-77.05786,38.91635],[-77.05786,38.91632],[-77.05786,38.91627],[-77.05786,38.91622],[-77.05786,38.91616],[-77.05786,38.91612],[-77.05785,38.91607],[-77.05784,38.91603],[-77.05783,38.916],[-77.05782,38.91598],[-77.05781,38.91594],[-77.05778,38.9159],[-77.05776,38.91587],[-77.05771,38.91582],[-77.05766,38.91577],[-77.05761,38.91573],[-77.0575,38.91565],[-77.05738,38.91556],[-77.05721,38.91544],[-77.05706,38.91533],[-77.05686,38.91518],[-77.05669,38.91505],[-77.05649,38.91491],[-77.05629,38.91476],[-77.05623,38.91472],[-77.05618,38.91468],[-77.0561,38.91462],[-77.05597,38.91453],[-77.05586,38.91462],[-77.05556,38.91487],[-77.05554,38.91489],[-77.05528,38.9147],[-77.05526,38.91468],[-77.05508,38.91455],[-77.05462,38.91421],[-77.0546,38.91423],[-77.05456,38.91426],[-77.05439,38.91413],[-77.05407,38.91389],[-77.05393,38.9138],[-77.05387,38.91385],[-77.05349,38.91355],[-77.05318,38.91333],[-77.05274,38.91301],[-77.05276,38.91299],[-77.05263,38.9129],[-77.05259,38.91293],[-77.05235,38.9129],[-77.05236,38.91274],[-77.05205,38.91252],[-77.05203,38.91254],[-77.05183,38.9124],[-77.05185,38.91238],[-77.05171,38.91228],[-77.05183,38.91218],[-77.0517,38.91208],[-77.05182,38.91197],[-77.05153,38.91177],[-77.05141,38.91168],[-77.05126,38.91157],[-77.05114,38.91148],[-77.05077,38.91121],[-77.0505,38.91101],[-77.05023,38.91101],[-77.05023,38.91064],[-77.05023,38.9106],[-77.05014,38.9106],[-77.05014,38.91059],[-77.04984,38.91059],[-77.04983,38.91059],[-77.04976,38.91057],[-77.0498,38.91046],[-77.04976,38.91041],[-77.04978,38.91037],[-77.04972,38.91035],[-77.04959,38.91032],[-77.04928,38.91025],[-77.04929,38.91021],[-77.04942,38.90992],[-77.04942,38.90979],[-77.04942,38.90964],[-77.04934,38.90964],[-77.04923,38.90964],[-77.04891,38.90964],[-77.0488,38.90964],[-77.0488,38.90974],[-77.0488,38.91013],[-77.0488,38.91022],[-77.0488,38.91033],[-77.0488,38.91042],[-77.04879,38.91052],[-77.04878,38.91063],[-77.04877,38.91077],[-77.04875,38.91094],[-77.04875,38.91104],[-77.04875,38.91111],[-77.04875,38.91114],[-77.04874,38.91122],[-77.04874,38.91128],[-77.04874,38.91137],[-77.04873,38.91142],[-77.04879,38.91151],[-77.04849,38.91176],[-77.04843,38.9118],[-77.04823,38.91195],[-77.0482,38.91197],[-77.04817,38.912],[-77.04814,38.91202],[-77.04811,38.91204],[-77.04808,38.91207],[-77.04806,38.91209],[-77.04803,38.91212],[-77.04801,38.91214],[-77.04798,38.91217],[-77.04776,38.91241],[-77.04773,38.91243],[-77.04771,38.91246],[-77.04768,38.91248],[-77.04766,38.91251],[-77.04764,38.91253],[-77.04761,38.91255],[-77.04759,38.91257],[-77.04757,38.91259],[-77.04756,38.91262],[-77.04753,38.91264],[-77.0475,38.91267],[-77.04748,38.9127],[-77.04747,38.91271],[-77.04745,38.91275],[-77.04726,38.91308],[-77.04716,38.91326],[-77.04713,38.91332],[-77.04708,38.9134],[-77.04702,38.91352],[-77.04698,38.91358],[-77.04695,38.91364],[-77.04692,38.91369],[-77.04691,38.91371],[-77.0469,38.91373],[-77.04689,38.91374],[-77.04688,38.91376],[-77.04687,38.91377],[-77.04686,38.91379],[-77.04684,38.9138],[-77.04682,38.91382],[-77.04681,38.91383],[-77.04679,38.91384],[-77.04675,38.91388],[-77.04665,38.91396],[-77.04663,38.91398],[-77.04658,38.91404],[-77.04651,38.9141],[-77.04649,38.91412],[-77.04639,38.91421],[-77.04634,38.91426],[-77.04624,38.91434],[-77.04617,38.91439],[-77.0462,38.91451],[-77.04622,38.9146],[-77.04624,38.91468],[-77.04625,38.91477],[-77.04625,38.91484],[-77.04627,38.91507],[-77.0463,38.91535],[-77.04633,38.91565],[-77.04635,38.916],[-77.04637,38.91611],[-77.0464,38.91618],[-77.04642,38.91623],[-77.0465,38.91636],[-77.0466,38.91652],[-77.04669,38.91669],[-77.0467,38.9167],[-77.04671,38.91671],[-77.04672,38.91673],[-77.04673,38.91676],[-77.04674,38.91677],[-77.04678,38.91684],[-77.04706,38.9174],[-77.0472,38.91768],[-77.04724,38.91775],[-77.04727,38.91781],[-77.04727,38.91782],[-77.04747,38.91821],[-77.04752,38.91831],[-77.04757,38.9184],[-77.04758,38.91842],[-77.0476,38.91844],[-77.04762,38.91846],[-77.04763,38.91848],[-77.04765,38.91849],[-77.04767,38.91851],[-77.04769,38.91852],[-77.04772,38.91854],[-77.04774,38.91855],[-77.04776,38.91857],[-77.04777,38.91857],[-77.04778,38.91857],[-77.04779,38.91858],[-77.0478,38.91858],[-77.04782,38.91859],[-77.04783,38.91859],[-77.04784,38.9186],[-77.04785,38.9186],[-77.04787,38.9186],[-77.04788,38.91861],[-77.04789,38.91861],[-77.04794,38.91862],[-77.04799,38.91863],[-77.04813,38.91867],[-77.04818,38.91868],[-77.04824,38.9187],[-77.04832,38.91873],[-77.04847,38.91877],[-77.04852,38.91878],[-77.04856,38.91879],[-77.04861,38.91881],[-77.04866,38.91882],[-77.04869,38.91883],[-77.04871,38.91885],[-77.04873,38.91886],[-77.04875,38.91888],[-77.04878,38.9189]]]},"properties":{"name":"Sheridan-Kalorama Historic District","label":"Sheridan-Kalorama HD","designation":"DC/NR","date":null,"nr":"Y"}},{"type":"Feature","geometry":{"type":"Polygon","coordinates":[[[-77.02963,38.9077],[-77.02963,38.90725],[-77.02944,38.90725],[-77.02874,38.90725],[-77.02849,38.90725],[-77.02829,38.90725],[-77.02809,38.90725],[-77.02809,38.90704],[-77.02809,38.90662],[-77.02809,38.90646],[-77.02809,38.90631],[-77.02809,38.90614],[-77.02809,38.90599],[-77.02808,38.90565],[-77.02808,38.9056],[-77.02808,38.90527],[-77.02808,38.905],[-77.02824,38.905],[-77.0285,38.905],[-77.02858,38.90503],[-77.02867,38.90505],[-77.02881,38.9048],[-77.02892,38.9046],[-77.02832,38.90439],[-77.02844,38.9042],[-77.02851,38.90407],[-77.02843,38.90407],[-77.02824,38.90407],[-77.02824,38.90387],[-77.02824,38.90375],[-77.0281,38.90375],[-77.02809,38.90375],[-77.02796,38.90375],[-77.02782,38.90375],[-77.02777,38.90375],[-77.02741,38.90374],[-77.02705,38.90375],[-77.02683,38.90375],[-77.02671,38.90376],[-77.0266,38.9038],[-77.02629,38.9037],[-77.02599,38.90359],[-77.02598,38.90394],[-77.02598,38.90418],[-77.02568,38.90418],[-77.0251,38.90417],[-77.02498,38.90417],[-77.02447,38.90417],[-77.02407,38.90417],[-77.02402,38.90418],[-77.02399,38.90565],[-77.02397,38.90725],[-77.02394,38.90725],[-77.02391,38.90725],[-77.02381,38.90725],[-77.02371,38.90725],[-77.02361,38.90725],[-77.02356,38.90725],[-77.02347,38.90725],[-77.02315,38.90724],[-77.02295,38.90724],[-77.02276,38.90725],[-77.02216,38.90725],[-77.02192,38.90725],[-77.02192,38.90744],[-77.02206,38.90744],[-77.0223,38.90744],[-77.0223,38.90763],[-77.02241,38.90763],[-77.02241,38.90783],[-77.02277,38.90783],[-77.02295,38.90783],[-77.02295,38.90826],[-77.02294,38.90848],[-77.02294,38.90858],[-77.02301,38.90858],[-77.02306,38.90858],[-77.02315,38.90858],[-77.02323,38.90858],[-77.02347,38.90858],[-77.02381,38.90858],[-77.02382,38.90858],[-77.02397,38.90858],[-77.02397,38.90867],[-77.02397,38.90899],[-77.02397,38.90916],[-77.02397,38.90957],[-77.02397,38.90965],[-77.02395,38.90965],[-77.02382,38.90965],[-77.02362,38.90965],[-77.02347,38.90965],[-77.02338,38.90965],[-77.02316,38.90965],[-77.02294,38.90965],[-77.02286,38.90965],[-77.02245,38.90965],[-77.02245,38.90978],[-77.02245,38.9099],[-77.02245,38.91001],[-77.02245,38.91017],[-77.02245,38.91034],[-77.02245,38.9105],[-77.02245,38.9107],[-77.02245,38.91089],[-77.02245,38.9109],[-77.02245,38.91101],[-77.02245,38.91113],[-77.02224,38.91113],[-77.02212,38.91113],[-77.02205,38.91113],[-77.02192,38.91113],[-77.02192,38.91121],[-77.02192,38.9115],[-77.02192,38.91211],[-77.02192,38.91215],[-77.02192,38.91226],[-77.02192,38.91232],[-77.02294,38.91197],[-77.02355,38.91176],[-77.02378,38.91168],[-77.0238,38.91168],[-77.02397,38.91162],[-77.02489,38.9113],[-77.02513,38.91122],[-77.02527,38.91117],[-77.02562,38.91105],[-77.0259,38.91095],[-77.026,38.91092],[-77.02604,38.9109],[-77.02609,38.91088],[-77.02644,38.91076],[-77.02661,38.91071],[-77.02668,38.91068],[-77.02681,38.91064],[-77.02683,38.91063],[-77.02704,38.91056],[-77.02704,38.91048],[-77.02704,38.91035],[-77.02704,38.91034],[-77.02704,38.91],[-77.02704,38.90974],[-77.02704,38.90966],[-77.02704,38.90965],[-77.0272,38.90965],[-77.02735,38.90966],[-77.0276,38.90965],[-77.0276,38.90938],[-77.02762,38.90938],[-77.02775,38.90938],[-77.02795,38.90938],[-77.02825,38.90936],[-77.02839,38.90936],[-77.02855,38.90936],[-77.02855,38.90918],[-77.02855,38.90901],[-77.02855,38.9087],[-77.02855,38.90858],[-77.02822,38.90858],[-77.02818,38.90858],[-77.02809,38.90858],[-77.02809,38.90851],[-77.02809,38.90788],[-77.02824,38.90788],[-77.02862,38.90788],[-77.02862,38.90772],[-77.02889,38.90772],[-77.02906,38.90772],[-77.02906,38.9077],[-77.02943,38.9077],[-77.02963,38.9077]]]},"properties":{"name":"Shaw Historic District","label":"Shaw HD","designation":"DC/NR","date":null,"nr":"Y"}},{"type":"Feature","geometry":{"type":"Polygon","coordinates":[[[-76.99792,38.87636],[-76.99891,38.87637],[-76.99938,38.87637],[-76.99975,38.87637],[-77.00047,38.87637],[-77.00047,38.87537],[-77.00193,38.87538],[-77.00193,38.87532],[-77.00224,38.87532],[-77.00245,38.87532],[-77.00275,38.87532],[-77.00291,38.87532],[-77.00291,38.87501],[-77.00282,38.87501],[-77.00282,38.87483],[-77.00284,38.87338],[-77.00284,38.87295],[-77.00271,38.8726],[-77.00216,38.87272],[-77.00216,38.87303],[-77.00189,38.87303],[-77.0018,38.8728],[-77.00192,38.87278],[-77.00189,38.8727],[-77.00039,38.8729],[-76.99937,38.8728],[-76.99937,38.87368],[-76.9989,38.87368],[-76.9989,38.87488],[-76.99789,38.87488],[-76.99788,38.87437],[-76.99788,38.87419],[-76.99787,38.87403],[-76.99787,38.87398],[-76.99786,38.87386],[-76.99786,38.8737],[-76.99786,38.87365],[-76.99786,38.87348],[-76.99786,38.87253],[-76.99741,38.87241],[-76.99742,38.8724],[-76.99826,38.87211],[-76.99822,38.87204],[-76.99817,38.87203],[-76.99744,38.87184],[-76.9974,38.87183],[-76.99667,38.87164],[-76.99662,38.87163],[-76.99587,38.87144],[-76.99574,38.87141],[-76.9939,38.87097],[-76.9939,38.87177],[-76.99391,38.87195],[-76.99391,38.87197],[-76.99391,38.87204],[-76.99391,38.87248],[-76.99392,38.87279],[-76.99391,38.87305],[-76.99392,38.87305],[-76.99391,38.87307],[-76.99395,38.87307],[-76.99395,38.87311],[-76.99394,38.87312],[-76.99394,38.87317],[-76.99388,38.87317],[-76.99388,38.87368],[-76.99388,38.87382],[-76.99388,38.87452],[-76.99387,38.87471],[-76.99387,38.87522],[-76.99392,38.87522],[-76.99392,38.87529],[-76.99392,38.87568],[-76.99392,38.87583],[-76.99392,38.87586],[-76.99392,38.87632],[-76.99392,38.87636],[-76.99434,38.87636],[-76.99471,38.87636],[-76.99526,38.87636],[-76.99577,38.87636],[-76.99584,38.87636],[-76.99596,38.87636],[-76.99604,38.87636],[-76.99608,38.87636],[-76.99612,38.87636],[-76.99629,38.87636],[-76.99646,38.87636],[-76.99666,38.87636],[-76.9967,38.87636],[-76.99679,38.87636],[-76.99691,38.87636],[-76.99693,38.87636],[-76.99705,38.87636],[-76.99713,38.87636],[-76.99735,38.87636],[-76.99749,38.87636],[-76.99766,38.87636],[-76.9977,38.87636],[-76.99772,38.87636],[-76.99785,38.87636],[-76.99788,38.87636],[-76.99792,38.87636]]]},"properties":{"name":"Washington Navy Yard Historic District","label":"Washington Navy Yard HD","designation":"DC/NR/NHL","date":null,"nr":"Y"}},{"type":"Feature","geometry":{"type":"Polygon","coordinates":[[[-76.97843,38.90732],[-76.97842,38.90732],[-76.97765,38.90699],[-76.97666,38.90659],[-76.97658,38.90656],[-76.97652,38.90653],[-76.97645,38.90651],[-76.97632,38.90645],[-76.97606,38.90635],[-76.97572,38.9062],[-76.9757,38.9062],[-76.97562,38.90616],[-76.97556,38.90614],[-76.97509,38.90594],[-76.97498,38.9059],[-76.97498,38.9058],[-76.97498,38.90576],[-76.97464,38.90576],[-76.97452,38.90576],[-76.97448,38.90576],[-76.97434,38.90576],[-76.9742,38.90576],[-76.97419,38.90576],[-76.97402,38.90576],[-76.97384,38.90576],[-76.9735,38.90576],[-76.97321,38.90576],[-76.97301,38.90576],[-76.9729,38.90576],[-76.97257,38.90576],[-76.97241,38.90576],[-76.97227,38.90576],[-76.97194,38.90576],[-76.97163,38.90575],[-76.97129,38.90575],[-76.97097,38.90575],[-76.97063,38.90576],[-76.97026,38.90575],[-76.96985,38.90575],[-76.96952,38.90575],[-76.96923,38.90575],[-76.96895,38.90575],[-76.96835,38.90575],[-76.96807,38.90575],[-76.96634,38.90575],[-76.96603,38.90575],[-76.96506,38.90575],[-76.96492,38.90575],[-76.96489,38.90575],[-76.96486,38.90577],[-76.96473,38.90586],[-76.96455,38.90601],[-76.96436,38.90617],[-76.96428,38.90626],[-76.96427,38.90627],[-76.9642,38.90637],[-76.96411,38.9065],[-76.96403,38.90664],[-76.96395,38.90683],[-76.96391,38.90697],[-76.96388,38.90712],[-76.96387,38.90721],[-76.96386,38.9073],[-76.96379,38.90771],[-76.96377,38.90787],[-76.96375,38.90792],[-76.96374,38.90797],[-76.96373,38.90801],[-76.96371,38.90806],[-76.96369,38.90812],[-76.96367,38.90817],[-76.96365,38.90822],[-76.96363,38.90828],[-76.9636,38.90833],[-76.96357,38.90838],[-76.96354,38.90843],[-76.96352,38.90847],[-76.96349,38.90851],[-76.96347,38.90854],[-76.96344,38.90858],[-76.96342,38.90861],[-76.96339,38.90865],[-76.96336,38.90868],[-76.96333,38.90872],[-76.9633,38.90875],[-76.96328,38.90879],[-76.96323,38.90884],[-76.96318,38.90888],[-76.96313,38.90893],[-76.96309,38.90898],[-76.96303,38.90902],[-76.963,38.90905],[-76.96297,38.90907],[-76.96292,38.90911],[-76.96287,38.90915],[-76.96282,38.90919],[-76.96276,38.90923],[-76.96271,38.90927],[-76.9625,38.9094],[-76.96246,38.90942],[-76.96243,38.90944],[-76.96239,38.90946],[-76.96235,38.90947],[-76.96231,38.90949],[-76.96227,38.90951],[-76.96223,38.90952],[-76.96219,38.90954],[-76.96215,38.90955],[-76.9621,38.90957],[-76.96206,38.90958],[-76.962,38.9096],[-76.96195,38.90961],[-76.96189,38.90963],[-76.96184,38.90964],[-76.96178,38.90964],[-76.96174,38.90965],[-76.96171,38.90965],[-76.96168,38.90966],[-76.96165,38.90966],[-76.96161,38.90966],[-76.96156,38.90966],[-76.9615,38.90966],[-76.96145,38.90966],[-76.9614,38.90965],[-76.96134,38.90965],[-76.96129,38.90964],[-76.96124,38.90963],[-76.96119,38.90962],[-76.96114,38.90961],[-76.96109,38.9096],[-76.96104,38.90959],[-76.96099,38.90958],[-76.96095,38.90957],[-76.96091,38.90956],[-76.96088,38.90955],[-76.96087,38.90953],[-76.96084,38.90952],[-76.96081,38.90951],[-76.96078,38.9095],[-76.96075,38.90949],[-76.96072,38.90947],[-76.96069,38.90946],[-76.96066,38.90945],[-76.96063,38.90944],[-76.96061,38.90943],[-76.96058,38.90942],[-76.96054,38.90941],[-76.96051,38.9094],[-76.96048,38.90939],[-76.96045,38.90938],[-76.96042,38.90937],[-76.96039,38.90936],[-76.96035,38.90935],[-76.96032,38.90934],[-76.96029,38.90933],[-76.96026,38.90931],[-76.96023,38.9093],[-76.9602,38.90929],[-76.96018,38.90928],[-76.96015,38.90926],[-76.96012,38.90925],[-76.96009,38.90924],[-76.96007,38.90923],[-76.96004,38.90922],[-76.96002,38.9092],[-76.96,38.90919],[-76.95998,38.90917],[-76.95996,38.90916],[-76.95994,38.90915],[-76.95992,38.90913],[-76.9599,38.90912],[-76.95988,38.9091],[-76.95986,38.90909],[-76.95983,38.90908],[-76.9598,38.90907],[-76.95977,38.90905],[-76.95974,38.90904],[-76.95971,38.90903],[-76.95967,38.90902],[-76.95964,38.90901],[-76.95961,38.909],[-76.95957,38.90899],[-76.95954,38.90898],[-76.9595,38.90896],[-76.95946,38.90895],[-76.95943,38.90894],[-76.95939,38.90893],[-76.95935,38.90892],[-76.95931,38.90891],[-76.95927,38.9089],[-76.95923,38.90889],[-76.95919,38.90888],[-76.95912,38.90886],[-76.95904,38.90884],[-76.95901,38.90883],[-76.95897,38.90882],[-76.95894,38.90881],[-76.9589,38.9088],[-76.95887,38.90879],[-76.95884,38.90878],[-76.95881,38.90876],[-76.95878,38.90875],[-76.95875,38.90874],[-76.95873,38.90872],[-76.9587,38.90871],[-76.95868,38.90869],[-76.95865,38.90868],[-76.95863,38.90866],[-76.9586,38.90865],[-76.95856,38.90864],[-76.95853,38.90862],[-76.9585,38.90861],[-76.95847,38.9086],[-76.95843,38.90858],[-76.9584,38.90857],[-76.95837,38.90856],[-76.95833,38.90855],[-76.9583,38.90854],[-76.95827,38.90853],[-76.95824,38.90852],[-76.95821,38.9085],[-76.95818,38.90849],[-76.95815,38.90848],[-76.95812,38.90847],[-76.95809,38.90846],[-76.95806,38.90846],[-76.95803,38.90845],[-76.958,38.90844],[-76.95797,38.90843],[-76.95794,38.90843],[-76.95791,38.90842],[-76.95788,38.90841],[-76.95786,38.9084],[-76.95783,38.90839],[-76.9578,38.90838],[-76.95778,38.90837],[-76.95775,38.90836],[-76.95772,38.90835],[-76.95769,38.90834],[-76.95767,38.90833],[-76.95764,38.90832],[-76.95761,38.90831],[-76.95759,38.90829],[-76.95757,38.90828],[-76.95755,38.90827],[-76.95753,38.90826],[-76.95752,38.90824],[-76.95751,38.90823],[-76.95751,38.90822],[-76.95749,38.90821],[-76.95748,38.9082],[-76.95745,38.90819],[-76.95743,38.90818],[-76.95741,38.90818],[-76.95738,38.90817],[-76.95736,38.90817],[-76.95733,38.90817],[-76.95731,38.90818],[-76.95729,38.90818],[-76.95726,38.90819],[-76.95724,38.90821],[-76.95722,38.90823],[-76.95721,38.90825],[-76.95719,38.90827],[-76.95717,38.90829],[-76.95716,38.90831],[-76.95714,38.90833],[-76.95712,38.90835],[-76.9571,38.90837],[-76.95709,38.9084],[-76.95707,38.90842],[-76.95705,38.90844],[-76.95703,38.90847],[-76.95701,38.90849],[-76.95699,38.90851],[-76.95697,38.90854],[-76.95695,38.90856],[-76.95693,38.90859],[-76.95692,38.90861],[-76.9569,38.90864],[-76.95688,38.90866],[-76.95686,38.90868],[-76.95685,38.90871],[-76.95683,38.90873],[-76.95681,38.90876],[-76.9568,38.90878],[-76.95678,38.90881],[-76.95676,38.90884],[-76.95675,38.90886],[-76.95673,38.90889],[-76.95671,38.90891],[-76.9567,38.90893],[-76.95666,38.90897],[-76.95658,38.90908],[-76.95656,38.9091],[-76.95654,38.90912],[-76.95652,38.90914],[-76.9565,38.90917],[-76.95648,38.90919],[-76.95646,38.90922],[-76.95643,38.90924],[-76.95641,38.90926],[-76.95638,38.90929],[-76.95636,38.90931],[-76.95634,38.90933],[-76.95632,38.90936],[-76.9563,38.90938],[-76.95628,38.9094],[-76.95626,38.90942],[-76.95624,38.90944],[-76.95622,38.90945],[-76.95621,38.90947],[-76.95619,38.90949],[-76.95618,38.9095],[-76.95613,38.90955],[-76.95612,38.90957],[-76.9561,38.90959],[-76.95608,38.90961],[-76.95606,38.90963],[-76.95604,38.90966],[-76.95602,38.90968],[-76.956,38.90971],[-76.95598,38.90973],[-76.95596,38.90975],[-76.95594,38.90978],[-76.95592,38.9098],[-76.9559,38.90982],[-76.95587,38.90985],[-76.95585,38.90987],[-76.95583,38.90989],[-76.95581,38.90992],[-76.9558,38.90994],[-76.95578,38.90996],[-76.95576,38.90998],[-76.95574,38.91],[-76.95572,38.91002],[-76.9557,38.91004],[-76.95568,38.91006],[-76.95566,38.91009],[-76.95565,38.91011],[-76.95563,38.91013],[-76.95562,38.91015],[-76.9556,38.91017],[-76.95559,38.91019],[-76.95557,38.91021],[-76.95555,38.91024],[-76.95554,38.91026],[-76.95552,38.91028],[-76.9555,38.9103],[-76.95549,38.91032],[-76.95547,38.91034],[-76.95545,38.91035],[-76.95543,38.91037],[-76.95541,38.91039],[-76.9554,38.91041],[-76.95538,38.91044],[-76.95537,38.91046],[-76.95535,38.91048],[-76.95533,38.9105],[-76.95533,38.91051],[-76.95521,38.91067],[-76.9552,38.91068],[-76.95519,38.91069],[-76.95517,38.91071],[-76.95516,38.91073],[-76.95514,38.91076],[-76.95513,38.91078],[-76.95501,38.91094],[-76.955,38.91095],[-76.95499,38.91097],[-76.95498,38.91098],[-76.95497,38.911],[-76.95496,38.91102],[-76.95494,38.91104],[-76.95493,38.91106],[-76.95493,38.91108],[-76.95492,38.9111],[-76.95491,38.91112],[-76.9549,38.91114],[-76.95489,38.91115],[-76.95488,38.91117],[-76.95487,38.91119],[-76.95486,38.91121],[-76.95485,38.91123],[-76.95484,38.91125],[-76.95483,38.91126],[-76.95482,38.91128],[-76.95482,38.9113],[-76.95481,38.91131],[-76.9548,38.91133],[-76.9548,38.91134],[-76.95479,38.91136],[-76.95478,38.91137],[-76.95477,38.91138],[-76.95477,38.91139],[-76.95476,38.9114],[-76.95476,38.91141],[-76.95476,38.91143],[-76.95476,38.91144],[-76.95474,38.91148],[-76.95472,38.9115],[-76.9547,38.91154],[-76.95467,38.91159],[-76.95465,38.91163],[-76.95463,38.91167],[-76.9546,38.91171],[-76.95458,38.91175],[-76.95456,38.9118],[-76.95454,38.91184],[-76.95452,38.91188],[-76.9545,38.91193],[-76.95448,38.91198],[-76.95446,38.91203],[-76.95444,38.91208],[-76.95442,38.91214],[-76.9544,38.91219],[-76.95438,38.91224],[-76.95435,38.91235],[-76.95432,38.91246],[-76.95427,38.91263],[-76.95425,38.91271],[-76.95423,38.91279],[-76.95421,38.91288],[-76.95416,38.91304],[-76.95412,38.91321],[-76.9541,38.9133],[-76.95408,38.91338],[-76.95406,38.91346],[-76.95405,38.91353],[-76.95405,38.91359],[-76.95404,38.91366],[-76.95403,38.91372],[-76.95402,38.91378],[-76.95402,38.91385],[-76.95401,38.91391],[-76.95401,38.91398],[-76.95401,38.91404],[-76.954,38.9141],[-76.954,38.91415],[-76.954,38.91419],[-76.95399,38.91423],[-76.95398,38.91427],[-76.95397,38.91431],[-76.95396,38.91435],[-76.95395,38.9144],[-76.95394,38.91444],[-76.95393,38.91448],[-76.95391,38.91452],[-76.95313,38.91704],[-76.95335,38.91719],[-76.95374,38.91721],[-76.95376,38.91721],[-76.95393,38.91722],[-76.95413,38.91723],[-76.95445,38.91696],[-76.95464,38.91681],[-76.95478,38.9167],[-76.95544,38.91674],[-76.95554,38.91675],[-76.9558,38.91658],[-76.95583,38.91657],[-76.95587,38.91656],[-76.95592,38.91654],[-76.95595,38.91653],[-76.95601,38.91653],[-76.95603,38.91653],[-76.95607,38.91653],[-76.9561,38.91653],[-76.95614,38.91653],[-76.95618,38.91653],[-76.95624,38.91653],[-76.95642,38.91653],[-76.95678,38.91655],[-76.95705,38.91656],[-76.95727,38.91657],[-76.95731,38.91657],[-76.95736,38.91658],[-76.95741,38.91659],[-76.95762,38.91664],[-76.95782,38.91668],[-76.95803,38.91672],[-76.95809,38.91674],[-76.95815,38.91674],[-76.95823,38.91675],[-76.95831,38.91675],[-76.95836,38.91675],[-76.95854,38.91674],[-76.95877,38.91673],[-76.95888,38.91672],[-76.95897,38.91672],[-76.9593,38.91673],[-76.95957,38.91674],[-76.95986,38.91676],[-76.96012,38.91677],[-76.96031,38.91677],[-76.96093,38.9168],[-76.96134,38.9168],[-76.96177,38.91681],[-76.96226,38.91682],[-76.96258,38.91683],[-76.96291,38.91684],[-76.96309,38.91684],[-76.96357,38.91684],[-76.96371,38.91684],[-76.96374,38.91684],[-76.96377,38.91684],[-76.96402,38.91684],[-76.96417,38.91683],[-76.96431,38.91683],[-76.96452,38.91683],[-76.96469,38.91683],[-76.9647,38.91683],[-76.96471,38.91683],[-76.96471,38.91682],[-76.96472,38.91682],[-76.96473,38.91682],[-76.96474,38.91682],[-76.96475,38.91682],[-76.96493,38.91683],[-76.96498,38.91683],[-76.96503,38.91684],[-76.96519,38.91685],[-76.96521,38.91685],[-76.96522,38.91686],[-76.96523,38.91686],[-76.96524,38.91687],[-76.96525,38.91688],[-76.96526,38.91688],[-76.96526,38.91689],[-76.96527,38.9169],[-76.96527,38.91691],[-76.96527,38.91692],[-76.96526,38.91696],[-76.96541,38.91697],[-76.96565,38.91699],[-76.96602,38.91702],[-76.96647,38.91706],[-76.96679,38.91708],[-76.96709,38.91709],[-76.96754,38.91711],[-76.968,38.91713],[-76.96844,38.91715],[-76.9689,38.91717],[-76.96933,38.91719],[-76.96962,38.91721],[-76.96985,38.91722],[-76.97009,38.91722],[-76.97032,38.91722],[-76.97076,38.91721],[-76.97108,38.9172],[-76.96996,38.91559],[-76.96984,38.91541],[-76.96975,38.91527],[-76.96964,38.91511],[-76.9698,38.91496],[-76.96992,38.91483],[-76.97005,38.9147],[-76.97006,38.91469],[-76.97014,38.91458],[-76.97017,38.91454],[-76.97024,38.91445],[-76.97028,38.91439],[-76.97078,38.91375],[-76.9708,38.91372],[-76.97082,38.9137],[-76.97086,38.91365],[-76.97093,38.91356],[-76.97099,38.91347],[-76.97108,38.91337],[-76.97113,38.91329],[-76.97115,38.91327],[-76.97117,38.91325],[-76.97118,38.91323],[-76.9712,38.9132],[-76.97123,38.91316],[-76.97125,38.91314],[-76.97127,38.91312],[-76.97129,38.9131],[-76.9713,38.91308],[-76.97131,38.91307],[-76.97143,38.91291],[-76.97155,38.91275],[-76.97156,38.91275],[-76.97156,38.91269],[-76.97156,38.91265],[-76.97156,38.91263],[-76.97156,38.9126],[-76.97156,38.91256],[-76.97156,38.91248],[-76.97195,38.91248],[-76.97237,38.91248],[-76.97277,38.91248],[-76.97309,38.91248],[-76.97345,38.91248],[-76.97382,38.91248],[-76.97413,38.91248],[-76.97452,38.91248],[-76.97464,38.91248],[-76.97484,38.91248],[-76.97514,38.91248],[-76.97561,38.91248],[-76.97605,38.91248],[-76.97613,38.91244],[-76.97637,38.91176],[-76.97657,38.91119],[-76.97682,38.91045],[-76.97701,38.9099],[-76.97716,38.90946],[-76.97769,38.90863],[-76.97827,38.90774],[-76.97828,38.90773],[-76.97829,38.90771],[-76.9783,38.90771],[-76.97833,38.90766],[-76.97847,38.90744],[-76.97852,38.90735],[-76.97853,38.90735],[-76.97851,38.90735],[-76.97842,38.90735],[-76.97843,38.90732]]]},"properties":{"name":"National Arboretum","label":"National Arboretum","designation":"DC/NR","date":null,"nr":"Y"}},{"type":"Feature","geometry":{"type":"Polygon","coordinates":[[[-77.06662,38.89944],[-77.06662,38.89941],[-77.06661,38.89931],[-77.06661,38.8993],[-77.06661,38.89926],[-77.06661,38.89924],[-77.06661,38.89922],[-77.0666,38.8992],[-77.06661,38.89917],[-77.06661,38.89915],[-77.06661,38.89914],[-77.0666,38.89905],[-77.0666,38.89904],[-77.06659,38.89902],[-77.06657,38.89899],[-77.06656,38.89897],[-77.06655,38.89896],[-77.06653,38.89892],[-77.06653,38.89889],[-77.06652,38.89883],[-77.06652,38.89867],[-77.06651,38.89863],[-77.06651,38.89859],[-77.0665,38.89854],[-77.06649,38.89851],[-77.06649,38.89848],[-77.06648,38.89846],[-77.06648,38.89843],[-77.06647,38.89838],[-77.06646,38.89835],[-77.06645,38.89833],[-77.06645,38.89832],[-77.06643,38.8983],[-77.06643,38.89828],[-77.06642,38.89827],[-77.06642,38.89823],[-77.06642,38.8982],[-77.06642,38.89817],[-77.06641,38.89813],[-77.06641,38.89812],[-77.06641,38.89809],[-77.0664,38.89807],[-77.0664,38.89806],[-77.06638,38.89803],[-77.06635,38.89797],[-77.06633,38.89795],[-77.06632,38.89793],[-77.06631,38.89792],[-77.06631,38.8979],[-77.0663,38.89788],[-77.0663,38.89785],[-77.06629,38.89778],[-77.06628,38.89775],[-77.06628,38.89772],[-77.06627,38.89768],[-77.06625,38.89764],[-77.06624,38.89761],[-77.06623,38.89759],[-77.06623,38.89758],[-77.06622,38.89756],[-77.06622,38.89754],[-77.06622,38.89753],[-77.06621,38.89749],[-77.06621,38.89745],[-77.06621,38.89744],[-77.06621,38.89742],[-77.06619,38.89739],[-77.06617,38.89737],[-77.06615,38.89735],[-77.06613,38.89733],[-77.06613,38.89732],[-77.0661,38.89729],[-77.06609,38.89727],[-77.06609,38.89726],[-77.06606,38.89722],[-77.06605,38.8972],[-77.06604,38.89719],[-77.06603,38.89717],[-77.06602,38.89714],[-77.06601,38.89711],[-77.06599,38.89707],[-77.06598,38.89704],[-77.06596,38.897],[-77.06595,38.89699],[-77.06594,38.89697],[-77.06592,38.89695],[-77.06588,38.8969],[-77.06586,38.89688],[-77.06583,38.89684],[-77.06581,38.89681],[-77.06578,38.89677],[-77.06575,38.89674],[-77.06572,38.89671],[-77.06569,38.89667],[-77.06566,38.89664],[-77.06564,38.89661],[-77.06561,38.89657],[-77.06558,38.89654],[-77.06555,38.8965],[-77.06552,38.89647],[-77.06549,38.89644],[-77.06547,38.89642],[-77.06545,38.89641],[-77.06544,38.8964],[-77.06542,38.89638],[-77.06542,38.89637],[-77.06541,38.89635],[-77.0654,38.89634],[-77.06538,38.89631],[-77.06535,38.89627],[-77.06534,38.89624],[-77.06531,38.89622],[-77.06529,38.89618],[-77.06526,38.89615],[-77.06524,38.89613],[-77.06521,38.8961],[-77.06519,38.89607],[-77.06517,38.89605],[-77.06515,38.89602],[-77.06513,38.89599],[-77.06511,38.89597],[-77.0651,38.89595],[-77.06509,38.89594],[-77.06507,38.89592],[-77.06505,38.8959],[-77.06503,38.89588],[-77.06502,38.89585],[-77.065,38.89582],[-77.06498,38.8958],[-77.06496,38.89577],[-77.06493,38.89573],[-77.06491,38.8957],[-77.0649,38.89569],[-77.06488,38.89567],[-77.06487,38.89566],[-77.06486,38.89564],[-77.06485,38.89562],[-77.06484,38.89561],[-77.06482,38.89559],[-77.06481,38.89558],[-77.0648,38.89556],[-77.06479,38.89555],[-77.06476,38.89552],[-77.06474,38.8955],[-77.06473,38.89549],[-77.0647,38.89545],[-77.06469,38.89543],[-77.06468,38.89542],[-77.06466,38.8954],[-77.06465,38.89539],[-77.06461,38.89535],[-77.06459,38.89532],[-77.06456,38.89529],[-77.06453,38.89525],[-77.06451,38.89523],[-77.0645,38.89522],[-77.06448,38.89519],[-77.06445,38.89516],[-77.06443,38.89513],[-77.06442,38.89512],[-77.0644,38.8951],[-77.06439,38.89509],[-77.06437,38.89506],[-77.06435,38.89504],[-77.06434,38.89502],[-77.06431,38.89499],[-77.06428,38.89497],[-77.06425,38.89492],[-77.06424,38.89491],[-77.06423,38.8949],[-77.06422,38.89488],[-77.06421,38.89486],[-77.0642,38.89484],[-77.06419,38.89483],[-77.06417,38.89479],[-77.06414,38.89475],[-77.06412,38.89471],[-77.0641,38.89468],[-77.06409,38.89467],[-77.06406,38.89463],[-77.06403,38.89458],[-77.06401,38.89455],[-77.06397,38.89449],[-77.06396,38.89447],[-77.06394,38.89444],[-77.06392,38.89441],[-77.06388,38.89433],[-77.06385,38.89428],[-77.06382,38.89422],[-77.06381,38.89421],[-77.06379,38.89419],[-77.06378,38.89417],[-77.06372,38.89407],[-77.0637,38.89405],[-77.06368,38.89402],[-77.06368,38.89401],[-77.06367,38.89399],[-77.06366,38.89398],[-77.06366,38.89397],[-77.06365,38.89395],[-77.06365,38.89394],[-77.06364,38.89392],[-77.06362,38.89389],[-77.06361,38.89387],[-77.0636,38.89384],[-77.06358,38.89381],[-77.06357,38.89378],[-77.06356,38.89376],[-77.06355,38.89374],[-77.06354,38.89371],[-77.06354,38.8937],[-77.06351,38.89366],[-77.06349,38.89364],[-77.06346,38.8936],[-77.06345,38.89358],[-77.06345,38.89357],[-77.06344,38.89355],[-77.06343,38.89354],[-77.06342,38.89353],[-77.06341,38.89352],[-77.06339,38.8935],[-77.06338,38.89348],[-77.06337,38.89347],[-77.06336,38.89346],[-77.06336,38.89345],[-77.06335,38.89343],[-77.06334,38.89341],[-77.06333,38.89338],[-77.06332,38.89337],[-77.06331,38.89336],[-77.0633,38.89334],[-77.0633,38.89333],[-77.06329,38.89331],[-77.06329,38.8933],[-77.06328,38.89328],[-77.06328,38.89327],[-77.06327,38.89325],[-77.06324,38.89322],[-77.06322,38.8932],[-77.0632,38.89318],[-77.06318,38.89315],[-77.06317,38.89312],[-77.06315,38.89309],[-77.06314,38.89308],[-77.06313,38.89305],[-77.06312,38.89303],[-77.0631,38.89301],[-77.06309,38.89298],[-77.06308,38.89296],[-77.06307,38.89295],[-77.06305,38.89292],[-77.06303,38.89291],[-77.06299,38.89287],[-77.06298,38.89285],[-77.06296,38.89283],[-77.06295,38.8928],[-77.06294,38.89278],[-77.06293,38.89276],[-77.06293,38.89272],[-77.06292,38.89271],[-77.0629,38.89268],[-77.06289,38.89268],[-77.06283,38.89262],[-77.06278,38.89258],[-77.06278,38.89257],[-77.06276,38.89256],[-77.06275,38.89255],[-77.06273,38.89253],[-77.06271,38.89251],[-77.06269,38.89248],[-77.06267,38.89246],[-77.06265,38.89242],[-77.06262,38.89236],[-77.06262,38.89233],[-77.06261,38.89232],[-77.0626,38.89229],[-77.06258,38.89222],[-77.06256,38.89215],[-77.06253,38.89209],[-77.0625,38.892],[-77.06239,38.89169],[-77.06238,38.89167],[-77.06237,38.89165],[-77.06235,38.89161],[-77.06232,38.89157],[-77.0623,38.89153],[-77.06227,38.89149],[-77.06224,38.89145],[-77.06222,38.89141],[-77.06221,38.89138],[-77.0622,38.89134],[-77.0622,38.89133],[-77.0622,38.89131],[-77.06219,38.89128],[-77.06218,38.89126],[-77.06218,38.89124],[-77.06217,38.89123],[-77.06217,38.89122],[-77.06216,38.89121],[-77.06215,38.89121],[-77.06207,38.89117],[-77.06203,38.89116],[-77.06202,38.89115],[-77.06198,38.89113],[-77.06196,38.89111],[-77.06193,38.89109],[-77.06192,38.89108],[-77.0619,38.89106],[-77.06189,38.89105],[-77.06188,38.89103],[-77.06185,38.89101],[-77.06184,38.89099],[-77.06183,38.89098],[-77.06179,38.89095],[-77.06177,38.89093],[-77.06162,38.89082],[-77.06158,38.89079],[-77.06156,38.89078],[-77.06154,38.89077],[-77.06153,38.89076],[-77.06151,38.89075],[-77.06147,38.89073],[-77.06145,38.89072],[-77.06143,38.89071],[-77.06139,38.89069],[-77.06138,38.89068],[-77.06136,38.89067],[-77.06134,38.89066],[-77.06132,38.89065],[-77.06128,38.89063],[-77.06125,38.89062],[-77.06123,38.89061],[-77.06122,38.89061],[-77.06119,38.8906],[-77.06116,38.8906],[-77.06115,38.8906],[-77.06114,38.89059],[-77.06111,38.8906],[-77.0611,38.8906],[-77.06109,38.89061],[-77.06109,38.89062],[-77.0611,38.89062],[-77.06111,38.89062],[-77.06113,38.89063],[-77.06116,38.89064],[-77.06119,38.89066],[-77.0612,38.89066],[-77.06123,38.89067],[-77.06124,38.89068],[-77.06126,38.89069],[-77.06128,38.8907],[-77.06133,38.89073],[-77.06136,38.89074],[-77.06136,38.89075],[-77.06138,38.89075],[-77.06139,38.89076],[-77.0614,38.89077],[-77.06141,38.89077],[-77.06143,38.89077],[-77.06145,38.89077],[-77.06146,38.89078],[-77.06147,38.89078],[-77.06149,38.89078],[-77.06151,38.89079],[-77.06152,38.89079],[-77.06152,38.8908],[-77.06153,38.8908],[-77.06154,38.89082],[-77.06155,38.89084],[-77.06155,38.89085],[-77.06154,38.89087],[-77.06153,38.89088],[-77.06148,38.89089],[-77.06145,38.8909],[-77.06142,38.8909],[-77.06141,38.8909],[-77.06139,38.8909],[-77.06136,38.89091],[-77.06135,38.89091],[-77.06134,38.89091],[-77.06132,38.89091],[-77.06131,38.89091],[-77.06129,38.89092],[-77.06128,38.89092],[-77.06125,38.89092],[-77.06123,38.89093],[-77.06121,38.89093],[-77.06119,38.89093],[-77.06117,38.89093],[-77.06114,38.89093],[-77.06111,38.89093],[-77.06108,38.89093],[-77.06105,38.89093],[-77.06102,38.89093],[-77.06098,38.89093],[-77.06095,38.89094],[-77.06091,38.89093],[-77.06087,38.89094],[-77.06083,38.89094],[-77.06079,38.89094],[-77.06076,38.89094],[-77.06073,38.89093],[-77.06071,38.89091],[-77.06068,38.8909],[-77.06064,38.89088],[-77.06061,38.89087],[-77.06059,38.89086],[-77.06053,38.89083],[-77.06051,38.89082],[-77.06046,38.89078],[-77.06041,38.89075],[-77.06039,38.89074],[-77.06036,38.89072],[-77.06034,38.89071],[-77.06031,38.8907],[-77.06026,38.89067],[-77.06022,38.89064],[-77.06015,38.8906],[-77.0601,38.89056],[-77.06004,38.89051],[-77.05998,38.89048],[-77.05994,38.89044],[-77.0599,38.89041],[-77.05988,38.89039],[-77.05986,38.89038],[-77.05984,38.89037],[-77.05982,38.89036],[-77.05977,38.89034],[-77.05965,38.8903],[-77.05962,38.89028],[-77.05957,38.89027],[-77.05956,38.89027],[-77.05952,38.89026],[-77.05945,38.89024],[-77.05941,38.89022],[-77.05938,38.8902],[-77.05934,38.89017],[-77.05932,38.89016],[-77.0593,38.89015],[-77.05926,38.89013],[-77.05917,38.89013],[-77.05916,38.89013],[-77.05915,38.89013],[-77.05914,38.89014],[-77.05912,38.89014],[-77.05911,38.89015],[-77.05909,38.89015],[-77.05907,38.89016],[-77.05905,38.89018],[-77.05904,38.8902],[-77.05904,38.89021],[-77.05906,38.89022],[-77.05909,38.89025],[-77.05909,38.89026],[-77.0591,38.89028],[-77.05911,38.8903],[-77.05911,38.89031],[-77.05911,38.89033],[-77.05911,38.89035],[-77.05911,38.89036],[-77.05911,38.89041],[-77.0591,38.89046],[-77.0591,38.89048],[-77.0591,38.8905],[-77.05908,38.89068],[-77.05907,38.89073],[-77.05906,38.89076],[-77.05905,38.89079],[-77.05904,38.89081],[-77.05902,38.89087],[-77.059,38.89091],[-77.05898,38.89098],[-77.05898,38.89103],[-77.05898,38.89108],[-77.05898,38.89114],[-77.05898,38.89117],[-77.05898,38.8912],[-77.05898,38.89124],[-77.05898,38.89128],[-77.05898,38.89146],[-77.05898,38.89149],[-77.05898,38.89154],[-77.05898,38.89158],[-77.05898,38.8916],[-77.05898,38.89163],[-77.05898,38.89166],[-77.059,38.89168],[-77.05903,38.89169],[-77.05906,38.89171],[-77.05907,38.89174],[-77.05907,38.89177],[-77.05908,38.89181],[-77.0591,38.89184],[-77.05911,38.89189],[-77.05913,38.89192],[-77.05914,38.89196],[-77.05915,38.892],[-77.05917,38.89203],[-77.05919,38.89205],[-77.05923,38.89209],[-77.05925,38.8921],[-77.05927,38.89211],[-77.05927,38.89212],[-77.05929,38.89213],[-77.0593,38.89214],[-77.0593,38.89215],[-77.05931,38.89216],[-77.05931,38.89217],[-77.05931,38.89218],[-77.05931,38.89221],[-77.05931,38.89222],[-77.05929,38.89224],[-77.05937,38.8925],[-77.05937,38.89251],[-77.05939,38.89253],[-77.0594,38.89255],[-77.05943,38.8926],[-77.05945,38.89263],[-77.05946,38.89265],[-77.05947,38.89267],[-77.05948,38.89269],[-77.05948,38.89271],[-77.05948,38.89272],[-77.05948,38.89273],[-77.05948,38.89274],[-77.05948,38.89275],[-77.05948,38.89276],[-77.05947,38.89277],[-77.05947,38.89278],[-77.05946,38.89279],[-77.05945,38.8928],[-77.05942,38.89282],[-77.0594,38.89284],[-77.05939,38.89287],[-77.05938,38.8929],[-77.05938,38.89292],[-77.05938,38.89294],[-77.05938,38.89295],[-77.05939,38.89298],[-77.0594,38.893],[-77.05941,38.89302],[-77.05943,38.89304],[-77.05944,38.89304],[-77.05945,38.89304],[-77.05947,38.89306],[-77.05949,38.89307],[-77.05951,38.89308],[-77.05952,38.8931],[-77.05953,38.89311],[-77.05954,38.89314],[-77.05955,38.89315],[-77.05956,38.89316],[-77.05957,38.89317],[-77.05957,38.89318],[-77.05957,38.8932],[-77.05958,38.89322],[-77.05958,38.89323],[-77.05959,38.89332],[-77.05959,38.89335],[-77.0596,38.89339],[-77.0596,38.89343],[-77.05961,38.89345],[-77.05961,38.89348],[-77.05962,38.89353],[-77.05962,38.89355],[-77.05963,38.89357],[-77.05964,38.89362],[-77.05964,38.89364],[-77.05964,38.89369],[-77.05964,38.89372],[-77.05964,38.89374],[-77.05964,38.8938],[-77.05964,38.89392],[-77.05963,38.89398],[-77.05963,38.89413],[-77.05962,38.8943],[-77.05964,38.89445],[-77.05965,38.8946],[-77.05966,38.89467],[-77.05966,38.89469],[-77.05966,38.89472],[-77.05967,38.89479],[-77.05968,38.89484],[-77.05969,38.89489],[-77.0597,38.89493],[-77.0597,38.89497],[-77.05971,38.89501],[-77.05972,38.89505],[-77.05973,38.89508],[-77.05973,38.89511],[-77.05974,38.89516],[-77.05974,38.8952],[-77.05973,38.89524],[-77.05973,38.89529],[-77.05973,38.89531],[-77.05973,38.89533],[-77.05973,38.89536],[-77.05973,38.89538],[-77.05973,38.89542],[-77.05974,38.89544],[-77.05974,38.89548],[-77.05974,38.8955],[-77.05975,38.89552],[-77.05975,38.89557],[-77.05975,38.89561],[-77.05975,38.89563],[-77.05976,38.89566],[-77.05976,38.8957],[-77.05977,38.89577],[-77.05977,38.89581],[-77.05977,38.89582],[-77.05978,38.89585],[-77.05978,38.89589],[-77.05979,38.89591],[-77.05979,38.89595],[-77.05979,38.89599],[-77.0598,38.89604],[-77.0598,38.89608],[-77.05981,38.89613],[-77.05982,38.89615],[-77.05982,38.89617],[-77.05983,38.89627],[-77.05983,38.89632],[-77.05983,38.89637],[-77.05983,38.89641],[-77.05983,38.89646],[-77.05983,38.89651],[-77.05983,38.89653],[-77.05983,38.89655],[-77.05983,38.89658],[-77.05983,38.89662],[-77.05983,38.89667],[-77.05983,38.89672],[-77.05983,38.89677],[-77.05983,38.89682],[-77.05983,38.89683],[-77.05983,38.89686],[-77.05984,38.89688],[-77.05984,38.89693],[-77.05985,38.89698],[-77.05985,38.89699],[-77.05985,38.89702],[-77.05985,38.89707],[-77.05986,38.89714],[-77.05988,38.89725],[-77.05991,38.89735],[-77.05994,38.89746],[-77.05996,38.89751],[-77.05997,38.89754],[-77.05999,38.89759],[-77.06002,38.89767],[-77.06004,38.89773],[-77.06006,38.89778],[-77.06008,38.89782],[-77.06009,38.89785],[-77.0601,38.89788],[-77.0601,38.89789],[-77.06011,38.89792],[-77.06012,38.89796],[-77.06014,38.898],[-77.06016,38.89803],[-77.06017,38.89805],[-77.06018,38.89806],[-77.0602,38.8981],[-77.06024,38.89815],[-77.06029,38.89824],[-77.06034,38.89831],[-77.06038,38.89837],[-77.06043,38.89846],[-77.06047,38.89852],[-77.06049,38.89856],[-77.06053,38.8986],[-77.06056,38.89863],[-77.06059,38.89866],[-77.06062,38.8987],[-77.06064,38.89873],[-77.06067,38.89877],[-77.06075,38.89887],[-77.06077,38.89889],[-77.06082,38.89895],[-77.06088,38.89903],[-77.06093,38.89907],[-77.06098,38.89914],[-77.06102,38.8992],[-77.06106,38.89925],[-77.06111,38.89931],[-77.06116,38.89936],[-77.06119,38.8994],[-77.06122,38.89942],[-77.06125,38.89947],[-77.06126,38.89947],[-77.06128,38.89948],[-77.06132,38.89951],[-77.06136,38.89954],[-77.06141,38.89956],[-77.06145,38.89958],[-77.06149,38.8996],[-77.06154,38.89961],[-77.06158,38.89962],[-77.06162,38.89963],[-77.06166,38.89964],[-77.0617,38.89964],[-77.06175,38.89965],[-77.06177,38.89965],[-77.0618,38.89965],[-77.06185,38.89965],[-77.06191,38.89965],[-77.06197,38.89965],[-77.06204,38.89964],[-77.06209,38.89964],[-77.06214,38.89965],[-77.06219,38.89965],[-77.06224,38.89966],[-77.06228,38.89967],[-77.06233,38.89968],[-77.06237,38.89969],[-77.0624,38.89971],[-77.06248,38.89974],[-77.06256,38.89978],[-77.0626,38.8998],[-77.06266,38.89982],[-77.06271,38.89984],[-77.06279,38.89987],[-77.06282,38.89988],[-77.06282,38.89989],[-77.06283,38.8999],[-77.06284,38.8999],[-77.06285,38.8999],[-77.06287,38.8999],[-77.06289,38.89991],[-77.0629,38.89992],[-77.0629,38.89994],[-77.06288,38.89996],[-77.06286,38.89998],[-77.06285,38.9],[-77.06286,38.90001],[-77.06288,38.90002],[-77.0629,38.90003],[-77.06293,38.90003],[-77.06296,38.90003],[-77.06298,38.90002],[-77.063,38.90001],[-77.06301,38.9],[-77.06302,38.89998],[-77.06304,38.89996],[-77.06306,38.89996],[-77.06308,38.89996],[-77.06311,38.89996],[-77.06317,38.89994],[-77.0632,38.89992],[-77.06322,38.89991],[-77.06324,38.89989],[-77.06327,38.89987],[-77.06329,38.89985],[-77.06332,38.89985],[-77.06334,38.89985],[-77.06336,38.89985],[-77.06338,38.89986],[-77.06341,38.89986],[-77.06342,38.89987],[-77.06343,38.89987],[-77.06347,38.89987],[-77.06349,38.89988],[-77.06352,38.89988],[-77.06353,38.89988],[-77.06356,38.89987],[-77.0636,38.89987],[-77.06364,38.89987],[-77.06368,38.89987],[-77.06371,38.89987],[-77.06374,38.89986],[-77.06377,38.89985],[-77.0638,38.89984],[-77.06382,38.89983],[-77.06385,38.89982],[-77.06389,38.89981],[-77.06394,38.8998],[-77.06396,38.8998],[-77.06399,38.89981],[-77.06401,38.89982],[-77.06403,38.89983],[-77.06406,38.89984],[-77.06408,38.89985],[-77.06411,38.89986],[-77.06414,38.89986],[-77.06416,38.89986],[-77.06419,38.89985],[-77.06422,38.89985],[-77.06424,38.89985],[-77.06427,38.89984],[-77.06431,38.89984],[-77.06438,38.89983],[-77.06444,38.89982],[-77.06457,38.89983],[-77.06459,38.89983],[-77.06463,38.89983],[-77.06467,38.89984],[-77.06471,38.89984],[-77.06475,38.89984],[-77.06478,38.89983],[-77.06482,38.89983],[-77.06486,38.89982],[-77.06492,38.89982],[-77.06495,38.89983],[-77.06501,38.89983],[-77.06505,38.89984],[-77.06512,38.89986],[-77.06517,38.89988],[-77.06518,38.89989],[-77.06522,38.89989],[-77.06526,38.89989],[-77.0653,38.89988],[-77.06539,38.89988],[-77.06543,38.89987],[-77.06546,38.89987],[-77.06549,38.89987],[-77.06554,38.89987],[-77.06558,38.89988],[-77.06573,38.89988],[-77.06576,38.89989],[-77.06579,38.89989],[-77.06581,38.89989],[-77.06582,38.89989],[-77.06584,38.89989],[-77.0659,38.89989],[-77.06593,38.8999],[-77.06596,38.8999],[-77.06597,38.8999],[-77.06601,38.89991],[-77.06604,38.89991],[-77.06605,38.89991],[-77.06609,38.89991],[-77.06614,38.89991],[-77.06617,38.89991],[-77.06621,38.89991],[-77.06624,38.89991],[-77.06628,38.89991],[-77.06631,38.89992],[-77.06634,38.89992],[-77.06635,38.89992],[-77.06637,38.89992],[-77.06639,38.89992],[-77.0664,38.89992],[-77.06641,38.89993],[-77.06644,38.89993],[-77.06647,38.89992],[-77.06649,38.89992],[-77.06649,38.89991],[-77.0665,38.89991],[-77.06651,38.8999],[-77.06652,38.89989],[-77.06654,38.89988],[-77.06656,38.89986],[-77.06657,38.89984],[-77.06657,38.89983],[-77.06659,38.89981],[-77.06659,38.8998],[-77.06659,38.89979],[-77.0666,38.89977],[-77.06661,38.89973],[-77.06661,38.89971],[-77.06661,38.89968],[-77.06662,38.89965],[-77.06662,38.8996],[-77.06662,38.89959],[-77.06662,38.89955],[-77.06662,38.89952],[-77.06662,38.89949],[-77.06662,38.89948],[-77.06662,38.89945],[-77.06662,38.89944]]]},"properties":{"name":"Theodore Roosevelt Island National Memorial (Analostan Island)","label":"T.R. Island Nat'l Mem.","designation":"DC/NR","date":null,"nr":"Y"}},{"type":"Feature","geometry":{"type":"Polygon","coordinates":[[[-77.07299,38.91152],[-77.07302,38.91053],[-77.07283,38.90922],[-77.07233,38.90924],[-77.07156,38.90926],[-77.07156,38.90924],[-77.07154,38.90876],[-77.07104,38.90877],[-77.06925,38.90881],[-77.06929,38.90979],[-77.06929,38.90996],[-77.0693,38.91012],[-77.06931,38.91029],[-77.06931,38.91045],[-77.06932,38.91062],[-77.06935,38.91161],[-77.06941,38.91161],[-77.06949,38.91161],[-77.06957,38.91161],[-77.06965,38.91161],[-77.06972,38.9116],[-77.06979,38.9116],[-77.06987,38.9116],[-77.06994,38.9116],[-77.07001,38.9116],[-77.07009,38.91159],[-77.07098,38.91157],[-77.07249,38.91153],[-77.07268,38.91153],[-77.07296,38.91152],[-77.07299,38.91152]]]},"properties":{"name":"Georgetown Visitation Convent and Preparatory School","label":"Georgetown Visitation Convent and Prep School","designation":"DC/NR","date":null,"nr":"Y"}},{"type":"Feature","geometry":{"type":"Polygon","coordinates":[[[-77.1198,38.93435],[-77.11979,38.93435],[-77.11979,38.93433],[-77.11978,38.93431],[-77.11978,38.9343],[-77.11977,38.93429],[-77.11976,38.93428],[-77.11975,38.93427],[-77.11974,38.93426],[-77.11973,38.93425],[-77.11971,38.93424],[-77.1197,38.93423],[-77.11968,38.93423],[-77.11966,38.93423],[-77.11964,38.93423],[-77.11963,38.93423],[-77.11961,38.93423],[-77.11959,38.93423],[-77.11958,38.93422],[-77.11957,38.93421],[-77.11956,38.9342],[-77.11955,38.93418],[-77.11955,38.93417],[-77.11955,38.93416],[-77.11955,38.93415],[-77.11954,38.93415],[-77.11952,38.93415],[-77.11951,38.93414],[-77.11949,38.93414],[-77.11948,38.93414],[-77.11947,38.93414],[-77.11946,38.93414],[-77.11945,38.93414],[-77.11945,38.93415],[-77.11945,38.93416],[-77.11945,38.93417],[-77.11945,38.93418],[-77.11944,38.93418],[-77.11943,38.93418],[-77.11942,38.93417],[-77.1194,38.93417],[-77.1194,38.93416],[-77.11939,38.93415],[-77.11938,38.93414],[-77.11938,38.93413],[-77.11937,38.93413],[-77.11937,38.93412],[-77.11936,38.93411],[-77.11935,38.9341],[-77.11933,38.93409],[-77.11932,38.93408],[-77.11929,38.93407],[-77.11927,38.93405],[-77.11925,38.93404],[-77.11924,38.93403],[-77.11922,38.93401],[-77.1192,38.934],[-77.11918,38.93399],[-77.11917,38.93398],[-77.11915,38.93397],[-77.11914,38.93396],[-77.11912,38.93395],[-77.1191,38.93394],[-77.11909,38.93394],[-77.11907,38.93393],[-77.11905,38.93392],[-77.11904,38.9339],[-77.11903,38.93389],[-77.11903,38.93388],[-77.11902,38.93386],[-77.11901,38.93385],[-77.119,38.93383],[-77.11899,38.93382],[-77.11898,38.93381],[-77.11896,38.9338],[-77.11895,38.93378],[-77.11894,38.93377],[-77.11893,38.93376],[-77.11892,38.93375],[-77.11891,38.93375],[-77.11889,38.93375],[-77.11888,38.93374],[-77.11887,38.93374],[-77.11886,38.93373],[-77.11885,38.93372],[-77.11884,38.93371],[-77.11884,38.93369],[-77.11883,38.93368],[-77.11883,38.93367],[-77.11882,38.93366],[-77.11881,38.93365],[-77.1188,38.93364],[-77.11878,38.93363],[-77.11877,38.93362],[-77.11876,38.93361],[-77.11874,38.9336],[-77.11872,38.93359],[-77.11871,38.93358],[-77.11871,38.93357],[-77.11871,38.93355],[-77.1187,38.93354],[-77.11869,38.93353],[-77.11869,38.93351],[-77.11868,38.9335],[-77.11867,38.93348],[-77.11867,38.93347],[-77.11866,38.93345],[-77.11866,38.93343],[-77.11866,38.93341],[-77.11866,38.93339],[-77.11866,38.93338],[-77.11865,38.93337],[-77.11865,38.93336],[-77.11863,38.93335],[-77.11862,38.93335],[-77.11861,38.93334],[-77.1186,38.93334],[-77.11859,38.93334],[-77.11858,38.93332],[-77.11857,38.93331],[-77.11856,38.9333],[-77.11856,38.93329],[-77.11855,38.93327],[-77.11854,38.93326],[-77.11853,38.93325],[-77.11853,38.93324],[-77.11853,38.93323],[-77.11853,38.93321],[-77.11853,38.9332],[-77.11853,38.93318],[-77.11852,38.93317],[-77.11851,38.93317],[-77.1185,38.93317],[-77.11849,38.93317],[-77.11848,38.93318],[-77.11847,38.93318],[-77.11845,38.93318],[-77.11844,38.93317],[-77.11842,38.93316],[-77.11842,38.93315],[-77.11842,38.93314],[-77.11842,38.93313],[-77.11843,38.93312],[-77.11844,38.93311],[-77.11845,38.9331],[-77.11845,38.93309],[-77.11844,38.93307],[-77.11844,38.93306],[-77.11843,38.93304],[-77.11842,38.93303],[-77.1184,38.93302],[-77.11839,38.93302],[-77.11837,38.93302],[-77.11836,38.93302],[-77.11835,38.93302],[-77.11833,38.93302],[-77.11832,38.93302],[-77.1183,38.93301],[-77.11828,38.93301],[-77.11827,38.933],[-77.11827,38.93299],[-77.11826,38.93298],[-77.11825,38.93298],[-77.11824,38.93297],[-77.11823,38.93296],[-77.11822,38.93295],[-77.11821,38.93294],[-77.11821,38.93293],[-77.1182,38.93292],[-77.11818,38.93292],[-77.11818,38.93291],[-77.11817,38.9329],[-77.11817,38.93289],[-77.11817,38.93288],[-77.11817,38.93286],[-77.11818,38.93285],[-77.11818,38.93283],[-77.11818,38.93282],[-77.11817,38.93282],[-77.11816,38.93281],[-77.11814,38.93281],[-77.11813,38.9328],[-77.11812,38.93279],[-77.1181,38.93279],[-77.11808,38.93278],[-77.11806,38.93277],[-77.11805,38.93276],[-77.11805,38.93275],[-77.11805,38.93274],[-77.11805,38.93273],[-77.11804,38.93272],[-77.11803,38.93271],[-77.11802,38.9327],[-77.11801,38.93269],[-77.11799,38.93269],[-77.11798,38.93268],[-77.11797,38.93267],[-77.11796,38.93266],[-77.11796,38.93265],[-77.11796,38.93264],[-77.11796,38.93263],[-77.11796,38.93262],[-77.11796,38.93261],[-77.11795,38.9326],[-77.11794,38.9326],[-77.11792,38.93259],[-77.11791,38.93259],[-77.1179,38.93259],[-77.11789,38.93258],[-77.1179,38.93257],[-77.1179,38.93256],[-77.1179,38.93255],[-77.1179,38.93254],[-77.11791,38.93254],[-77.11791,38.93253],[-77.11791,38.93252],[-77.11791,38.93251],[-77.1179,38.9325],[-77.1179,38.93249],[-77.11789,38.93249],[-77.11787,38.93249],[-77.11786,38.93249],[-77.11785,38.93249],[-77.11783,38.93249],[-77.11782,38.93249],[-77.11782,38.93248],[-77.11781,38.93247],[-77.11781,38.93246],[-77.1178,38.93245],[-77.1178,38.93244],[-77.1178,38.93243],[-77.11781,38.93242],[-77.11781,38.93241],[-77.11781,38.9324],[-77.11781,38.93239],[-77.1178,38.93238],[-77.11779,38.93237],[-77.11778,38.93237],[-77.11777,38.93236],[-77.11776,38.93236],[-77.11775,38.93235],[-77.11774,38.93234],[-77.11774,38.93233],[-77.11774,38.93232],[-77.11775,38.93231],[-77.11775,38.9323],[-77.11774,38.93229],[-77.11773,38.93228],[-77.11771,38.93228],[-77.1177,38.93227],[-77.11769,38.93226],[-77.11769,38.93225],[-77.11768,38.93224],[-77.11768,38.93223],[-77.11768,38.93222],[-77.11768,38.93221],[-77.11768,38.9322],[-77.11767,38.9322],[-77.11767,38.93219],[-77.11766,38.93219],[-77.11765,38.93219],[-77.11764,38.93218],[-77.11762,38.93218],[-77.1176,38.93218],[-77.11759,38.93217],[-77.11758,38.93216],[-77.11758,38.93215],[-77.11758,38.93214],[-77.11758,38.93213],[-77.11758,38.93212],[-77.11757,38.93212],[-77.11755,38.93211],[-77.11754,38.93211],[-77.11753,38.93211],[-77.11752,38.9321],[-77.11753,38.93209],[-77.11754,38.93208],[-77.11755,38.93206],[-77.11755,38.93205],[-77.11755,38.93204],[-77.11755,38.93203],[-77.11755,38.93201],[-77.11754,38.932],[-77.11753,38.93199],[-77.11752,38.93197],[-77.11751,38.93196],[-77.11751,38.93195],[-77.1175,38.93194],[-77.1175,38.93192],[-77.11749,38.93191],[-77.11749,38.9319],[-77.11748,38.93189],[-77.11747,38.93188],[-77.11746,38.93188],[-77.11744,38.93187],[-77.11743,38.93187],[-77.11742,38.93186],[-77.11741,38.93185],[-77.11741,38.93184],[-77.1174,38.93183],[-77.11739,38.93182],[-77.11739,38.9318],[-77.1174,38.93179],[-77.1174,38.93178],[-77.1174,38.93177],[-77.1174,38.93176],[-77.1174,38.93175],[-77.11739,38.93173],[-77.11739,38.93172],[-77.11739,38.93171],[-77.11739,38.93169],[-77.1174,38.93168],[-77.1174,38.93167],[-77.1174,38.93165],[-77.1174,38.93164],[-77.1174,38.93163],[-77.11739,38.93161],[-77.11738,38.9316],[-77.11737,38.93159],[-77.11735,38.93158],[-77.11734,38.93157],[-77.11732,38.93156],[-77.11731,38.93156],[-77.11731,38.93155],[-77.1173,38.93154],[-77.11729,38.93153],[-77.11729,38.93151],[-77.1173,38.9315],[-77.11731,38.93149],[-77.11731,38.93148],[-77.11731,38.93147],[-77.1173,38.93145],[-77.11729,38.93144],[-77.11729,38.93143],[-77.11728,38.93142],[-77.11728,38.93141],[-77.11727,38.9314],[-77.11727,38.93139],[-77.11726,38.93138],[-77.11725,38.93137],[-77.11724,38.93136],[-77.11723,38.93134],[-77.11722,38.93133],[-77.11721,38.93132],[-77.1172,38.93131],[-77.11719,38.93129],[-77.11718,38.93128],[-77.11717,38.93127],[-77.11717,38.93126],[-77.11717,38.93125],[-77.11718,38.93125],[-77.11719,38.93125],[-77.1172,38.93125],[-77.11721,38.93125],[-77.11721,38.93124],[-77.11721,38.93123],[-77.11719,38.93123],[-77.11718,38.93122],[-77.11717,38.93121],[-77.11717,38.9312],[-77.11715,38.93119],[-77.11714,38.93117],[-77.11714,38.93116],[-77.11713,38.93115],[-77.11713,38.93114],[-77.11712,38.93113],[-77.11712,38.93112],[-77.11711,38.93111],[-77.11711,38.9311],[-77.1171,38.93108],[-77.11709,38.93107],[-77.11707,38.93107],[-77.11706,38.93107],[-77.11705,38.93107],[-77.11704,38.93107],[-77.11703,38.93107],[-77.11702,38.93106],[-77.11701,38.93105],[-77.117,38.93104],[-77.11699,38.93103],[-77.11698,38.93102],[-77.11697,38.93101],[-77.11697,38.931],[-77.11696,38.93099],[-77.11695,38.93098],[-77.11696,38.93097],[-77.11696,38.93096],[-77.11697,38.93096],[-77.11698,38.93095],[-77.11699,38.93094],[-77.11698,38.93094],[-77.11697,38.93093],[-77.11696,38.93092],[-77.11695,38.93091],[-77.11694,38.9309],[-77.11693,38.9309],[-77.11691,38.93089],[-77.1169,38.93088],[-77.11689,38.93086],[-77.11688,38.93085],[-77.11688,38.93084],[-77.11689,38.93083],[-77.11689,38.93082],[-77.11689,38.93081],[-77.1169,38.9308],[-77.11689,38.93078],[-77.11689,38.93077],[-77.11687,38.93076],[-77.11686,38.93076],[-77.11684,38.93076],[-77.11683,38.93075],[-77.11683,38.93074],[-77.11683,38.93073],[-77.11683,38.93072],[-77.11682,38.93071],[-77.11681,38.93071],[-77.11682,38.9307],[-77.11683,38.93069],[-77.11684,38.93069],[-77.11685,38.93068],[-77.11686,38.93068],[-77.11687,38.93066],[-77.11686,38.93065],[-77.11685,38.93064],[-77.11683,38.93063],[-77.11683,38.93062],[-77.11682,38.93061],[-77.11681,38.9306],[-77.1168,38.93059],[-77.11679,38.93059],[-77.11678,38.93059],[-77.11677,38.93058],[-77.11677,38.93057],[-77.11678,38.93056],[-77.11679,38.93055],[-77.11679,38.93054],[-77.11678,38.93053],[-77.11677,38.93052],[-77.11677,38.9305],[-77.11677,38.93049],[-77.11678,38.93048],[-77.11678,38.93046],[-77.11678,38.93045],[-77.11678,38.93044],[-77.11678,38.93043],[-77.11678,38.93042],[-77.11678,38.9304],[-77.11678,38.93038],[-77.11678,38.93036],[-77.11678,38.93034],[-77.11677,38.93032],[-77.11676,38.93031],[-77.11675,38.93029],[-77.11674,38.93027],[-77.11674,38.93022],[-77.11674,38.93021],[-77.11674,38.9302],[-77.11674,38.93019],[-77.11673,38.93018],[-77.11673,38.93017],[-77.11672,38.93017],[-77.11671,38.93016],[-77.11672,38.93015],[-77.11672,38.93014],[-77.11672,38.93013],[-77.11672,38.93012],[-77.11671,38.93011],[-77.1167,38.93011],[-77.1167,38.9301],[-77.11669,38.93009],[-77.11669,38.93008],[-77.11669,38.93007],[-77.11669,38.93006],[-77.11669,38.93005],[-77.11669,38.93004],[-77.11669,38.93003],[-77.11669,38.93002],[-77.11669,38.93001],[-77.11669,38.93],[-77.11669,38.92998],[-77.11668,38.92997],[-77.11668,38.92996],[-77.11667,38.92994],[-77.11666,38.92993],[-77.11666,38.92992],[-77.11665,38.9299],[-77.11665,38.92989],[-77.11664,38.92988],[-77.11664,38.92986],[-77.11664,38.92985],[-77.11664,38.92984],[-77.11664,38.92983],[-77.11664,38.92982],[-77.11664,38.92981],[-77.11664,38.9298],[-77.11664,38.92979],[-77.11663,38.92978],[-77.11662,38.92978],[-77.11662,38.92977],[-77.11661,38.92976],[-77.1166,38.92975],[-77.11659,38.92974],[-77.11659,38.92973],[-77.11658,38.92972],[-77.11657,38.92971],[-77.11657,38.9297],[-77.11655,38.92963],[-77.11655,38.92962],[-77.11651,38.9295],[-77.11651,38.92949],[-77.11651,38.92947],[-77.1165,38.92946],[-77.1165,38.92945],[-77.1165,38.92944],[-77.11651,38.92944],[-77.11651,38.92943],[-77.11652,38.92943],[-77.11653,38.92942],[-77.11653,38.92941],[-77.11653,38.9294],[-77.11654,38.92939],[-77.11654,38.92937],[-77.11655,38.92936],[-77.11655,38.92934],[-77.11655,38.92933],[-77.11654,38.92931],[-77.11653,38.9293],[-77.11653,38.92929],[-77.11654,38.92927],[-77.11654,38.92925],[-77.11654,38.92924],[-77.11653,38.92922],[-77.11653,38.92921],[-77.11652,38.9292],[-77.11651,38.92918],[-77.1165,38.92917],[-77.1165,38.92916],[-77.11649,38.92915],[-77.11648,38.92914],[-77.11647,38.92912],[-77.11647,38.92911],[-77.11646,38.9291],[-77.11645,38.92908],[-77.11642,38.92895],[-77.11642,38.92894],[-77.11642,38.92893],[-77.11641,38.92892],[-77.11641,38.9289],[-77.11641,38.92889],[-77.11641,38.92888],[-77.11642,38.92887],[-77.11642,38.92886],[-77.11642,38.92885],[-77.11642,38.92884],[-77.11641,38.92883],[-77.11639,38.92882],[-77.11638,38.92881],[-77.11636,38.92881],[-77.11635,38.9288],[-77.11634,38.9288],[-77.11633,38.92878],[-77.11633,38.92877],[-77.11632,38.92876],[-77.11632,38.92875],[-77.11631,38.92873],[-77.1163,38.92872],[-77.11629,38.92871],[-77.11628,38.9287],[-77.11627,38.92869],[-77.11626,38.92868],[-77.11625,38.92866],[-77.11625,38.92865],[-77.11626,38.9286],[-77.11627,38.92859],[-77.11627,38.92858],[-77.11627,38.92857],[-77.11627,38.92856],[-77.11626,38.92854],[-77.11626,38.92853],[-77.11625,38.92852],[-77.11625,38.92851],[-77.11624,38.92851],[-77.11624,38.9285],[-77.11622,38.92849],[-77.11621,38.92848],[-77.1162,38.92848],[-77.11619,38.92847],[-77.11619,38.92846],[-77.11619,38.92845],[-77.11618,38.92844],[-77.11617,38.92843],[-77.11617,38.92842],[-77.11616,38.92841],[-77.11615,38.9284],[-77.11614,38.9284],[-77.11613,38.9284],[-77.11612,38.9284],[-77.11611,38.9284],[-77.1161,38.9284],[-77.1161,38.92841],[-77.11609,38.92841],[-77.11608,38.92841],[-77.11607,38.92841],[-77.11607,38.9284],[-77.11607,38.92839],[-77.11607,38.92838],[-77.11607,38.92837],[-77.11608,38.92836],[-77.11609,38.92836],[-77.1161,38.92835],[-77.1161,38.92834],[-77.1161,38.92833],[-77.1161,38.92832],[-77.11609,38.92831],[-77.11608,38.9283],[-77.11607,38.92829],[-77.11606,38.92827],[-77.11606,38.92826],[-77.11605,38.92825],[-77.11604,38.92824],[-77.11604,38.92822],[-77.11603,38.92821],[-77.11603,38.9282],[-77.11602,38.92819],[-77.11601,38.92817],[-77.11601,38.92816],[-77.116,38.92816],[-77.11599,38.92816],[-77.11598,38.92816],[-77.11596,38.92815],[-77.11596,38.92813],[-77.11595,38.92812],[-77.11594,38.92811],[-77.11593,38.9281],[-77.11592,38.92809],[-77.11591,38.92809],[-77.1159,38.9281],[-77.11589,38.9281],[-77.11588,38.92811],[-77.11587,38.9281],[-77.11586,38.92809],[-77.11587,38.92808],[-77.11588,38.92807],[-77.11588,38.92806],[-77.11588,38.92805],[-77.11587,38.92804],[-77.11586,38.92803],[-77.11585,38.92802],[-77.11584,38.92802],[-77.11583,38.92802],[-77.11582,38.92802],[-77.11581,38.92802],[-77.1158,38.92802],[-77.11579,38.92801],[-77.11579,38.928],[-77.11578,38.92798],[-77.11577,38.92797],[-77.11576,38.92796],[-77.11575,38.92795],[-77.11575,38.92794],[-77.11573,38.92793],[-77.11572,38.92792],[-77.11571,38.92791],[-77.11569,38.9279],[-77.11568,38.92789],[-77.11567,38.92788],[-77.11566,38.92786],[-77.11565,38.92786],[-77.11564,38.92785],[-77.11562,38.92785],[-77.11561,38.92784],[-77.11559,38.92783],[-77.11558,38.92782],[-77.11557,38.92783],[-77.11556,38.92782],[-77.11556,38.92781],[-77.11556,38.92779],[-77.11556,38.92777],[-77.11556,38.92776],[-77.11557,38.92774],[-77.11557,38.92773],[-77.11557,38.92772],[-77.11556,38.92771],[-77.11555,38.92771],[-77.11554,38.92772],[-77.11553,38.92772],[-77.11551,38.92771],[-77.1155,38.92771],[-77.11549,38.9277],[-77.11549,38.92768],[-77.11548,38.92767],[-77.11547,38.92766],[-77.11546,38.92765],[-77.11544,38.92765],[-77.11543,38.92764],[-77.11542,38.92764],[-77.11541,38.92765],[-77.11541,38.92766],[-77.1154,38.92767],[-77.11539,38.92767],[-77.11538,38.92767],[-77.11537,38.92766],[-77.11537,38.92765],[-77.11537,38.92764],[-77.11537,38.92762],[-77.11536,38.92761],[-77.11535,38.9276],[-77.11534,38.92759],[-77.11533,38.92759],[-77.11532,38.92757],[-77.11532,38.92756],[-77.11531,38.92755],[-77.1153,38.92753],[-77.11529,38.92752],[-77.11528,38.92751],[-77.11526,38.9275],[-77.11526,38.92749],[-77.11525,38.92748],[-77.11524,38.92746],[-77.11523,38.92745],[-77.11522,38.92744],[-77.1152,38.92742],[-77.11519,38.92741],[-77.11517,38.9274],[-77.11516,38.9274],[-77.11514,38.9274],[-77.11512,38.92739],[-77.11511,38.92738],[-77.1151,38.92738],[-77.11509,38.92738],[-77.11505,38.92737],[-77.11504,38.92737],[-77.11503,38.92737],[-77.11502,38.92736],[-77.11501,38.92736],[-77.115,38.92735],[-77.11499,38.92735],[-77.11498,38.92735],[-77.11497,38.92735],[-77.11497,38.92736],[-77.11498,38.92736],[-77.11499,38.92737],[-77.11499,38.92738],[-77.11499,38.92739],[-77.11498,38.92739],[-77.11497,38.92739],[-77.11495,38.92739],[-77.11494,38.92738],[-77.11493,38.92737],[-77.11494,38.92736],[-77.11494,38.92735],[-77.11494,38.92734],[-77.11493,38.92733],[-77.11492,38.92733],[-77.11491,38.92733],[-77.1149,38.92732],[-77.11489,38.92731],[-77.11488,38.9273],[-77.11487,38.92729],[-77.11486,38.92728],[-77.11486,38.92727],[-77.11485,38.92726],[-77.11484,38.92725],[-77.11484,38.92724],[-77.11485,38.92723],[-77.11486,38.92723],[-77.11486,38.92722],[-77.11485,38.92721],[-77.11484,38.92721],[-77.11483,38.92722],[-77.11483,38.92723],[-77.11482,38.92723],[-77.11481,38.92723],[-77.1148,38.92722],[-77.11479,38.92722],[-77.11479,38.92721],[-77.1148,38.9272],[-77.11481,38.92719],[-77.11482,38.92719],[-77.11482,38.92718],[-77.11482,38.92717],[-77.11482,38.92716],[-77.11482,38.92714],[-77.11481,38.92712],[-77.11481,38.92711],[-77.11479,38.92709],[-77.11478,38.92708],[-77.11477,38.92707],[-77.11475,38.92707],[-77.11474,38.92706],[-77.11473,38.92706],[-77.11472,38.92706],[-77.11471,38.92707],[-77.1147,38.92706],[-77.11469,38.92705],[-77.11467,38.92704],[-77.11467,38.92703],[-77.11467,38.92701],[-77.11466,38.927],[-77.11465,38.92698],[-77.11464,38.92697],[-77.11462,38.92697],[-77.1146,38.92696],[-77.11458,38.92696],[-77.11457,38.92695],[-77.11456,38.92694],[-77.11456,38.92693],[-77.11455,38.92692],[-77.11455,38.92691],[-77.11455,38.92689],[-77.11455,38.92688],[-77.11454,38.92687],[-77.11453,38.92687],[-77.11452,38.92686],[-77.11451,38.92684],[-77.11451,38.92683],[-77.1145,38.92682],[-77.11449,38.92681],[-77.11448,38.9268],[-77.11448,38.92679],[-77.11447,38.92678],[-77.11446,38.92677],[-77.11445,38.92675],[-77.11445,38.92674],[-77.11444,38.92673],[-77.11443,38.92672],[-77.11443,38.92671],[-77.11443,38.92669],[-77.11442,38.92668],[-77.11441,38.92667],[-77.11441,38.92666],[-77.1144,38.92665],[-77.11438,38.92665],[-77.11437,38.92664],[-77.11436,38.92663],[-77.11435,38.92663],[-77.11434,38.92663],[-77.11434,38.92662],[-77.11433,38.92661],[-77.11432,38.92661],[-77.11431,38.92661],[-77.11431,38.92662],[-77.1143,38.92663],[-77.11429,38.92663],[-77.11428,38.92663],[-77.11428,38.92662],[-77.11428,38.9266],[-77.11428,38.92659],[-77.11428,38.92658],[-77.11427,38.92657],[-77.11426,38.92656],[-77.11425,38.92655],[-77.11424,38.92654],[-77.11424,38.92653],[-77.11423,38.92652],[-77.11422,38.92651],[-77.11421,38.9265],[-77.1142,38.92649],[-77.1142,38.92648],[-77.11419,38.92647],[-77.11419,38.92646],[-77.11418,38.92645],[-77.11417,38.92644],[-77.11416,38.92643],[-77.11416,38.92642],[-77.11415,38.92641],[-77.11415,38.92639],[-77.11415,38.92638],[-77.11415,38.92636],[-77.11414,38.92635],[-77.11414,38.92634],[-77.11413,38.92633],[-77.11412,38.92632],[-77.11411,38.92631],[-77.1141,38.9263],[-77.1141,38.92629],[-77.11409,38.92629],[-77.11408,38.92629],[-77.11407,38.92629],[-77.11406,38.92629],[-77.11405,38.92627],[-77.11405,38.92628],[-77.11404,38.92626],[-77.11404,38.92625],[-77.11404,38.92624],[-77.11404,38.92623],[-77.11404,38.92622],[-77.11404,38.92621],[-77.11404,38.92619],[-77.11404,38.92618],[-77.11404,38.92617],[-77.11403,38.92616],[-77.11403,38.92615],[-77.11402,38.92614],[-77.11401,38.92614],[-77.11401,38.92613],[-77.114,38.92613],[-77.114,38.92614],[-77.11399,38.92614],[-77.11398,38.92614],[-77.11397,38.92614],[-77.11397,38.92613],[-77.11397,38.92612],[-77.11397,38.92611],[-77.11396,38.9261],[-77.11395,38.92609],[-77.11394,38.92608],[-77.11393,38.92607],[-77.11392,38.92606],[-77.1139,38.92605],[-77.1139,38.92604],[-77.11389,38.92603],[-77.11388,38.92602],[-77.11386,38.92602],[-77.11385,38.92601],[-77.11383,38.92601],[-77.11382,38.92601],[-77.11381,38.926],[-77.11379,38.92599],[-77.11378,38.92599],[-77.11378,38.92598],[-77.11377,38.92598],[-77.11377,38.92596],[-77.11377,38.92595],[-77.11377,38.92593],[-77.11377,38.92592],[-77.11377,38.92591],[-77.11377,38.9259],[-77.11377,38.92589],[-77.11377,38.92588],[-77.11377,38.92586],[-77.11376,38.92586],[-77.11375,38.92585],[-77.11374,38.92585],[-77.11373,38.92586],[-77.11372,38.92586],[-77.11372,38.92587],[-77.11371,38.92587],[-77.1137,38.92586],[-77.11369,38.92585],[-77.11368,38.92584],[-77.11368,38.92583],[-77.11367,38.92583],[-77.11367,38.92582],[-77.11367,38.92581],[-77.11367,38.9258],[-77.11367,38.92579],[-77.11365,38.92578],[-77.11364,38.92577],[-77.11364,38.92576],[-77.11363,38.92576],[-77.11363,38.92575],[-77.11362,38.92575],[-77.11361,38.92575],[-77.1136,38.92576],[-77.11359,38.92576],[-77.11358,38.92576],[-77.11357,38.92575],[-77.11356,38.92574],[-77.11356,38.92572],[-77.11356,38.92571],[-77.11356,38.92569],[-77.11356,38.92568],[-77.11355,38.92567],[-77.11354,38.92566],[-77.11353,38.92566],[-77.11353,38.92564],[-77.11352,38.92563],[-77.11351,38.92562],[-77.1135,38.92561],[-77.11349,38.92559],[-77.11348,38.92558],[-77.11347,38.92557],[-77.11346,38.92556],[-77.11345,38.92555],[-77.11344,38.92554],[-77.11344,38.92553],[-77.11343,38.92551],[-77.11343,38.9255],[-77.11343,38.92549],[-77.11342,38.92549],[-77.11341,38.92549],[-77.11341,38.92548],[-77.11341,38.92547],[-77.11341,38.92545],[-77.11341,38.92544],[-77.11341,38.92543],[-77.11341,38.92542],[-77.1134,38.92541],[-77.11339,38.92541],[-77.11338,38.9254],[-77.11337,38.92539],[-77.11336,38.92538],[-77.11335,38.92537],[-77.11334,38.92537],[-77.11333,38.92537],[-77.11332,38.92537],[-77.11331,38.92537],[-77.1133,38.92537],[-77.11329,38.92537],[-77.11328,38.92537],[-77.11327,38.92537],[-77.11326,38.92536],[-77.11325,38.92536],[-77.11325,38.92535],[-77.11324,38.92535],[-77.11324,38.92534],[-77.11323,38.92533],[-77.11322,38.92532],[-77.11321,38.92532],[-77.1132,38.92532],[-77.11319,38.92532],[-77.11318,38.92531],[-77.11318,38.9253],[-77.11317,38.92529],[-77.11317,38.92528],[-77.11316,38.92527],[-77.11315,38.92526],[-77.11314,38.92527],[-77.11314,38.92528],[-77.11312,38.92528],[-77.11311,38.92527],[-77.11311,38.92526],[-77.1131,38.92525],[-77.1131,38.92524],[-77.1131,38.92523],[-77.11309,38.92522],[-77.11308,38.92521],[-77.11307,38.9252],[-77.11306,38.9252],[-77.11305,38.9252],[-77.11304,38.9252],[-77.11303,38.9252],[-77.11303,38.92519],[-77.11303,38.92518],[-77.11303,38.92517],[-77.11304,38.92516],[-77.11303,38.92515],[-77.11303,38.92514],[-77.11302,38.92513],[-77.11301,38.92513],[-77.113,38.92512],[-77.11298,38.9251],[-77.11297,38.92509],[-77.11296,38.92508],[-77.11295,38.92507],[-77.11294,38.92506],[-77.11293,38.92506],[-77.11292,38.92507],[-77.11292,38.92508],[-77.11292,38.92509],[-77.11291,38.92509],[-77.11291,38.92508],[-77.1129,38.92507],[-77.11289,38.92506],[-77.11288,38.92505],[-77.11287,38.92506],[-77.11286,38.92506],[-77.11286,38.92505],[-77.11286,38.92504],[-77.11285,38.92503],[-77.11285,38.92502],[-77.11286,38.92502],[-77.11286,38.92501],[-77.11286,38.925],[-77.11285,38.92499],[-77.11284,38.92498],[-77.11283,38.92497],[-77.11282,38.92496],[-77.11281,38.92495],[-77.1128,38.92495],[-77.11279,38.92495],[-77.11278,38.92495],[-77.11276,38.92494],[-77.11275,38.92493],[-77.11275,38.92492],[-77.11275,38.92491],[-77.11274,38.9249],[-77.11274,38.92489],[-77.11275,38.92489],[-77.11277,38.92488],[-77.11278,38.92488],[-77.11279,38.92489],[-77.1128,38.92488],[-77.1128,38.92487],[-77.1128,38.92486],[-77.1128,38.92484],[-77.11279,38.92483],[-77.11277,38.92481],[-77.11276,38.92479],[-77.11275,38.92478],[-77.11273,38.92476],[-77.11272,38.92474],[-77.11271,38.92472],[-77.1127,38.92471],[-77.11269,38.92469],[-77.11268,38.92467],[-77.11267,38.92466],[-77.11266,38.92465],[-77.11265,38.92465],[-77.11263,38.92465],[-77.11262,38.92464],[-77.11261,38.92464],[-77.11259,38.92463],[-77.11258,38.92462],[-77.11257,38.92461],[-77.11256,38.9246],[-77.11255,38.92459],[-77.11254,38.92458],[-77.11253,38.92457],[-77.11253,38.92456],[-77.11252,38.92455],[-77.11251,38.92454],[-77.11249,38.92453],[-77.11248,38.92453],[-77.11247,38.92452],[-77.11246,38.92451],[-77.11245,38.92451],[-77.11244,38.92449],[-77.11244,38.92448],[-77.11244,38.92447],[-77.11243,38.92446],[-77.11242,38.92445],[-77.11241,38.92444],[-77.11239,38.92444],[-77.11237,38.92444],[-77.11235,38.92444],[-77.11234,38.92444],[-77.11233,38.92444],[-77.11232,38.92445],[-77.11231,38.92445],[-77.11229,38.92445],[-77.11228,38.92444],[-77.11227,38.92443],[-77.11226,38.92442],[-77.11225,38.92441],[-77.11224,38.9244],[-77.11223,38.92438],[-77.11223,38.92437],[-77.11223,38.92436],[-77.11222,38.92435],[-77.11221,38.92435],[-77.1122,38.92435],[-77.1122,38.92434],[-77.11219,38.92433],[-77.11219,38.92432],[-77.11219,38.92431],[-77.11218,38.9243],[-77.11218,38.92429],[-77.11216,38.92428],[-77.11215,38.92428],[-77.11213,38.92428],[-77.11212,38.92428],[-77.11211,38.92428],[-77.1121,38.92428],[-77.1121,38.92427],[-77.11211,38.92426],[-77.11211,38.92425],[-77.1121,38.92425],[-77.11208,38.92425],[-77.11206,38.92425],[-77.11205,38.92425],[-77.11204,38.92426],[-77.11203,38.92426],[-77.11202,38.92425],[-77.11202,38.92424],[-77.11202,38.92423],[-77.11202,38.92422],[-77.11201,38.92421],[-77.112,38.92421],[-77.11199,38.92421],[-77.11198,38.9242],[-77.11199,38.92418],[-77.11199,38.92416],[-77.11199,38.92415],[-77.11198,38.92414],[-77.11197,38.92412],[-77.11197,38.92411],[-77.11196,38.92411],[-77.11195,38.92411],[-77.11194,38.92411],[-77.11193,38.9241],[-77.11193,38.92409],[-77.11192,38.92409],[-77.11191,38.92409],[-77.1119,38.92409],[-77.11189,38.92409],[-77.11188,38.92409],[-77.11187,38.92409],[-77.11186,38.92409],[-77.11185,38.92409],[-77.11184,38.92409],[-77.11183,38.92409],[-77.11183,38.92408],[-77.11184,38.92407],[-77.11184,38.92406],[-77.11184,38.92405],[-77.11185,38.92403],[-77.11185,38.92402],[-77.11184,38.92402],[-77.11183,38.92401],[-77.11181,38.924],[-77.1118,38.924],[-77.11179,38.924],[-77.11177,38.92399],[-77.11176,38.92399],[-77.11174,38.92398],[-77.11173,38.92397],[-77.11172,38.92397],[-77.11171,38.92396],[-77.1117,38.92395],[-77.11169,38.92394],[-77.11168,38.92393],[-77.11167,38.92393],[-77.11166,38.92393],[-77.11165,38.92392],[-77.11164,38.92392],[-77.11163,38.92391],[-77.11162,38.9239],[-77.11161,38.92389],[-77.1116,38.92389],[-77.11159,38.92389],[-77.11158,38.92389],[-77.11157,38.92389],[-77.11157,38.92388],[-77.11157,38.92387],[-77.11157,38.92386],[-77.11156,38.92385],[-77.11154,38.92385],[-77.11153,38.92385],[-77.11151,38.92384],[-77.1115,38.92384],[-77.11149,38.92383],[-77.11148,38.92383],[-77.11147,38.92383],[-77.11147,38.92382],[-77.11146,38.92383],[-77.11144,38.92383],[-77.11143,38.92382],[-77.11143,38.92381],[-77.11142,38.9238],[-77.11142,38.92378],[-77.11142,38.92377],[-77.11142,38.92376],[-77.11141,38.92374],[-77.1114,38.92372],[-77.11138,38.92371],[-77.11137,38.92369],[-77.11137,38.92368],[-77.11136,38.92366],[-77.11135,38.92366],[-77.11134,38.92365],[-77.11132,38.92365],[-77.11131,38.92365],[-77.1113,38.92365],[-77.11129,38.92363],[-77.11129,38.92362],[-77.11129,38.92361],[-77.11129,38.9236],[-77.11129,38.92358],[-77.11129,38.92357],[-77.11128,38.92356],[-77.11127,38.92356],[-77.11127,38.92357],[-77.11127,38.92358],[-77.11127,38.92359],[-77.11126,38.92359],[-77.11125,38.92358],[-77.11124,38.92357],[-77.11124,38.92356],[-77.11123,38.92355],[-77.11122,38.92354],[-77.1112,38.92354],[-77.11119,38.92353],[-77.11119,38.92352],[-77.11119,38.9235],[-77.11118,38.92349],[-77.11117,38.92349],[-77.11115,38.92348],[-77.11114,38.92348],[-77.11113,38.92347],[-77.11112,38.92347],[-77.11111,38.92346],[-77.11109,38.92346],[-77.11108,38.92346],[-77.11106,38.92346],[-77.11105,38.92345],[-77.11103,38.92344],[-77.11102,38.92344],[-77.11101,38.92344],[-77.111,38.92343],[-77.11099,38.92343],[-77.11099,38.92342],[-77.11098,38.92341],[-77.11097,38.9234],[-77.11096,38.92341],[-77.11095,38.92341],[-77.11094,38.92341],[-77.11093,38.92341],[-77.11093,38.9234],[-77.11092,38.9234],[-77.11091,38.92339],[-77.11092,38.92338],[-77.11092,38.92337],[-77.11093,38.92336],[-77.11092,38.92335],[-77.11091,38.92333],[-77.1109,38.92332],[-77.11089,38.9233],[-77.11088,38.92329],[-77.11087,38.92328],[-77.11086,38.92327],[-77.11084,38.92326],[-77.11083,38.92325],[-77.11081,38.92324],[-77.1108,38.92323],[-77.11078,38.92322],[-77.11076,38.92321],[-77.11075,38.9232],[-77.11074,38.92319],[-77.11072,38.92319],[-77.11071,38.92318],[-77.1107,38.92318],[-77.1107,38.92317],[-77.11069,38.92316],[-77.11068,38.92315],[-77.11067,38.92315],[-77.11067,38.92314],[-77.11067,38.92313],[-77.11066,38.92312],[-77.11065,38.9231],[-77.11064,38.92309],[-77.11062,38.92307],[-77.11061,38.92305],[-77.11061,38.92304],[-77.1106,38.92302],[-77.11059,38.92301],[-77.11058,38.923],[-77.11056,38.92299],[-77.11055,38.92298],[-77.11053,38.92298],[-77.11052,38.92297],[-77.1105,38.92297],[-77.11049,38.92296],[-77.11048,38.92295],[-77.11046,38.92294],[-77.11045,38.92293],[-77.11044,38.92294],[-77.11043,38.92294],[-77.11042,38.92294],[-77.11041,38.92293],[-77.11041,38.92292],[-77.11041,38.92291],[-77.1104,38.9229],[-77.1104,38.92289],[-77.11039,38.92288],[-77.11038,38.92286],[-77.11037,38.92285],[-77.11036,38.92284],[-77.11035,38.92283],[-77.11034,38.92282],[-77.11033,38.92281],[-77.11032,38.9228],[-77.11032,38.92279],[-77.1103,38.92278],[-77.11029,38.92278],[-77.11028,38.92278],[-77.11027,38.92278],[-77.11026,38.92278],[-77.11025,38.92278],[-77.11024,38.92277],[-77.11023,38.92276],[-77.11022,38.92275],[-77.11021,38.92275],[-77.1102,38.92274],[-77.11019,38.92274],[-77.11018,38.92273],[-77.11017,38.92273],[-77.11016,38.92272],[-77.11015,38.92271],[-77.11015,38.9227],[-77.11014,38.92269],[-77.11012,38.92268],[-77.11011,38.92268],[-77.11009,38.92268],[-77.11008,38.92268],[-77.11006,38.92268],[-77.11005,38.92268],[-77.11005,38.92266],[-77.11005,38.92265],[-77.11004,38.92264],[-77.11004,38.92263],[-77.11002,38.92262],[-77.11001,38.92262],[-77.10999,38.92261],[-77.10998,38.9226],[-77.10997,38.9226],[-77.10996,38.92259],[-77.10995,38.92258],[-77.10994,38.92256],[-77.10994,38.92255],[-77.10993,38.92253],[-77.10993,38.92252],[-77.10993,38.9225],[-77.10992,38.92249],[-77.10992,38.92247],[-77.10991,38.92246],[-77.1099,38.92244],[-77.10988,38.92243],[-77.10987,38.92242],[-77.10985,38.92242],[-77.10984,38.92241],[-77.10982,38.9224],[-77.1098,38.92239],[-77.10978,38.92238],[-77.10976,38.92238],[-77.10975,38.92237],[-77.10975,38.92236],[-77.10974,38.92235],[-77.10974,38.92234],[-77.10973,38.92233],[-77.10972,38.92232],[-77.1097,38.92231],[-77.10968,38.9223],[-77.10966,38.92229],[-77.10964,38.92228],[-77.10962,38.92228],[-77.10961,38.92226],[-77.10959,38.92226],[-77.10957,38.92224],[-77.10956,38.92223],[-77.10954,38.92222],[-77.10953,38.92221],[-77.10952,38.92221],[-77.1095,38.9222],[-77.10948,38.9222],[-77.10947,38.92219],[-77.10946,38.92219],[-77.10945,38.92218],[-77.10944,38.92218],[-77.10943,38.92218],[-77.10942,38.92219],[-77.10942,38.9222],[-77.10941,38.9222],[-77.10941,38.92221],[-77.1094,38.92221],[-77.1094,38.92219],[-77.1094,38.92218],[-77.1094,38.92217],[-77.10941,38.92217],[-77.10941,38.92216],[-77.10942,38.92215],[-77.10942,38.92214],[-77.10941,38.92212],[-77.1094,38.92211],[-77.10939,38.92211],[-77.10938,38.9221],[-77.10937,38.92209],[-77.10936,38.92208],[-77.10935,38.92207],[-77.10933,38.92206],[-77.10932,38.92205],[-77.1093,38.92205],[-77.10929,38.92204],[-77.10928,38.92203],[-77.10927,38.92203],[-77.10926,38.92203],[-77.10924,38.92202],[-77.10922,38.92201],[-77.10922,38.922],[-77.10921,38.92199],[-77.1092,38.92198],[-77.10919,38.92197],[-77.10918,38.92196],[-77.10917,38.92196],[-77.10917,38.92195],[-77.10917,38.92194],[-77.10917,38.92192],[-77.10916,38.92191],[-77.10915,38.9219],[-77.10915,38.92189],[-77.10914,38.92189],[-77.10913,38.92188],[-77.10911,38.92187],[-77.1091,38.92187],[-77.10909,38.92186],[-77.10908,38.92186],[-77.10907,38.92185],[-77.10905,38.92185],[-77.10905,38.92184],[-77.10904,38.92183],[-77.10903,38.92182],[-77.10903,38.92181],[-77.10903,38.9218],[-77.10902,38.92179],[-77.10901,38.92179],[-77.109,38.9218],[-77.10899,38.92181],[-77.10897,38.92182],[-77.10896,38.92182],[-77.10895,38.92181],[-77.10893,38.92181],[-77.10892,38.92181],[-77.10891,38.92182],[-77.1089,38.92182],[-77.10889,38.92183],[-77.10888,38.92183],[-77.10888,38.92182],[-77.10888,38.92181],[-77.10887,38.92181],[-77.10888,38.9218],[-77.10888,38.92179],[-77.10889,38.92178],[-77.10888,38.92178],[-77.10887,38.92178],[-77.10886,38.92177],[-77.10885,38.92177],[-77.10884,38.92178],[-77.10882,38.92178],[-77.10881,38.92178],[-77.1088,38.92178],[-77.10879,38.92178],[-77.10878,38.92177],[-77.10878,38.92176],[-77.10878,38.92175],[-77.10878,38.92174],[-77.10878,38.92173],[-77.10879,38.92172],[-77.10879,38.92171],[-77.10879,38.92169],[-77.10879,38.92168],[-77.10879,38.92167],[-77.10878,38.92167],[-77.10877,38.92167],[-77.10876,38.92167],[-77.10875,38.92167],[-77.10874,38.92167],[-77.10873,38.92166],[-77.10872,38.92165],[-77.10871,38.92164],[-77.1087,38.92163],[-77.1087,38.92162],[-77.10869,38.92161],[-77.10868,38.9216],[-77.10867,38.92159],[-77.10866,38.92159],[-77.10865,38.92158],[-77.10864,38.92157],[-77.10864,38.92156],[-77.10863,38.92155],[-77.10863,38.92156],[-77.10862,38.92156],[-77.10861,38.92157],[-77.1086,38.92158],[-77.10859,38.92159],[-77.10858,38.92159],[-77.10857,38.92159],[-77.10855,38.92159],[-77.10855,38.92158],[-77.10856,38.92157],[-77.10856,38.92156],[-77.10857,38.92155],[-77.10856,38.92154],[-77.10855,38.92154],[-77.10853,38.92154],[-77.10853,38.92153],[-77.10852,38.92153],[-77.10852,38.92152],[-77.10852,38.92151],[-77.10852,38.92149],[-77.10853,38.92148],[-77.10852,38.92147],[-77.10851,38.92146],[-77.1085,38.92145],[-77.1085,38.92144],[-77.10849,38.92144],[-77.10849,38.92143],[-77.10848,38.92142],[-77.10847,38.92142],[-77.10846,38.92141],[-77.10846,38.9214],[-77.10847,38.92139],[-77.10846,38.92138],[-77.10846,38.92136],[-77.10844,38.92135],[-77.10843,38.92134],[-77.10842,38.92133],[-77.10842,38.92132],[-77.10841,38.92131],[-77.1084,38.9213],[-77.10839,38.92129],[-77.10838,38.92129],[-77.10838,38.92128],[-77.10837,38.92128],[-77.10836,38.92128],[-77.10835,38.92128],[-77.10834,38.92128],[-77.10833,38.92128],[-77.10832,38.92128],[-77.10832,38.92127],[-77.10832,38.92126],[-77.10831,38.92125],[-77.10831,38.92124],[-77.10831,38.92123],[-77.1083,38.92123],[-77.10829,38.92123],[-77.10828,38.92123],[-77.10827,38.92122],[-77.10826,38.92122],[-77.10825,38.92122],[-77.10824,38.92121],[-77.10824,38.9212],[-77.10825,38.92119],[-77.10825,38.92117],[-77.10824,38.92116],[-77.10824,38.92115],[-77.10824,38.92113],[-77.10824,38.92111],[-77.10823,38.9211],[-77.10823,38.92108],[-77.10822,38.92107],[-77.10821,38.92106],[-77.1082,38.92105],[-77.10819,38.92105],[-77.10819,38.92104],[-77.10818,38.92103],[-77.10817,38.92102],[-77.10816,38.92101],[-77.10815,38.921],[-77.10814,38.92099],[-77.10812,38.92098],[-77.10811,38.92097],[-77.1081,38.92095],[-77.10809,38.92094],[-77.10807,38.92093],[-77.10805,38.92092],[-77.10804,38.92091],[-77.10803,38.9209],[-77.10803,38.92089],[-77.10801,38.92089],[-77.108,38.92088],[-77.10798,38.92088],[-77.10797,38.92087],[-77.10796,38.92086],[-77.10795,38.92085],[-77.10794,38.92085],[-77.10793,38.92084],[-77.10792,38.92084],[-77.10791,38.92084],[-77.1079,38.92084],[-77.10789,38.92083],[-77.10788,38.92083],[-77.10787,38.92082],[-77.10787,38.92081],[-77.10786,38.92081],[-77.10785,38.9208],[-77.10784,38.9208],[-77.10783,38.9208],[-77.10782,38.9208],[-77.10782,38.92079],[-77.10781,38.92078],[-77.1078,38.92077],[-77.10779,38.92076],[-77.10778,38.92075],[-77.10778,38.92074],[-77.10778,38.92073],[-77.10777,38.92072],[-77.10777,38.92071],[-77.10776,38.92071],[-77.10775,38.92071],[-77.10774,38.92071],[-77.10773,38.92072],[-77.10773,38.92073],[-77.10772,38.92073],[-77.10771,38.92072],[-77.10771,38.92071],[-77.10772,38.92069],[-77.10772,38.92068],[-77.10771,38.92067],[-77.1077,38.92066],[-77.1077,38.92065],[-77.1077,38.92063],[-77.10769,38.92062],[-77.10768,38.92061],[-77.10767,38.92059],[-77.10766,38.92058],[-77.10765,38.92057],[-77.10763,38.92055],[-77.10762,38.92053],[-77.10762,38.92052],[-77.10761,38.92051],[-77.1076,38.92049],[-77.1076,38.92048],[-77.10759,38.92046],[-77.10758,38.92045],[-77.10757,38.92043],[-77.10756,38.92042],[-77.10755,38.92041],[-77.10754,38.92039],[-77.10753,38.92038],[-77.10752,38.92037],[-77.10751,38.92035],[-77.10749,38.92034],[-77.10748,38.92033],[-77.10746,38.92032],[-77.10745,38.92031],[-77.10744,38.9203],[-77.10742,38.92029],[-77.10741,38.92029],[-77.1074,38.92028],[-77.10738,38.92027],[-77.10737,38.92027],[-77.10736,38.92026],[-77.10734,38.92025],[-77.10733,38.92024],[-77.10732,38.92023],[-77.10731,38.92023],[-77.10729,38.92022],[-77.10729,38.92021],[-77.1073,38.9202],[-77.1073,38.92019],[-77.10727,38.92016],[-77.10721,38.9201],[-77.1072,38.92011],[-77.10719,38.92011],[-77.10718,38.92011],[-77.10717,38.92011],[-77.10716,38.9201],[-77.10715,38.9201],[-77.10713,38.92009],[-77.10712,38.92008],[-77.10711,38.92007],[-77.1071,38.92006],[-77.10709,38.92005],[-77.10708,38.92004],[-77.10708,38.92003],[-77.10707,38.92002],[-77.10707,38.92001],[-77.10706,38.92],[-77.10706,38.91999],[-77.10705,38.91997],[-77.10705,38.91996],[-77.10704,38.91995],[-77.10704,38.91993],[-77.10703,38.91992],[-77.10702,38.91991],[-77.10701,38.91991],[-77.10699,38.91991],[-77.10698,38.91991],[-77.10697,38.91991],[-77.10696,38.91992],[-77.10696,38.91993],[-77.10695,38.91993],[-77.10694,38.91993],[-77.10693,38.91994],[-77.10692,38.91994],[-77.10692,38.91995],[-77.10691,38.91995],[-77.10691,38.91996],[-77.1069,38.91996],[-77.10689,38.91996],[-77.10688,38.91996],[-77.10688,38.91997],[-77.10687,38.91997],[-77.10686,38.91997],[-77.10685,38.91996],[-77.10684,38.91995],[-77.10684,38.91994],[-77.10684,38.91993],[-77.10685,38.91992],[-77.10685,38.91991],[-77.10685,38.9199],[-77.10685,38.91989],[-77.10686,38.91988],[-77.10687,38.91987],[-77.10688,38.91986],[-77.10689,38.91986],[-77.1069,38.91985],[-77.10691,38.91985],[-77.10692,38.91984],[-77.10692,38.91983],[-77.10692,38.91982],[-77.10692,38.91981],[-77.10691,38.9198],[-77.1069,38.91978],[-77.10689,38.91977],[-77.10688,38.91976],[-77.10688,38.91975],[-77.10687,38.91974],[-77.10686,38.91973],[-77.10685,38.91971],[-77.10684,38.9197],[-77.10683,38.91969],[-77.10681,38.91968],[-77.1068,38.91967],[-77.10679,38.91965],[-77.10678,38.91964],[-77.10677,38.91962],[-77.10676,38.91961],[-77.10675,38.9196],[-77.10674,38.91959],[-77.10673,38.91957],[-77.10672,38.91956],[-77.10672,38.91954],[-77.10671,38.91952],[-77.1067,38.91951],[-77.1067,38.9195],[-77.10669,38.91949],[-77.10669,38.91948],[-77.10668,38.91948],[-77.10667,38.91949],[-77.10666,38.91949],[-77.10665,38.91948],[-77.10664,38.91949],[-77.10663,38.9195],[-77.10662,38.9195],[-77.10662,38.91949],[-77.10661,38.91948],[-77.10661,38.91947],[-77.10662,38.91945],[-77.10662,38.91944],[-77.10661,38.91943],[-77.1066,38.91942],[-77.10658,38.91942],[-77.10657,38.91942],[-77.10656,38.91941],[-77.10655,38.9194],[-77.10654,38.91939],[-77.10653,38.91938],[-77.10652,38.91936],[-77.10651,38.91935],[-77.10651,38.91934],[-77.10651,38.91933],[-77.10651,38.91931],[-77.10651,38.9193],[-77.1065,38.91929],[-77.10649,38.91928],[-77.10648,38.91927],[-77.10647,38.91927],[-77.10646,38.91927],[-77.10645,38.91926],[-77.10643,38.91925],[-77.10642,38.91925],[-77.10641,38.91924],[-77.10639,38.91923],[-77.10638,38.91922],[-77.10638,38.91921],[-77.10638,38.91919],[-77.10638,38.91918],[-77.10637,38.91916],[-77.10637,38.91915],[-77.10636,38.91914],[-77.10635,38.91914],[-77.10634,38.91914],[-77.10632,38.91914],[-77.10631,38.91914],[-77.1063,38.91913],[-77.1063,38.91912],[-77.10631,38.9191],[-77.10631,38.91909],[-77.10631,38.91908],[-77.1063,38.91907],[-77.10629,38.91906],[-77.10628,38.91905],[-77.10627,38.91905],[-77.10626,38.91904],[-77.10625,38.91903],[-77.10624,38.91902],[-77.10625,38.919],[-77.10625,38.91899],[-77.10626,38.91898],[-77.10627,38.91896],[-77.10626,38.91895],[-77.10626,38.91893],[-77.10625,38.91891],[-77.10624,38.91889],[-77.10623,38.91888],[-77.10623,38.91886],[-77.10622,38.91884],[-77.10621,38.91882],[-77.10621,38.91881],[-77.1062,38.91879],[-77.10619,38.91877],[-77.10618,38.91876],[-77.10617,38.91874],[-77.10616,38.91872],[-77.10615,38.91871],[-77.10614,38.91869],[-77.10613,38.91868],[-77.10612,38.91867],[-77.10611,38.91866],[-77.1061,38.91865],[-77.1061,38.91864],[-77.10609,38.91864],[-77.10608,38.91863],[-77.10607,38.91862],[-77.10607,38.91861],[-77.10607,38.9186],[-77.10606,38.91859],[-77.10605,38.91858],[-77.10604,38.91857],[-77.10603,38.91856],[-77.10602,38.91856],[-77.10601,38.91857],[-77.106,38.91857],[-77.10599,38.91857],[-77.10598,38.91856],[-77.10598,38.91855],[-77.10597,38.91855],[-77.10597,38.91854],[-77.10597,38.91853],[-77.10596,38.91852],[-77.10597,38.91851],[-77.10597,38.9185],[-77.10595,38.9185],[-77.10594,38.91849],[-77.10593,38.91849],[-77.10592,38.91849],[-77.10592,38.91848],[-77.10591,38.91848],[-77.1059,38.91847],[-77.1059,38.91846],[-77.1059,38.91845],[-77.10589,38.91844],[-77.10589,38.91843],[-77.10588,38.91842],[-77.10588,38.91841],[-77.10587,38.9184],[-77.10586,38.91839],[-77.10586,38.91838],[-77.10587,38.91837],[-77.10586,38.91835],[-77.10586,38.91834],[-77.10586,38.91833],[-77.10585,38.91832],[-77.10585,38.91831],[-77.10584,38.9183],[-77.10583,38.91829],[-77.10582,38.91829],[-77.10581,38.91828],[-77.1058,38.91827],[-77.10579,38.91827],[-77.10578,38.91828],[-77.10578,38.91829],[-77.10577,38.91829],[-77.10576,38.91828],[-77.10576,38.91827],[-77.10576,38.91826],[-77.10576,38.91825],[-77.10575,38.91825],[-77.10575,38.91824],[-77.10575,38.91823],[-77.10576,38.91822],[-77.10577,38.91821],[-77.10577,38.9182],[-77.10576,38.9182],[-77.10576,38.91819],[-77.10575,38.91818],[-77.10575,38.91816],[-77.10574,38.91815],[-77.10575,38.91814],[-77.10576,38.91814],[-77.10576,38.91813],[-77.10576,38.91812],[-77.10575,38.91811],[-77.10576,38.9181],[-77.10576,38.91809],[-77.10576,38.91808],[-77.10576,38.91807],[-77.10575,38.91806],[-77.10575,38.91805],[-77.10574,38.91804],[-77.10573,38.91803],[-77.10573,38.91802],[-77.10572,38.91802],[-77.10573,38.91801],[-77.10573,38.918],[-77.10574,38.91799],[-77.10574,38.91798],[-77.10573,38.91798],[-77.10571,38.91798],[-77.1057,38.91798],[-77.10569,38.91797],[-77.10569,38.91796],[-77.10569,38.91795],[-77.1057,38.91794],[-77.1057,38.91793],[-77.1057,38.91792],[-77.10569,38.91792],[-77.10569,38.91791],[-77.1057,38.91791],[-77.1057,38.9179],[-77.10571,38.9179],[-77.1057,38.91789],[-77.10569,38.91789],[-77.10568,38.91789],[-77.10566,38.91788],[-77.10565,38.91787],[-77.10565,38.91786],[-77.10565,38.91785],[-77.10565,38.91784],[-77.10564,38.91783],[-77.10563,38.91783],[-77.10563,38.91782],[-77.10564,38.91781],[-77.10564,38.9178],[-77.10564,38.91779],[-77.10564,38.91778],[-77.10563,38.91777],[-77.10562,38.91777],[-77.10562,38.91776],[-77.10562,38.91775],[-77.10563,38.91774],[-77.10562,38.91773],[-77.10561,38.91773],[-77.10561,38.91772],[-77.10561,38.91771],[-77.10561,38.9177],[-77.10561,38.91769],[-77.10562,38.91768],[-77.10563,38.91768],[-77.10562,38.91767],[-77.10561,38.91767],[-77.1056,38.91766],[-77.1056,38.91764],[-77.10561,38.91763],[-77.10561,38.91762],[-77.1056,38.91761],[-77.10558,38.9176],[-77.10557,38.9176],[-77.10555,38.91759],[-77.10554,38.91759],[-77.10554,38.91757],[-77.10553,38.91756],[-77.10553,38.91755],[-77.10552,38.91754],[-77.10551,38.91754],[-77.1055,38.91753],[-77.10549,38.91752],[-77.10548,38.91751],[-77.10547,38.9175],[-77.10546,38.91749],[-77.10546,38.91748],[-77.10546,38.91747],[-77.10546,38.91746],[-77.10545,38.91745],[-77.10544,38.91744],[-77.10543,38.91744],[-77.10542,38.91744],[-77.1054,38.91744],[-77.10539,38.91744],[-77.10538,38.91745],[-77.10538,38.91744],[-77.10537,38.91743],[-77.10537,38.91742],[-77.10537,38.9174],[-77.10536,38.91739],[-77.10536,38.91738],[-77.10536,38.91737],[-77.10535,38.91736],[-77.10533,38.91736],[-77.10533,38.91735],[-77.10532,38.91733],[-77.10531,38.91733],[-77.10529,38.91733],[-77.10528,38.91733],[-77.10527,38.91732],[-77.10525,38.91732],[-77.10524,38.91733],[-77.10523,38.91734],[-77.10522,38.91734],[-77.1052,38.91734],[-77.10519,38.91733],[-77.10518,38.91732],[-77.10518,38.91731],[-77.10518,38.9173],[-77.10517,38.9173],[-77.10517,38.91729],[-77.10516,38.91729],[-77.10516,38.91728],[-77.10516,38.91727],[-77.10517,38.91726],[-77.10518,38.91725],[-77.10518,38.91724],[-77.10518,38.91723],[-77.10518,38.91721],[-77.10517,38.9172],[-77.10517,38.91719],[-77.10515,38.91719],[-77.10514,38.91719],[-77.10513,38.91719],[-77.10512,38.91718],[-77.10511,38.91717],[-77.10511,38.91716],[-77.10511,38.91714],[-77.10511,38.91713],[-77.10511,38.91712],[-77.1051,38.9171],[-77.1051,38.91709],[-77.10508,38.91708],[-77.10507,38.91707],[-77.10506,38.91705],[-77.10505,38.91704],[-77.10504,38.91702],[-77.10503,38.91701],[-77.10502,38.91699],[-77.105,38.91698],[-77.10499,38.91697],[-77.10498,38.91695],[-77.10497,38.91694],[-77.10496,38.91693],[-77.10495,38.91692],[-77.10494,38.91691],[-77.10493,38.91689],[-77.10492,38.91688],[-77.1049,38.91686],[-77.10489,38.91685],[-77.10488,38.91683],[-77.10487,38.91682],[-77.10486,38.91681],[-77.10485,38.91679],[-77.10484,38.91678],[-77.10483,38.91677],[-77.10483,38.91676],[-77.10482,38.91675],[-77.10481,38.91674],[-77.1048,38.91672],[-77.10478,38.91671],[-77.10477,38.9167],[-77.10476,38.91668],[-77.10475,38.91667],[-77.10473,38.91666],[-77.10472,38.91665],[-77.10472,38.91663],[-77.10471,38.91662],[-77.1047,38.91661],[-77.10469,38.9166],[-77.10468,38.91659],[-77.10468,38.91658],[-77.10467,38.91657],[-77.10465,38.91655],[-77.10464,38.91654],[-77.10462,38.91653],[-77.10461,38.91651],[-77.10459,38.91649],[-77.10458,38.91648],[-77.10457,38.91646],[-77.10455,38.91645],[-77.10453,38.91643],[-77.10451,38.91641],[-77.10449,38.9164],[-77.10448,38.91638],[-77.10446,38.91636],[-77.10445,38.91635],[-77.10443,38.91633],[-77.10441,38.91632],[-77.1044,38.9163],[-77.10439,38.91628],[-77.10437,38.91627],[-77.10436,38.91625],[-77.10435,38.91623],[-77.10433,38.91622],[-77.10432,38.9162],[-77.1043,38.91619],[-77.10428,38.91617],[-77.10427,38.91616],[-77.10425,38.91614],[-77.10425,38.91612],[-77.10425,38.91611],[-77.10425,38.9161],[-77.10424,38.91608],[-77.10423,38.91607],[-77.10422,38.91605],[-77.10421,38.91604],[-77.1042,38.91602],[-77.10419,38.916],[-77.10418,38.91598],[-77.10416,38.91597],[-77.10415,38.91595],[-77.10414,38.91593],[-77.10413,38.91591],[-77.10413,38.91589],[-77.10412,38.91587],[-77.10411,38.91585],[-77.1041,38.91583],[-77.10409,38.91581],[-77.10409,38.91579],[-77.10408,38.91577],[-77.10407,38.91575],[-77.10407,38.91573],[-77.10406,38.91572],[-77.10405,38.9157],[-77.10404,38.91568],[-77.10404,38.91566],[-77.10403,38.91565],[-77.10402,38.91563],[-77.10402,38.91561],[-77.10402,38.91558],[-77.10402,38.91557],[-77.10401,38.91555],[-77.10401,38.91553],[-77.10401,38.91551],[-77.10401,38.91549],[-77.104,38.91547],[-77.104,38.91545],[-77.104,38.91543],[-77.10399,38.91541],[-77.10399,38.91539],[-77.10398,38.91537],[-77.10397,38.91535],[-77.10397,38.91534],[-77.10395,38.91532],[-77.10395,38.91531],[-77.10394,38.91529],[-77.10393,38.91527],[-77.10392,38.91525],[-77.1039,38.91523],[-77.10388,38.91521],[-77.10387,38.91519],[-77.10386,38.91517],[-77.10384,38.91515],[-77.10383,38.91513],[-77.10382,38.91511],[-77.10381,38.91509],[-77.1038,38.91507],[-77.10379,38.91505],[-77.10378,38.91503],[-77.10377,38.91501],[-77.10376,38.91499],[-77.10375,38.91497],[-77.10374,38.91495],[-77.10373,38.91493],[-77.10372,38.91491],[-77.10371,38.91489],[-77.1037,38.91486],[-77.10369,38.91484],[-77.10368,38.91482],[-77.10367,38.9148],[-77.10366,38.91478],[-77.10365,38.91476],[-77.10365,38.91474],[-77.10364,38.91472],[-77.10363,38.9147],[-77.10363,38.91467],[-77.10363,38.91465],[-77.10363,38.91464],[-77.10362,38.91461],[-77.10362,38.9146],[-77.10361,38.91458],[-77.10361,38.91456],[-77.10361,38.91454],[-77.10361,38.91452],[-77.1036,38.9145],[-77.1036,38.91448],[-77.10359,38.91446],[-77.10358,38.91444],[-77.10357,38.91442],[-77.10356,38.91441],[-77.10356,38.91439],[-77.10355,38.91437],[-77.10354,38.91434],[-77.10353,38.91432],[-77.10353,38.9143],[-77.10352,38.91428],[-77.10352,38.91426],[-77.10352,38.91424],[-77.10351,38.91422],[-77.10351,38.9142],[-77.10351,38.91418],[-77.10351,38.91416],[-77.10351,38.91414],[-77.10352,38.91412],[-77.10352,38.9141],[-77.10352,38.91408],[-77.10352,38.91406],[-77.10352,38.91404],[-77.10352,38.91402],[-77.10352,38.914],[-77.10352,38.91398],[-77.10352,38.91396],[-77.10352,38.91395],[-77.10352,38.91394],[-77.10352,38.91393],[-77.10352,38.91391],[-77.10352,38.9139],[-77.10352,38.91388],[-77.10351,38.91386],[-77.10351,38.91384],[-77.1035,38.91383],[-77.1035,38.91381],[-77.10349,38.91379],[-77.10349,38.91378],[-77.10349,38.9137],[-77.10349,38.91368],[-77.10349,38.91365],[-77.10349,38.91362],[-77.10349,38.91359],[-77.1035,38.91356],[-77.1035,38.91353],[-77.1035,38.91351],[-77.1035,38.91348],[-77.10349,38.91346],[-77.10348,38.91343],[-77.10347,38.91341],[-77.10346,38.91338],[-77.10346,38.91336],[-77.10346,38.91333],[-77.10345,38.91331],[-77.10344,38.91328],[-77.10342,38.91325],[-77.1034,38.91323],[-77.10338,38.9132],[-77.10336,38.91317],[-77.10334,38.91314],[-77.10332,38.91311],[-77.1033,38.91309],[-77.10328,38.91306],[-77.10326,38.91303],[-77.10324,38.913],[-77.10323,38.91297],[-77.10321,38.91295],[-77.10319,38.91292],[-77.10316,38.91289],[-77.10314,38.91286],[-77.10312,38.91283],[-77.10311,38.91281],[-77.10309,38.91278],[-77.10307,38.91275],[-77.10305,38.91273],[-77.10302,38.91271],[-77.10299,38.91269],[-77.10296,38.91267],[-77.10293,38.91266],[-77.10291,38.91264],[-77.10288,38.91263],[-77.10285,38.91263],[-77.10282,38.91262],[-77.10279,38.91261],[-77.10277,38.9126],[-77.10275,38.91259],[-77.10273,38.91258],[-77.10271,38.91257],[-77.1027,38.91256],[-77.1027,38.91254],[-77.1027,38.91253],[-77.1027,38.91251],[-77.1027,38.91249],[-77.10268,38.91247],[-77.10266,38.91245],[-77.10264,38.91243],[-77.10262,38.91241],[-77.1026,38.91239],[-77.10258,38.91237],[-77.10255,38.91236],[-77.10253,38.91235],[-77.1025,38.91235],[-77.10247,38.91235],[-77.10245,38.91235],[-77.10244,38.91234],[-77.10242,38.91233],[-77.1024,38.91231],[-77.10239,38.91229],[-77.10237,38.91227],[-77.10235,38.91225],[-77.10234,38.91222],[-77.10232,38.9122],[-77.1023,38.91218],[-77.10227,38.91216],[-77.10225,38.91213],[-77.10223,38.91211],[-77.10221,38.91209],[-77.10219,38.91206],[-77.10217,38.91205],[-77.10215,38.91204],[-77.10213,38.91204],[-77.10211,38.91203],[-77.10211,38.91202],[-77.1021,38.912],[-77.1021,38.91199],[-77.10209,38.91197],[-77.10207,38.91196],[-77.10205,38.91194],[-77.10204,38.91192],[-77.10202,38.91191],[-77.10201,38.91191],[-77.102,38.91191],[-77.10199,38.9119],[-77.10197,38.91189],[-77.10197,38.91188],[-77.10196,38.91187],[-77.10194,38.91186],[-77.10192,38.91184],[-77.1019,38.91183],[-77.10188,38.91181],[-77.10187,38.9118],[-77.10185,38.91179],[-77.10183,38.91178],[-77.10182,38.91178],[-77.10181,38.91177],[-77.1018,38.91177],[-77.10179,38.91177],[-77.10178,38.91176],[-77.10178,38.91175],[-77.10177,38.91174],[-77.10177,38.91173],[-77.10176,38.91172],[-77.10175,38.91171],[-77.10173,38.9117],[-77.10171,38.91169],[-77.1017,38.91167],[-77.10168,38.91166],[-77.10167,38.91166],[-77.10166,38.91165],[-77.10165,38.91164],[-77.10163,38.91163],[-77.10162,38.91161],[-77.1016,38.9116],[-77.10158,38.91158],[-77.10156,38.91157],[-77.10154,38.91156],[-77.10153,38.91156],[-77.10152,38.91156],[-77.10151,38.91156],[-77.1015,38.91156],[-77.10149,38.91157],[-77.10148,38.91158],[-77.10147,38.91158],[-77.10146,38.91159],[-77.10145,38.91159],[-77.10145,38.91158],[-77.10145,38.91157],[-77.10144,38.91156],[-77.10142,38.91155],[-77.10141,38.91155],[-77.1014,38.91154],[-77.10139,38.91154],[-77.10138,38.91153],[-77.10137,38.91151],[-77.10136,38.9115],[-77.10135,38.91149],[-77.10134,38.91148],[-77.10134,38.91147],[-77.10134,38.91146],[-77.10133,38.91146],[-77.10131,38.91145],[-77.10128,38.91144],[-77.10126,38.91143],[-77.10125,38.91142],[-77.10123,38.91141],[-77.10122,38.91141],[-77.1012,38.91141],[-77.10119,38.91141],[-77.10118,38.9114],[-77.10117,38.91139],[-77.10116,38.91138],[-77.10114,38.91138],[-77.10113,38.91138],[-77.10111,38.91138],[-77.10111,38.91137],[-77.10111,38.91136],[-77.10111,38.91134],[-77.10109,38.91134],[-77.10108,38.91133],[-77.10106,38.91132],[-77.10104,38.9113],[-77.10102,38.91129],[-77.101,38.91128],[-77.10097,38.91126],[-77.10095,38.91125],[-77.10093,38.91124],[-77.1009,38.91123],[-77.10088,38.91123],[-77.10086,38.91122],[-77.10085,38.9112],[-77.10084,38.91119],[-77.10083,38.91118],[-77.10082,38.91117],[-77.1008,38.91116],[-77.10078,38.91116],[-77.10076,38.91116],[-77.10075,38.91116],[-77.10074,38.91116],[-77.10073,38.91116],[-77.10071,38.91115],[-77.10072,38.91114],[-77.10073,38.91113],[-77.10073,38.91112],[-77.10072,38.91111],[-77.10071,38.9111],[-77.1007,38.91109],[-77.10069,38.91109],[-77.10069,38.91108],[-77.10068,38.91107],[-77.10066,38.91106],[-77.10065,38.91105],[-77.10063,38.91104],[-77.10061,38.91102],[-77.10059,38.911],[-77.10057,38.91098],[-77.10055,38.91097],[-77.10052,38.91095],[-77.1005,38.91093],[-77.10048,38.91091],[-77.10046,38.91089],[-77.10044,38.91087],[-77.10042,38.91085],[-77.10041,38.91084],[-77.10039,38.91082],[-77.10037,38.9108],[-77.10035,38.91078],[-77.10033,38.91077],[-77.10031,38.91076],[-77.10029,38.91075],[-77.10027,38.91074],[-77.10025,38.91073],[-77.10023,38.91072],[-77.10021,38.91071],[-77.1002,38.9107],[-77.1002,38.91069],[-77.10019,38.91068],[-77.10017,38.91068],[-77.10016,38.91067],[-77.10014,38.91065],[-77.10014,38.91064],[-77.10014,38.91062],[-77.10014,38.9106],[-77.10014,38.91058],[-77.10012,38.91057],[-77.10011,38.91055],[-77.10009,38.91054],[-77.10007,38.91052],[-77.10004,38.9105],[-77.10002,38.91048],[-77.09999,38.91046],[-77.09996,38.91045],[-77.09994,38.91043],[-77.09991,38.91041],[-77.09988,38.91039],[-77.09986,38.91037],[-77.09983,38.91035],[-77.09981,38.91033],[-77.09978,38.91031],[-77.09976,38.91029],[-77.09974,38.91028],[-77.09972,38.91026],[-77.09969,38.91024],[-77.09967,38.91023],[-77.09964,38.91022],[-77.09962,38.91021],[-77.0996,38.91019],[-77.09959,38.91018],[-77.09958,38.91018],[-77.09957,38.91017],[-77.09956,38.91017],[-77.09955,38.91016],[-77.09953,38.91015],[-77.09951,38.91014],[-77.09949,38.91013],[-77.09946,38.91011],[-77.09944,38.91009],[-77.09942,38.91007],[-77.0994,38.91006],[-77.09938,38.91004],[-77.09937,38.91002],[-77.09935,38.91],[-77.09933,38.90999],[-77.09931,38.90997],[-77.0993,38.90995],[-77.09927,38.90994],[-77.09925,38.90992],[-77.09923,38.90991],[-77.09921,38.90989],[-77.09919,38.90988],[-77.09918,38.90986],[-77.09917,38.90984],[-77.09916,38.90982],[-77.09914,38.9098],[-77.09912,38.90979],[-77.09911,38.90978],[-77.0991,38.90979],[-77.09909,38.9098],[-77.09907,38.9098],[-77.09905,38.90978],[-77.09902,38.90976],[-77.099,38.90974],[-77.09898,38.90971],[-77.09895,38.90969],[-77.09893,38.90967],[-77.09891,38.90965],[-77.09889,38.90962],[-77.09886,38.9096],[-77.09884,38.90958],[-77.09882,38.90956],[-77.09879,38.90953],[-77.09877,38.90951],[-77.09875,38.90949],[-77.09873,38.90946],[-77.0987,38.90944],[-77.09868,38.90942],[-77.09866,38.9094],[-77.09864,38.90938],[-77.09863,38.90936],[-77.09861,38.90934],[-77.09859,38.90932],[-77.09857,38.9093],[-77.09855,38.90928],[-77.09853,38.90925],[-77.09851,38.90923],[-77.09849,38.90921],[-77.09848,38.90918],[-77.09846,38.90916],[-77.09844,38.90914],[-77.09842,38.90911],[-77.09841,38.90909],[-77.09839,38.90906],[-77.09838,38.90904],[-77.09836,38.90902],[-77.09834,38.909],[-77.09832,38.90898],[-77.0983,38.90896],[-77.09827,38.90894],[-77.09825,38.90892],[-77.09823,38.90891],[-77.0982,38.90889],[-77.09818,38.90887],[-77.09816,38.90886],[-77.09813,38.90884],[-77.09811,38.90882],[-77.09809,38.9088],[-77.09806,38.90878],[-77.09804,38.90876],[-77.09802,38.90874],[-77.09799,38.90872],[-77.09797,38.9087],[-77.09795,38.90868],[-77.09794,38.90866],[-77.09792,38.90864],[-77.0979,38.90862],[-77.09789,38.9086],[-77.09787,38.90858],[-77.09785,38.90857],[-77.09783,38.90855],[-77.09782,38.90853],[-77.0978,38.90852],[-77.09778,38.9085],[-77.09776,38.90849],[-77.09774,38.90848],[-77.09772,38.90847],[-77.0977,38.90846],[-77.09768,38.90845],[-77.09765,38.90844],[-77.09763,38.90843],[-77.09761,38.90843],[-77.09758,38.90842],[-77.09756,38.90841],[-77.09754,38.9084],[-77.09752,38.9084],[-77.09751,38.90839],[-77.0975,38.90838],[-77.09749,38.90837],[-77.09747,38.90836],[-77.09746,38.90835],[-77.09745,38.90834],[-77.09745,38.90833],[-77.09744,38.90832],[-77.09743,38.90831],[-77.09742,38.90831],[-77.09741,38.9083],[-77.0974,38.9083],[-77.09739,38.90829],[-77.09737,38.90828],[-77.09735,38.90826],[-77.09734,38.90825],[-77.09733,38.90824],[-77.09732,38.90822],[-77.09731,38.90821],[-77.0973,38.90819],[-77.09728,38.90818],[-77.09726,38.90816],[-77.09725,38.90815],[-77.09723,38.90814],[-77.09721,38.90813],[-77.09719,38.90812],[-77.09716,38.90811],[-77.09714,38.90809],[-77.09712,38.90808],[-77.09709,38.90806],[-77.09708,38.90804],[-77.09707,38.90803],[-77.09707,38.90802],[-77.09705,38.908],[-77.09703,38.90798],[-77.09701,38.90797],[-77.09699,38.90796],[-77.09696,38.90794],[-77.09694,38.90792],[-77.09692,38.9079],[-77.0969,38.90789],[-77.09688,38.90787],[-77.09686,38.90785],[-77.09684,38.90783],[-77.09683,38.90782],[-77.09681,38.9078],[-77.09679,38.90777],[-77.09678,38.90775],[-77.09675,38.90773],[-77.09673,38.90772],[-77.09672,38.9077],[-77.0967,38.90769],[-77.09667,38.90767],[-77.09665,38.90766],[-77.09663,38.90764],[-77.09661,38.90762],[-77.09659,38.90761],[-77.09657,38.90759],[-77.09654,38.90758],[-77.0965,38.90757],[-77.09646,38.90755],[-77.09643,38.90754],[-77.09639,38.90753],[-77.09636,38.90752],[-77.09633,38.90751],[-77.09629,38.90749],[-77.09626,38.90748],[-77.09624,38.90747],[-77.09622,38.90746],[-77.0962,38.90745],[-77.09617,38.90743],[-77.09615,38.90741],[-77.09613,38.9074],[-77.09611,38.90738],[-77.09608,38.90736],[-77.09606,38.90734],[-77.09604,38.90733],[-77.09601,38.90731],[-77.09598,38.9073],[-77.09595,38.90729],[-77.09592,38.90728],[-77.09589,38.90727],[-77.09586,38.90726],[-77.09583,38.90725],[-77.0958,38.90724],[-77.09576,38.90722],[-77.09573,38.9072],[-77.0957,38.90719],[-77.09568,38.90718],[-77.09566,38.90717],[-77.09565,38.90716],[-77.09563,38.90715],[-77.09562,38.90715],[-77.09561,38.90714],[-77.0956,38.90714],[-77.09559,38.90713],[-77.09558,38.90713],[-77.09557,38.90712],[-77.09556,38.90711],[-77.09555,38.90711],[-77.09554,38.9071],[-77.09553,38.9071],[-77.09552,38.90709],[-77.09551,38.90709],[-77.0955,38.90708],[-77.09549,38.90708],[-77.09548,38.90707],[-77.09547,38.90707],[-77.09546,38.90706],[-77.09545,38.90706],[-77.09544,38.90705],[-77.09543,38.90705],[-77.09542,38.90705],[-77.0954,38.90704],[-77.09539,38.90704],[-77.09538,38.90703],[-77.09537,38.90703],[-77.09536,38.90703],[-77.09535,38.90703],[-77.09533,38.90703],[-77.09531,38.90702],[-77.0953,38.90702],[-77.09529,38.90701],[-77.09528,38.90701],[-77.09528,38.907],[-77.09527,38.907],[-77.09526,38.90699],[-77.09524,38.90698],[-77.09523,38.90697],[-77.09521,38.90697],[-77.09519,38.90696],[-77.09518,38.90695],[-77.09516,38.90695],[-77.09514,38.90694],[-77.09513,38.90693],[-77.09511,38.90692],[-77.09509,38.90691],[-77.09507,38.9069],[-77.09505,38.9069],[-77.09503,38.90689],[-77.09501,38.90688],[-77.095,38.90687],[-77.09499,38.90686],[-77.09499,38.90685],[-77.09499,38.90683],[-77.09499,38.90682],[-77.09498,38.9068],[-77.09497,38.90679],[-77.09496,38.90678],[-77.09495,38.90677],[-77.09493,38.90676],[-77.09491,38.90675],[-77.09489,38.90675],[-77.09487,38.90675],[-77.09485,38.90675],[-77.09484,38.90675],[-77.09482,38.90674],[-77.0948,38.90674],[-77.09478,38.90674],[-77.09477,38.90673],[-77.09476,38.90672],[-77.09475,38.90671],[-77.09474,38.9067],[-77.09473,38.90669],[-77.09472,38.90668],[-77.0947,38.90667],[-77.09469,38.90666],[-77.09467,38.90665],[-77.09466,38.90664],[-77.09463,38.90663],[-77.09462,38.90662],[-77.0946,38.90661],[-77.09458,38.9066],[-77.09456,38.90658],[-77.09454,38.90657],[-77.09452,38.90656],[-77.0945,38.90654],[-77.09447,38.90653],[-77.09445,38.90652],[-77.09443,38.90651],[-77.09441,38.9065],[-77.09438,38.90648],[-77.09436,38.90647],[-77.09434,38.90646],[-77.09432,38.90645],[-77.0943,38.90643],[-77.09428,38.90642],[-77.09426,38.90641],[-77.09424,38.9064],[-77.09422,38.90638],[-77.0942,38.90637],[-77.09418,38.90636],[-77.09416,38.90635],[-77.09414,38.90634],[-77.09412,38.90633],[-77.0941,38.90632],[-77.09408,38.90631],[-77.09405,38.9063],[-77.09403,38.90629],[-77.09401,38.90628],[-77.09399,38.90627],[-77.09397,38.90625],[-77.09395,38.90624],[-77.09393,38.90623],[-77.09391,38.90622],[-77.09388,38.9062],[-77.09386,38.90619],[-77.09384,38.90618],[-77.09382,38.90617],[-77.0938,38.90616],[-77.09378,38.90615],[-77.09376,38.90614],[-77.09374,38.90613],[-77.09372,38.90612],[-77.0937,38.90611],[-77.09368,38.90609],[-77.09367,38.90608],[-77.09366,38.90607],[-77.09366,38.90605],[-77.09365,38.90604],[-77.09364,38.90602],[-77.09363,38.90601],[-77.09361,38.906],[-77.0936,38.90599],[-77.09358,38.90597],[-77.09356,38.90596],[-77.09355,38.90595],[-77.09353,38.90594],[-77.09352,38.90593],[-77.0935,38.90592],[-77.09349,38.90591],[-77.09348,38.90589],[-77.09348,38.90588],[-77.09348,38.90587],[-77.09348,38.90586],[-77.09348,38.90585],[-77.09348,38.90584],[-77.09347,38.90584],[-77.09346,38.90583],[-77.09345,38.90583],[-77.09344,38.90583],[-77.09343,38.90584],[-77.09342,38.90585],[-77.0934,38.90585],[-77.09339,38.90585],[-77.09337,38.90585],[-77.09336,38.90584],[-77.09335,38.90584],[-77.09333,38.90583],[-77.09332,38.90582],[-77.09331,38.90581],[-77.09329,38.9058],[-77.09328,38.90579],[-77.09326,38.90578],[-77.09325,38.90578],[-77.09322,38.90577],[-77.0932,38.90576],[-77.09318,38.90576],[-77.09316,38.90575],[-77.09314,38.90574],[-77.09311,38.90573],[-77.09309,38.90572],[-77.09307,38.90572],[-77.09305,38.90571],[-77.09302,38.9057],[-77.093,38.90569],[-77.09298,38.90568],[-77.09295,38.90567],[-77.09293,38.90566],[-77.09291,38.90565],[-77.09288,38.90564],[-77.09286,38.90563],[-77.09284,38.90562],[-77.09281,38.90561],[-77.09279,38.9056],[-77.09277,38.90559],[-77.09274,38.90558],[-77.09272,38.90558],[-77.0927,38.90557],[-77.09267,38.90556],[-77.09265,38.90555],[-77.09263,38.90554],[-77.09261,38.90553],[-77.09258,38.90552],[-77.09256,38.90551],[-77.09254,38.9055],[-77.09251,38.90549],[-77.09249,38.90548],[-77.09247,38.90547],[-77.09245,38.90545],[-77.09244,38.90544],[-77.09242,38.90543],[-77.0924,38.90542],[-77.09238,38.9054],[-77.09236,38.90539],[-77.09234,38.90538],[-77.09232,38.90537],[-77.0923,38.90536],[-77.09228,38.90536],[-77.09226,38.90535],[-77.09223,38.90534],[-77.09221,38.90533],[-77.09219,38.90533],[-77.09217,38.90532],[-77.09215,38.90531],[-77.09213,38.9053],[-77.09211,38.9053],[-77.0921,38.90529],[-77.09208,38.90529],[-77.09207,38.90529],[-77.09205,38.90528],[-77.09204,38.90527],[-77.09202,38.90526],[-77.09201,38.90525],[-77.09199,38.90524],[-77.09197,38.90523],[-77.09196,38.90523],[-77.09194,38.90522],[-77.09191,38.90521],[-77.09189,38.9052],[-77.09187,38.9052],[-77.09185,38.90519],[-77.09183,38.90519],[-77.09182,38.90518],[-77.0918,38.90517],[-77.09178,38.90517],[-77.09176,38.90516],[-77.09174,38.90515],[-77.09172,38.90515],[-77.0917,38.90514],[-77.09168,38.90514],[-77.09167,38.90513],[-77.09165,38.90512],[-77.09163,38.90511],[-77.09162,38.9051],[-77.0916,38.90509],[-77.09159,38.90508],[-77.09157,38.90506],[-77.09156,38.90505],[-77.09154,38.90503],[-77.09153,38.90502],[-77.09152,38.90501],[-77.09151,38.905],[-77.0915,38.90499],[-77.09149,38.90498],[-77.09148,38.90496],[-77.09147,38.90495],[-77.09146,38.90494],[-77.09144,38.90493],[-77.09143,38.90492],[-77.09142,38.90491],[-77.0914,38.90491],[-77.09139,38.9049],[-77.09138,38.90489],[-77.09137,38.90488],[-77.09136,38.90488],[-77.09134,38.90488],[-77.09132,38.90488],[-77.0913,38.90487],[-77.09129,38.90487],[-77.09128,38.90488],[-77.09126,38.90487],[-77.09125,38.90487],[-77.09124,38.90487],[-77.09123,38.90487],[-77.09122,38.90487],[-77.0912,38.90487],[-77.09119,38.90488],[-77.09119,38.90489],[-77.09117,38.90489],[-77.09116,38.9049],[-77.09115,38.90491],[-77.09114,38.90492],[-77.09113,38.90492],[-77.09112,38.90493],[-77.09111,38.90492],[-77.0911,38.90491],[-77.09109,38.90491],[-77.09108,38.90491],[-77.09108,38.90492],[-77.09107,38.90493],[-77.09107,38.90494],[-77.09105,38.90494],[-77.09103,38.90494],[-77.09102,38.90494],[-77.09102,38.90493],[-77.09102,38.90492],[-77.09102,38.9049],[-77.09103,38.9049],[-77.09104,38.90489],[-77.09105,38.90488],[-77.09105,38.90487],[-77.09105,38.90486],[-77.09105,38.90485],[-77.09105,38.90484],[-77.09104,38.90484],[-77.09103,38.90483],[-77.09102,38.90483],[-77.091,38.90482],[-77.09099,38.90481],[-77.09097,38.90481],[-77.09095,38.90481],[-77.09094,38.9048],[-77.09093,38.9048],[-77.09092,38.90479],[-77.0909,38.90479],[-77.09089,38.90479],[-77.09087,38.90479],[-77.09085,38.90478],[-77.09084,38.90478],[-77.09082,38.90478],[-77.09081,38.90478],[-77.09079,38.90478],[-77.09078,38.90477],[-77.09077,38.90477],[-77.09076,38.90476],[-77.09075,38.90475],[-77.09075,38.90474],[-77.09074,38.90472],[-77.09074,38.90471],[-77.09073,38.9047],[-77.09072,38.90469],[-77.09072,38.90468],[-77.09071,38.90467],[-77.0907,38.90467],[-77.09069,38.90467],[-77.09068,38.90467],[-77.09068,38.90466],[-77.09068,38.90465],[-77.09067,38.90464],[-77.09067,38.90463],[-77.09067,38.90462],[-77.09066,38.90461],[-77.09064,38.90461],[-77.09063,38.9046],[-77.09062,38.9046],[-77.09061,38.90459],[-77.0906,38.90458],[-77.09059,38.90457],[-77.09058,38.90456],[-77.09057,38.90456],[-77.09056,38.90455],[-77.09055,38.90454],[-77.09054,38.90454],[-77.09053,38.90453],[-77.09051,38.90453],[-77.09049,38.90452],[-77.09048,38.90452],[-77.09047,38.90451],[-77.09046,38.90451],[-77.09044,38.90451],[-77.09042,38.9045],[-77.0904,38.90449],[-77.09038,38.90448],[-77.09036,38.90447],[-77.09034,38.90447],[-77.09032,38.90446],[-77.0903,38.90445],[-77.09028,38.90444],[-77.09026,38.90442],[-77.09023,38.90441],[-77.09022,38.9044],[-77.0902,38.90439],[-77.09018,38.90438],[-77.09017,38.90437],[-77.09016,38.90436],[-77.09016,38.90434],[-77.09015,38.90434],[-77.09014,38.90434],[-77.09013,38.90435],[-77.09012,38.90435],[-77.09011,38.90435],[-77.0901,38.90434],[-77.09009,38.90434],[-77.09007,38.90433],[-77.09005,38.90432],[-77.09004,38.90431],[-77.09002,38.9043],[-77.09,38.90429],[-77.08998,38.90427],[-77.08996,38.90426],[-77.08994,38.90425],[-77.08992,38.90424],[-77.08989,38.90423],[-77.08987,38.90422],[-77.08985,38.90421],[-77.08983,38.9042],[-77.0898,38.90419],[-77.08978,38.90417],[-77.08975,38.90416],[-77.08973,38.90414],[-77.08971,38.90413],[-77.08969,38.90412],[-77.08967,38.90411],[-77.08965,38.9041],[-77.08963,38.90409],[-77.08961,38.90408],[-77.08959,38.90407],[-77.08957,38.90406],[-77.08956,38.90405],[-77.08954,38.90404],[-77.08952,38.90403],[-77.08949,38.90402],[-77.08947,38.90401],[-77.08945,38.904],[-77.08943,38.90399],[-77.08942,38.90398],[-77.0894,38.90397],[-77.08939,38.90396],[-77.08937,38.90395],[-77.08935,38.90394],[-77.08933,38.90393],[-77.08931,38.90392],[-77.08929,38.90391],[-77.08927,38.90391],[-77.08925,38.9039],[-77.08923,38.90389],[-77.08921,38.90389],[-77.08919,38.90388],[-77.08917,38.90387],[-77.08915,38.90386],[-77.08913,38.90386],[-77.08912,38.90385],[-77.0891,38.90385],[-77.08908,38.90384],[-77.08906,38.90384],[-77.08905,38.90383],[-77.08904,38.90382],[-77.08903,38.90381],[-77.08902,38.9038],[-77.08901,38.90379],[-77.089,38.90379],[-77.08899,38.90378],[-77.08897,38.90377],[-77.08896,38.90376],[-77.08894,38.90375],[-77.08892,38.90375],[-77.0889,38.90374],[-77.08888,38.90373],[-77.08887,38.90372],[-77.08886,38.90371],[-77.08884,38.9037],[-77.08882,38.90369],[-77.0888,38.90367],[-77.08879,38.90366],[-77.08877,38.90366],[-77.08875,38.90365],[-77.08873,38.90364],[-77.08871,38.90364],[-77.08869,38.90363],[-77.08867,38.90363],[-77.08865,38.90363],[-77.08863,38.90363],[-77.08861,38.90362],[-77.08859,38.90362],[-77.08857,38.90362],[-77.08856,38.90361],[-77.08855,38.9036],[-77.08855,38.90359],[-77.08855,38.90358],[-77.08854,38.90357],[-77.08853,38.90356],[-77.08852,38.90355],[-77.08851,38.90354],[-77.08849,38.90353],[-77.08846,38.90352],[-77.08844,38.90351],[-77.08842,38.9035],[-77.0884,38.9035],[-77.08838,38.90349],[-77.08836,38.90348],[-77.08835,38.90348],[-77.08833,38.90347],[-77.08831,38.90346],[-77.08829,38.90345],[-77.08827,38.90345],[-77.08825,38.90344],[-77.08824,38.90343],[-77.08822,38.90342],[-77.08819,38.90341],[-77.08818,38.9034],[-77.08816,38.90339],[-77.08815,38.90338],[-77.08813,38.90338],[-77.08812,38.90338],[-77.0881,38.90337],[-77.08808,38.90337],[-77.08806,38.90336],[-77.08804,38.90335],[-77.08802,38.90334],[-77.08801,38.90334],[-77.08798,38.90333],[-77.08796,38.90333],[-77.08794,38.90332],[-77.08793,38.90331],[-77.08791,38.90331],[-77.0879,38.90331],[-77.08788,38.90331],[-77.08786,38.90331],[-77.08784,38.9033],[-77.08782,38.9033],[-77.08781,38.90329],[-77.08779,38.90329],[-77.08778,38.9033],[-77.08776,38.9033],[-77.08774,38.90331],[-77.08772,38.90332],[-77.08771,38.90333],[-77.08769,38.90334],[-77.08767,38.90335],[-77.08765,38.90335],[-77.08765,38.90334],[-77.08764,38.90333],[-77.08765,38.90333],[-77.08765,38.90331],[-77.08766,38.9033],[-77.08767,38.90329],[-77.08767,38.90328],[-77.08768,38.90326],[-77.08768,38.90325],[-77.08767,38.90324],[-77.08767,38.90323],[-77.08766,38.90322],[-77.08764,38.90321],[-77.08762,38.9032],[-77.0876,38.9032],[-77.08758,38.90319],[-77.08756,38.90319],[-77.08754,38.90318],[-77.08752,38.90318],[-77.0875,38.90318],[-77.08748,38.90318],[-77.08746,38.90318],[-77.08744,38.90318],[-77.08742,38.90317],[-77.08739,38.90317],[-77.08737,38.90317],[-77.08735,38.90317],[-77.08734,38.90317],[-77.08733,38.90318],[-77.08732,38.90318],[-77.08731,38.90317],[-77.0873,38.90317],[-77.08728,38.90317],[-77.08726,38.90317],[-77.08725,38.90317],[-77.08724,38.90318],[-77.08723,38.90318],[-77.08721,38.90319],[-77.0872,38.90319],[-77.08718,38.90319],[-77.08716,38.90319],[-77.08714,38.90319],[-77.08714,38.9032],[-77.08713,38.90321],[-77.08712,38.90321],[-77.08711,38.90322],[-77.08711,38.90321],[-77.0871,38.90321],[-77.08709,38.9032],[-77.08709,38.90321],[-77.08708,38.90321],[-77.08707,38.90321],[-77.08707,38.9032],[-77.08706,38.9032],[-77.08705,38.9032],[-77.08704,38.9032],[-77.08703,38.9032],[-77.08702,38.90321],[-77.08701,38.90321],[-77.087,38.90321],[-77.08699,38.90322],[-77.08698,38.90322],[-77.08697,38.90321],[-77.08697,38.9032],[-77.08696,38.90319],[-77.08696,38.90318],[-77.08695,38.90318],[-77.08694,38.90318],[-77.08693,38.90319],[-77.08691,38.90319],[-77.0869,38.90319],[-77.08689,38.90319],[-77.08689,38.90318],[-77.08689,38.90317],[-77.0869,38.90316],[-77.0869,38.90315],[-77.08691,38.90314],[-77.08692,38.90313],[-77.08691,38.90312],[-77.08691,38.90311],[-77.0869,38.9031],[-77.08689,38.9031],[-77.08688,38.90309],[-77.08687,38.90308],[-77.08686,38.90307],[-77.08685,38.90306],[-77.08684,38.90305],[-77.08682,38.90304],[-77.08681,38.90304],[-77.08679,38.90303],[-77.08678,38.90303],[-77.08677,38.90303],[-77.08676,38.90302],[-77.08674,38.90302],[-77.08673,38.90302],[-77.08671,38.90302],[-77.08671,38.90301],[-77.0867,38.90301],[-77.08668,38.903],[-77.08667,38.90299],[-77.08666,38.90298],[-77.08665,38.90299],[-77.08663,38.90299],[-77.08662,38.90299],[-77.0866,38.90299],[-77.08659,38.90299],[-77.08657,38.90298],[-77.08656,38.90298],[-77.08655,38.90297],[-77.08654,38.90296],[-77.08653,38.90296],[-77.08652,38.90296],[-77.0865,38.90296],[-77.08649,38.90296],[-77.08647,38.90296],[-77.08645,38.90296],[-77.08643,38.90295],[-77.08641,38.90295],[-77.08639,38.90295],[-77.08637,38.90294],[-77.08634,38.90294],[-77.08632,38.90293],[-77.08629,38.90293],[-77.08627,38.90292],[-77.08626,38.90292],[-77.08624,38.90292],[-77.08622,38.90291],[-77.08621,38.90291],[-77.0862,38.9029],[-77.08618,38.9029],[-77.08617,38.90289],[-77.08615,38.90289],[-77.08614,38.90288],[-77.08613,38.90288],[-77.08612,38.90287],[-77.08611,38.90286],[-77.08609,38.90286],[-77.08607,38.90286],[-77.08607,38.90285],[-77.08606,38.90285],[-77.08605,38.90285],[-77.08603,38.90285],[-77.08601,38.90284],[-77.086,38.90284],[-77.08598,38.90283],[-77.08596,38.90283],[-77.08594,38.90282],[-77.08593,38.90282],[-77.08591,38.90281],[-77.08589,38.90281],[-77.08587,38.90281],[-77.08584,38.9028],[-77.08582,38.9028],[-77.0858,38.9028],[-77.08578,38.90279],[-77.08576,38.90278],[-77.08573,38.90278],[-77.08571,38.90277],[-77.08569,38.90277],[-77.08567,38.90276],[-77.08566,38.90276],[-77.08563,38.90275],[-77.08561,38.90275],[-77.08559,38.90274],[-77.08558,38.90274],[-77.08556,38.90273],[-77.08555,38.90273],[-77.08555,38.90272],[-77.08554,38.90272],[-77.08553,38.90272],[-77.08551,38.90271],[-77.0855,38.90272],[-77.08548,38.90272],[-77.08547,38.90273],[-77.08546,38.90273],[-77.08545,38.90273],[-77.08544,38.90273],[-77.08542,38.90273],[-77.0854,38.90273],[-77.08538,38.90273],[-77.08536,38.90272],[-77.08534,38.90272],[-77.08532,38.90271],[-77.08531,38.90271],[-77.0853,38.90271],[-77.08528,38.9027],[-77.08526,38.9027],[-77.08524,38.9027],[-77.08523,38.90269],[-77.08521,38.90269],[-77.0852,38.90269],[-77.0852,38.90268],[-77.0852,38.90267],[-77.08519,38.90267],[-77.08518,38.90266],[-77.08517,38.90266],[-77.08516,38.90265],[-77.08515,38.90264],[-77.08514,38.90263],[-77.08514,38.90262],[-77.08513,38.90262],[-77.08512,38.90261],[-77.0851,38.90261],[-77.08508,38.9026],[-77.08507,38.9026],[-77.08506,38.90261],[-77.08505,38.90261],[-77.08503,38.90262],[-77.08502,38.90262],[-77.085,38.90262],[-77.08499,38.90263],[-77.08497,38.90263],[-77.08496,38.90263],[-77.08495,38.90264],[-77.08494,38.90265],[-77.08493,38.90266],[-77.08493,38.90267],[-77.08492,38.90268],[-77.08491,38.90269],[-77.0849,38.90269],[-77.08489,38.90268],[-77.08489,38.90267],[-77.08489,38.90266],[-77.08489,38.90265],[-77.08488,38.90264],[-77.08487,38.90264],[-77.08486,38.90264],[-77.08485,38.90265],[-77.08484,38.90265],[-77.08482,38.90265],[-77.08481,38.90265],[-77.08479,38.90265],[-77.08477,38.90265],[-77.08475,38.90265],[-77.08473,38.90265],[-77.08471,38.90265],[-77.08468,38.90265],[-77.08466,38.90264],[-77.08463,38.90264],[-77.08461,38.90264],[-77.08458,38.90264],[-77.08456,38.90263],[-77.08455,38.90263],[-77.08453,38.90263],[-77.08452,38.90263],[-77.08451,38.90262],[-77.08451,38.90261],[-77.0845,38.9026],[-77.08448,38.90259],[-77.08447,38.90259],[-77.08445,38.90258],[-77.08443,38.90259],[-77.08442,38.90258],[-77.0844,38.90258],[-77.08439,38.90258],[-77.08438,38.90259],[-77.08436,38.90259],[-77.08435,38.90258],[-77.08434,38.90258],[-77.08433,38.90258],[-77.08432,38.90258],[-77.0843,38.90257],[-77.08429,38.90258],[-77.08428,38.90259],[-77.08427,38.9026],[-77.08426,38.90261],[-77.08425,38.90262],[-77.08424,38.90262],[-77.08423,38.90263],[-77.08422,38.90263],[-77.08421,38.90263],[-77.0842,38.90263],[-77.08418,38.90263],[-77.08417,38.90263],[-77.08415,38.90263],[-77.08413,38.90262],[-77.08412,38.90262],[-77.0841,38.90261],[-77.08408,38.90261],[-77.08407,38.90261],[-77.08407,38.90262],[-77.08406,38.90262],[-77.08405,38.90262],[-77.08404,38.90262],[-77.08402,38.90262],[-77.084,38.90262],[-77.08398,38.90262],[-77.08396,38.90261],[-77.08395,38.9026],[-77.08394,38.9026],[-77.08393,38.90259],[-77.08392,38.90258],[-77.08391,38.90257],[-77.0839,38.90257],[-77.08389,38.90256],[-77.08387,38.90256],[-77.08385,38.90256],[-77.08383,38.90256],[-77.08382,38.90256],[-77.0838,38.90256],[-77.08377,38.90255],[-77.08375,38.90255],[-77.08373,38.90254],[-77.08371,38.90254],[-77.08369,38.90253],[-77.08367,38.90253],[-77.08365,38.90252],[-77.08363,38.90251],[-77.08362,38.90251],[-77.0836,38.9025],[-77.08359,38.9025],[-77.08358,38.9025],[-77.08356,38.90249],[-77.08354,38.90248],[-77.08353,38.90248],[-77.08352,38.90248],[-77.08351,38.90248],[-77.08349,38.90247],[-77.08347,38.90247],[-77.08345,38.90246],[-77.08343,38.90246],[-77.08341,38.90246],[-77.08339,38.90246],[-77.08337,38.90246],[-77.08335,38.90246],[-77.08333,38.90246],[-77.0833,38.90246],[-77.08328,38.90246],[-77.08326,38.90246],[-77.08324,38.90246],[-77.08322,38.90246],[-77.0832,38.90246],[-77.08318,38.90246],[-77.08317,38.90245],[-77.08316,38.90245],[-77.08315,38.90245],[-77.08313,38.90245],[-77.08311,38.90245],[-77.08309,38.90245],[-77.08307,38.90244],[-77.08305,38.90243],[-77.08303,38.90243],[-77.08301,38.90242],[-77.083,38.90241],[-77.08299,38.90241],[-77.08298,38.90241],[-77.08296,38.9024],[-77.08294,38.9024],[-77.08292,38.90239],[-77.0829,38.90239],[-77.08288,38.90238],[-77.08287,38.90237],[-77.08285,38.90236],[-77.08283,38.90235],[-77.08282,38.90234],[-77.08281,38.90233],[-77.0828,38.90231],[-77.08279,38.9023],[-77.08279,38.90229],[-77.08279,38.90228],[-77.08279,38.90227],[-77.08261,38.90227],[-77.08261,38.90228],[-77.0826,38.90228],[-77.0826,38.90229],[-77.0826,38.9023],[-77.08259,38.90231],[-77.08259,38.90232],[-77.08259,38.90233],[-77.08259,38.90234],[-77.08258,38.90235],[-77.08257,38.90235],[-77.08256,38.90234],[-77.08255,38.90235],[-77.08254,38.90235],[-77.08253,38.90235],[-77.08252,38.90236],[-77.08251,38.90236],[-77.0825,38.90237],[-77.08248,38.90238],[-77.08247,38.90239],[-77.08245,38.9024],[-77.08243,38.90241],[-77.08241,38.90241],[-77.08238,38.90241],[-77.08236,38.90241],[-77.08233,38.90241],[-77.08231,38.90241],[-77.08228,38.90241],[-77.08227,38.90241],[-77.08225,38.90241],[-77.08223,38.9024],[-77.08222,38.9024],[-77.08221,38.9024],[-77.08219,38.9024],[-77.08217,38.9024],[-77.08214,38.90239],[-77.08211,38.90239],[-77.08209,38.90238],[-77.08207,38.90238],[-77.08206,38.90237],[-77.08204,38.90238],[-77.08202,38.90238],[-77.082,38.90238],[-77.08197,38.90237],[-77.08194,38.90236],[-77.08192,38.90235],[-77.0819,38.90235],[-77.08188,38.90236],[-77.08186,38.90237],[-77.08185,38.90238],[-77.08184,38.90239],[-77.08184,38.90241],[-77.08184,38.90242],[-77.08184,38.90243],[-77.08182,38.90243],[-77.08181,38.90243],[-77.08179,38.90243],[-77.08177,38.90242],[-77.08176,38.90241],[-77.08175,38.90239],[-77.08173,38.90238],[-77.08172,38.90237],[-77.08171,38.90236],[-77.08169,38.90237],[-77.08168,38.90238],[-77.08167,38.90239],[-77.08166,38.9024],[-77.08164,38.90241],[-77.08163,38.90241],[-77.08161,38.90241],[-77.08159,38.9024],[-77.08157,38.90239],[-77.08156,38.90238],[-77.08155,38.90237],[-77.08154,38.90236],[-77.08154,38.90235],[-77.08154,38.90234],[-77.08152,38.90233],[-77.0815,38.90232],[-77.08149,38.90232],[-77.08147,38.90232],[-77.08145,38.90233],[-77.08144,38.90233],[-77.08142,38.90234],[-77.08139,38.90234],[-77.08138,38.90234],[-77.08136,38.90234],[-77.08136,38.90235],[-77.08137,38.90236],[-77.08137,38.90237],[-77.08137,38.90239],[-77.08136,38.9024],[-77.08134,38.90241],[-77.08133,38.90241],[-77.08131,38.90242],[-77.08129,38.90242],[-77.08127,38.90242],[-77.08126,38.90241],[-77.08126,38.90239],[-77.08127,38.90238],[-77.08126,38.90237],[-77.08125,38.90236],[-77.08123,38.90236],[-77.08122,38.90235],[-77.0812,38.90234],[-77.08117,38.90234],[-77.08114,38.90234],[-77.08111,38.90234],[-77.08109,38.90234],[-77.08106,38.90234],[-77.08104,38.90234],[-77.08101,38.90234],[-77.08098,38.90234],[-77.08094,38.90234],[-77.08091,38.90234],[-77.08088,38.90235],[-77.08085,38.90235],[-77.08082,38.90234],[-77.08079,38.90234],[-77.08076,38.90233],[-77.08073,38.90233],[-77.0807,38.90233],[-77.08066,38.90233],[-77.08062,38.90234],[-77.08058,38.90234],[-77.08054,38.90234],[-77.0805,38.90233],[-77.08045,38.90233],[-77.0804,38.90233],[-77.08036,38.90233],[-77.08033,38.90233],[-77.08029,38.90233],[-77.08026,38.90232],[-77.08023,38.90232],[-77.0802,38.90231],[-77.08017,38.9023],[-77.08014,38.9023],[-77.08011,38.90231],[-77.08008,38.90231],[-77.08004,38.90231],[-77.08,38.90232],[-77.07997,38.90232],[-77.07993,38.90233],[-77.07988,38.90233],[-77.07984,38.90234],[-77.07981,38.90234],[-77.07977,38.90235],[-77.07973,38.90236],[-77.07968,38.90237],[-77.07965,38.90238],[-77.07962,38.90239],[-77.07959,38.9024],[-77.07956,38.9024],[-77.07952,38.90241],[-77.07949,38.90241],[-77.07947,38.90241],[-77.07944,38.90241],[-77.07941,38.90241],[-77.07939,38.90241],[-77.07936,38.90241],[-77.07934,38.90242],[-77.07932,38.90243],[-77.0793,38.90244],[-77.07928,38.90245],[-77.07927,38.90246],[-77.07925,38.90247],[-77.07924,38.90247],[-77.07922,38.90246],[-77.07919,38.90245],[-77.07917,38.90245],[-77.07916,38.90244],[-77.07917,38.90243],[-77.07916,38.90241],[-77.07916,38.9024],[-77.07915,38.90238],[-77.07914,38.90237],[-77.07912,38.90236],[-77.07911,38.90235],[-77.07908,38.90235],[-77.07905,38.90234],[-77.07902,38.90233],[-77.07898,38.90232],[-77.07895,38.90231],[-77.07891,38.90231],[-77.07888,38.90231],[-77.07883,38.90231],[-77.0788,38.90231],[-77.07876,38.90232],[-77.07873,38.90232],[-77.07869,38.90232],[-77.07864,38.90233],[-77.07861,38.90233],[-77.07857,38.90234],[-77.07853,38.90234],[-77.07849,38.90234],[-77.07845,38.90235],[-77.07843,38.90235],[-77.07841,38.90236],[-77.07838,38.90236],[-77.07836,38.90237],[-77.07833,38.90237],[-77.0783,38.90238],[-77.07827,38.90238],[-77.07825,38.90238],[-77.07822,38.90237],[-77.0782,38.90237],[-77.07818,38.90236],[-77.07816,38.90234],[-77.07814,38.90233],[-77.07812,38.90232],[-77.07809,38.9023],[-77.07806,38.90229],[-77.07803,38.90228],[-77.078,38.90227],[-77.07797,38.90227],[-77.07793,38.90226],[-77.0779,38.90226],[-77.07786,38.90226],[-77.07782,38.90225],[-77.07778,38.90225],[-77.07775,38.90225],[-77.07772,38.90226],[-77.07769,38.90226],[-77.07766,38.90227],[-77.07764,38.90226],[-77.07761,38.90225],[-77.07759,38.90224],[-77.07758,38.90222],[-77.07757,38.9022],[-77.07755,38.90219],[-77.07752,38.90218],[-77.07749,38.90218],[-77.07745,38.90217],[-77.07741,38.90217],[-77.07737,38.90216],[-77.07732,38.90216],[-77.07727,38.90216],[-77.07723,38.90215],[-77.07719,38.90215],[-77.07715,38.90214],[-77.07711,38.90213],[-77.07707,38.90212],[-77.07703,38.90211],[-77.07699,38.9021],[-77.07696,38.90209],[-77.07692,38.90207],[-77.07689,38.90205],[-77.07686,38.90204],[-77.07683,38.90203],[-77.07681,38.90201],[-77.07678,38.90199],[-77.07675,38.90198],[-77.07671,38.90198],[-77.07668,38.90197],[-77.07664,38.90197],[-77.07661,38.90197],[-77.07657,38.90196],[-77.07655,38.90196],[-77.07652,38.90195],[-77.07649,38.90194],[-77.07647,38.90193],[-77.07644,38.90192],[-77.0764,38.90191],[-77.07637,38.9019],[-77.07634,38.90189],[-77.07631,38.90188],[-77.07628,38.90188],[-77.07625,38.90187],[-77.07622,38.90186],[-77.07616,38.90184],[-77.07614,38.90183],[-77.07613,38.90183],[-77.07611,38.90182],[-77.07609,38.90182],[-77.07607,38.90181],[-77.07605,38.90181],[-77.07603,38.90181],[-77.07601,38.90181],[-77.076,38.90182],[-77.07599,38.90182],[-77.07598,38.90181],[-77.07596,38.90181],[-77.07594,38.90181],[-77.07592,38.9018],[-77.0759,38.90179],[-77.07588,38.90179],[-77.07586,38.90178],[-77.07583,38.90177],[-77.07581,38.90175],[-77.07578,38.90174],[-77.07576,38.90173],[-77.07574,38.90172],[-77.07571,38.90171],[-77.07568,38.90171],[-77.07565,38.9017],[-77.07562,38.90169],[-77.07559,38.90168],[-77.07557,38.90167],[-77.07553,38.90166],[-77.0755,38.90165],[-77.07547,38.90164],[-77.07544,38.90163],[-77.07541,38.90162],[-77.07538,38.90161],[-77.07535,38.90161],[-77.07532,38.9016],[-77.07529,38.90159],[-77.07525,38.90158],[-77.07522,38.90158],[-77.07519,38.90157],[-77.07518,38.90157],[-77.07517,38.90156],[-77.07503,38.90153],[-77.07481,38.90147],[-77.0748,38.90147],[-77.07476,38.90146],[-77.07472,38.90145],[-77.07469,38.90145],[-77.07465,38.90144],[-77.07462,38.90144],[-77.07459,38.90143],[-77.07455,38.90143],[-77.07452,38.90142],[-77.07448,38.90142],[-77.07445,38.90141],[-77.07442,38.9014],[-77.07439,38.90139],[-77.07435,38.90138],[-77.07432,38.90137],[-77.07428,38.90136],[-77.07425,38.90136],[-77.07422,38.90135],[-77.07418,38.90134],[-77.07415,38.90133],[-77.07413,38.90133],[-77.0741,38.90132],[-77.07407,38.90132],[-77.07405,38.90131],[-77.07402,38.9013],[-77.074,38.90129],[-77.07397,38.90128],[-77.07395,38.90128],[-77.07392,38.90127],[-77.0739,38.90126],[-77.07387,38.90125],[-77.07384,38.90125],[-77.07382,38.90124],[-77.0738,38.90124],[-77.07378,38.90123],[-77.07376,38.90122],[-77.07374,38.90122],[-77.07372,38.90121],[-77.0737,38.90121],[-77.07367,38.9012],[-77.07364,38.90119],[-77.07362,38.90119],[-77.07359,38.90118],[-77.07356,38.90117],[-77.07352,38.90116],[-77.07349,38.90115],[-77.07345,38.90115],[-77.07342,38.90114],[-77.0734,38.90113],[-77.07337,38.90113],[-77.07334,38.90112],[-77.07332,38.90112],[-77.07331,38.90112],[-77.07329,38.90112],[-77.07327,38.90112],[-77.07324,38.90111],[-77.07321,38.90111],[-77.07318,38.90111],[-77.07315,38.90111],[-77.07311,38.9011],[-77.07308,38.9011],[-77.07305,38.9011],[-77.07301,38.9011],[-77.07298,38.90109],[-77.07294,38.90109],[-77.07291,38.90109],[-77.07289,38.90108],[-77.07286,38.90108],[-77.07284,38.90107],[-77.07282,38.90107],[-77.0728,38.90107],[-77.07278,38.90107],[-77.07277,38.90107],[-77.07276,38.90107],[-77.07274,38.90107],[-77.07272,38.90106],[-77.07271,38.90106],[-77.07269,38.90106],[-77.07267,38.90106],[-77.07264,38.90106],[-77.07261,38.90106],[-77.07259,38.90106],[-77.07256,38.90106],[-77.07254,38.90106],[-77.07251,38.90107],[-77.07249,38.90107],[-77.07246,38.90107],[-77.07243,38.90107],[-77.0724,38.90107],[-77.07237,38.90107],[-77.07234,38.90107],[-77.07232,38.90107],[-77.07229,38.90107],[-77.07226,38.90107],[-77.07223,38.90107],[-77.0722,38.90107],[-77.07218,38.90107],[-77.07215,38.90107],[-77.07213,38.90107],[-77.0721,38.90107],[-77.07206,38.90107],[-77.07203,38.90107],[-77.072,38.90107],[-77.07198,38.90108],[-77.07194,38.90108],[-77.07191,38.90108],[-77.07188,38.90108],[-77.07185,38.90108],[-77.07182,38.90108],[-77.07179,38.90108],[-77.07176,38.90109],[-77.07173,38.90109],[-77.0717,38.9011],[-77.07168,38.9011],[-77.07166,38.90111],[-77.07163,38.90112],[-77.07161,38.90112],[-77.07158,38.90113],[-77.07155,38.90113],[-77.07152,38.90113],[-77.07149,38.90114],[-77.07147,38.90114],[-77.07144,38.90114],[-77.0714,38.90114],[-77.07137,38.90114],[-77.07133,38.90114],[-77.0713,38.90114],[-77.07119,38.90114],[-77.07117,38.90114],[-77.07114,38.90114],[-77.07111,38.90114],[-77.07109,38.90114],[-77.07106,38.90114],[-77.07104,38.90114],[-77.07101,38.90114],[-77.07099,38.90114],[-77.07096,38.90115],[-77.07094,38.90115],[-77.07092,38.90115],[-77.07089,38.90115],[-77.07087,38.90116],[-77.07085,38.90116],[-77.07084,38.90116],[-77.07083,38.90116],[-77.07082,38.90116],[-77.07081,38.90117],[-77.0708,38.90117],[-77.07078,38.90118],[-77.07077,38.90118],[-77.07076,38.90119],[-77.07075,38.90119],[-77.07074,38.90119],[-77.07072,38.90119],[-77.07071,38.90119],[-77.0707,38.90119],[-77.07069,38.90119],[-77.07068,38.9012],[-77.07066,38.9012],[-77.07065,38.9012],[-77.07063,38.90119],[-77.07062,38.90119],[-77.0706,38.90119],[-77.07059,38.90119],[-77.07058,38.9012],[-77.07049,38.9014],[-77.0703,38.90181],[-77.07022,38.90198],[-77.07013,38.90218],[-77.07004,38.90238],[-77.06995,38.90256],[-77.0699,38.90267],[-77.06966,38.90319],[-77.0694,38.90374],[-77.06939,38.90377],[-77.06937,38.90381],[-77.06934,38.90387],[-77.06923,38.90411],[-77.06917,38.90425],[-77.06912,38.90435],[-77.06908,38.90443],[-77.06906,38.90447],[-77.069,38.9046],[-77.0691,38.90461],[-77.06947,38.90467],[-77.06981,38.90472],[-77.07004,38.90476],[-77.07005,38.90477],[-77.07034,38.90482],[-77.07035,38.90483],[-77.0704,38.90484],[-77.07043,38.90484],[-77.0706,38.90487],[-77.0713,38.90498],[-77.0714,38.90499],[-77.0715,38.90501],[-77.07168,38.90505],[-77.07238,38.9052],[-77.07318,38.9053],[-77.07352,38.90534],[-77.07401,38.9054],[-77.07425,38.90541],[-77.07449,38.9054],[-77.07489,38.9054],[-77.0749,38.90539],[-77.07491,38.90539],[-77.07493,38.90539],[-77.07495,38.90539],[-77.07498,38.90539],[-77.07502,38.90539],[-77.07506,38.90539],[-77.0751,38.90539],[-77.07514,38.90539],[-77.07518,38.90539],[-77.07522,38.90539],[-77.07526,38.90539],[-77.0753,38.90539],[-77.07534,38.90539],[-77.07537,38.90539],[-77.0754,38.90539],[-77.07542,38.90539],[-77.07543,38.90539],[-77.07545,38.90539],[-77.07548,38.90539],[-77.07551,38.90539],[-77.07554,38.90539],[-77.07557,38.90539],[-77.07559,38.90539],[-77.07562,38.90539],[-77.07565,38.90539],[-77.07568,38.90539],[-77.0757,38.90539],[-77.07573,38.90539],[-77.07575,38.9054],[-77.07578,38.9054],[-77.07581,38.90541],[-77.07584,38.90541],[-77.07587,38.90541],[-77.0759,38.90541],[-77.07592,38.90542],[-77.07595,38.90542],[-77.07598,38.90543],[-77.07601,38.90543],[-77.07603,38.90544],[-77.07606,38.90544],[-77.07609,38.90545],[-77.07611,38.90545],[-77.07614,38.90546],[-77.07617,38.90546],[-77.07619,38.90546],[-77.07622,38.90547],[-77.07625,38.90547],[-77.07627,38.90548],[-77.07629,38.90548],[-77.07632,38.90548],[-77.07634,38.90549],[-77.07636,38.90549],[-77.07638,38.9055],[-77.07655,38.90553],[-77.07658,38.90554],[-77.0766,38.90554],[-77.07664,38.90555],[-77.07682,38.9056],[-77.0772,38.9057],[-77.07743,38.90576],[-77.07766,38.90581],[-77.07775,38.90583],[-77.07776,38.90583],[-77.07777,38.90583],[-77.07778,38.90584],[-77.0778,38.90584],[-77.07781,38.90584],[-77.07783,38.90584],[-77.07786,38.90585],[-77.07788,38.90585],[-77.0779,38.90585],[-77.07793,38.90586],[-77.07795,38.90586],[-77.07797,38.90586],[-77.07799,38.90586],[-77.07801,38.90586],[-77.07803,38.90587],[-77.07806,38.90587],[-77.07808,38.90587],[-77.0781,38.90587],[-77.07813,38.90588],[-77.07816,38.90588],[-77.07818,38.90588],[-77.07821,38.90588],[-77.07824,38.90588],[-77.07827,38.90588],[-77.07829,38.90588],[-77.07832,38.90588],[-77.07834,38.90588],[-77.07836,38.90588],[-77.07838,38.90588],[-77.0784,38.90588],[-77.07842,38.90588],[-77.07845,38.90587],[-77.07847,38.90587],[-77.07849,38.90587],[-77.07851,38.90587],[-77.07853,38.90587],[-77.07856,38.90587],[-77.07858,38.90586],[-77.07861,38.90586],[-77.07863,38.90586],[-77.07866,38.90585],[-77.07869,38.90585],[-77.07871,38.90585],[-77.07874,38.90584],[-77.07876,38.90584],[-77.07879,38.90583],[-77.07882,38.90583],[-77.07884,38.90582],[-77.07887,38.90582],[-77.07889,38.90581],[-77.07892,38.90581],[-77.07895,38.9058],[-77.07897,38.90579],[-77.079,38.90579],[-77.07903,38.90578],[-77.07906,38.90577],[-77.07909,38.90577],[-77.07912,38.90576],[-77.07915,38.90576],[-77.07918,38.90576],[-77.07921,38.90575],[-77.07924,38.90574],[-77.07927,38.90573],[-77.0793,38.90573],[-77.07933,38.90572],[-77.07936,38.90571],[-77.07938,38.90571],[-77.07941,38.9057],[-77.07944,38.90569],[-77.07947,38.90569],[-77.07949,38.90568],[-77.07952,38.90567],[-77.07955,38.90566],[-77.07958,38.90566],[-77.0796,38.90565],[-77.07963,38.90564],[-77.07966,38.90563],[-77.07969,38.90562],[-77.07972,38.90561],[-77.07975,38.90561],[-77.07978,38.9056],[-77.07981,38.90559],[-77.07984,38.90558],[-77.07987,38.90557],[-77.0799,38.90557],[-77.07993,38.90556],[-77.07997,38.90555],[-77.08,38.90554],[-77.08003,38.90554],[-77.08006,38.90553],[-77.08009,38.90552],[-77.08012,38.90552],[-77.08015,38.90551],[-77.08018,38.9055],[-77.08021,38.90549],[-77.08024,38.90548],[-77.08027,38.90547],[-77.08031,38.90546],[-77.08034,38.90545],[-77.08037,38.90544],[-77.08041,38.90543],[-77.08044,38.90542],[-77.08047,38.90541],[-77.08051,38.90541],[-77.08054,38.9054],[-77.08057,38.90539],[-77.0806,38.90538],[-77.08063,38.90537],[-77.08066,38.90536],[-77.08069,38.90536],[-77.08072,38.90535],[-77.08075,38.90534],[-77.08077,38.90533],[-77.08079,38.90532],[-77.08081,38.90532],[-77.08083,38.90532],[-77.08084,38.90532],[-77.08084,38.90533],[-77.08085,38.90533],[-77.08086,38.90532],[-77.08086,38.90531],[-77.08087,38.90531],[-77.08088,38.90531],[-77.08089,38.9053],[-77.0809,38.9053],[-77.08092,38.90529],[-77.08094,38.90529],[-77.08096,38.90529],[-77.08098,38.90528],[-77.081,38.90527],[-77.08102,38.90527],[-77.08105,38.90526],[-77.08107,38.90525],[-77.08109,38.90525],[-77.08111,38.90524],[-77.08114,38.90523],[-77.08116,38.90523],[-77.08118,38.90522],[-77.08121,38.90522],[-77.08124,38.90521],[-77.08127,38.9052],[-77.08129,38.9052],[-77.08132,38.90519],[-77.08135,38.90519],[-77.08138,38.90518],[-77.08141,38.90518],[-77.08144,38.90517],[-77.08147,38.90517],[-77.0815,38.90517],[-77.08154,38.90516],[-77.08157,38.90516],[-77.08161,38.90516],[-77.08164,38.90516],[-77.08168,38.90515],[-77.08171,38.90515],[-77.08175,38.90515],[-77.08179,38.90515],[-77.08182,38.90516],[-77.08186,38.90516],[-77.0819,38.90516],[-77.08194,38.90516],[-77.08197,38.90516],[-77.08201,38.90517],[-77.08205,38.90517],[-77.0821,38.90517],[-77.08214,38.90517],[-77.08218,38.90518],[-77.08222,38.90518],[-77.08226,38.90518],[-77.0823,38.90518],[-77.08234,38.90518],[-77.08238,38.90519],[-77.08242,38.90519],[-77.08247,38.90519],[-77.08251,38.9052],[-77.08254,38.90521],[-77.08258,38.90521],[-77.08262,38.90522],[-77.08265,38.90523],[-77.08269,38.90523],[-77.08272,38.90524],[-77.08275,38.90525],[-77.08279,38.90526],[-77.08282,38.90528],[-77.08286,38.90529],[-77.08289,38.9053],[-77.08292,38.90531],[-77.08295,38.90532],[-77.08297,38.90533],[-77.08299,38.90534],[-77.083,38.90534],[-77.08301,38.90535],[-77.08302,38.90535],[-77.08303,38.90535],[-77.08304,38.90535],[-77.08306,38.90536],[-77.08308,38.90537],[-77.08311,38.90537],[-77.08313,38.90538],[-77.08316,38.90539],[-77.0832,38.9054],[-77.08323,38.90541],[-77.08326,38.90542],[-77.08329,38.90543],[-77.08332,38.90544],[-77.08336,38.90545],[-77.08339,38.90546],[-77.08342,38.90548],[-77.08345,38.90549],[-77.08348,38.9055],[-77.0835,38.90551],[-77.08353,38.90552],[-77.08356,38.90553],[-77.08358,38.90555],[-77.08361,38.90556],[-77.08364,38.90557],[-77.08367,38.90558],[-77.0837,38.90559],[-77.08373,38.9056],[-77.08376,38.90561],[-77.08379,38.90562],[-77.08382,38.90563],[-77.08384,38.90564],[-77.08387,38.90565],[-77.08388,38.90566],[-77.0839,38.90567],[-77.08392,38.90567],[-77.08393,38.90568],[-77.08394,38.90568],[-77.08395,38.90568],[-77.08396,38.90569],[-77.08398,38.90569],[-77.084,38.9057],[-77.08403,38.90571],[-77.08406,38.90572],[-77.08409,38.90573],[-77.08412,38.90574],[-77.08415,38.90575],[-77.08418,38.90576],[-77.08421,38.90577],[-77.08424,38.90578],[-77.08427,38.90579],[-77.08431,38.90581],[-77.08434,38.90582],[-77.08438,38.90583],[-77.08441,38.90584],[-77.08444,38.90585],[-77.08447,38.90586],[-77.0845,38.90587],[-77.08453,38.90589],[-77.08455,38.90589],[-77.08456,38.9059],[-77.08457,38.9059],[-77.08459,38.90591],[-77.08462,38.90592],[-77.08464,38.90593],[-77.08467,38.90594],[-77.0847,38.90595],[-77.08473,38.90596],[-77.08476,38.90597],[-77.08479,38.90599],[-77.08483,38.906],[-77.08486,38.90601],[-77.0849,38.90602],[-77.08493,38.90603],[-77.08497,38.90604],[-77.085,38.90605],[-77.08503,38.90606],[-77.08506,38.90607],[-77.08508,38.90608],[-77.08509,38.90608],[-77.0851,38.90609],[-77.08511,38.90609],[-77.08512,38.90609],[-77.08514,38.9061],[-77.08517,38.90611],[-77.08519,38.90612],[-77.08522,38.90613],[-77.08524,38.90613],[-77.08526,38.90614],[-77.08529,38.90614],[-77.08531,38.90615],[-77.08532,38.90616],[-77.08542,38.90618],[-77.08569,38.90627],[-77.08575,38.9063],[-77.08582,38.90631],[-77.08585,38.90632],[-77.08589,38.90633],[-77.08593,38.90634],[-77.08596,38.90635],[-77.08602,38.90637],[-77.08618,38.90641],[-77.08619,38.90642],[-77.0862,38.90642],[-77.08621,38.90642],[-77.08621,38.90641],[-77.08622,38.90641],[-77.08624,38.90641],[-77.08625,38.90642],[-77.08627,38.90643],[-77.08628,38.90644],[-77.0863,38.90645],[-77.08632,38.90646],[-77.08634,38.90647],[-77.08637,38.90647],[-77.08638,38.90648],[-77.0864,38.90649],[-77.08641,38.90649],[-77.08643,38.9065],[-77.08646,38.9065],[-77.08649,38.90651],[-77.08651,38.90651],[-77.08652,38.90652],[-77.08654,38.90653],[-77.08655,38.90654],[-77.08655,38.90655],[-77.08656,38.90655],[-77.08657,38.90655],[-77.08658,38.90655],[-77.08659,38.90656],[-77.0866,38.90656],[-77.08662,38.90656],[-77.08663,38.90656],[-77.08664,38.90655],[-77.08666,38.90656],[-77.08668,38.90656],[-77.08669,38.90657],[-77.0867,38.90657],[-77.08671,38.90658],[-77.08672,38.90659],[-77.08673,38.9066],[-77.08674,38.90661],[-77.08676,38.90661],[-77.08679,38.90662],[-77.08681,38.90662],[-77.08684,38.90663],[-77.08685,38.90663],[-77.08686,38.90663],[-77.08687,38.90663],[-77.08688,38.90663],[-77.0869,38.90663],[-77.08691,38.90663],[-77.08691,38.90664],[-77.08691,38.90665],[-77.08691,38.90666],[-77.0869,38.90666],[-77.08689,38.90667],[-77.08689,38.90668],[-77.0869,38.90669],[-77.08692,38.90668],[-77.08693,38.90667],[-77.08695,38.90666],[-77.08696,38.90666],[-77.08698,38.90666],[-77.08699,38.90667],[-77.08701,38.90668],[-77.08703,38.90669],[-77.08704,38.9067],[-77.08707,38.9067],[-77.08709,38.90671],[-77.08711,38.90671],[-77.08713,38.90672],[-77.08714,38.90672],[-77.08716,38.90673],[-77.08717,38.90673],[-77.08718,38.90673],[-77.0872,38.90674],[-77.08721,38.90675],[-77.08751,38.90683],[-77.08786,38.90693],[-77.08837,38.90708],[-77.08852,38.90713],[-77.08855,38.90713],[-77.08857,38.90714],[-77.0886,38.90715],[-77.08863,38.90716],[-77.08866,38.90717],[-77.08868,38.90718],[-77.08877,38.90721],[-77.08879,38.90723],[-77.08882,38.90723],[-77.08885,38.90724],[-77.08887,38.90725],[-77.0889,38.90726],[-77.08892,38.90727],[-77.08895,38.90728],[-77.08899,38.90729],[-77.08901,38.9073],[-77.08904,38.90731],[-77.08906,38.90732],[-77.08909,38.90732],[-77.08912,38.90733],[-77.08912,38.90734],[-77.08919,38.90736],[-77.08922,38.90737],[-77.08925,38.90738],[-77.08928,38.90738],[-77.08931,38.90739],[-77.08934,38.9074],[-77.08937,38.90741],[-77.08939,38.90742],[-77.08942,38.90743],[-77.08945,38.90744],[-77.08946,38.90744],[-77.0896,38.90749],[-77.08963,38.9075],[-77.08966,38.90751],[-77.08968,38.90752],[-77.08971,38.90753],[-77.08973,38.90754],[-77.08975,38.90754],[-77.08977,38.90755],[-77.08979,38.90756],[-77.08995,38.90761],[-77.08997,38.90762],[-77.09,38.90763],[-77.09003,38.90764],[-77.09005,38.90765],[-77.09006,38.90766],[-77.09008,38.90767],[-77.0901,38.90768],[-77.09012,38.90769],[-77.09015,38.9077],[-77.09017,38.90771],[-77.09019,38.90772],[-77.09022,38.90773],[-77.09024,38.90774],[-77.09027,38.90775],[-77.09036,38.90778],[-77.09038,38.90779],[-77.0904,38.9078],[-77.09043,38.90781],[-77.09045,38.90782],[-77.09047,38.90782],[-77.09048,38.90782],[-77.09052,38.90784],[-77.09054,38.90784],[-77.09056,38.90785],[-77.09058,38.90786],[-77.09059,38.90786],[-77.0906,38.90787],[-77.09062,38.90788],[-77.09063,38.90788],[-77.09064,38.90789],[-77.09065,38.90788],[-77.09066,38.90788],[-77.09067,38.90787],[-77.09067,38.90788],[-77.09068,38.90789],[-77.09068,38.9079],[-77.09069,38.90791],[-77.0907,38.90792],[-77.09072,38.90792],[-77.09081,38.90798],[-77.09083,38.90799],[-77.09086,38.908],[-77.09089,38.90801],[-77.09091,38.90802],[-77.09093,38.90803],[-77.09096,38.90804],[-77.09098,38.90806],[-77.09101,38.90807],[-77.09103,38.90808],[-77.09106,38.90809],[-77.09108,38.9081],[-77.0911,38.90812],[-77.09112,38.90813],[-77.09114,38.90814],[-77.09117,38.90815],[-77.09119,38.90816],[-77.09122,38.90816],[-77.09125,38.90817],[-77.09127,38.90818],[-77.0913,38.90819],[-77.09133,38.9082],[-77.09136,38.9082],[-77.09138,38.90821],[-77.09141,38.90822],[-77.09144,38.90823],[-77.09146,38.90824],[-77.09149,38.90825],[-77.09151,38.90826],[-77.09153,38.90827],[-77.09155,38.90828],[-77.09157,38.90829],[-77.09159,38.9083],[-77.0916,38.90831],[-77.09162,38.90832],[-77.09164,38.90832],[-77.09166,38.90833],[-77.09167,38.90834],[-77.09169,38.90835],[-77.09171,38.90836],[-77.09173,38.90837],[-77.09175,38.90838],[-77.09177,38.90839],[-77.09179,38.9084],[-77.09181,38.90841],[-77.09183,38.90842],[-77.09185,38.90843],[-77.09187,38.90844],[-77.09189,38.90846],[-77.09191,38.90847],[-77.09193,38.90848],[-77.09195,38.90849],[-77.09197,38.90851],[-77.09199,38.90852],[-77.09201,38.90853],[-77.09203,38.90854],[-77.09206,38.90855],[-77.09208,38.90856],[-77.0921,38.90857],[-77.09212,38.90858],[-77.09214,38.90859],[-77.09216,38.90859],[-77.09218,38.90861],[-77.0922,38.90862],[-77.09222,38.90863],[-77.09224,38.90864],[-77.09226,38.90865],[-77.09228,38.90867],[-77.0923,38.90868],[-77.09232,38.90869],[-77.09234,38.9087],[-77.09236,38.90872],[-77.09237,38.90873],[-77.09239,38.90874],[-77.09241,38.90876],[-77.09244,38.90877],[-77.09247,38.90878],[-77.09248,38.90879],[-77.09253,38.90882],[-77.09255,38.90884],[-77.09258,38.90885],[-77.0926,38.90887],[-77.09262,38.90889],[-77.09264,38.9089],[-77.09267,38.90892],[-77.0927,38.90893],[-77.09272,38.90895],[-77.09275,38.90896],[-77.09277,38.90898],[-77.0928,38.90899],[-77.09282,38.909],[-77.09283,38.90901],[-77.09291,38.90906],[-77.09291,38.90907],[-77.09292,38.90907],[-77.09294,38.90908],[-77.09295,38.90909],[-77.09297,38.9091],[-77.09299,38.90911],[-77.09301,38.90912],[-77.09302,38.90913],[-77.09304,38.90914],[-77.09306,38.90915],[-77.09308,38.90916],[-77.09309,38.90918],[-77.09311,38.90919],[-77.09313,38.9092],[-77.09315,38.90922],[-77.09317,38.90923],[-77.09319,38.90924],[-77.09321,38.90926],[-77.09323,38.90927],[-77.09325,38.90928],[-77.09327,38.9093],[-77.09329,38.90931],[-77.09331,38.90933],[-77.09333,38.90934],[-77.09335,38.90936],[-77.09337,38.90937],[-77.0934,38.90939],[-77.09342,38.9094],[-77.09344,38.90942],[-77.09346,38.90943],[-77.09348,38.90945],[-77.0935,38.90946],[-77.09352,38.90948],[-77.09355,38.9095],[-77.09357,38.90951],[-77.09359,38.90953],[-77.09362,38.90955],[-77.09364,38.90956],[-77.09366,38.90958],[-77.09369,38.9096],[-77.09371,38.90961],[-77.09373,38.90963],[-77.09375,38.90965],[-77.09377,38.90967],[-77.09379,38.90968],[-77.09381,38.9097],[-77.09382,38.90972],[-77.09385,38.90974],[-77.09387,38.90975],[-77.09389,38.90977],[-77.09391,38.90978],[-77.09394,38.9098],[-77.09396,38.90982],[-77.09398,38.90983],[-77.094,38.90985],[-77.09402,38.90987],[-77.09404,38.90988],[-77.09407,38.9099],[-77.09409,38.90992],[-77.09411,38.90994],[-77.09413,38.90995],[-77.09415,38.90997],[-77.09417,38.90998],[-77.09419,38.91],[-77.09422,38.91002],[-77.09424,38.91003],[-77.09426,38.91005],[-77.09428,38.91006],[-77.09431,38.91008],[-77.09433,38.9101],[-77.09435,38.91011],[-77.09437,38.91013],[-77.0944,38.91015],[-77.09442,38.91016],[-77.09444,38.91018],[-77.09446,38.9102],[-77.09448,38.91022],[-77.0945,38.91024],[-77.09453,38.91025],[-77.09455,38.91027],[-77.09457,38.91029],[-77.09459,38.91031],[-77.09462,38.91032],[-77.09464,38.91034],[-77.09466,38.91036],[-77.09468,38.91038],[-77.09471,38.9104],[-77.09473,38.91041],[-77.09475,38.91043],[-77.09477,38.91045],[-77.09479,38.91047],[-77.09481,38.91048],[-77.09482,38.9105],[-77.09484,38.91052],[-77.09486,38.91053],[-77.09488,38.91055],[-77.09491,38.91056],[-77.09493,38.91058],[-77.09495,38.91059],[-77.09497,38.91061],[-77.09499,38.91062],[-77.09501,38.91064],[-77.09503,38.91066],[-77.09505,38.91067],[-77.09507,38.91069],[-77.09509,38.91071],[-77.09511,38.91072],[-77.09512,38.91074],[-77.09514,38.91075],[-77.09516,38.91077],[-77.09518,38.91079],[-77.0952,38.9108],[-77.09522,38.91082],[-77.09524,38.91083],[-77.09526,38.91085],[-77.09527,38.91087],[-77.09529,38.91088],[-77.09531,38.9109],[-77.09533,38.91092],[-77.09535,38.91093],[-77.09537,38.91095],[-77.09539,38.91097],[-77.0954,38.91099],[-77.09542,38.911],[-77.09544,38.91102],[-77.09546,38.91104],[-77.09548,38.91105],[-77.0955,38.91107],[-77.09552,38.91109],[-77.09555,38.91111],[-77.09557,38.91112],[-77.09559,38.91114],[-77.09561,38.91116],[-77.09563,38.91118],[-77.09564,38.9112],[-77.09566,38.91121],[-77.09568,38.91123],[-77.0957,38.91125],[-77.09572,38.91127],[-77.09574,38.91129],[-77.09576,38.91131],[-77.09578,38.91132],[-77.0958,38.91134],[-77.09582,38.91136],[-77.09584,38.91138],[-77.09586,38.9114],[-77.09587,38.91142],[-77.0959,38.91144],[-77.09592,38.91146],[-77.09593,38.91148],[-77.09595,38.9115],[-77.09596,38.91151],[-77.09598,38.91153],[-77.096,38.91155],[-77.09601,38.91157],[-77.09603,38.91159],[-77.09604,38.91161],[-77.09606,38.91163],[-77.09608,38.91165],[-77.0961,38.91167],[-77.09612,38.91169],[-77.09614,38.9117],[-77.09616,38.91172],[-77.09618,38.91174],[-77.09619,38.91176],[-77.09621,38.91178],[-77.09623,38.9118],[-77.09625,38.91181],[-77.09627,38.91183],[-77.09629,38.91185],[-77.0963,38.91187],[-77.09632,38.91189],[-77.09635,38.91191],[-77.09636,38.91193],[-77.09638,38.91195],[-77.0964,38.91197],[-77.09642,38.91198],[-77.09644,38.912],[-77.09646,38.91202],[-77.09648,38.91204],[-77.0965,38.91206],[-77.09651,38.91208],[-77.09653,38.9121],[-77.09655,38.91212],[-77.09656,38.91213],[-77.09658,38.91216],[-77.0966,38.91217],[-77.09662,38.91219],[-77.09663,38.91221],[-77.09665,38.91223],[-77.09666,38.91225],[-77.09668,38.91227],[-77.0967,38.91229],[-77.09672,38.91231],[-77.09674,38.91232],[-77.09676,38.91234],[-77.09678,38.91236],[-77.09679,38.91238],[-77.09681,38.9124],[-77.09682,38.91242],[-77.09684,38.91244],[-77.09686,38.91246],[-77.09687,38.91248],[-77.09689,38.9125],[-77.0969,38.91251],[-77.09692,38.91253],[-77.09693,38.91255],[-77.09695,38.91257],[-77.09696,38.91259],[-77.09698,38.9126],[-77.09698,38.91261],[-77.09715,38.91281],[-77.09716,38.91283],[-77.09717,38.91284],[-77.09718,38.91286],[-77.09718,38.91287],[-77.09719,38.91288],[-77.09727,38.91299],[-77.09727,38.913],[-77.09728,38.91301],[-77.0973,38.91302],[-77.09731,38.91304],[-77.09732,38.91306],[-77.09733,38.91307],[-77.09733,38.91309],[-77.09734,38.9131],[-77.09735,38.91312],[-77.09736,38.91314],[-77.09737,38.91316],[-77.09738,38.91317],[-77.09739,38.91318],[-77.0974,38.9132],[-77.09741,38.91322],[-77.09742,38.91324],[-77.09744,38.91325],[-77.09745,38.91327],[-77.09746,38.91329],[-77.09747,38.9133],[-77.09748,38.91332],[-77.09749,38.91334],[-77.0975,38.91335],[-77.09751,38.91337],[-77.09752,38.91338],[-77.09753,38.9134],[-77.09754,38.91342],[-77.09755,38.91343],[-77.09757,38.91345],[-77.09758,38.91347],[-77.09758,38.91348],[-77.09759,38.9135],[-77.0976,38.91352],[-77.09761,38.91353],[-77.09763,38.91355],[-77.09764,38.91356],[-77.09765,38.91358],[-77.09766,38.91359],[-77.09777,38.91375],[-77.09778,38.91376],[-77.09779,38.91377],[-77.0978,38.91379],[-77.09781,38.91381],[-77.09781,38.91382],[-77.09792,38.91399],[-77.09793,38.91401],[-77.09794,38.91402],[-77.09795,38.91403],[-77.09796,38.91404],[-77.09797,38.91405],[-77.09797,38.91407],[-77.09798,38.91408],[-77.09807,38.91422],[-77.09807,38.91423],[-77.09809,38.91424],[-77.0981,38.91426],[-77.09811,38.91427],[-77.09812,38.91428],[-77.09813,38.9143],[-77.09814,38.91432],[-77.09815,38.91433],[-77.09817,38.91435],[-77.09823,38.91445],[-77.09824,38.91447],[-77.09825,38.91449],[-77.09826,38.9145],[-77.09827,38.91452],[-77.09828,38.91453],[-77.09843,38.91478],[-77.09844,38.9148],[-77.09845,38.91481],[-77.09845,38.91482],[-77.09852,38.91494],[-77.09853,38.91495],[-77.09855,38.91497],[-77.09856,38.91498],[-77.09857,38.915],[-77.09858,38.91501],[-77.09859,38.91503],[-77.0986,38.91505],[-77.0986,38.91507],[-77.09861,38.91508],[-77.09862,38.9151],[-77.09863,38.91512],[-77.09864,38.91513],[-77.09865,38.91515],[-77.09866,38.91517],[-77.09867,38.91518],[-77.09869,38.91519],[-77.0987,38.91521],[-77.09871,38.91523],[-77.09871,38.91524],[-77.09873,38.91526],[-77.09874,38.91528],[-77.09875,38.91529],[-77.09876,38.91531],[-77.09877,38.91532],[-77.09878,38.91534],[-77.09879,38.91535],[-77.0988,38.91537],[-77.09881,38.91538],[-77.09882,38.9154],[-77.09882,38.91542],[-77.09883,38.91543],[-77.09884,38.91545],[-77.09886,38.91546],[-77.09887,38.91548],[-77.09888,38.9155],[-77.09889,38.91551],[-77.0989,38.91553],[-77.09891,38.91554],[-77.09892,38.91556],[-77.09893,38.91557],[-77.09894,38.91559],[-77.09895,38.91561],[-77.09896,38.91562],[-77.09897,38.91564],[-77.09898,38.91565],[-77.099,38.91567],[-77.09901,38.91568],[-77.09902,38.91569],[-77.09903,38.91571],[-77.09904,38.91572],[-77.09904,38.91574],[-77.09904,38.91575],[-77.09905,38.91577],[-77.09906,38.91578],[-77.09907,38.9158],[-77.09908,38.91581],[-77.0991,38.91583],[-77.09911,38.91584],[-77.09912,38.91586],[-77.09913,38.91587],[-77.09914,38.91589],[-77.09915,38.9159],[-77.09916,38.91592],[-77.09917,38.91594],[-77.09918,38.91595],[-77.09919,38.91597],[-77.09921,38.91599],[-77.09922,38.916],[-77.09924,38.91602],[-77.09925,38.91604],[-77.09926,38.91605],[-77.09927,38.91607],[-77.09929,38.91608],[-77.0993,38.9161],[-77.09931,38.91612],[-77.09932,38.91613],[-77.09933,38.91615],[-77.09934,38.91616],[-77.09935,38.91618],[-77.09936,38.9162],[-77.09938,38.91621],[-77.09939,38.91623],[-77.0994,38.91624],[-77.09941,38.91626],[-77.09942,38.91627],[-77.09944,38.91629],[-77.09945,38.9163],[-77.09946,38.91632],[-77.09947,38.91633],[-77.09948,38.91633],[-77.09948,38.91632],[-77.09948,38.91631],[-77.09947,38.9163],[-77.09947,38.91629],[-77.09946,38.91627],[-77.09947,38.91626],[-77.09947,38.91627],[-77.09948,38.91628],[-77.09949,38.9163],[-77.0995,38.91631],[-77.09951,38.91633],[-77.09953,38.91634],[-77.09954,38.91636],[-77.09955,38.91637],[-77.09957,38.91639],[-77.09957,38.9164],[-77.09958,38.91642],[-77.09959,38.91643],[-77.0996,38.91645],[-77.09961,38.91646],[-77.09962,38.91648],[-77.09963,38.9165],[-77.09964,38.91651],[-77.09965,38.91652],[-77.09965,38.91654],[-77.09965,38.91655],[-77.09965,38.91656],[-77.09965,38.91657],[-77.09965,38.91658],[-77.09965,38.91659],[-77.09966,38.91659],[-77.09967,38.91659],[-77.09968,38.91659],[-77.09968,38.91658],[-77.09969,38.91657],[-77.0997,38.91656],[-77.09971,38.91657],[-77.09971,38.91658],[-77.09972,38.91659],[-77.09973,38.9166],[-77.09973,38.91662],[-77.09974,38.91663],[-77.09975,38.91664],[-77.09975,38.91666],[-77.09976,38.91666],[-77.09976,38.91667],[-77.09976,38.91668],[-77.09976,38.91669],[-77.09977,38.9167],[-77.09976,38.91671],[-77.09976,38.91672],[-77.09974,38.91672],[-77.09973,38.91672],[-77.09972,38.91672],[-77.09971,38.91672],[-77.0997,38.91673],[-77.0997,38.91674],[-77.0997,38.91675],[-77.09971,38.91676],[-77.09971,38.91677],[-77.09972,38.91678],[-77.09973,38.91679],[-77.09974,38.9168],[-77.09975,38.91682],[-77.09976,38.91683],[-77.09977,38.91684],[-77.09978,38.91685],[-77.09978,38.91686],[-77.09979,38.91686],[-77.09979,38.91687],[-77.0998,38.91688],[-77.09981,38.91689],[-77.09982,38.9169],[-77.09983,38.91691],[-77.09983,38.91692],[-77.09983,38.91693],[-77.09983,38.91694],[-77.09983,38.91695],[-77.09982,38.91696],[-77.09983,38.91697],[-77.09983,38.91699],[-77.09984,38.917],[-77.09985,38.91702],[-77.09985,38.91703],[-77.09986,38.91705],[-77.09987,38.91706],[-77.09987,38.91708],[-77.09988,38.91709],[-77.09989,38.91711],[-77.0999,38.91712],[-77.09991,38.91714],[-77.09992,38.91715],[-77.09993,38.91717],[-77.09993,38.91718],[-77.09994,38.9172],[-77.09995,38.91722],[-77.09996,38.91723],[-77.09997,38.91725],[-77.09998,38.91726],[-77.09998,38.91727],[-77.09999,38.91729],[-77.1,38.9173],[-77.10001,38.91732],[-77.10002,38.91733],[-77.10003,38.91735],[-77.10004,38.91736],[-77.10005,38.91738],[-77.10006,38.9174],[-77.10007,38.91741],[-77.10008,38.91743],[-77.10009,38.91744],[-77.10009,38.91746],[-77.1001,38.91747],[-77.10012,38.91748],[-77.10012,38.9175],[-77.10013,38.91752],[-77.10014,38.91753],[-77.10015,38.91754],[-77.10016,38.91756],[-77.10017,38.91758],[-77.10017,38.91759],[-77.10018,38.9176],[-77.10019,38.91762],[-77.10023,38.91769],[-77.10024,38.91769],[-77.10024,38.9177],[-77.10025,38.91771],[-77.10026,38.91772],[-77.10027,38.91774],[-77.10028,38.91775],[-77.10028,38.91776],[-77.10029,38.91777],[-77.1003,38.91779],[-77.10031,38.9178],[-77.10032,38.91782],[-77.10033,38.91783],[-77.10034,38.91784],[-77.10035,38.91786],[-77.10036,38.91787],[-77.10037,38.91789],[-77.10038,38.91791],[-77.10039,38.91792],[-77.1004,38.91794],[-77.10041,38.91795],[-77.10042,38.91797],[-77.10043,38.91798],[-77.10044,38.918],[-77.10045,38.91801],[-77.10046,38.91802],[-77.10047,38.91804],[-77.10048,38.91805],[-77.10049,38.91806],[-77.1005,38.91808],[-77.1005,38.91809],[-77.10051,38.9181],[-77.10052,38.91811],[-77.10053,38.91811],[-77.10054,38.91811],[-77.10061,38.91822],[-77.10061,38.91823],[-77.10061,38.91824],[-77.10061,38.91825],[-77.10062,38.91825],[-77.10062,38.91826],[-77.10062,38.91827],[-77.10063,38.91827],[-77.10063,38.91828],[-77.10063,38.91829],[-77.10064,38.91829],[-77.10064,38.9183],[-77.10065,38.91831],[-77.10065,38.91832],[-77.10066,38.91833],[-77.10066,38.91834],[-77.10067,38.91834],[-77.10067,38.91835],[-77.10068,38.91836],[-77.10068,38.91837],[-77.10069,38.91837],[-77.10069,38.91838],[-77.10069,38.91839],[-77.1007,38.91839],[-77.1007,38.9184],[-77.10071,38.9184],[-77.10071,38.91841],[-77.10072,38.91841],[-77.10072,38.91842],[-77.10073,38.91843],[-77.10073,38.91844],[-77.10074,38.91844],[-77.10074,38.91845],[-77.10074,38.91846],[-77.10075,38.91847],[-77.10075,38.91848],[-77.10076,38.91848],[-77.10076,38.91849],[-77.10076,38.9185],[-77.10077,38.9185],[-77.10077,38.91851],[-77.10078,38.91852],[-77.10078,38.91853],[-77.10079,38.91853],[-77.10079,38.91854],[-77.1008,38.91854],[-77.1008,38.91855],[-77.1008,38.91856],[-77.10081,38.91856],[-77.10081,38.91857],[-77.10082,38.91858],[-77.10082,38.91859],[-77.10083,38.91859],[-77.10083,38.9186],[-77.10084,38.9186],[-77.10084,38.91861],[-77.10085,38.91862],[-77.10086,38.91863],[-77.10086,38.91864],[-77.10087,38.91864],[-77.10087,38.91865],[-77.10088,38.91865],[-77.10088,38.91866],[-77.10089,38.91866],[-77.10089,38.91867],[-77.1009,38.91868],[-77.10091,38.91869],[-77.10091,38.9187],[-77.10092,38.9187],[-77.10092,38.91871],[-77.10093,38.91872],[-77.10093,38.91873],[-77.10094,38.91874],[-77.10094,38.91875],[-77.10095,38.91875],[-77.10095,38.91876],[-77.10095,38.91877],[-77.10096,38.91877],[-77.10096,38.91878],[-77.10097,38.91878],[-77.10097,38.91879],[-77.10098,38.9188],[-77.10098,38.91881],[-77.10099,38.91881],[-77.10099,38.91882],[-77.101,38.91883],[-77.101,38.91884],[-77.10101,38.91884],[-77.10101,38.91885],[-77.10102,38.91885],[-77.10102,38.91886],[-77.10103,38.91887],[-77.10104,38.91888],[-77.10104,38.91889],[-77.10105,38.91889],[-77.10105,38.9189],[-77.10106,38.91891],[-77.10106,38.91892],[-77.10107,38.91892],[-77.10107,38.91893],[-77.10108,38.91894],[-77.10108,38.91895],[-77.10109,38.91895],[-77.10109,38.91896],[-77.1011,38.91896],[-77.1011,38.91897],[-77.10111,38.91898],[-77.10111,38.91899],[-77.10112,38.91899],[-77.10112,38.919],[-77.10113,38.919],[-77.10113,38.91901],[-77.10114,38.91901],[-77.10114,38.91902],[-77.10115,38.91902],[-77.10115,38.91903],[-77.10116,38.91904],[-77.10116,38.91905],[-77.10117,38.91905],[-77.10117,38.91906],[-77.10117,38.91907],[-77.10118,38.91908],[-77.10118,38.91909],[-77.10119,38.9191],[-77.10119,38.91911],[-77.1012,38.91912],[-77.1012,38.91913],[-77.10121,38.91913],[-77.10121,38.91914],[-77.10121,38.91915],[-77.10122,38.91915],[-77.10122,38.91916],[-77.10123,38.91917],[-77.10123,38.91918],[-77.10124,38.91918],[-77.10124,38.91919],[-77.10124,38.9192],[-77.10125,38.9192],[-77.10125,38.91921],[-77.10126,38.91922],[-77.10126,38.91923],[-77.10127,38.91923],[-77.10127,38.91924],[-77.10128,38.91924],[-77.10128,38.91925],[-77.10129,38.91927],[-77.1013,38.91928],[-77.10131,38.9193],[-77.10132,38.91932],[-77.10133,38.91934],[-77.10134,38.91935],[-77.10135,38.91937],[-77.10136,38.91938],[-77.10137,38.9194],[-77.10138,38.91941],[-77.10139,38.91942],[-77.1014,38.91944],[-77.10142,38.91945],[-77.10143,38.91947],[-77.10144,38.91948],[-77.10145,38.9195],[-77.10147,38.91951],[-77.10148,38.91953],[-77.10149,38.91955],[-77.1015,38.91957],[-77.10152,38.91959],[-77.10153,38.91961],[-77.10155,38.91963],[-77.10157,38.91965],[-77.10158,38.91967],[-77.1016,38.91969],[-77.10161,38.91971],[-77.10163,38.91973],[-77.10165,38.91975],[-77.10166,38.91977],[-77.10168,38.91979],[-77.10169,38.91981],[-77.10171,38.91983],[-77.10173,38.91985],[-77.10174,38.91987],[-77.10176,38.91989],[-77.10177,38.91992],[-77.10179,38.91994],[-77.1018,38.91996],[-77.10182,38.91997],[-77.10183,38.91999],[-77.10185,38.92001],[-77.10186,38.92003],[-77.10187,38.92005],[-77.10188,38.92006],[-77.10189,38.92008],[-77.1019,38.92009],[-77.10197,38.9202],[-77.10202,38.92026],[-77.10204,38.92029],[-77.10209,38.92035],[-77.10216,38.92043],[-77.10225,38.92057],[-77.10226,38.92058],[-77.10227,38.92059],[-77.10229,38.92061],[-77.1023,38.92063],[-77.10231,38.92064],[-77.10232,38.92064],[-77.10232,38.92065],[-77.10233,38.92066],[-77.10234,38.92068],[-77.10235,38.92069],[-77.10236,38.92071],[-77.10236,38.92072],[-77.10237,38.92073],[-77.10238,38.92075],[-77.10239,38.92076],[-77.10241,38.92078],[-77.10242,38.92079],[-77.10243,38.92081],[-77.10245,38.92082],[-77.10246,38.92083],[-77.10246,38.92084],[-77.10247,38.92085],[-77.10248,38.92085],[-77.10248,38.92086],[-77.10249,38.92087],[-77.10249,38.92088],[-77.1025,38.92088],[-77.1025,38.92089],[-77.10252,38.92091],[-77.10253,38.92092],[-77.10255,38.92094],[-77.10257,38.92095],[-77.10258,38.92097],[-77.10259,38.92099],[-77.10261,38.92101],[-77.10263,38.92102],[-77.10265,38.92104],[-77.10266,38.92106],[-77.10268,38.92107],[-77.1027,38.92109],[-77.10271,38.92111],[-77.10273,38.92112],[-77.10275,38.92114],[-77.10277,38.92116],[-77.10278,38.92117],[-77.1028,38.92119],[-77.10281,38.92121],[-77.10283,38.92122],[-77.10284,38.92124],[-77.10286,38.92125],[-77.10288,38.92127],[-77.10289,38.92128],[-77.10291,38.9213],[-77.10292,38.92132],[-77.10294,38.92133],[-77.10296,38.92135],[-77.10297,38.92137],[-77.10299,38.92138],[-77.10301,38.9214],[-77.10302,38.92142],[-77.10304,38.92143],[-77.10306,38.92145],[-77.10308,38.92146],[-77.10309,38.92148],[-77.10311,38.9215],[-77.10313,38.92151],[-77.10315,38.92153],[-77.10316,38.92154],[-77.10318,38.92156],[-77.1032,38.92157],[-77.10321,38.92159],[-77.10322,38.9216],[-77.10324,38.92162],[-77.10325,38.92164],[-77.10327,38.92165],[-77.10329,38.92167],[-77.10331,38.92168],[-77.10332,38.9217],[-77.10334,38.92172],[-77.10335,38.92173],[-77.10337,38.92174],[-77.10337,38.92175],[-77.10339,38.92176],[-77.1034,38.92178],[-77.10342,38.9218],[-77.10344,38.92181],[-77.10345,38.92182],[-77.10347,38.92184],[-77.10349,38.92185],[-77.10351,38.92187],[-77.10353,38.92189],[-77.10354,38.9219],[-77.10356,38.92191],[-77.10356,38.92192],[-77.10357,38.92193],[-77.10358,38.92194],[-77.10359,38.92194],[-77.10359,38.92195],[-77.10361,38.92196],[-77.10362,38.92197],[-77.10364,38.92199],[-77.10365,38.922],[-77.10367,38.92201],[-77.10369,38.92203],[-77.1037,38.92204],[-77.10372,38.92205],[-77.10373,38.92206],[-77.10375,38.92207],[-77.10376,38.92208],[-77.10378,38.9221],[-77.10379,38.9221],[-77.1038,38.92211],[-77.10381,38.92212],[-77.10382,38.92212],[-77.10383,38.92213],[-77.10384,38.92214],[-77.10385,38.92215],[-77.10387,38.92216],[-77.10388,38.92218],[-77.1039,38.92219],[-77.10392,38.9222],[-77.10393,38.92221],[-77.10395,38.92222],[-77.10396,38.92223],[-77.10408,38.9223],[-77.10408,38.92231],[-77.10409,38.92232],[-77.10411,38.92233],[-77.10412,38.92234],[-77.10414,38.92235],[-77.10416,38.92237],[-77.10418,38.92239],[-77.1042,38.9224],[-77.10422,38.92242],[-77.10424,38.92243],[-77.10426,38.92245],[-77.10428,38.92246],[-77.1043,38.92248],[-77.10432,38.9225],[-77.10434,38.92251],[-77.10436,38.92253],[-77.10438,38.92254],[-77.1044,38.92256],[-77.10442,38.92258],[-77.10444,38.92259],[-77.10447,38.92261],[-77.10449,38.92262],[-77.1045,38.92264],[-77.10452,38.92265],[-77.10454,38.92267],[-77.10456,38.92268],[-77.10458,38.9227],[-77.1046,38.92271],[-77.10462,38.92272],[-77.10464,38.92273],[-77.10465,38.92274],[-77.10467,38.92276],[-77.10469,38.92277],[-77.10471,38.92278],[-77.10473,38.9228],[-77.10475,38.92281],[-77.10476,38.92282],[-77.10478,38.92283],[-77.1048,38.92284],[-77.10482,38.92285],[-77.10484,38.92287],[-77.10485,38.92288],[-77.10487,38.92289],[-77.10489,38.9229],[-77.1049,38.92291],[-77.10491,38.92292],[-77.10492,38.92293],[-77.10493,38.92294],[-77.10495,38.92294],[-77.10496,38.92295],[-77.10497,38.92295],[-77.10498,38.92295],[-77.10499,38.92296],[-77.105,38.92297],[-77.10501,38.92297],[-77.10502,38.92298],[-77.10503,38.92299],[-77.10503,38.923],[-77.10505,38.92302],[-77.10506,38.92303],[-77.10507,38.92304],[-77.10509,38.92306],[-77.1051,38.92307],[-77.10512,38.92309],[-77.10514,38.9231],[-77.10516,38.92312],[-77.10518,38.92313],[-77.1052,38.92315],[-77.10522,38.92316],[-77.10524,38.92318],[-77.10526,38.92319],[-77.10528,38.9232],[-77.1053,38.92322],[-77.10532,38.92323],[-77.10534,38.92325],[-77.10536,38.92326],[-77.10538,38.92327],[-77.1054,38.92329],[-77.10542,38.92331],[-77.10544,38.92332],[-77.10546,38.92333],[-77.10548,38.92335],[-77.1055,38.92337],[-77.10552,38.92338],[-77.10554,38.9234],[-77.10556,38.92341],[-77.10558,38.92342],[-77.10559,38.92344],[-77.10561,38.92345],[-77.10563,38.92346],[-77.10565,38.92348],[-77.10567,38.92349],[-77.10569,38.92351],[-77.10571,38.92352],[-77.10573,38.92353],[-77.10576,38.92355],[-77.10578,38.92356],[-77.1058,38.92358],[-77.10582,38.92359],[-77.10584,38.92361],[-77.10585,38.92362],[-77.10587,38.92363],[-77.10589,38.92365],[-77.10591,38.92366],[-77.10593,38.92367],[-77.10595,38.92369],[-77.10597,38.9237],[-77.106,38.92371],[-77.10602,38.92373],[-77.10604,38.92375],[-77.10606,38.92376],[-77.10608,38.92378],[-77.10611,38.92379],[-77.10613,38.92381],[-77.10615,38.92383],[-77.10617,38.92384],[-77.10619,38.92386],[-77.10621,38.92387],[-77.10624,38.92389],[-77.10626,38.9239],[-77.10628,38.92391],[-77.1063,38.92393],[-77.10632,38.92394],[-77.10633,38.92395],[-77.10635,38.92397],[-77.10637,38.92398],[-77.10639,38.92399],[-77.10641,38.92401],[-77.10644,38.92402],[-77.10646,38.92404],[-77.10648,38.92406],[-77.1065,38.92407],[-77.10653,38.92409],[-77.10655,38.9241],[-77.10657,38.92412],[-77.10659,38.92413],[-77.10662,38.92415],[-77.10664,38.92416],[-77.10666,38.92418],[-77.10668,38.92419],[-77.10671,38.92421],[-77.10673,38.92423],[-77.10675,38.92425],[-77.10677,38.92426],[-77.10679,38.92428],[-77.10682,38.92429],[-77.10684,38.92431],[-77.10686,38.92432],[-77.10688,38.92434],[-77.1069,38.92435],[-77.10692,38.92437],[-77.10694,38.92439],[-77.10697,38.9244],[-77.10699,38.92442],[-77.10701,38.92443],[-77.10702,38.92444],[-77.10704,38.92446],[-77.10706,38.92447],[-77.10708,38.92448],[-77.10709,38.92449],[-77.10711,38.92451],[-77.10713,38.92452],[-77.10715,38.92453],[-77.10716,38.92454],[-77.10718,38.92455],[-77.1072,38.92456],[-77.10722,38.92457],[-77.10723,38.92458],[-77.10724,38.92458],[-77.10731,38.92463],[-77.10731,38.92464],[-77.10732,38.92465],[-77.10733,38.92466],[-77.10734,38.92467],[-77.10735,38.92467],[-77.10737,38.92468],[-77.10738,38.92469],[-77.10739,38.9247],[-77.1074,38.92471],[-77.10741,38.92472],[-77.10743,38.92473],[-77.10744,38.92474],[-77.10745,38.92475],[-77.10746,38.92476],[-77.10748,38.92476],[-77.10749,38.92477],[-77.1075,38.92478],[-77.10752,38.92479],[-77.10753,38.9248],[-77.10754,38.92481],[-77.10755,38.92482],[-77.10757,38.92483],[-77.10758,38.92484],[-77.10759,38.92485],[-77.1076,38.92486],[-77.10761,38.92487],[-77.10762,38.92488],[-77.10764,38.92489],[-77.10765,38.9249],[-77.10766,38.92491],[-77.10768,38.92492],[-77.10769,38.92493],[-77.1077,38.92493],[-77.10772,38.92494],[-77.10773,38.92495],[-77.10774,38.92496],[-77.10776,38.92497],[-77.10777,38.92497],[-77.10779,38.92498],[-77.1078,38.92499],[-77.10781,38.92499],[-77.10782,38.925],[-77.10783,38.92501],[-77.10785,38.92501],[-77.10786,38.92502],[-77.10787,38.92503],[-77.10789,38.92504],[-77.1079,38.92505],[-77.10791,38.92505],[-77.10792,38.92506],[-77.10793,38.92507],[-77.10795,38.92508],[-77.10796,38.92509],[-77.10797,38.92509],[-77.10798,38.9251],[-77.10799,38.92511],[-77.108,38.92512],[-77.10801,38.92512],[-77.10802,38.92513],[-77.10804,38.92514],[-77.10805,38.92515],[-77.10806,38.92516],[-77.10807,38.92516],[-77.10808,38.92517],[-77.10809,38.92518],[-77.10811,38.92519],[-77.10812,38.9252],[-77.10813,38.92521],[-77.10814,38.92522],[-77.10815,38.92523],[-77.10816,38.92523],[-77.10817,38.92524],[-77.10818,38.92525],[-77.1082,38.92526],[-77.10821,38.92527],[-77.10822,38.92528],[-77.10823,38.92528],[-77.10824,38.92529],[-77.10825,38.9253],[-77.10826,38.92531],[-77.10827,38.92532],[-77.10828,38.92533],[-77.1083,38.92533],[-77.10831,38.92534],[-77.10832,38.92535],[-77.10833,38.92536],[-77.10834,38.92537],[-77.10835,38.92538],[-77.10837,38.92539],[-77.10838,38.92539],[-77.10839,38.9254],[-77.1084,38.92541],[-77.10841,38.92542],[-77.10842,38.92543],[-77.10843,38.92544],[-77.10845,38.92544],[-77.10846,38.92545],[-77.10847,38.92546],[-77.10848,38.92547],[-77.10849,38.92548],[-77.1085,38.92548],[-77.1085,38.92549],[-77.10851,38.92549],[-77.10852,38.92549],[-77.10852,38.9255],[-77.10853,38.9255],[-77.10854,38.92551],[-77.10854,38.92552],[-77.10855,38.92553],[-77.10856,38.92553],[-77.10856,38.92554],[-77.10857,38.92554],[-77.10858,38.92555],[-77.10859,38.92555],[-77.1086,38.92556],[-77.10861,38.92557],[-77.10862,38.92558],[-77.10864,38.92559],[-77.10865,38.9256],[-77.10866,38.92561],[-77.10867,38.92562],[-77.10868,38.92563],[-77.10869,38.92564],[-77.1087,38.92565],[-77.10872,38.92567],[-77.10873,38.92568],[-77.10873,38.92569],[-77.10874,38.9257],[-77.10876,38.92572],[-77.10877,38.92573],[-77.10878,38.92574],[-77.1088,38.92575],[-77.10881,38.92576],[-77.10882,38.92577],[-77.10882,38.92578],[-77.10883,38.92579],[-77.10884,38.9258],[-77.10886,38.9258],[-77.10887,38.92581],[-77.10888,38.92582],[-77.10889,38.92583],[-77.10891,38.92585],[-77.10892,38.92586],[-77.10893,38.92587],[-77.10894,38.92588],[-77.10895,38.92589],[-77.10896,38.9259],[-77.10898,38.92591],[-77.10899,38.92592],[-77.109,38.92593],[-77.10901,38.92594],[-77.10903,38.92596],[-77.10904,38.92597],[-77.10905,38.92598],[-77.10906,38.92599],[-77.10907,38.926],[-77.10908,38.92601],[-77.10909,38.92603],[-77.10911,38.92604],[-77.10912,38.92605],[-77.10913,38.92606],[-77.10914,38.92607],[-77.10915,38.92608],[-77.10916,38.9261],[-77.10917,38.92611],[-77.10918,38.92612],[-77.10919,38.92613],[-77.1092,38.92614],[-77.10921,38.92615],[-77.10922,38.92616],[-77.10924,38.92618],[-77.10925,38.92619],[-77.10926,38.9262],[-77.10927,38.92622],[-77.10928,38.92623],[-77.10929,38.92624],[-77.1093,38.92625],[-77.10931,38.92626],[-77.10933,38.92627],[-77.10934,38.92628],[-77.10935,38.9263],[-77.10936,38.92631],[-77.10937,38.92631],[-77.10939,38.92632],[-77.1094,38.92633],[-77.10941,38.92634],[-77.10941,38.92635],[-77.10941,38.92636],[-77.1094,38.92636],[-77.10939,38.92637],[-77.10939,38.92638],[-77.10939,38.92639],[-77.1094,38.9264],[-77.10941,38.92641],[-77.10942,38.92642],[-77.10943,38.92643],[-77.10944,38.92644],[-77.10945,38.92646],[-77.10946,38.92647],[-77.10948,38.92648],[-77.10949,38.9265],[-77.1095,38.92651],[-77.10951,38.92652],[-77.10952,38.92653],[-77.10953,38.92654],[-77.10954,38.92656],[-77.10955,38.92657],[-77.10956,38.92658],[-77.10957,38.92659],[-77.10958,38.92661],[-77.10959,38.92662],[-77.1096,38.92663],[-77.10961,38.92665],[-77.10962,38.92666],[-77.10963,38.92667],[-77.10964,38.92668],[-77.10965,38.9267],[-77.10967,38.92671],[-77.10968,38.92672],[-77.10969,38.92673],[-77.1097,38.92674],[-77.10971,38.92675],[-77.10972,38.92676],[-77.10974,38.92677],[-77.10975,38.92678],[-77.10976,38.92679],[-77.10977,38.9268],[-77.10978,38.92681],[-77.10979,38.92682],[-77.1098,38.92683],[-77.10981,38.92685],[-77.10982,38.92686],[-77.10983,38.92687],[-77.10984,38.92687],[-77.10985,38.92688],[-77.10986,38.92689],[-77.10987,38.92691],[-77.10988,38.92692],[-77.10989,38.92693],[-77.1099,38.92694],[-77.10991,38.92696],[-77.10992,38.92697],[-77.10993,38.92698],[-77.10994,38.927],[-77.10995,38.92701],[-77.10996,38.92702],[-77.10997,38.92704],[-77.10998,38.92705],[-77.10999,38.92706],[-77.11,38.92707],[-77.11001,38.92709],[-77.11002,38.9271],[-77.11003,38.92711],[-77.11004,38.92712],[-77.11005,38.92713],[-77.11006,38.92715],[-77.11007,38.92716],[-77.11008,38.92717],[-77.11009,38.92719],[-77.1101,38.9272],[-77.11011,38.92721],[-77.11012,38.92722],[-77.11013,38.92723],[-77.11014,38.92724],[-77.11015,38.92725],[-77.11016,38.92727],[-77.11017,38.92728],[-77.11018,38.92729],[-77.11018,38.9273],[-77.11019,38.92731],[-77.1102,38.92732],[-77.11021,38.92732],[-77.11022,38.92733],[-77.11022,38.92734],[-77.11023,38.92735],[-77.11024,38.92736],[-77.11025,38.92738],[-77.11026,38.92739],[-77.11027,38.9274],[-77.11028,38.92741],[-77.11029,38.92743],[-77.1103,38.92744],[-77.11031,38.92745],[-77.11032,38.92746],[-77.11033,38.92747],[-77.11034,38.92749],[-77.11035,38.9275],[-77.11036,38.92751],[-77.11036,38.92752],[-77.11037,38.92753],[-77.11038,38.92754],[-77.1104,38.92755],[-77.1104,38.92756],[-77.11041,38.92758],[-77.11042,38.92759],[-77.11043,38.9276],[-77.11044,38.92761],[-77.11045,38.92763],[-77.11046,38.92764],[-77.11047,38.92765],[-77.11047,38.92767],[-77.11048,38.92768],[-77.11049,38.92769],[-77.1105,38.92771],[-77.11051,38.92772],[-77.11052,38.92774],[-77.11053,38.92775],[-77.11054,38.92776],[-77.11055,38.92778],[-77.11055,38.92779],[-77.11056,38.9278],[-77.11057,38.92782],[-77.11058,38.92783],[-77.11058,38.92784],[-77.11059,38.92786],[-77.1106,38.92787],[-77.11061,38.92788],[-77.11062,38.9279],[-77.11063,38.92791],[-77.11064,38.92792],[-77.11064,38.92794],[-77.11065,38.92795],[-77.11066,38.92797],[-77.11067,38.92798],[-77.11068,38.92799],[-77.11069,38.92801],[-77.1107,38.92802],[-77.1107,38.92803],[-77.11071,38.92805],[-77.11072,38.92806],[-77.11073,38.92807],[-77.11074,38.92808],[-77.11075,38.92809],[-77.11076,38.9281],[-77.11076,38.92812],[-77.11077,38.92813],[-77.11078,38.92814],[-77.11079,38.92815],[-77.11079,38.92816],[-77.1108,38.92817],[-77.1108,38.92819],[-77.1108,38.9282],[-77.11081,38.92821],[-77.11081,38.92822],[-77.11082,38.92823],[-77.11082,38.92824],[-77.11083,38.92825],[-77.11083,38.92826],[-77.11083,38.92827],[-77.11084,38.92828],[-77.11084,38.9283],[-77.11085,38.92831],[-77.11085,38.92832],[-77.11086,38.92833],[-77.11087,38.92834],[-77.11089,38.92837],[-77.1109,38.92839],[-77.11091,38.92841],[-77.11092,38.92842],[-77.11093,38.92844],[-77.11094,38.92846],[-77.11095,38.92847],[-77.11096,38.92849],[-77.11097,38.9285],[-77.11098,38.92852],[-77.11099,38.92854],[-77.111,38.92855],[-77.11101,38.92857],[-77.11102,38.92858],[-77.11103,38.9286],[-77.11104,38.92862],[-77.11104,38.92863],[-77.11105,38.92865],[-77.11106,38.92866],[-77.11107,38.92868],[-77.11108,38.92869],[-77.11109,38.92871],[-77.1111,38.92872],[-77.11111,38.92873],[-77.11111,38.92874],[-77.11112,38.92874],[-77.11113,38.92875],[-77.11113,38.92876],[-77.11114,38.92877],[-77.11115,38.92879],[-77.11115,38.9288],[-77.11116,38.92881],[-77.11116,38.92882],[-77.11117,38.92883],[-77.11118,38.92885],[-77.11119,38.92887],[-77.1112,38.92889],[-77.11121,38.92891],[-77.11122,38.92893],[-77.11124,38.92895],[-77.11125,38.92897],[-77.11126,38.92899],[-77.11127,38.92901],[-77.11128,38.92903],[-77.11129,38.92905],[-77.1113,38.92907],[-77.11131,38.92909],[-77.11132,38.92911],[-77.11133,38.92913],[-77.11134,38.92915],[-77.11136,38.92917],[-77.11137,38.92919],[-77.11138,38.92921],[-77.11139,38.92923],[-77.1114,38.92926],[-77.11142,38.92928],[-77.11143,38.9293],[-77.11144,38.92932],[-77.11146,38.92934],[-77.11147,38.92936],[-77.11149,38.92939],[-77.1115,38.92941],[-77.11151,38.92943],[-77.11153,38.92945],[-77.11154,38.92947],[-77.11155,38.92949],[-77.11157,38.92951],[-77.11158,38.92954],[-77.11159,38.92956],[-77.11161,38.92958],[-77.11162,38.9296],[-77.11163,38.92962],[-77.11164,38.92963],[-77.11164,38.92965],[-77.11165,38.92967],[-77.11167,38.92969],[-77.11168,38.92971],[-77.11169,38.92973],[-77.1117,38.92975],[-77.11171,38.92977],[-77.11173,38.92979],[-77.11174,38.92981],[-77.11176,38.92984],[-77.11177,38.92986],[-77.11179,38.92988],[-77.1118,38.9299],[-77.11181,38.92992],[-77.11183,38.92994],[-77.11184,38.92996],[-77.11185,38.92998],[-77.11187,38.93],[-77.11188,38.93002],[-77.1119,38.93005],[-77.11191,38.93007],[-77.11192,38.93009],[-77.11194,38.93012],[-77.11195,38.93014],[-77.11196,38.93016],[-77.11197,38.93018],[-77.11198,38.9302],[-77.11199,38.93021],[-77.112,38.93023],[-77.11201,38.93024],[-77.11209,38.93037],[-77.11211,38.93039],[-77.11211,38.9304],[-77.11212,38.93042],[-77.11213,38.93043],[-77.11215,38.93046],[-77.11216,38.93048],[-77.11217,38.9305],[-77.11219,38.93052],[-77.1122,38.93054],[-77.11221,38.93056],[-77.11223,38.93058],[-77.11224,38.93061],[-77.11225,38.93063],[-77.11226,38.93065],[-77.11228,38.93067],[-77.11229,38.93069],[-77.1123,38.93072],[-77.11231,38.93074],[-77.11232,38.93076],[-77.11233,38.93078],[-77.11234,38.9308],[-77.11235,38.93082],[-77.11236,38.93085],[-77.11237,38.93087],[-77.11238,38.93089],[-77.1124,38.93092],[-77.11242,38.93094],[-77.11244,38.93096],[-77.11246,38.93098],[-77.11248,38.931],[-77.11251,38.93102],[-77.11253,38.93104],[-77.11255,38.93106],[-77.11257,38.93108],[-77.11259,38.9311],[-77.11261,38.93113],[-77.11263,38.93115],[-77.11264,38.93117],[-77.11265,38.9312],[-77.11267,38.93122],[-77.11268,38.93125],[-77.1127,38.93127],[-77.11271,38.9313],[-77.11272,38.93132],[-77.11273,38.93134],[-77.11274,38.93137],[-77.11274,38.93139],[-77.1128,38.93148],[-77.11283,38.93154],[-77.11299,38.9318],[-77.11303,38.93186],[-77.11307,38.93193],[-77.11327,38.93228],[-77.11341,38.93253],[-77.11371,38.93303],[-77.11372,38.93304],[-77.11373,38.93305],[-77.11374,38.93307],[-77.11375,38.93309],[-77.11376,38.93311],[-77.11378,38.93314],[-77.11379,38.93316],[-77.1138,38.93318],[-77.11382,38.9332],[-77.11383,38.93323],[-77.11385,38.93325],[-77.11386,38.93327],[-77.11387,38.9333],[-77.11389,38.93332],[-77.11391,38.93334],[-77.11392,38.93337],[-77.11394,38.93339],[-77.11395,38.93341],[-77.11396,38.93344],[-77.11398,38.93346],[-77.114,38.93348],[-77.11402,38.93351],[-77.11404,38.93353],[-77.11406,38.93355],[-77.11408,38.93358],[-77.11409,38.9336],[-77.11411,38.93362],[-77.11413,38.93364],[-77.11415,38.93367],[-77.11417,38.93369],[-77.11418,38.93371],[-77.1142,38.93373],[-77.11422,38.93376],[-77.11424,38.93378],[-77.11426,38.93381],[-77.11427,38.93383],[-77.11429,38.93385],[-77.11431,38.93387],[-77.11433,38.9339],[-77.11434,38.93392],[-77.11436,38.93395],[-77.11437,38.93397],[-77.11439,38.93399],[-77.11441,38.93402],[-77.11442,38.93404],[-77.11444,38.93406],[-77.11446,38.93408],[-77.11447,38.93411],[-77.11449,38.93413],[-77.11451,38.93415],[-77.11452,38.93417],[-77.11454,38.9342],[-77.11456,38.93422],[-77.11458,38.93424],[-77.1146,38.93427],[-77.11462,38.93429],[-77.11464,38.93431],[-77.11466,38.93433],[-77.11468,38.93435],[-77.1147,38.93438],[-77.11472,38.9344],[-77.11474,38.93442],[-77.11477,38.93445],[-77.11479,38.93447],[-77.11481,38.93449],[-77.11483,38.93452],[-77.11485,38.93454],[-77.11487,38.93456],[-77.11488,38.93458],[-77.11489,38.9346],[-77.1149,38.93462],[-77.11491,38.93463],[-77.11493,38.93465],[-77.11495,38.93467],[-77.11497,38.93469],[-77.11499,38.93471],[-77.11501,38.93474],[-77.11503,38.93476],[-77.11505,38.93478],[-77.11507,38.9348],[-77.11509,38.93483],[-77.11512,38.93485],[-77.11513,38.93487],[-77.11515,38.93489],[-77.11517,38.93491],[-77.11518,38.93492],[-77.11519,38.93493],[-77.11519,38.93494],[-77.11519,38.93495],[-77.11521,38.93497],[-77.11522,38.93496],[-77.11523,38.93496],[-77.11522,38.93497],[-77.11525,38.93499],[-77.11526,38.93498],[-77.11527,38.93499],[-77.11526,38.935],[-77.11528,38.93506],[-77.11531,38.93506],[-77.11532,38.93507],[-77.11534,38.93507],[-77.11536,38.93509],[-77.11537,38.9351],[-77.11539,38.93512],[-77.11541,38.93515],[-77.11543,38.93517],[-77.11544,38.93519],[-77.11546,38.93521],[-77.11547,38.93524],[-77.11549,38.93526],[-77.1155,38.93528],[-77.11552,38.93531],[-77.11554,38.93533],[-77.11555,38.93535],[-77.11557,38.93537],[-77.11559,38.9354],[-77.11561,38.93542],[-77.11563,38.93544],[-77.11565,38.93546],[-77.11567,38.93548],[-77.1157,38.9355],[-77.11572,38.93552],[-77.11574,38.93554],[-77.11576,38.93556],[-77.11578,38.93558],[-77.1158,38.9356],[-77.11583,38.93562],[-77.11585,38.93564],[-77.11587,38.93566],[-77.1159,38.93568],[-77.11592,38.9357],[-77.11594,38.93572],[-77.11597,38.93574],[-77.11599,38.93576],[-77.11601,38.93578],[-77.11604,38.9358],[-77.11606,38.93583],[-77.11608,38.93584],[-77.1161,38.93586],[-77.11612,38.93589],[-77.11614,38.93591],[-77.11616,38.93593],[-77.11617,38.93595],[-77.11619,38.93597],[-77.11621,38.93598],[-77.11623,38.936],[-77.11626,38.93602],[-77.11628,38.93603],[-77.1163,38.93605],[-77.11632,38.93607],[-77.11634,38.93609],[-77.11636,38.93611],[-77.11638,38.93613],[-77.1164,38.93615],[-77.11643,38.93617],[-77.11645,38.93618],[-77.11647,38.9362],[-77.1165,38.93622],[-77.11652,38.93623],[-77.11654,38.93625],[-77.11656,38.93627],[-77.11658,38.93629],[-77.11661,38.9363],[-77.11663,38.93632],[-77.11665,38.93634],[-77.11667,38.93636],[-77.11669,38.93637],[-77.11671,38.93639],[-77.11673,38.93641],[-77.11675,38.93642],[-77.11678,38.93644],[-77.1168,38.93645],[-77.11682,38.93647],[-77.11683,38.93648],[-77.11685,38.93649],[-77.11688,38.93651],[-77.1169,38.93653],[-77.11692,38.93654],[-77.11694,38.93656],[-77.11696,38.93657],[-77.11979,38.93435],[-77.1198,38.93435]],[[-77.11561,38.92793],[-77.1156,38.92794],[-77.11559,38.92794],[-77.11558,38.92794],[-77.11557,38.92794],[-77.11556,38.92793],[-77.11555,38.92792],[-77.11554,38.92791],[-77.11553,38.92792],[-77.11552,38.92792],[-77.11552,38.9279],[-77.11551,38.92789],[-77.11551,38.92788],[-77.11552,38.92787],[-77.11554,38.92787],[-77.11555,38.92786],[-77.11557,38.92786],[-77.11558,38.92786],[-77.11559,38.92786],[-77.1156,38.92787],[-77.11561,38.92787],[-77.11561,38.92788],[-77.11561,38.9279],[-77.11561,38.92791],[-77.11561,38.92792],[-77.11561,38.92793]]]},"properties":{"name":"Potomac Gorge, The  (Potomac Palisades)","label":"The Potomac Gorge","designation":"DC","date":null,"nr":"N"}},{"type":"Feature","geometry":{"type":"Polygon","coordinates":[[[-77.06162,38.91535],[-77.06159,38.9152],[-77.06146,38.91516],[-77.06066,38.9153],[-77.05998,38.91534],[-77.05975,38.91538],[-77.05944,38.9156],[-77.05915,38.91573],[-77.05873,38.91536],[-77.05871,38.91501],[-77.05869,38.91496],[-77.05869,38.91494],[-77.05868,38.91491],[-77.05868,38.9149],[-77.05867,38.91487],[-77.05867,38.91486],[-77.05867,38.91485],[-77.05866,38.91484],[-77.05866,38.91483],[-77.05865,38.91482],[-77.05864,38.91481],[-77.05863,38.91481],[-77.05861,38.91479],[-77.05856,38.91478],[-77.05852,38.91477],[-77.0585,38.91476],[-77.05847,38.91475],[-77.05844,38.91473],[-77.05843,38.91472],[-77.05841,38.91471],[-77.05839,38.91468],[-77.05839,38.91466],[-77.05838,38.91465],[-77.05834,38.9146],[-77.05832,38.91459],[-77.05829,38.91457],[-77.05822,38.91451],[-77.0582,38.9145],[-77.05818,38.91447],[-77.05814,38.91444],[-77.05812,38.91441],[-77.05809,38.91439],[-77.05806,38.91437],[-77.05805,38.91436],[-77.05802,38.91433],[-77.05797,38.91429],[-77.05793,38.91427],[-77.0579,38.91427],[-77.05788,38.91426],[-77.05783,38.91425],[-77.05777,38.91424],[-77.05768,38.91423],[-77.0576,38.91422],[-77.05759,38.91422],[-77.05752,38.91421],[-77.05748,38.9142],[-77.05742,38.91419],[-77.0574,38.91418],[-77.05732,38.91416],[-77.0573,38.91414],[-77.05724,38.91412],[-77.05716,38.91407],[-77.0571,38.91403],[-77.05704,38.91398],[-77.05701,38.91395],[-77.05696,38.91392],[-77.05694,38.91391],[-77.05692,38.91389],[-77.05689,38.91387],[-77.05684,38.91382],[-77.05679,38.91377],[-77.05671,38.91368],[-77.05668,38.91365],[-77.05666,38.91363],[-77.05666,38.91362],[-77.05665,38.91361],[-77.05666,38.91359],[-77.05666,38.91358],[-77.05667,38.91357],[-77.05669,38.91354],[-77.05667,38.91347],[-77.05658,38.91338],[-77.05648,38.91328],[-77.05646,38.91326],[-77.05639,38.91321],[-77.05624,38.91314],[-77.05617,38.91311],[-77.05615,38.9131],[-77.05607,38.91306],[-77.05604,38.91304],[-77.05597,38.91302],[-77.05593,38.913],[-77.05589,38.91299],[-77.05575,38.91294],[-77.0557,38.91292],[-77.05569,38.91292],[-77.05567,38.91291],[-77.05561,38.91288],[-77.05556,38.91286],[-77.0555,38.91283],[-77.05544,38.9128],[-77.0554,38.91278],[-77.05538,38.91277],[-77.05536,38.91276],[-77.05527,38.91272],[-77.05518,38.91268],[-77.05509,38.91263],[-77.05503,38.9126],[-77.05495,38.91255],[-77.05493,38.91254],[-77.05489,38.91252],[-77.05487,38.91252],[-77.05485,38.91253],[-77.05481,38.91254],[-77.05477,38.91256],[-77.05432,38.91238],[-77.05427,38.91236],[-77.05351,38.91219],[-77.05346,38.91172],[-77.05342,38.91138],[-77.05287,38.91139],[-77.05286,38.91139],[-77.05285,38.91139],[-77.05284,38.91139],[-77.05283,38.91139],[-77.05282,38.91139],[-77.05281,38.91139],[-77.0528,38.91139],[-77.05279,38.91139],[-77.05278,38.91139],[-77.05278,38.91138],[-77.05277,38.91138],[-77.05276,38.91138],[-77.05275,38.91138],[-77.05275,38.91137],[-77.05274,38.91137],[-77.05268,38.91131],[-77.05218,38.91086],[-77.0521,38.91075],[-77.05184,38.91048],[-77.05179,38.91048],[-77.05175,38.91048],[-77.05172,38.91048],[-77.05168,38.91048],[-77.05124,38.90996],[-77.05124,38.90969],[-77.05124,38.90956],[-77.05275,38.90957],[-77.05388,38.90931],[-77.05401,38.90928],[-77.05466,38.90928],[-77.05466,38.90862],[-77.05466,38.90846],[-77.0551,38.90846],[-77.05509,38.90813],[-77.0552,38.90813],[-77.0552,38.90788],[-77.0552,38.90772],[-77.05523,38.90772],[-77.05548,38.90772],[-77.05548,38.90764],[-77.05548,38.90739],[-77.05572,38.90739],[-77.05572,38.90697],[-77.05572,38.90679],[-77.05572,38.90641],[-77.05572,38.90618],[-77.05572,38.90602],[-77.0559,38.90602],[-77.05611,38.90602],[-77.05611,38.90587],[-77.0561,38.90587],[-77.05628,38.90553],[-77.05642,38.90553],[-77.05642,38.90538],[-77.05644,38.90516],[-77.05644,38.90484],[-77.05658,38.90488],[-77.05684,38.90498],[-77.05707,38.90479],[-77.05707,38.90448],[-77.05713,38.90448],[-77.05713,38.90409],[-77.05714,38.90401],[-77.05714,38.90388],[-77.05713,38.90388],[-77.05711,38.90388],[-77.0571,38.90387],[-77.05709,38.90386],[-77.05708,38.90386],[-77.05707,38.90385],[-77.05705,38.90384],[-77.05704,38.90383],[-77.05703,38.90383],[-77.05703,38.90382],[-77.05702,38.90381],[-77.05701,38.9038],[-77.057,38.90379],[-77.057,38.90378],[-77.05699,38.90377],[-77.05698,38.90375],[-77.05698,38.90374],[-77.05698,38.90373],[-77.05697,38.90372],[-77.05697,38.90371],[-77.05697,38.9037],[-77.05697,38.90369],[-77.05697,38.90367],[-77.05697,38.90366],[-77.05697,38.90364],[-77.05697,38.90362],[-77.05698,38.90361],[-77.05698,38.90359],[-77.05698,38.90357],[-77.05699,38.90356],[-77.05699,38.90354],[-77.057,38.90353],[-77.05701,38.90351],[-77.05702,38.9035],[-77.05703,38.90349],[-77.05704,38.90347],[-77.05716,38.90333],[-77.05728,38.90319],[-77.05729,38.90318],[-77.05748,38.90297],[-77.05758,38.90286],[-77.05765,38.90278],[-77.05772,38.90269],[-77.05815,38.90235],[-77.05815,38.9022],[-77.05818,38.90215],[-77.0585,38.90167],[-77.05859,38.90151],[-77.05864,38.90138],[-77.05863,38.90104],[-77.05903,38.90113],[-77.05898,38.90071],[-77.05898,38.9007],[-77.05897,38.90069],[-77.05895,38.90067],[-77.05892,38.90066],[-77.0589,38.90064],[-77.05888,38.90063],[-77.05886,38.90061],[-77.05884,38.9006],[-77.05882,38.90059],[-77.05881,38.90058],[-77.0588,38.90058],[-77.05879,38.90058],[-77.05878,38.90058],[-77.05878,38.90057],[-77.05878,38.90056],[-77.05878,38.90055],[-77.05878,38.90054],[-77.05874,38.90051],[-77.05869,38.90048],[-77.05867,38.90047],[-77.05865,38.90045],[-77.05862,38.90044],[-77.0586,38.90043],[-77.05858,38.90042],[-77.05857,38.90042],[-77.05856,38.90042],[-77.05855,38.90042],[-77.05841,38.90029],[-77.0582,38.90009],[-77.05805,38.89995],[-77.05797,38.89994],[-77.0579,38.89989],[-77.05789,38.89988],[-77.05788,38.89988],[-77.05788,38.89989],[-77.05787,38.89989],[-77.05784,38.89985],[-77.05784,38.89984],[-77.05784,38.89983],[-77.05783,38.89983],[-77.05782,38.89983],[-77.05781,38.89983],[-77.05778,38.89985],[-77.05775,38.89983],[-77.05774,38.89983],[-77.05773,38.89982],[-77.05771,38.89981],[-77.05769,38.8998],[-77.05767,38.89979],[-77.05764,38.89978],[-77.05754,38.89973],[-77.05753,38.89973],[-77.05752,38.89972],[-77.0575,38.89972],[-77.05749,38.89972],[-77.05748,38.89972],[-77.05726,38.89965],[-77.05727,38.89964],[-77.05727,38.89962],[-77.05729,38.89959],[-77.0573,38.89958],[-77.05731,38.89956],[-77.05731,38.89955],[-77.05732,38.89955],[-77.05733,38.89954],[-77.05733,38.89953],[-77.05734,38.89952],[-77.05735,38.89951],[-77.05736,38.8995],[-77.05737,38.89949],[-77.05737,38.89947],[-77.05738,38.89946],[-77.05738,38.89945],[-77.05739,38.89943],[-77.05739,38.89942],[-77.05739,38.89941],[-77.0574,38.8994],[-77.0574,38.89939],[-77.0574,38.89938],[-77.05739,38.89937],[-77.05739,38.89936],[-77.05738,38.89936],[-77.05738,38.89935],[-77.05736,38.89935],[-77.05735,38.89934],[-77.05735,38.89933],[-77.05735,38.89932],[-77.05735,38.89931],[-77.05736,38.89931],[-77.05737,38.89931],[-77.05715,38.89904],[-77.05713,38.89905],[-77.05702,38.89894],[-77.05689,38.89882],[-77.05688,38.8988],[-77.05686,38.89877],[-77.05684,38.89875],[-77.0568,38.89871],[-77.05679,38.89871],[-77.05678,38.8987],[-77.05677,38.89869],[-77.05675,38.89867],[-77.05674,38.89865],[-77.05673,38.89865],[-77.05672,38.89863],[-77.05671,38.89861],[-77.05669,38.89859],[-77.05668,38.89857],[-77.05667,38.89856],[-77.05666,38.89855],[-77.05666,38.89853],[-77.05665,38.89851],[-77.05664,38.89849],[-77.05664,38.89846],[-77.05663,38.89845],[-77.05663,38.8984],[-77.05664,38.89813],[-77.05665,38.89786],[-77.05666,38.89766],[-77.05667,38.89725],[-77.05667,38.89715],[-77.0567,38.89664],[-77.0567,38.89654],[-77.0567,38.89644],[-77.0567,38.89635],[-77.0567,38.89625],[-77.0567,38.89615],[-77.05671,38.89601],[-77.05671,38.89558],[-77.05671,38.8954],[-77.0567,38.89534],[-77.0567,38.89528],[-77.0567,38.89522],[-77.05669,38.89516],[-77.05669,38.89514],[-77.05668,38.89508],[-77.05668,38.89502],[-77.05667,38.89497],[-77.05666,38.89491],[-77.05665,38.89485],[-77.05664,38.8948],[-77.05663,38.89474],[-77.05661,38.89468],[-77.05661,38.89465],[-77.05659,38.89461],[-77.05658,38.89457],[-77.05657,38.89452],[-77.05655,38.89448],[-77.05654,38.89444],[-77.05652,38.89439],[-77.0565,38.89435],[-77.05648,38.89431],[-77.05646,38.89426],[-77.05644,38.89422],[-77.05635,38.894],[-77.0563,38.89389],[-77.05627,38.89383],[-77.05619,38.89364],[-77.05616,38.89357],[-77.05614,38.89353],[-77.05594,38.89309],[-77.05594,38.89308],[-77.05587,38.89282],[-77.05585,38.89282],[-77.05583,38.89282],[-77.0557,38.8926],[-77.05558,38.89243],[-77.05552,38.89236],[-77.05551,38.89235],[-77.0555,38.89235],[-77.0555,38.89234],[-77.05549,38.89234],[-77.05549,38.89233],[-77.05548,38.89233],[-77.05547,38.89233],[-77.05547,38.89232],[-77.05546,38.89232],[-77.05545,38.89231],[-77.05544,38.89231],[-77.05545,38.89229],[-77.05546,38.89228],[-77.05547,38.89226],[-77.05547,38.89225],[-77.05548,38.89223],[-77.05549,38.89222],[-77.05549,38.8922],[-77.0555,38.89219],[-77.0555,38.89217],[-77.0555,38.89215],[-77.0555,38.89214],[-77.0555,38.89212],[-77.0555,38.8921],[-77.0555,38.89209],[-77.0555,38.89207],[-77.0555,38.89206],[-77.05549,38.89204],[-77.05549,38.89202],[-77.05548,38.89201],[-77.05547,38.89199],[-77.05547,38.89198],[-77.05546,38.89196],[-77.05545,38.89195],[-77.05544,38.89193],[-77.05544,38.89188],[-77.05507,38.89187],[-77.05506,38.89187],[-77.05505,38.89187],[-77.05504,38.89187],[-77.05503,38.89186],[-77.05502,38.89186],[-77.055,38.89185],[-77.05499,38.89184],[-77.05498,38.89183],[-77.05497,38.89183],[-77.05497,38.89182],[-77.05496,38.89181],[-77.05494,38.89177],[-77.05492,38.89173],[-77.0549,38.89169],[-77.05488,38.89165],[-77.05485,38.89162],[-77.05482,38.89157],[-77.05479,38.89152],[-77.05476,38.89148],[-77.05473,38.89143],[-77.05469,38.89139],[-77.05466,38.89134],[-77.05463,38.8913],[-77.05459,38.89126],[-77.05456,38.89122],[-77.05452,38.89117],[-77.05448,38.89113],[-77.05447,38.89112],[-77.05443,38.89108],[-77.0544,38.89104],[-77.05436,38.891],[-77.05432,38.89097],[-77.05428,38.89093],[-77.05424,38.89089],[-77.05421,38.89086],[-77.05416,38.89082],[-77.05412,38.89079],[-77.05408,38.89075],[-77.05404,38.89072],[-77.054,38.89068],[-77.05395,38.89065],[-77.05393,38.89064],[-77.05389,38.8906],[-77.05384,38.89057],[-77.05378,38.89054],[-77.05373,38.89051],[-77.05368,38.89047],[-77.05363,38.89044],[-77.05358,38.89041],[-77.05352,38.89038],[-77.05347,38.89035],[-77.05342,38.89032],[-77.05336,38.89029],[-77.05331,38.89026],[-77.05324,38.89023],[-77.05318,38.8902],[-77.05311,38.89017],[-77.05304,38.89014],[-77.05298,38.89011],[-77.05294,38.89009],[-77.0522,38.88981],[-77.05215,38.8898],[-77.05203,38.89003],[-77.05207,38.89005],[-77.05285,38.89034],[-77.05346,38.89067],[-77.0539,38.89098],[-77.05432,38.8914],[-77.0546,38.89178],[-77.05489,38.89246],[-77.05545,38.89325],[-77.05592,38.89388],[-77.05609,38.89467],[-77.0561,38.89518],[-77.0561,38.8954],[-77.0561,38.89591],[-77.0561,38.89658],[-77.0561,38.89695],[-77.0561,38.89724],[-77.056,38.89748],[-77.056,38.89783],[-77.056,38.89818],[-77.05607,38.89843],[-77.05621,38.89892],[-77.05625,38.89909],[-77.05633,38.89934],[-77.05645,38.89968],[-77.05662,38.90012],[-77.0567,38.90032],[-77.05681,38.90032],[-77.0569,38.90055],[-77.05684,38.90055],[-77.05657,38.90084],[-77.0562,38.90084],[-77.0562,38.90149],[-77.05647,38.90157],[-77.05679,38.90166],[-77.05694,38.90169],[-77.05685,38.90197],[-77.05672,38.90193],[-77.05664,38.90192],[-77.05663,38.90191],[-77.05633,38.90184],[-77.05632,38.90184],[-77.0563,38.90183],[-77.05628,38.90183],[-77.05626,38.90182],[-77.05624,38.90182],[-77.05622,38.90182],[-77.0562,38.90181],[-77.05618,38.90181],[-77.05618,38.90237],[-77.05622,38.90273],[-77.05622,38.9031],[-77.05622,38.90318],[-77.05622,38.90362],[-77.05594,38.90387],[-77.05563,38.90387],[-77.05544,38.90419],[-77.05529,38.9045],[-77.05507,38.90442],[-77.05484,38.90434],[-77.05484,38.90508],[-77.05484,38.90569],[-77.0546,38.90569],[-77.05425,38.9057],[-77.05425,38.90575],[-77.05403,38.90575],[-77.0538,38.90575],[-77.0538,38.9057],[-77.05373,38.9057],[-77.05345,38.9057],[-77.05345,38.90613],[-77.05345,38.90664],[-77.05345,38.90689],[-77.05345,38.90714],[-77.05314,38.90739],[-77.05236,38.90739],[-77.05204,38.9074],[-77.05133,38.9074],[-77.05133,38.90784],[-77.05116,38.90778],[-77.05115,38.90761],[-77.05019,38.90761],[-77.04993,38.90763],[-77.04966,38.90763],[-77.04966,38.90769],[-77.04945,38.90769],[-77.04945,38.90813],[-77.04934,38.90813],[-77.04934,38.90831],[-77.04921,38.90831],[-77.04917,38.90836],[-77.04913,38.90841],[-77.04897,38.90841],[-77.04897,38.90846],[-77.04942,38.9087],[-77.04942,38.90911],[-77.04942,38.90952],[-77.04942,38.90964],[-77.04942,38.90979],[-77.04942,38.90992],[-77.04929,38.91021],[-77.04928,38.91025],[-77.04959,38.91032],[-77.04972,38.91035],[-77.04978,38.91037],[-77.04976,38.91041],[-77.0498,38.91046],[-77.04976,38.91057],[-77.04983,38.91059],[-77.04984,38.91059],[-77.05014,38.91059],[-77.05014,38.9106],[-77.05023,38.9106],[-77.05023,38.91064],[-77.05023,38.91101],[-77.0505,38.91101],[-77.05077,38.91121],[-77.05114,38.91148],[-77.05126,38.91157],[-77.05141,38.91168],[-77.05153,38.91177],[-77.05182,38.91197],[-77.0517,38.91208],[-77.05183,38.91218],[-77.05171,38.91228],[-77.05185,38.91238],[-77.05183,38.9124],[-77.05203,38.91254],[-77.05205,38.91252],[-77.05236,38.91274],[-77.05235,38.9129],[-77.05259,38.91293],[-77.05263,38.9129],[-77.05276,38.91299],[-77.05274,38.91301],[-77.05318,38.91333],[-77.05349,38.91355],[-77.05387,38.91385],[-77.05393,38.9138],[-77.05407,38.91389],[-77.05456,38.91426],[-77.0546,38.91423],[-77.05462,38.91421],[-77.05508,38.91455],[-77.05526,38.91468],[-77.05528,38.9147],[-77.05554,38.91489],[-77.05556,38.91487],[-77.05586,38.91462],[-77.05597,38.91453],[-77.0561,38.91462],[-77.05618,38.91468],[-77.05623,38.91472],[-77.05629,38.91476],[-77.05649,38.91491],[-77.05669,38.91505],[-77.05686,38.91518],[-77.05706,38.91533],[-77.05721,38.91544],[-77.05738,38.91556],[-77.0575,38.91565],[-77.05761,38.91573],[-77.05766,38.91577],[-77.05771,38.91582],[-77.05776,38.91587],[-77.05778,38.9159],[-77.05781,38.91594],[-77.05782,38.91598],[-77.05783,38.916],[-77.05784,38.91603],[-77.05785,38.91607],[-77.05786,38.91612],[-77.05786,38.91616],[-77.05786,38.91622],[-77.05786,38.91627],[-77.05786,38.91632],[-77.05786,38.91635],[-77.05785,38.91639],[-77.05784,38.91644],[-77.05783,38.91648],[-77.05781,38.91653],[-77.05779,38.91657],[-77.05777,38.9166],[-77.05776,38.91663],[-77.05775,38.91665],[-77.05774,38.91666],[-77.05773,38.91668],[-77.05771,38.91671],[-77.0577,38.91674],[-77.05768,38.91676],[-77.05766,38.91679],[-77.05765,38.91681],[-77.05763,38.91683],[-77.05762,38.91684],[-77.0576,38.91686],[-77.05759,38.91687],[-77.05757,38.91689],[-77.05756,38.9169],[-77.05754,38.91688],[-77.05753,38.91687],[-77.05751,38.91689],[-77.0575,38.9169],[-77.0575,38.91691],[-77.05749,38.91692],[-77.05748,38.91694],[-77.05748,38.91695],[-77.05747,38.91696],[-77.05747,38.91697],[-77.05747,38.91698],[-77.05747,38.91699],[-77.05747,38.917],[-77.05747,38.91701],[-77.05747,38.91702],[-77.05748,38.91703],[-77.05751,38.91707],[-77.05735,38.91719],[-77.05734,38.9172],[-77.05732,38.91722],[-77.05725,38.91728],[-77.05726,38.91729],[-77.05671,38.91776],[-77.05644,38.91781],[-77.05582,38.91792],[-77.05541,38.918],[-77.05532,38.91794],[-77.05491,38.91828],[-77.0545,38.91862],[-77.05446,38.91864],[-77.05442,38.91867],[-77.05438,38.9187],[-77.05432,38.91873],[-77.05428,38.91875],[-77.05421,38.91877],[-77.05413,38.9188],[-77.054,38.91883],[-77.05386,38.91887],[-77.05377,38.9189],[-77.05367,38.91893],[-77.05357,38.91895],[-77.0535,38.91896],[-77.05343,38.91897],[-77.05331,38.91899],[-77.05265,38.91905],[-77.05043,38.91905],[-77.05037,38.91906],[-77.05032,38.91906],[-77.05029,38.91906],[-77.05025,38.91907],[-77.0502,38.91908],[-77.05017,38.91909],[-77.05014,38.9191],[-77.05009,38.91911],[-77.04936,38.91938],[-77.04929,38.91946],[-77.04932,38.9195],[-77.04928,38.91951],[-77.04945,38.91981],[-77.04928,38.91988],[-77.04911,38.91958],[-77.04907,38.91959],[-77.04904,38.91955],[-77.04892,38.9196],[-77.04888,38.91968],[-77.04884,38.91973],[-77.04881,38.91978],[-77.04878,38.91983],[-77.04875,38.91987],[-77.04872,38.91991],[-77.0487,38.91994],[-77.04868,38.91996],[-77.04865,38.91999],[-77.04863,38.92002],[-77.04858,38.92008],[-77.04853,38.92013],[-77.04847,38.9202],[-77.04843,38.92024],[-77.04837,38.9203],[-77.04831,38.92036],[-77.04828,38.9204],[-77.04824,38.92043],[-77.04821,38.92047],[-77.0482,38.92048],[-77.04819,38.9205],[-77.04818,38.92051],[-77.04818,38.92052],[-77.04818,38.92054],[-77.04817,38.92055],[-77.04818,38.92056],[-77.04818,38.92058],[-77.04818,38.92059],[-77.04819,38.9206],[-77.04819,38.92062],[-77.04822,38.92067],[-77.04825,38.92073],[-77.04828,38.92079],[-77.04832,38.92087],[-77.04835,38.92094],[-77.04839,38.92101],[-77.04842,38.92107],[-77.04842,38.92109],[-77.04842,38.9211],[-77.04843,38.92111],[-77.04843,38.92113],[-77.04843,38.92114],[-77.04844,38.92115],[-77.04844,38.92116],[-77.04844,38.92117],[-77.04843,38.92119],[-77.04843,38.9212],[-77.04843,38.92121],[-77.04842,38.92122],[-77.04842,38.92124],[-77.04841,38.92125],[-77.04841,38.92126],[-77.04827,38.92147],[-77.04825,38.92159],[-77.04819,38.92172],[-77.04791,38.92212],[-77.04789,38.92211],[-77.04774,38.92212],[-77.04748,38.92239],[-77.04721,38.92245],[-77.04723,38.9225],[-77.04725,38.92255],[-77.04727,38.9226],[-77.0473,38.92265],[-77.04733,38.9227],[-77.04737,38.92275],[-77.04739,38.92278],[-77.0474,38.92281],[-77.04743,38.92286],[-77.04745,38.9229],[-77.04747,38.92297],[-77.04749,38.92305],[-77.04749,38.92311],[-77.04749,38.9232],[-77.04744,38.92341],[-77.04744,38.92363],[-77.04731,38.92363],[-77.04715,38.92419],[-77.04799,38.924],[-77.04819,38.92426],[-77.04828,38.92431],[-77.04836,38.92437],[-77.04843,38.92441],[-77.04855,38.92474],[-77.04964,38.92453],[-77.04958,38.92431],[-77.04955,38.92416],[-77.04952,38.92398],[-77.0495,38.92366],[-77.04951,38.92346],[-77.04955,38.92324],[-77.04986,38.92326],[-77.05038,38.9233],[-77.05055,38.92332],[-77.05058,38.92307],[-77.05093,38.92295],[-77.05129,38.92282],[-77.05166,38.92342],[-77.05273,38.92334],[-77.05275,38.92332],[-77.05271,38.92317],[-77.05266,38.92307],[-77.05257,38.92289],[-77.05219,38.92258],[-77.05224,38.92239],[-77.05226,38.92235],[-77.05227,38.92232],[-77.05229,38.92229],[-77.0523,38.92226],[-77.05232,38.92222],[-77.05234,38.92219],[-77.05236,38.92217],[-77.05238,38.92213],[-77.0524,38.92211],[-77.05242,38.92208],[-77.05244,38.92206],[-77.05246,38.92204],[-77.05248,38.92201],[-77.05251,38.92199],[-77.05253,38.92197],[-77.05255,38.92194],[-77.05257,38.92193],[-77.05259,38.92191],[-77.05261,38.92189],[-77.05263,38.92188],[-77.05265,38.92186],[-77.05267,38.92185],[-77.0527,38.92183],[-77.05273,38.92181],[-77.05275,38.9218],[-77.05278,38.92178],[-77.05281,38.92176],[-77.05283,38.92175],[-77.05286,38.92174],[-77.05289,38.92172],[-77.05292,38.9217],[-77.05295,38.92169],[-77.053,38.92167],[-77.05303,38.92166],[-77.05306,38.92165],[-77.05309,38.92164],[-77.05312,38.92163],[-77.05315,38.92162],[-77.05385,38.92138],[-77.05382,38.92135],[-77.054,38.92129],[-77.05395,38.92121],[-77.05395,38.92118],[-77.05395,38.92114],[-77.05397,38.92111],[-77.05399,38.92108],[-77.05402,38.92106],[-77.05405,38.92104],[-77.05415,38.92101],[-77.0544,38.92093],[-77.05452,38.92089],[-77.05468,38.92084],[-77.05486,38.92076],[-77.05496,38.92071],[-77.05512,38.92062],[-77.05532,38.92047],[-77.05539,38.92041],[-77.05562,38.92013],[-77.05567,38.92008],[-77.05573,38.91998],[-77.05577,38.91992],[-77.05588,38.9198],[-77.05598,38.9197],[-77.05611,38.9196],[-77.05626,38.91953],[-77.05652,38.91943],[-77.05658,38.91942],[-77.05674,38.91938],[-77.05687,38.91936],[-77.05702,38.91935],[-77.05716,38.91933],[-77.05728,38.91931],[-77.05742,38.91928],[-77.05756,38.91922],[-77.0576,38.91921],[-77.0577,38.91916],[-77.05784,38.91909],[-77.05786,38.91908],[-77.05795,38.919],[-77.05809,38.91889],[-77.05821,38.91879],[-77.05833,38.91869],[-77.0585,38.91855],[-77.05868,38.9184],[-77.05882,38.91829],[-77.05902,38.91813],[-77.05921,38.91811],[-77.05921,38.91807],[-77.05922,38.91803],[-77.05922,38.91799],[-77.05923,38.91795],[-77.05924,38.91792],[-77.05925,38.91788],[-77.05926,38.91784],[-77.05928,38.91781],[-77.05929,38.91777],[-77.05931,38.91773],[-77.05934,38.91769],[-77.05936,38.91766],[-77.05938,38.91763],[-77.0594,38.91759],[-77.05943,38.91756],[-77.05946,38.91752],[-77.05949,38.91749],[-77.05952,38.91746],[-77.05955,38.91743],[-77.05957,38.9174],[-77.0596,38.91738],[-77.05962,38.91736],[-77.05964,38.91734],[-77.05968,38.91732],[-77.0597,38.91668],[-77.05974,38.91596],[-77.0608,38.91556],[-77.06183,38.91557],[-77.06162,38.91535]]]},"properties":{"name":"Rock Creek & Potomac Parkway (Res 360)","label":"Rock Creek & Potomac Pkwy.","designation":"DC","date":null,"nr":"N"}},{"type":"Feature","geometry":{"type":"Polygon","coordinates":[[[-77.05885,38.91513],[-77.05878,38.91526],[-77.05874,38.91534],[-77.05873,38.91536],[-77.05915,38.91573],[-77.05944,38.9156],[-77.05975,38.91538],[-77.05998,38.91534],[-77.06066,38.9153],[-77.06146,38.91516],[-77.06159,38.91442],[-77.06171,38.91409],[-77.062,38.9135],[-77.06215,38.91312],[-77.05978,38.91271],[-77.0597,38.91295],[-77.05962,38.91316],[-77.05948,38.91352],[-77.05936,38.91385],[-77.05925,38.91413],[-77.05915,38.91441],[-77.05902,38.91472],[-77.05894,38.91495],[-77.05885,38.91513]]]},"properties":{"name":"Montrose Park (Res 324)","label":"Montrose Park","designation":"DC/NR","date":null,"nr":"Y"}},{"type":"Feature","geometry":{"type":"Polygon","coordinates":[[[-77.0597,38.91668],[-77.06061,38.91669],[-77.06088,38.91642],[-77.06135,38.91666],[-77.06164,38.91712],[-77.06198,38.91736],[-77.06256,38.91743],[-77.06276,38.91693],[-77.06341,38.91708],[-77.06368,38.91721],[-77.06374,38.91835],[-77.06637,38.91842],[-77.06665,38.91832],[-77.0664,38.91749],[-77.06677,38.91723],[-77.06515,38.91608],[-77.06408,38.9155],[-77.06398,38.91545],[-77.06249,38.91537],[-77.06247,38.91536],[-77.06191,38.91531],[-77.06166,38.91516],[-77.06163,38.9151],[-77.06161,38.91505],[-77.0616,38.915],[-77.06159,38.91494],[-77.06159,38.91488],[-77.06156,38.915],[-77.06162,38.91535],[-77.06183,38.91557],[-77.0608,38.91556],[-77.05974,38.91596],[-77.0597,38.91668]]]},"properties":{"name":"Dumbarton Oaks Park (Res 637)","label":"Dumbarton Oaks Park","designation":"DC/NR","date":null,"nr":"Y"}},{"type":"Feature","geometry":{"type":"Polygon","coordinates":[[[-77.07866,38.93997],[-77.07827,38.93987],[-77.07867,38.94028],[-77.07853,38.94124],[-77.07841,38.94208],[-77.07841,38.94211],[-77.07834,38.94231],[-77.07818,38.94276],[-77.0781,38.94299],[-77.0781,38.94307],[-77.07826,38.94307],[-77.07844,38.94307],[-77.0787,38.94231],[-77.07929,38.94231],[-77.07928,38.94221],[-77.07963,38.94121],[-77.07994,38.94091],[-77.07993,38.94088],[-77.0801,38.94002],[-77.08059,38.93964],[-77.08129,38.93945],[-77.08129,38.93922],[-77.07961,38.93922],[-77.07971,38.93829],[-77.07974,38.93804],[-77.07978,38.93764],[-77.07981,38.93739],[-77.07993,38.9363],[-77.08087,38.9363],[-77.0815,38.9363],[-77.08136,38.93619],[-77.08129,38.93614],[-77.08122,38.93608],[-77.08116,38.93602],[-77.0811,38.93596],[-77.08104,38.93589],[-77.08099,38.93581],[-77.08095,38.93573],[-77.08091,38.93565],[-77.08088,38.93557],[-77.08086,38.93549],[-77.08084,38.9354],[-77.08083,38.93531],[-77.08082,38.93523],[-77.08082,38.93514],[-77.08083,38.93506],[-77.08085,38.93497],[-77.08087,38.93489],[-77.0809,38.93481],[-77.08094,38.93474],[-77.08098,38.93466],[-77.081,38.93468],[-77.08114,38.93453],[-77.08137,38.93433],[-77.082,38.93478],[-77.08201,38.93476],[-77.08203,38.93473],[-77.08207,38.93469],[-77.08209,38.93464],[-77.08211,38.9346],[-77.08213,38.93455],[-77.08214,38.9345],[-77.08215,38.93445],[-77.08215,38.9344],[-77.08215,38.93439],[-77.08215,38.93438],[-77.08215,38.93433],[-77.08214,38.9343],[-77.08214,38.93427],[-77.08213,38.93424],[-77.08211,38.93419],[-77.08208,38.93413],[-77.08205,38.93409],[-77.08205,38.93408],[-77.08202,38.93404],[-77.08198,38.93399],[-77.08193,38.93395],[-77.08156,38.93362],[-77.08131,38.93338],[-77.08129,38.93337],[-77.08083,38.93295],[-77.08078,38.9329],[-77.08075,38.93286],[-77.08071,38.93282],[-77.08069,38.93277],[-77.08067,38.93272],[-77.08065,38.93267],[-77.08064,38.93262],[-77.08064,38.93257],[-77.08064,38.93252],[-77.08065,38.93247],[-77.08067,38.93242],[-77.08069,38.93237],[-77.08088,38.9319],[-77.08088,38.93189],[-77.08094,38.93179],[-77.08101,38.93169],[-77.08108,38.9316],[-77.08115,38.9315],[-77.08123,38.93141],[-77.08132,38.93133],[-77.08225,38.93041],[-77.08207,38.93041],[-77.08215,38.93016],[-77.08227,38.92989],[-77.08232,38.92977],[-77.08237,38.92966],[-77.0824,38.92954],[-77.08244,38.92942],[-77.08247,38.9293],[-77.08258,38.92878],[-77.08266,38.92838],[-77.0827,38.92831],[-77.08261,38.92816],[-77.0829,38.9281],[-77.08311,38.92806],[-77.08311,38.92776],[-77.08311,38.92752],[-77.08319,38.9275],[-77.08327,38.92748],[-77.08335,38.92747],[-77.08343,38.92746],[-77.08351,38.92746],[-77.08388,38.92746],[-77.08396,38.92739],[-77.08396,38.92694],[-77.08396,38.92632],[-77.08494,38.92631],[-77.08494,38.92619],[-77.08607,38.92619],[-77.0861,38.92619],[-77.0861,38.92607],[-77.08612,38.92607],[-77.08611,38.9255],[-77.08611,38.92535],[-77.08612,38.92524],[-77.08613,38.92513],[-77.08616,38.92501],[-77.08619,38.9249],[-77.08622,38.9248],[-77.08627,38.92469],[-77.08634,38.92453],[-77.08641,38.92436],[-77.08675,38.9236],[-77.08679,38.9235],[-77.08685,38.92335],[-77.08688,38.92328],[-77.0869,38.9232],[-77.08691,38.92312],[-77.08693,38.92289],[-77.08693,38.9228],[-77.08692,38.92272],[-77.0869,38.92264],[-77.08688,38.92256],[-77.08686,38.92249],[-77.08677,38.92229],[-77.08672,38.92221],[-77.08667,38.92214],[-77.08661,38.92207],[-77.08641,38.92184],[-77.08634,38.92176],[-77.08627,38.92167],[-77.08621,38.92158],[-77.08616,38.92148],[-77.0861,38.92138],[-77.08606,38.92128],[-77.08602,38.92118],[-77.08598,38.92108],[-77.08595,38.92097],[-77.08593,38.92086],[-77.08592,38.92075],[-77.08591,38.92064],[-77.08579,38.91946],[-77.08577,38.91939],[-77.08575,38.91932],[-77.08572,38.91925],[-77.08591,38.91906],[-77.0857,38.91871],[-77.08559,38.91852],[-77.08548,38.91835],[-77.08519,38.91786],[-77.08492,38.91741],[-77.08466,38.91698],[-77.08449,38.91668],[-77.08363,38.91522],[-77.08353,38.91504],[-77.08338,38.9148],[-77.08331,38.91467],[-77.08324,38.91455],[-77.08316,38.91441],[-77.08314,38.91439],[-77.08304,38.91421],[-77.08295,38.91405],[-77.08289,38.91399],[-77.08284,38.91392],[-77.08277,38.91386],[-77.08271,38.91381],[-77.08264,38.91376],[-77.08256,38.91372],[-77.08248,38.91368],[-77.0824,38.91365],[-77.08232,38.91363],[-77.08226,38.91361],[-77.0822,38.91358],[-77.08214,38.91355],[-77.08209,38.91351],[-77.08204,38.91347],[-77.08199,38.91342],[-77.08195,38.91337],[-77.08192,38.91332],[-77.08189,38.91326],[-77.08187,38.9132],[-77.08186,38.91314],[-77.08185,38.91307],[-77.08185,38.91304],[-77.08184,38.91297],[-77.08183,38.91291],[-77.08182,38.91285],[-77.08181,38.91284],[-77.08177,38.91277],[-77.08147,38.91261],[-77.08133,38.91234],[-77.0813,38.91227],[-77.08128,38.9122],[-77.08126,38.91213],[-77.08124,38.91207],[-77.08123,38.912],[-77.08121,38.91194],[-77.0812,38.91186],[-77.08119,38.91179],[-77.08119,38.91173],[-77.08118,38.91166],[-77.08118,38.91158],[-77.08117,38.9113],[-77.08083,38.91132],[-77.08076,38.91132],[-77.08074,38.91106],[-77.08073,38.91078],[-77.08072,38.91073],[-77.08072,38.91068],[-77.08071,38.91062],[-77.08069,38.91057],[-77.08067,38.91051],[-77.08065,38.91045],[-77.08064,38.91041],[-77.08061,38.91036],[-77.08059,38.91032],[-77.08056,38.91027],[-77.08053,38.91023],[-77.0805,38.91019],[-77.08047,38.91015],[-77.08044,38.91012],[-77.0804,38.91008],[-77.08036,38.91004],[-77.0803,38.90999],[-77.08025,38.90995],[-77.08021,38.90993],[-77.08018,38.90991],[-77.08014,38.90988],[-77.08009,38.90984],[-77.08005,38.90981],[-77.08001,38.90977],[-77.07998,38.90974],[-77.07994,38.90971],[-77.07991,38.90967],[-77.07988,38.90963],[-77.07985,38.9096],[-77.07982,38.90956],[-77.07979,38.90952],[-77.07976,38.90948],[-77.07974,38.90943],[-77.07971,38.90937],[-77.0797,38.90932],[-77.07968,38.90928],[-77.07967,38.90924],[-77.07966,38.90922],[-77.07965,38.90917],[-77.07964,38.90912],[-77.07963,38.90908],[-77.07963,38.90904],[-77.07963,38.90898],[-77.07963,38.90895],[-77.07963,38.90891],[-77.07963,38.90888],[-77.07964,38.90884],[-77.07964,38.90881],[-77.07965,38.90878],[-77.07966,38.90874],[-77.07963,38.90859],[-77.07966,38.90851],[-77.07973,38.90829],[-77.07975,38.90825],[-77.07977,38.9082],[-77.07981,38.90806],[-77.07986,38.90793],[-77.0799,38.9078],[-77.07995,38.90767],[-77.08001,38.90749],[-77.08007,38.90732],[-77.08022,38.90689],[-77.08068,38.90683],[-77.08068,38.90679],[-77.08068,38.90673],[-77.08067,38.90667],[-77.08065,38.90662],[-77.08064,38.90659],[-77.08062,38.90654],[-77.08059,38.9065],[-77.08058,38.90649],[-77.08056,38.90646],[-77.08053,38.90643],[-77.07965,38.9066],[-77.07933,38.90665],[-77.07934,38.90675],[-77.07912,38.90678],[-77.07912,38.90676],[-77.07894,38.90678],[-77.07884,38.90679],[-77.07875,38.90679],[-77.07866,38.90679],[-77.07857,38.90678],[-77.07848,38.90676],[-77.07839,38.90674],[-77.0783,38.90671],[-77.07822,38.90668],[-77.07813,38.90664],[-77.07798,38.90655],[-77.07796,38.90965],[-77.07908,38.91168],[-77.07959,38.91192],[-77.07953,38.91192],[-77.07928,38.91257],[-77.07928,38.91261],[-77.07926,38.91264],[-77.07884,38.91278],[-77.07884,38.9128],[-77.07885,38.91296],[-77.07887,38.91307],[-77.07889,38.91318],[-77.07893,38.91329],[-77.07896,38.9134],[-77.07901,38.9135],[-77.07906,38.91361],[-77.07911,38.9137],[-77.07917,38.9138],[-77.07924,38.91389],[-77.07931,38.91398],[-77.07939,38.91406],[-77.07948,38.91413],[-77.07956,38.91421],[-77.07965,38.91427],[-77.07975,38.91433],[-77.07985,38.91439],[-77.07995,38.91444],[-77.08006,38.91448],[-77.08012,38.91451],[-77.08019,38.91454],[-77.08025,38.91458],[-77.08031,38.91462],[-77.08036,38.91467],[-77.08041,38.91473],[-77.08046,38.91479],[-77.08049,38.91485],[-77.08053,38.91491],[-77.08056,38.91498],[-77.08058,38.91505],[-77.08059,38.91512],[-77.08061,38.91524],[-77.08064,38.91537],[-77.08067,38.91548],[-77.08071,38.9156],[-77.08075,38.91572],[-77.08081,38.91583],[-77.08087,38.91594],[-77.08093,38.91604],[-77.08117,38.91642],[-77.08131,38.91662],[-77.08141,38.91678],[-77.08143,38.91681],[-77.08182,38.9174],[-77.08184,38.91743],[-77.08167,38.91744],[-77.0817,38.91752],[-77.08172,38.9176],[-77.08175,38.91767],[-77.08176,38.91771],[-77.08179,38.91781],[-77.08202,38.91801],[-77.0823,38.91826],[-77.08238,38.91833],[-77.08281,38.91871],[-77.08281,38.91878],[-77.08282,38.91884],[-77.08282,38.91891],[-77.08282,38.91897],[-77.08282,38.919],[-77.08266,38.919],[-77.08265,38.91903],[-77.08263,38.9191],[-77.08261,38.91918],[-77.08258,38.91925],[-77.08254,38.91931],[-77.0825,38.91938],[-77.08245,38.91943],[-77.08241,38.91948],[-77.08225,38.91964],[-77.08221,38.91969],[-77.08217,38.91974],[-77.08213,38.91979],[-77.0821,38.91984],[-77.08207,38.9199],[-77.08209,38.91997],[-77.0821,38.92004],[-77.0821,38.92012],[-77.0821,38.92016],[-77.0821,38.92056],[-77.0821,38.92159],[-77.0821,38.92184],[-77.0821,38.92232],[-77.08208,38.92247],[-77.08217,38.92247],[-77.08211,38.92279],[-77.0821,38.92291],[-77.08205,38.92313],[-77.08201,38.92334],[-77.08197,38.92348],[-77.0819,38.92386],[-77.08186,38.92413],[-77.08177,38.92442],[-77.08173,38.92462],[-77.08165,38.9248],[-77.08158,38.92508],[-77.08156,38.92519],[-77.08154,38.92535],[-77.08148,38.92548],[-77.08142,38.92577],[-77.08152,38.92634],[-77.08087,38.92781],[-77.08032,38.92904],[-77.08082,38.92919],[-77.08042,38.93009],[-77.08031,38.93033],[-77.08006,38.93089],[-77.08003,38.93095],[-77.07945,38.93225],[-77.07902,38.93261],[-77.07985,38.93322],[-77.08019,38.93347],[-77.07991,38.93362],[-77.07959,38.9336],[-77.07923,38.9336],[-77.07923,38.93401],[-77.07905,38.93401],[-77.07902,38.93405],[-77.07854,38.93405],[-77.07786,38.93405],[-77.07759,38.93413],[-77.07737,38.93419],[-77.07734,38.93436],[-77.0772,38.93434],[-77.0772,38.93454],[-77.07767,38.93444],[-77.07786,38.93442],[-77.0781,38.93493],[-77.07776,38.93517],[-77.0776,38.93528],[-77.07743,38.93538],[-77.07727,38.93541],[-77.07735,38.93567],[-77.07737,38.93573],[-77.07745,38.93601],[-77.07781,38.936],[-77.07856,38.93587],[-77.0789,38.93587],[-77.07903,38.93596],[-77.07912,38.93611],[-77.07915,38.93623],[-77.07878,38.93693],[-77.07876,38.93697],[-77.07868,38.93713],[-77.07857,38.93723],[-77.07849,38.9374],[-77.07854,38.93755],[-77.0785,38.93772],[-77.07799,38.93782],[-77.07799,38.93784],[-77.07801,38.93789],[-77.07803,38.93802],[-77.07874,38.93826],[-77.07883,38.9386],[-77.07841,38.93903],[-77.07823,38.93905],[-77.07825,38.93914],[-77.07826,38.93921],[-77.07885,38.93931],[-77.07898,38.93953],[-77.07891,38.93978],[-77.07866,38.93997]]]},"properties":{"name":"Glover-Archbold Park (Res 450 & 351)","label":"Glover-Archbold Park","designation":"DC","date":null,"nr":"N"}},{"type":"Feature","geometry":{"type":"Polygon","coordinates":[[[-77.05133,38.93616],[-77.05116,38.93556],[-77.05157,38.93535],[-77.05175,38.93531],[-77.05139,38.93496],[-77.05164,38.93483],[-77.05174,38.9347],[-77.05179,38.93433],[-77.0518,38.93425],[-77.05172,38.93423],[-77.05165,38.93421],[-77.05154,38.93419],[-77.05138,38.93417],[-77.0512,38.93415],[-77.05097,38.93414],[-77.05087,38.93414],[-77.05073,38.93414],[-77.05053,38.93415],[-77.05042,38.93417],[-77.0489,38.93435],[-77.0488,38.93444],[-77.04866,38.93461],[-77.04859,38.93467],[-77.04849,38.93478],[-77.04841,38.93485],[-77.04835,38.93491],[-77.04831,38.93496],[-77.04826,38.93502],[-77.04821,38.93507],[-77.04814,38.93513],[-77.04811,38.93517],[-77.04806,38.93523],[-77.04803,38.93529],[-77.04801,38.9353],[-77.04797,38.9354],[-77.04792,38.93557],[-77.04789,38.93575],[-77.04789,38.9358],[-77.04792,38.93592],[-77.04792,38.93595],[-77.04794,38.93598],[-77.04796,38.93609],[-77.04799,38.93621],[-77.04799,38.93629],[-77.04798,38.93636],[-77.04795,38.93645],[-77.04794,38.93654],[-77.04796,38.93661],[-77.04798,38.93665],[-77.04796,38.93669],[-77.04795,38.93673],[-77.04795,38.93676],[-77.04791,38.93678],[-77.0479,38.9368],[-77.04795,38.93686],[-77.04799,38.93699],[-77.04804,38.93707],[-77.04812,38.93714],[-77.04821,38.93719],[-77.04832,38.93721],[-77.04842,38.93722],[-77.0485,38.93723],[-77.04856,38.93724],[-77.04866,38.93725],[-77.0488,38.93725],[-77.04889,38.93725],[-77.04903,38.93723],[-77.04931,38.93718],[-77.04944,38.93716],[-77.04961,38.93714],[-77.04978,38.93711],[-77.04991,38.9371],[-77.05007,38.93709],[-77.05024,38.93711],[-77.0503,38.93712],[-77.05036,38.93712],[-77.05046,38.93714],[-77.05056,38.93716],[-77.05065,38.93717],[-77.05074,38.93719],[-77.05076,38.9372],[-77.05082,38.93721],[-77.05085,38.93721],[-77.05091,38.93722],[-77.05098,38.93724],[-77.05101,38.93725],[-77.05108,38.93726],[-77.05115,38.93728],[-77.05119,38.93729],[-77.05126,38.93731],[-77.05129,38.93732],[-77.05137,38.93735],[-77.05147,38.93739],[-77.05156,38.93744],[-77.05159,38.93745],[-77.05166,38.93747],[-77.0517,38.93748],[-77.05177,38.93751],[-77.0518,38.93752],[-77.05188,38.93757],[-77.05196,38.93763],[-77.052,38.93767],[-77.05205,38.93771],[-77.05208,38.93775],[-77.05215,38.93786],[-77.05219,38.93794],[-77.05221,38.93803],[-77.05221,38.9381],[-77.0522,38.93817],[-77.05218,38.93827],[-77.05226,38.93835],[-77.05246,38.93848],[-77.05265,38.93852],[-77.05276,38.93852],[-77.05285,38.93848],[-77.05289,38.93829],[-77.0529,38.93819],[-77.0529,38.93806],[-77.05285,38.93788],[-77.05282,38.93779],[-77.05275,38.93767],[-77.05261,38.93751],[-77.05249,38.93739],[-77.0524,38.9373],[-77.05218,38.93708],[-77.05165,38.93656],[-77.05133,38.93616]]]},"properties":{"name":"Greystone Enclave","label":"Greystone Enclave","designation":"DC","date":null,"nr":"N"}},{"type":"Feature","geometry":{"type":"Polygon","coordinates":[[[-77.0382,38.9859],[-77.0385,38.98595],[-77.03857,38.98597],[-77.03864,38.98598],[-77.03874,38.98599],[-77.03884,38.98599],[-77.03894,38.98599],[-77.03904,38.98599],[-77.03914,38.98597],[-77.03924,38.98596],[-77.03934,38.98593],[-77.03944,38.9859],[-77.03953,38.98586],[-77.03956,38.9859],[-77.04014,38.98565],[-77.04015,38.98565],[-77.04017,38.98564],[-77.04018,38.98563],[-77.04019,38.98562],[-77.0402,38.9856],[-77.0402,38.98559],[-77.04021,38.98557],[-77.04021,38.98555],[-77.04021,38.98554],[-77.0402,38.98552],[-77.0402,38.98551],[-77.04019,38.98549],[-77.03981,38.98499],[-77.03968,38.98481],[-77.03956,38.98465],[-77.03946,38.98452],[-77.03937,38.98439],[-77.03927,38.98426],[-77.03923,38.98422],[-77.03917,38.98413],[-77.03912,38.98407],[-77.03906,38.98401],[-77.03901,38.98403],[-77.03869,38.98418],[-77.03851,38.98426],[-77.03845,38.98428],[-77.03832,38.98435],[-77.03812,38.98443],[-77.03786,38.98455],[-77.03753,38.9847],[-77.0372,38.98485],[-77.0372,38.98491],[-77.0372,38.98496],[-77.03737,38.98503],[-77.03755,38.9851],[-77.03755,38.98546],[-77.03773,38.98551],[-77.03795,38.98558],[-77.03822,38.98566],[-77.03823,38.98566],[-77.03824,38.98566],[-77.03824,38.98567],[-77.03825,38.98567],[-77.03825,38.98568],[-77.03826,38.98568],[-77.03826,38.98569],[-77.03826,38.9857],[-77.03826,38.98571],[-77.0382,38.9859]]]},"properties":{"name":"Marjorie Webster Historic District","label":"Marjorie Webster HD","designation":"DC","date":null,"nr":"N"}},{"type":"Feature","geometry":{"type":"Polygon","coordinates":[[[-77.07924,38.946],[-77.07924,38.94617],[-77.07927,38.94617],[-77.08193,38.94617],[-77.08202,38.9461],[-77.0821,38.94602],[-77.08217,38.94593],[-77.08224,38.94585],[-77.08231,38.94575],[-77.08236,38.94566],[-77.08242,38.94556],[-77.08246,38.94546],[-77.0825,38.94535],[-77.08254,38.94524],[-77.08256,38.94514],[-77.08258,38.94502],[-77.0826,38.94491],[-77.0802,38.94492],[-77.08015,38.94492],[-77.07924,38.946]]]},"properties":{"name":"Immaculata Seminary Historic District","label":"Immaculata Seminary HD","designation":null,"date":null,"nr":"N"}},{"type":"Feature","geometry":{"type":"Polygon","coordinates":[[[-77.03587,38.92793],[-77.03599,38.92822],[-77.03614,38.92856],[-77.03615,38.92858],[-77.0362,38.92868],[-77.03633,38.92868],[-77.03648,38.9287],[-77.03662,38.92871],[-77.03664,38.92871],[-77.0372,38.92873],[-77.03721,38.92873],[-77.03735,38.92874],[-77.03732,38.92865],[-77.0373,38.92861],[-77.03714,38.9282],[-77.03712,38.92815],[-77.03704,38.92796],[-77.03701,38.92787],[-77.03698,38.92779],[-77.0369,38.9276],[-77.03688,38.92754],[-77.03697,38.92752],[-77.03699,38.92751],[-77.037,38.92751],[-77.03702,38.92751],[-77.03705,38.9275],[-77.03707,38.9275],[-77.03738,38.92752],[-77.03765,38.92753],[-77.0377,38.92753],[-77.03773,38.92753],[-77.03775,38.92719],[-77.03773,38.92703],[-77.03771,38.92703],[-77.03769,38.92702],[-77.03768,38.92701],[-77.03766,38.92701],[-77.03764,38.927],[-77.03762,38.92699],[-77.03761,38.92698],[-77.03759,38.92697],[-77.03757,38.92695],[-77.03731,38.92667],[-77.03742,38.9266],[-77.03766,38.92646],[-77.03855,38.92594],[-77.03854,38.92593],[-77.03863,38.92588],[-77.03832,38.9256],[-77.03821,38.9255],[-77.03806,38.92559],[-77.03797,38.92564],[-77.03792,38.92556],[-77.0379,38.92553],[-77.0379,38.9255],[-77.03788,38.92521],[-77.03786,38.92479],[-77.03786,38.92472],[-77.03785,38.92465],[-77.03783,38.92434],[-77.03782,38.9241],[-77.03778,38.92342],[-77.03777,38.92328],[-77.03777,38.92321],[-77.0382,38.9232],[-77.0382,38.92313],[-77.03818,38.92281],[-77.03788,38.92282],[-77.03785,38.92282],[-77.03768,38.92268],[-77.03767,38.92256],[-77.03781,38.92242],[-77.03788,38.92242],[-77.03792,38.92239],[-77.03792,38.9224],[-77.03795,38.92237],[-77.03799,38.92234],[-77.03802,38.92221],[-77.03781,38.92208],[-77.03773,38.92202],[-77.03811,38.9218],[-77.03807,38.92176],[-77.03789,38.92157],[-77.03848,38.92121],[-77.03847,38.92109],[-77.03842,38.92104],[-77.03849,38.92098],[-77.03856,38.9209],[-77.0387,38.92082],[-77.03876,38.92083],[-77.03863,38.92071],[-77.03876,38.92061],[-77.03885,38.92052],[-77.03883,38.92029],[-77.03883,38.92022],[-77.03882,38.92018],[-77.03882,38.92014],[-77.03881,38.92011],[-77.03881,38.92008],[-77.0388,38.92005],[-77.03879,38.92002],[-77.03878,38.92],[-77.03877,38.91998],[-77.03874,38.91993],[-77.03871,38.91989],[-77.03868,38.91985],[-77.03865,38.91981],[-77.03861,38.91977],[-77.03858,38.91974],[-77.03853,38.9197],[-77.03852,38.91969],[-77.0385,38.91968],[-77.03846,38.91966],[-77.03842,38.91965],[-77.03838,38.91965],[-77.03834,38.91965],[-77.03831,38.91965],[-77.03827,38.91966],[-77.03824,38.91967],[-77.0382,38.9197],[-77.03816,38.91972],[-77.03812,38.91975],[-77.03808,38.91978],[-77.03797,38.91989],[-77.03793,38.91993],[-77.03788,38.91997],[-77.03783,38.92002],[-77.03779,38.92006],[-77.03772,38.9201],[-77.03765,38.92015],[-77.03757,38.92019],[-77.03749,38.92022],[-77.03743,38.92025],[-77.03738,38.92027],[-77.03732,38.92029],[-77.03728,38.9203],[-77.03725,38.9203],[-77.03717,38.92032],[-77.03716,38.92032],[-77.03711,38.92033],[-77.03706,38.92033],[-77.03702,38.92028],[-77.037,38.92028],[-77.03694,38.92028],[-77.0368,38.92028],[-77.03675,38.92028],[-77.03672,38.92028],[-77.03669,38.92028],[-77.03668,38.92028],[-77.03664,38.92029],[-77.03664,38.91939],[-77.03664,38.91937],[-77.03665,38.91937],[-77.03666,38.91937],[-77.03668,38.91937],[-77.03668,38.91936],[-77.03668,38.9193],[-77.03667,38.91929],[-77.03666,38.91929],[-77.03665,38.91929],[-77.03664,38.91929],[-77.03664,38.91927],[-77.03664,38.91926],[-77.03665,38.91925],[-77.03666,38.91925],[-77.03667,38.91924],[-77.03669,38.91923],[-77.03683,38.91919],[-77.03678,38.9191],[-77.03673,38.91912],[-77.03667,38.91913],[-77.03661,38.91914],[-77.0365,38.91914],[-77.0365,38.91901],[-77.0365,38.91894],[-77.0365,38.91853],[-77.0365,38.9182],[-77.0365,38.91812],[-77.03639,38.91812],[-77.03638,38.91812],[-77.03636,38.91812],[-77.03579,38.91812],[-77.03566,38.91812],[-77.03564,38.91812],[-77.0355,38.91812],[-77.03543,38.91819],[-77.0354,38.91822],[-77.03531,38.91832],[-77.03493,38.91872],[-77.03489,38.91877],[-77.0348,38.91886],[-77.03478,38.91888],[-77.03445,38.91916],[-77.03445,38.91932],[-77.03447,38.91969],[-77.03445,38.91969],[-77.03445,38.9197],[-77.03443,38.91972],[-77.0344,38.91975],[-77.03438,38.91977],[-77.03436,38.91977],[-77.03436,38.91978],[-77.0343,38.91981],[-77.03432,38.91987],[-77.03423,38.91989],[-77.03419,38.91989],[-77.03415,38.9199],[-77.03415,38.91997],[-77.03416,38.91999],[-77.03416,38.92001],[-77.03424,38.92],[-77.03424,38.91996],[-77.03435,38.91996],[-77.03443,38.91995],[-77.03444,38.92013],[-77.0345,38.92012],[-77.03451,38.92019],[-77.03451,38.92025],[-77.03451,38.9203],[-77.03452,38.92036],[-77.03453,38.92045],[-77.03441,38.92046],[-77.03442,38.92055],[-77.03446,38.92096],[-77.03447,38.92098],[-77.03457,38.92098],[-77.0346,38.921],[-77.03461,38.9211],[-77.03475,38.92109],[-77.03475,38.92112],[-77.03476,38.92126],[-77.03478,38.9214],[-77.03479,38.92149],[-77.03494,38.92148],[-77.03494,38.92156],[-77.03496,38.92197],[-77.03496,38.922],[-77.03461,38.92203],[-77.03465,38.92258],[-77.03471,38.92347],[-77.03474,38.92391],[-77.03476,38.92421],[-77.03477,38.92421],[-77.03479,38.92421],[-77.03528,38.92419],[-77.03535,38.92419],[-77.03539,38.92481],[-77.0354,38.92488],[-77.03542,38.92522],[-77.03543,38.92533],[-77.03543,38.92541],[-77.03543,38.92543],[-77.03545,38.92568],[-77.03547,38.92599],[-77.03548,38.92625],[-77.03548,38.92626],[-77.03549,38.92633],[-77.03586,38.92632],[-77.03586,38.92641],[-77.03587,38.92651],[-77.03611,38.9265],[-77.03612,38.92662],[-77.03612,38.92666],[-77.03611,38.92671],[-77.03553,38.92706],[-77.03555,38.92714],[-77.03555,38.92716],[-77.03587,38.92793]]]},"properties":{"name":"Meridian Hill Historic District","label":"Meridian Hill","designation":null,"date":null,"nr":"N"}},{"type":"Feature","geometry":{"type":"Polygon","coordinates":[[[-76.97196,38.90359],[-76.9736,38.90116],[-76.97369,38.90119],[-76.9737,38.90054],[-76.97234,38.90054],[-76.97234,38.90033],[-76.97202,38.90033],[-76.97202,38.89829],[-76.97048,38.89802],[-76.97043,38.8982],[-76.97033,38.89878],[-76.97033,38.90006],[-76.97012,38.90007],[-76.96969,38.90007],[-76.96928,38.90019],[-76.96909,38.90028],[-76.96901,38.90034],[-76.96895,38.90038],[-76.9689,38.90045],[-76.96887,38.90057],[-76.96885,38.90147],[-76.96885,38.90155],[-76.96887,38.90164],[-76.96892,38.90171],[-76.96899,38.90178],[-76.96908,38.90183],[-76.96917,38.90187],[-76.96939,38.90199],[-76.96939,38.90319],[-76.97033,38.90319],[-76.97033,38.90321],[-76.97033,38.90322],[-76.97034,38.90324],[-76.97035,38.90325],[-76.97036,38.90327],[-76.97036,38.90328],[-76.97039,38.90331],[-76.97041,38.90333],[-76.97044,38.90335],[-76.97047,38.90336],[-76.97051,38.90337],[-76.97147,38.90337],[-76.97154,38.90338],[-76.97161,38.9034],[-76.97167,38.90342],[-76.97174,38.90344],[-76.9718,38.90347],[-76.97185,38.90351],[-76.97191,38.90355],[-76.97196,38.90359]]]},"properties":{"name":"Young, Brown, Phelps and Spingarn Educational Campus Historic District","label":"Spingarn Campus HD","designation":"DC/NR","date":"2015-05-28","nr":"Y"}},{"type":"Feature","geometry":{"type":"Polygon","coordinates":[[[-77.0456,38.90146],[-77.04561,38.90177],[-77.04561,38.9019],[-77.04605,38.9019],[-77.04606,38.90157],[-77.04606,38.90147],[-77.04606,38.90134],[-77.04665,38.90133],[-77.04665,38.9007],[-77.04793,38.9007],[-77.04792,38.89959],[-77.04803,38.89959],[-77.04803,38.89898],[-77.04824,38.89898],[-77.04823,38.89834],[-77.04884,38.89834],[-77.04885,38.89737],[-77.05014,38.89738],[-77.05014,38.89716],[-77.04956,38.89687],[-77.04948,38.89701],[-77.04885,38.89701],[-77.04885,38.89663],[-77.0485,38.89663],[-77.04841,38.89669],[-77.04811,38.89669],[-77.04811,38.89736],[-77.04789,38.89736],[-77.04764,38.89736],[-77.04562,38.89736],[-77.04562,38.89722],[-77.04562,38.89673],[-77.04492,38.89673],[-77.04492,38.89665],[-77.04421,38.89665],[-77.04421,38.89642],[-77.04347,38.89641],[-77.04347,38.89736],[-77.04441,38.89736],[-77.04441,38.8975],[-77.04441,38.89784],[-77.04441,38.89833],[-77.04491,38.89833],[-77.0449,38.90071],[-77.0449,38.90135],[-77.04561,38.90134],[-77.0456,38.90146]]]},"properties":{"name":"George Washington University /Old West End Historic District","label":"GWU / Old West End HD","designation":"DC","date":"2014-10-02","nr":"Y"}},{"type":"Feature","geometry":{"type":"Polygon","coordinates":[[[-77.0192,38.94206],[-77.0186,38.94208],[-77.01895,38.94264],[-77.01886,38.94267],[-77.01878,38.94272],[-77.01872,38.94277],[-77.01856,38.94271],[-77.01842,38.94264],[-77.01835,38.94261],[-77.01824,38.94256],[-77.01821,38.94255],[-77.01804,38.94264],[-77.01809,38.94362],[-77.01807,38.94368],[-77.0181,38.94367],[-77.01831,38.94367],[-77.01854,38.94377],[-77.01872,38.94385],[-77.01891,38.94361],[-77.01895,38.94363],[-77.01901,38.94365],[-77.01909,38.94367],[-77.01915,38.94368],[-77.01922,38.94368],[-77.01928,38.94368],[-77.01931,38.9442],[-77.01991,38.94418],[-77.02054,38.94417],[-77.02049,38.94309],[-77.02047,38.9425],[-77.02044,38.9425],[-77.02016,38.94251],[-77.02001,38.94244],[-77.01983,38.94236],[-77.01961,38.94265],[-77.01956,38.94262],[-77.01948,38.9426],[-77.01941,38.94259],[-77.01933,38.94258],[-77.01925,38.94258],[-77.01923,38.94258],[-77.0192,38.94206]]]},"properties":{"name":"Grant Circle Historic District","label":"Grant Circle HD","designation":"DC","date":"2015-04-02","nr":"N"}},{"type":"Feature","geometry":{"type":"Polygon","coordinates":[[[-77.03608,38.97488],[-77.03608,38.97453],[-77.03608,38.9744],[-77.03608,38.97426],[-77.03609,38.97407],[-77.03609,38.97236],[-77.0359,38.97236],[-77.0353,38.97236],[-77.03498,38.97236],[-77.03398,38.97236],[-77.03364,38.97236],[-77.03346,38.97236],[-77.03338,38.97236],[-77.03299,38.97236],[-77.03265,38.97236],[-77.03233,38.97236],[-77.0323,38.97236],[-77.03228,38.97236],[-77.03193,38.97236],[-77.03167,38.97236],[-77.03145,38.97236],[-77.03116,38.97235],[-77.03108,38.97235],[-77.03104,38.97235],[-77.031,38.97235],[-77.03099,38.97235],[-77.03098,38.97235],[-77.03097,38.97234],[-77.03096,38.97234],[-77.03096,38.97233],[-77.03041,38.97233],[-77.03014,38.97233],[-77.03006,38.97233],[-77.03004,38.97233],[-77.03002,38.97233],[-77.02976,38.97233],[-77.02963,38.97233],[-77.02948,38.97233],[-77.02924,38.97233],[-77.02898,38.97233],[-77.02872,38.97233],[-77.0285,38.97233],[-77.02719,38.97233],[-77.02717,38.97242],[-77.02717,38.97249],[-77.02716,38.97258],[-77.02712,38.97287],[-77.02712,38.97292],[-77.02711,38.97304],[-77.0271,38.97308],[-77.02706,38.97352],[-77.02703,38.97375],[-77.02703,38.97377],[-77.027,38.9741],[-77.02693,38.97466],[-77.02693,38.9747],[-77.02693,38.97472],[-77.02693,38.97473],[-77.02688,38.9752],[-77.02687,38.97525],[-77.02687,38.97526],[-77.02682,38.97573],[-77.0268,38.97585],[-77.02677,38.97618],[-77.02671,38.97675],[-77.02665,38.9773],[-77.02659,38.97792],[-77.03289,38.97792],[-77.03341,38.97742],[-77.03407,38.9768],[-77.0344,38.97649],[-77.03451,38.97638],[-77.03463,38.97628],[-77.03502,38.9759],[-77.0352,38.97572],[-77.03529,38.97563],[-77.03538,38.97555],[-77.03549,38.97544],[-77.03571,38.97523],[-77.03582,38.97512],[-77.03593,38.97502],[-77.03608,38.97488]]]},"properties":{"name":"Walter Reed Army Medical Center Historic District","label":"Walter Reed Army Medical Center HD","designation":"DC/NR","date":"2014-04-24","nr":"Y"}},{"type":"Feature","geometry":{"type":"MultiPolygon","coordinates":[[[[-76.97399,38.94327],[-76.97408,38.94333],[-76.97408,38.9432],[-76.97399,38.94327]]],[[[-76.94507,38.89229],[-76.94507,38.8923],[-76.94533,38.8923],[-76.94533,38.89203],[-76.94507,38.89229]]],[[[-76.96604,38.93707],[-76.96614,38.93715],[-76.96639,38.93695],[-76.96629,38.93688],[-76.96604,38.93707]]],[[[-76.94474,38.89262],[-76.94502,38.89262],[-76.94502,38.89234],[-76.94474,38.89262]]],[[[-77.06882,38.9552],[-77.06873,38.9552],[-77.06873,38.95541],[-77.06873,38.95543],[-77.06875,38.95543],[-77.06886,38.95543],[-77.06895,38.9552],[-77.06882,38.9552]]],[[[-77.0307,38.96277],[-77.0312,38.96285],[-77.03121,38.96281],[-77.03076,38.96264],[-77.0307,38.96277]]],[[[-76.94285,38.89987],[-76.94276,38.89987],[-76.94276,38.90014],[-76.94285,38.90014],[-76.94294,38.90014],[-76.94294,38.89987],[-76.94285,38.89987]]],[[[-76.94285,38.90018],[-76.94276,38.90018],[-76.94276,38.90046],[-76.94285,38.90046],[-76.94294,38.90046],[-76.94294,38.90018],[-76.94285,38.90018]]],[[[-76.96236,38.93419],[-76.96241,38.93423],[-76.96274,38.93449],[-76.96274,38.93419],[-76.96236,38.93419]]],[[[-77.06867,38.95556],[-77.06866,38.95559],[-77.06858,38.95573],[-77.06858,38.9558],[-77.06858,38.95582],[-77.06841,38.95582],[-77.06834,38.95582],[-77.06834,38.95584],[-77.06838,38.95584],[-77.06838,38.95586],[-77.06841,38.95589],[-77.06843,38.95592],[-77.06844,38.95596],[-77.06845,38.95599],[-77.06846,38.95602],[-77.06846,38.95605],[-77.06846,38.95609],[-77.06852,38.956],[-77.06858,38.95592],[-77.06863,38.95584],[-77.06866,38.9558],[-77.06872,38.9557],[-77.06877,38.95559],[-77.06879,38.95556],[-77.06867,38.95556]]],[[[-76.96399,38.93543],[-76.96397,38.93545],[-76.96414,38.93558],[-76.96434,38.93574],[-76.96434,38.93552],[-76.96434,38.93543],[-76.96399,38.93543]]],[[[-76.94364,38.88454],[-76.94374,38.8847],[-76.94376,38.88473],[-76.94377,38.88473],[-76.94382,38.8847],[-76.94387,38.88466],[-76.94391,38.88462],[-76.94395,38.88458],[-76.94399,38.88453],[-76.944,38.8845],[-76.94402,38.88448],[-76.94403,38.88443],[-76.94405,38.88439],[-76.94364,38.88454]]],[[[-77.02005,38.95849],[-77.02001,38.9587],[-77.02003,38.9587],[-77.02017,38.9587],[-77.02021,38.95869],[-77.02025,38.95869],[-77.02039,38.95865],[-77.02045,38.95864],[-77.02052,38.95862],[-77.02024,38.95853],[-77.02023,38.95853],[-77.02005,38.95847],[-77.02005,38.95849]]],[[[-77.06536,38.95879],[-77.06537,38.95879],[-77.06538,38.9588],[-77.0654,38.9588],[-77.06558,38.95879],[-77.06561,38.95879],[-77.06566,38.95879],[-77.0657,38.95877],[-77.06575,38.95875],[-77.06579,38.95873],[-77.06579,38.95872],[-77.0658,38.95871],[-77.0658,38.9587],[-77.0658,38.95869],[-77.0658,38.95868],[-77.0658,38.95867],[-77.06579,38.95866],[-77.06578,38.95865],[-77.06577,38.95865],[-77.06577,38.95864],[-77.06576,38.95864],[-77.06575,38.95864],[-77.06561,38.95863],[-77.06548,38.95861],[-77.06534,38.95859],[-77.06533,38.95859],[-77.06532,38.95859],[-77.06531,38.95859],[-77.0653,38.95859],[-77.0653,38.9586],[-77.06529,38.9586],[-77.06529,38.95861],[-77.06528,38.95862],[-77.06528,38.95863],[-77.06528,38.95864],[-77.06531,38.95871],[-77.06534,38.95877],[-77.06535,38.95878],[-77.06535,38.95879],[-77.06536,38.95879]]],[[[-77.06891,38.95482],[-77.06879,38.95482],[-77.06879,38.95516],[-77.06896,38.95516],[-77.06908,38.95486],[-77.06909,38.95482],[-77.06891,38.95482]]],[[[-76.94533,38.88436],[-76.94533,38.88482],[-76.94553,38.88482],[-76.94553,38.88437],[-76.94555,38.88436],[-76.94533,38.88436]]],[[[-76.94276,38.89878],[-76.94276,38.89899],[-76.94276,38.899],[-76.94286,38.899],[-76.94297,38.899],[-76.94307,38.899],[-76.94318,38.899],[-76.94318,38.89878],[-76.94276,38.89878]]],[[[-76.94307,38.89852],[-76.94297,38.89852],[-76.94286,38.89852],[-76.94276,38.89852],[-76.94276,38.89874],[-76.94318,38.89874],[-76.94318,38.89852],[-76.94307,38.89852]]],[[[-76.94355,38.89987],[-76.94347,38.89987],[-76.94338,38.89987],[-76.94338,38.90014],[-76.94373,38.90014],[-76.94373,38.89987],[-76.94355,38.89987]]],[[[-76.96428,38.93522],[-76.96422,38.93522],[-76.96415,38.93521],[-76.96409,38.93521],[-76.96403,38.93521],[-76.96384,38.93521],[-76.96373,38.93527],[-76.96393,38.93542],[-76.96396,38.93539],[-76.96403,38.93539],[-76.96409,38.93539],[-76.96415,38.93539],[-76.96422,38.93539],[-76.96428,38.93539],[-76.96434,38.93539],[-76.96434,38.93522],[-76.96428,38.93522]]],[[[-77.06888,38.95443],[-77.06888,38.95454],[-77.06919,38.95454],[-77.06922,38.95444],[-77.06899,38.95404],[-77.06888,38.95443]]],[[[-77.06993,38.95339],[-77.06979,38.95378],[-77.07042,38.95342],[-77.07042,38.95339],[-77.06993,38.95339]]],[[[-77.06383,38.95828],[-77.0639,38.95834],[-77.06477,38.95865],[-77.06483,38.95853],[-77.06428,38.95837],[-77.06369,38.95819],[-77.06383,38.95828]]],[[[-76.94318,38.89914],[-76.94276,38.89914],[-76.94276,38.89936],[-76.94318,38.89936],[-76.94328,38.89936],[-76.94328,38.89914],[-76.94318,38.89914]]],[[[-76.95211,38.86539],[-76.95156,38.86558],[-76.9521,38.86581],[-76.95211,38.86581],[-76.95211,38.86539]]],[[[-77.03542,38.9628],[-77.0355,38.96285],[-77.03558,38.9629],[-77.03567,38.96294],[-77.03576,38.96298],[-77.03585,38.96301],[-77.03594,38.96304],[-77.03603,38.96306],[-77.03613,38.96307],[-77.03626,38.96307],[-77.03626,38.96296],[-77.03623,38.96294],[-77.0362,38.96296],[-77.03616,38.96298],[-77.03613,38.963],[-77.03612,38.963],[-77.03608,38.96301],[-77.03604,38.96301],[-77.03601,38.96302],[-77.03595,38.96302],[-77.03589,38.96301],[-77.03586,38.963],[-77.0358,38.96298],[-77.03575,38.96296],[-77.03568,38.96293],[-77.03561,38.9629],[-77.03556,38.96287],[-77.03552,38.96284],[-77.03545,38.96279],[-77.03543,38.96278],[-77.03542,38.96276],[-77.0354,38.96273],[-77.03539,38.96271],[-77.03539,38.96268],[-77.03539,38.96266],[-77.03539,38.96264],[-77.0354,38.96262],[-77.0354,38.96261],[-77.03541,38.96259],[-77.03542,38.96258],[-77.03544,38.96256],[-77.03546,38.96254],[-77.03549,38.96252],[-77.03553,38.96251],[-77.03556,38.9625],[-77.03552,38.96249],[-77.03534,38.96245],[-77.03516,38.96241],[-77.03497,38.96237],[-77.03478,38.96235],[-77.03487,38.96238],[-77.03496,38.96243],[-77.03504,38.96248],[-77.03512,38.96253],[-77.03519,38.96259],[-77.03526,38.96266],[-77.03531,38.96271],[-77.03536,38.96276],[-77.03542,38.9628]]],[[[-76.96573,38.93654],[-76.96586,38.93655],[-76.96589,38.9363],[-76.96589,38.93626],[-76.96541,38.93626],[-76.96539,38.93654],[-76.96551,38.93654],[-76.96572,38.93654],[-76.96573,38.93654]]],[[[-76.94328,38.8994],[-76.94318,38.8994],[-76.94307,38.8994],[-76.94297,38.8994],[-76.94286,38.8994],[-76.94276,38.8994],[-76.94276,38.89948],[-76.94276,38.89962],[-76.94339,38.89962],[-76.94339,38.8994],[-76.94328,38.8994]]],[[[-76.96338,38.9346],[-76.96334,38.93461],[-76.96324,38.93462],[-76.96295,38.93466],[-76.96336,38.93497],[-76.96348,38.93498],[-76.96351,38.93496],[-76.96359,38.93492],[-76.96364,38.9349],[-76.96341,38.9346],[-76.96338,38.9346]]],[[[-77.0328,38.96166],[-77.03269,38.96166],[-77.03268,38.96166],[-77.03258,38.96167],[-77.03248,38.96168],[-77.03239,38.96169],[-77.03229,38.96171],[-77.03229,38.96174],[-77.03246,38.96176],[-77.03323,38.96187],[-77.03324,38.96187],[-77.03325,38.96187],[-77.03326,38.96187],[-77.03327,38.96186],[-77.03328,38.96186],[-77.03328,38.96185],[-77.03329,38.96185],[-77.03329,38.96184],[-77.0333,38.96183],[-77.0333,38.96182],[-77.0333,38.96165],[-77.03324,38.96165],[-77.0328,38.96166]]],[[[-76.94329,38.90018],[-76.94329,38.90046],[-76.94368,38.90046],[-76.94402,38.90018],[-76.94378,38.90018],[-76.94329,38.90018]]],[[[-77.02056,38.95911],[-77.02056,38.95912],[-77.02107,38.95912],[-77.02107,38.95911],[-77.02107,38.95885],[-77.02104,38.95884],[-77.021,38.95882],[-77.02049,38.95882],[-77.02049,38.95884],[-77.02049,38.95887],[-77.02049,38.9591],[-77.02056,38.9591],[-77.02056,38.95911]]],[[[-76.96454,38.93575],[-76.96454,38.93589],[-76.9646,38.93594],[-76.96475,38.93605],[-76.96479,38.93605],[-76.96491,38.93605],[-76.96504,38.93605],[-76.96517,38.93605],[-76.96518,38.93596],[-76.96519,38.93582],[-76.9652,38.93575],[-76.96454,38.93575]]],[[[-77.01698,38.95841],[-77.01653,38.95841],[-77.01631,38.95841],[-77.0163,38.95841],[-77.01628,38.95841],[-77.01628,38.95866],[-77.01628,38.9587],[-77.01701,38.9587],[-77.01701,38.95866],[-77.01701,38.95863],[-77.01701,38.95841],[-77.01698,38.95841]]],[[[-77.0179,38.95841],[-77.01789,38.95841],[-77.01723,38.95841],[-77.01719,38.95841],[-77.01719,38.95863],[-77.01719,38.95866],[-77.01719,38.9587],[-77.01793,38.9587],[-77.01793,38.95866],[-77.01793,38.95863],[-77.01793,38.95841],[-77.0179,38.95841]]],[[[-77.07862,38.94734],[-77.07853,38.94737],[-77.07849,38.94739],[-77.07836,38.94743],[-77.07829,38.94745],[-77.07822,38.94748],[-77.07834,38.9477],[-77.07839,38.94778],[-77.07884,38.94778],[-77.07872,38.94757],[-77.07874,38.94757],[-77.07878,38.94755],[-77.07891,38.94751],[-77.07884,38.94739],[-77.07881,38.94734],[-77.07878,38.94729],[-77.07862,38.94734]]],[[[-76.96159,38.93364],[-76.96185,38.93384],[-76.9619,38.93382],[-76.96189,38.93382],[-76.96247,38.93351],[-76.96224,38.93329],[-76.96159,38.93364]]],[[[-77.03584,38.96294],[-77.03589,38.96296],[-77.03593,38.96296],[-77.03598,38.96297],[-77.03602,38.96297],[-77.03607,38.96296],[-77.03609,38.96295],[-77.03612,38.96294],[-77.03613,38.96294],[-77.03616,38.96291],[-77.03619,38.96288],[-77.03622,38.96285],[-77.03624,38.96281],[-77.03625,38.96278],[-77.03626,38.96274],[-77.03626,38.96269],[-77.03626,38.96265],[-77.03566,38.96254],[-77.03563,38.96254],[-77.0356,38.96254],[-77.03557,38.96254],[-77.03554,38.96255],[-77.03552,38.96256],[-77.0355,38.96258],[-77.03548,38.96259],[-77.03547,38.96261],[-77.03546,38.96263],[-77.03545,38.96264],[-77.03545,38.96266],[-77.03545,38.96268],[-77.03546,38.9627],[-77.03546,38.96272],[-77.03547,38.96274],[-77.03549,38.96275],[-77.0355,38.96277],[-77.03558,38.96282],[-77.03567,38.96287],[-77.03575,38.96291],[-77.03584,38.96294]]],[[[-77.03356,38.96171],[-77.03356,38.96186],[-77.03355,38.96187],[-77.03355,38.96188],[-77.03356,38.96189],[-77.03356,38.9619],[-77.03357,38.96191],[-77.03358,38.96191],[-77.03358,38.96192],[-77.03359,38.96192],[-77.0336,38.96192],[-77.03363,38.96193],[-77.03447,38.96205],[-77.03456,38.96206],[-77.03464,38.96206],[-77.03484,38.96206],[-77.03495,38.96207],[-77.03502,38.96208],[-77.03485,38.96201],[-77.03468,38.96195],[-77.03451,38.96189],[-77.03433,38.96184],[-77.03415,38.96179],[-77.03397,38.96175],[-77.03379,38.96171],[-77.03361,38.96168],[-77.03356,38.96167],[-77.03356,38.96171]]],[[[-77.02404,38.96145],[-77.02376,38.96145],[-77.02375,38.96145],[-77.02375,38.96169],[-77.02375,38.96171],[-77.0237,38.96171],[-77.0237,38.96184],[-77.0237,38.96194],[-77.0237,38.96198],[-77.02373,38.96198],[-77.02377,38.96199],[-77.0238,38.96201],[-77.02382,38.96203],[-77.02383,38.96203],[-77.02383,38.96204],[-77.02386,38.96211],[-77.02389,38.9622],[-77.024,38.96246],[-77.02406,38.96259],[-77.02406,38.96258],[-77.02406,38.96243],[-77.02406,38.96212],[-77.02406,38.96145],[-77.02404,38.96145]]],[[[-77.07088,38.95219],[-77.07088,38.95232],[-77.071,38.95281],[-77.07144,38.95262],[-77.07143,38.95261],[-77.0714,38.95247],[-77.07137,38.95233],[-77.07135,38.95219],[-77.07088,38.95219]]],[[[-76.9664,38.93735],[-76.96688,38.93772],[-76.96738,38.93772],[-76.96644,38.93699],[-76.9664,38.93735]]],[[[-77.0261,38.96356],[-77.0261,38.96366],[-77.02666,38.96366],[-77.02715,38.96366],[-77.02763,38.96366],[-77.02763,38.96363],[-77.02763,38.96349],[-77.02659,38.96349],[-77.02646,38.96348],[-77.02634,38.96348],[-77.02622,38.96346],[-77.0261,38.96344],[-77.0261,38.96356]]],[[[-77.02376,38.96026],[-77.02374,38.96026],[-77.02374,38.96037],[-77.02374,38.96044],[-77.02374,38.96051],[-77.02374,38.96058],[-77.02374,38.96065],[-77.02374,38.96071],[-77.02374,38.96078],[-77.02374,38.96085],[-77.02374,38.96092],[-77.02374,38.96099],[-77.02374,38.96106],[-77.02374,38.96116],[-77.02374,38.9612],[-77.02377,38.9612],[-77.02401,38.9612],[-77.02404,38.96117],[-77.02404,38.96116],[-77.02404,38.96106],[-77.02404,38.96099],[-77.02404,38.96092],[-77.02404,38.96085],[-77.02404,38.96078],[-77.02404,38.96071],[-77.02404,38.96065],[-77.02404,38.96058],[-77.02404,38.96051],[-77.02404,38.96044],[-77.02404,38.96037],[-77.02404,38.96026],[-77.02376,38.96026]]],[[[-77.07867,38.9467],[-77.07865,38.94672],[-77.07861,38.94678],[-77.07844,38.94697],[-77.0783,38.94714],[-77.07823,38.94722],[-77.07802,38.94746],[-77.07822,38.94736],[-77.07835,38.94732],[-77.07872,38.94719],[-77.07881,38.94716],[-77.07905,38.94708],[-77.07899,38.94696],[-77.07881,38.94665],[-77.07881,38.94666],[-77.07881,38.94665],[-77.07867,38.9467]]],[[[-77.02804,38.96346],[-77.02802,38.96362],[-77.02879,38.96362],[-77.02885,38.96362],[-77.0295,38.96362],[-77.02954,38.96362],[-77.02954,38.96342],[-77.0289,38.96342],[-77.02884,38.96342],[-77.02878,38.96342],[-77.02804,38.96338],[-77.02804,38.96346]]],[[[-77.02202,38.95939],[-77.0221,38.95942],[-77.02218,38.95945],[-77.02224,38.95947],[-77.02235,38.9595],[-77.02235,38.95948],[-77.02235,38.95939],[-77.02235,38.95932],[-77.02235,38.95927],[-77.02235,38.95921],[-77.02127,38.95886],[-77.02126,38.95886],[-77.02126,38.95891],[-77.02126,38.95903],[-77.02126,38.95914],[-77.02126,38.95915],[-77.02127,38.95915],[-77.02128,38.95915],[-77.02137,38.95918],[-77.02145,38.95921],[-77.02153,38.95924],[-77.02161,38.95926],[-77.0217,38.95929],[-77.02178,38.95932],[-77.02186,38.95934],[-77.02194,38.95937],[-77.02202,38.95939]]],[[[-77.0849,38.93934],[-77.08475,38.93952],[-77.08472,38.93955],[-77.08419,38.94017],[-77.08429,38.94026],[-77.08471,38.93976],[-77.08482,38.93963],[-77.08485,38.9396],[-77.085,38.93942],[-77.08575,38.93853],[-77.08591,38.93864],[-77.08601,38.93856],[-77.08608,38.93844],[-77.08605,38.93845],[-77.08597,38.93845],[-77.0859,38.93845],[-77.08582,38.93844],[-77.08575,38.93843],[-77.08568,38.93841],[-77.0849,38.93934]]],[[[-76.95798,38.93078],[-76.95886,38.93146],[-76.95889,38.93122],[-76.95841,38.93049],[-76.95798,38.93078]]],[[[-76.94389,38.88294],[-76.94387,38.88295],[-76.94345,38.88305],[-76.94344,38.88307],[-76.9435,38.8832],[-76.94355,38.88333],[-76.94368,38.88359],[-76.94393,38.88407],[-76.94407,38.8843],[-76.94408,38.88423],[-76.94409,38.88415],[-76.9441,38.88393],[-76.9441,38.88377],[-76.9441,38.88369],[-76.94407,38.88347],[-76.944,38.88314],[-76.94392,38.88293],[-76.94389,38.88294]]],[[[-77.07816,38.94851],[-77.07824,38.94854],[-77.07824,38.94892],[-77.07825,38.94896],[-77.07825,38.94912],[-77.07825,38.94961],[-77.07825,38.95],[-77.07825,38.95024],[-77.07825,38.95061],[-77.07832,38.95061],[-77.07839,38.95061],[-77.0784,38.95061],[-77.07841,38.95006],[-77.07841,38.94996],[-77.07841,38.94964],[-77.07841,38.94803],[-77.07822,38.94803],[-77.0782,38.94803],[-77.07822,38.94807],[-77.07825,38.94812],[-77.07825,38.94816],[-77.07824,38.94816],[-77.07801,38.94816],[-77.07816,38.94851]]],[[[-76.95674,38.92965],[-76.95785,38.93051],[-76.95812,38.93033],[-76.95791,38.93014],[-76.95789,38.93012],[-76.95787,38.93011],[-76.95779,38.93003],[-76.9577,38.92995],[-76.95762,38.92988],[-76.95754,38.92981],[-76.95746,38.92973],[-76.95738,38.92966],[-76.9572,38.9295],[-76.95674,38.92965]]],[[[-77.02335,38.95982],[-77.02342,38.95985],[-77.02343,38.95985],[-77.02345,38.95986],[-77.02346,38.95987],[-77.02348,38.95988],[-77.02349,38.95988],[-77.02349,38.95989],[-77.0235,38.9599],[-77.02351,38.95992],[-77.02351,38.95998],[-77.02351,38.96005],[-77.02351,38.96009],[-77.02354,38.96009],[-77.0241,38.96009],[-77.02411,38.96009],[-77.02411,38.95984],[-77.0241,38.95984],[-77.02404,38.95982],[-77.02391,38.95978],[-77.02337,38.9596],[-77.02319,38.95954],[-77.02305,38.9595],[-77.02296,38.95947],[-77.02291,38.95945],[-77.02256,38.95934],[-77.02256,38.9595],[-77.02256,38.95957],[-77.02256,38.95964],[-77.02256,38.95971],[-77.02256,38.95976],[-77.02256,38.95978],[-77.02261,38.95978],[-77.02291,38.95978],[-77.02296,38.95978],[-77.02305,38.95978],[-77.02319,38.95978],[-77.02323,38.95978],[-77.02335,38.95982]]],[[[-77.03129,38.96193],[-77.03081,38.96257],[-77.03124,38.96275],[-77.03127,38.9627],[-77.0313,38.96264],[-77.03134,38.96259],[-77.03138,38.96254],[-77.03142,38.9625],[-77.03147,38.96246],[-77.03153,38.96243],[-77.03158,38.9624],[-77.0318,38.96232],[-77.03186,38.9623],[-77.03195,38.96226],[-77.03213,38.96202],[-77.03119,38.96188],[-77.03129,38.96193]]],[[[-77.01814,38.95863],[-77.01814,38.95865],[-77.01883,38.95865],[-77.01889,38.95865],[-77.01896,38.95865],[-77.01902,38.95865],[-77.01908,38.95865],[-77.01915,38.95865],[-77.01924,38.95865],[-77.01939,38.95865],[-77.01944,38.95865],[-77.0198,38.95865],[-77.0198,38.95864],[-77.0198,38.95848],[-77.0198,38.95843],[-77.01951,38.95833],[-77.01943,38.95831],[-77.01935,38.95828],[-77.01927,38.95825],[-77.01919,38.95823],[-77.01912,38.9582],[-77.01906,38.95818],[-77.01898,38.95816],[-77.01897,38.9582],[-77.0189,38.95839],[-77.0189,38.9584],[-77.01888,38.95843],[-77.01883,38.95842],[-77.01819,38.95832],[-77.01814,38.95831],[-77.01814,38.95835],[-77.01814,38.95863]]],[[[-77.03423,38.96248],[-77.03431,38.96249],[-77.03439,38.96249],[-77.03449,38.96251],[-77.03457,38.96253],[-77.03466,38.96256],[-77.03475,38.96259],[-77.03483,38.96263],[-77.03491,38.96268],[-77.03491,38.96269],[-77.0349,38.9627],[-77.03481,38.96278],[-77.03491,38.96284],[-77.0351,38.96298],[-77.0353,38.96311],[-77.0354,38.96318],[-77.03559,38.9632],[-77.03585,38.96324],[-77.03612,38.96325],[-77.03612,38.96315],[-77.03607,38.96314],[-77.03596,38.96312],[-77.03586,38.96309],[-77.03576,38.96306],[-77.03566,38.96302],[-77.03557,38.96297],[-77.03548,38.96292],[-77.03539,38.96286],[-77.0353,38.9628],[-77.03526,38.96276],[-77.03522,38.96273],[-77.03518,38.96268],[-77.03513,38.96264],[-77.03509,38.9626],[-77.03505,38.96257],[-77.03499,38.96253],[-77.03493,38.9625],[-77.03487,38.96246],[-77.03478,38.96242],[-77.03468,38.96238],[-77.03458,38.96235],[-77.03448,38.96233],[-77.03438,38.96231],[-77.03398,38.96225],[-77.0339,38.96224],[-77.03381,38.96223],[-77.03373,38.96222],[-77.03365,38.9622],[-77.03363,38.9622],[-77.03362,38.9622],[-77.03361,38.96221],[-77.0336,38.96221],[-77.03359,38.96222],[-77.03359,38.96223],[-77.03358,38.96223],[-77.03358,38.96224],[-77.03358,38.96225],[-77.03358,38.96226],[-77.03358,38.96248],[-77.03364,38.96248],[-77.03423,38.96248]]],[[[-76.97416,38.94346],[-76.97772,38.94624],[-76.97784,38.94617],[-76.97427,38.94337],[-76.97416,38.94346]]],[[[-77.06298,38.95779],[-77.06322,38.9578],[-77.0633,38.9578],[-77.06351,38.95782],[-77.06372,38.95784],[-77.06393,38.95786],[-77.06415,38.9579],[-77.06437,38.95793],[-77.0646,38.95798],[-77.06426,38.9576],[-77.06421,38.95762],[-77.06391,38.95779],[-77.0639,38.95777],[-77.06386,38.9576],[-77.0638,38.95741],[-77.06378,38.95734],[-77.06376,38.95727],[-77.06361,38.95742],[-77.06349,38.95741],[-77.06325,38.9574],[-77.06304,38.95738],[-77.06298,38.95738],[-77.06287,38.95737],[-77.06278,38.95736],[-77.06254,38.95735],[-77.06242,38.95777],[-77.06298,38.95779]]],[[[-77.06505,38.95808],[-77.06527,38.95814],[-77.06549,38.95821],[-77.06571,38.95828],[-77.06593,38.95836],[-77.06614,38.95845],[-77.06664,38.95809],[-77.06677,38.958],[-77.0669,38.9579],[-77.06702,38.95779],[-77.06711,38.95771],[-77.0672,38.95762],[-77.06728,38.95754],[-77.0672,38.9576],[-77.06711,38.95766],[-77.06701,38.95772],[-77.06691,38.95777],[-77.06681,38.95781],[-77.06671,38.95785],[-77.06661,38.95788],[-77.0665,38.9579],[-77.06639,38.95792],[-77.06629,38.95793],[-77.06618,38.95793],[-77.06607,38.95792],[-77.06596,38.95791],[-77.06518,38.95778],[-77.06512,38.95778],[-77.06506,38.95777],[-77.065,38.95778],[-77.06494,38.95779],[-77.06488,38.9578],[-77.06483,38.95782],[-77.06505,38.95808]]],[[[-77.07171,38.95223],[-77.07173,38.95237],[-77.07176,38.9525],[-77.0718,38.95263],[-77.07184,38.95276],[-77.07189,38.95288],[-77.07201,38.95285],[-77.07213,38.95281],[-77.07228,38.95277],[-77.07243,38.95274],[-77.07258,38.95271],[-77.07272,38.95269],[-77.07274,38.95269],[-77.07288,38.95267],[-77.07301,38.95266],[-77.07301,38.9527],[-77.07331,38.95235],[-77.07339,38.95225],[-77.07341,38.95223],[-77.07335,38.95223],[-77.07303,38.95223],[-77.07263,38.95223],[-77.0723,38.95223],[-77.0723,38.95219],[-77.07197,38.95219],[-77.0717,38.95219],[-77.07171,38.95223]]],[[[-77.03042,38.96316],[-77.03033,38.96323],[-77.03005,38.96346],[-77.02981,38.96346],[-77.02981,38.9635],[-77.02981,38.96354],[-77.02983,38.96361],[-77.02985,38.96369],[-77.02988,38.96376],[-77.02991,38.96383],[-77.02995,38.9639],[-77.02999,38.96396],[-77.03004,38.96402],[-77.03008,38.96407],[-77.03012,38.96412],[-77.03015,38.96418],[-77.03039,38.96418],[-77.03039,38.96414],[-77.0304,38.96411],[-77.03041,38.96407],[-77.03042,38.96404],[-77.03044,38.96401],[-77.03048,38.96396],[-77.03074,38.96369],[-77.03087,38.96356],[-77.03092,38.96351],[-77.03111,38.96305],[-77.03059,38.96297],[-77.03051,38.96296],[-77.03042,38.96316]]],[[[-77.02497,38.96341],[-77.02498,38.96342],[-77.02498,38.96351],[-77.02498,38.96366],[-77.02579,38.96366],[-77.02579,38.96365],[-77.02579,38.96354],[-77.02579,38.96283],[-77.02435,38.96283],[-77.02435,38.96291],[-77.02435,38.96322],[-77.02465,38.96322],[-77.02467,38.96323],[-77.02467,38.96341],[-77.02478,38.96341],[-77.02497,38.96341]]],[[[-76.98436,38.85198],[-76.9845,38.85184],[-76.98454,38.85179],[-76.98458,38.85175],[-76.98463,38.8517],[-76.98467,38.85166],[-76.98484,38.85147],[-76.98502,38.85129],[-76.98506,38.85125],[-76.98512,38.85118],[-76.98524,38.85106],[-76.98537,38.85092],[-76.98555,38.85074],[-76.98572,38.85055],[-76.98589,38.85037],[-76.98606,38.85019],[-76.98607,38.85019],[-76.98623,38.85002],[-76.98628,38.84996],[-76.9854,38.84941],[-76.98537,38.84943],[-76.98534,38.84944],[-76.98532,38.84945],[-76.98613,38.84998],[-76.98592,38.8502],[-76.98495,38.85121],[-76.98441,38.85186],[-76.98333,38.85117],[-76.98322,38.85121],[-76.98256,38.85125],[-76.98226,38.85126],[-76.98201,38.85128],[-76.98191,38.85128],[-76.98185,38.85128],[-76.98173,38.85129],[-76.98171,38.85089],[-76.98168,38.85089],[-76.98151,38.85088],[-76.9815,38.85088],[-76.98118,38.85085],[-76.98118,38.85097],[-76.98118,38.8511],[-76.98118,38.85123],[-76.98119,38.85137],[-76.98119,38.85139],[-76.98121,38.85143],[-76.98123,38.85148],[-76.9813,38.85147],[-76.98135,38.85147],[-76.98149,38.85145],[-76.98184,38.85141],[-76.98245,38.85135],[-76.98254,38.85134],[-76.98313,38.85128],[-76.9832,38.85127],[-76.98397,38.85175],[-76.98436,38.85198]]],[[[-77.01149,38.96027],[-77.01149,38.96031],[-77.01149,38.96045],[-77.01149,38.96047],[-77.01088,38.96065],[-77.01006,38.9609],[-77.00982,38.96097],[-77.00988,38.96107],[-77.00996,38.96117],[-77.00999,38.96121],[-77.01133,38.96121],[-77.01158,38.96088],[-77.0116,38.96085],[-77.012,38.96031],[-77.01201,38.96031],[-77.01204,38.96027],[-77.01149,38.96027]]],[[[-77.02946,38.96391],[-77.0294,38.96389],[-77.02934,38.96388],[-77.02927,38.96387],[-77.02921,38.96386],[-77.02914,38.96386],[-77.02875,38.96386],[-77.02874,38.96391],[-77.02866,38.96426],[-77.02859,38.96456],[-77.02858,38.9647],[-77.02857,38.96488],[-77.02857,38.96489],[-77.02958,38.96489],[-77.02958,38.96488],[-77.02969,38.96487],[-77.02975,38.9648],[-77.02979,38.96476],[-77.02982,38.96472],[-77.02985,38.96467],[-77.02988,38.96462],[-77.02989,38.96457],[-77.02991,38.96451],[-77.02991,38.96446],[-77.02991,38.9644],[-77.02991,38.96436],[-77.02989,38.96431],[-77.02987,38.96425],[-77.02984,38.96419],[-77.0298,38.96414],[-77.02976,38.96409],[-77.02971,38.96404],[-77.02966,38.964],[-77.0296,38.96397],[-77.02955,38.96394],[-77.0295,38.96393],[-77.02946,38.96391]]],[[[-76.9886,38.8448],[-76.98752,38.84509],[-76.98746,38.84604],[-76.98746,38.84605],[-76.98746,38.84609],[-76.98686,38.84667],[-76.98711,38.84685],[-76.98759,38.84635],[-76.98772,38.8462],[-76.98809,38.84582],[-76.98831,38.84559],[-76.98843,38.84546],[-76.98869,38.84519],[-76.98913,38.84473],[-76.9886,38.8448]]],[[[-76.95924,38.93176],[-76.95927,38.93178],[-76.9594,38.93189],[-76.95959,38.93203],[-76.95978,38.93218],[-76.95996,38.93232],[-76.96005,38.93239],[-76.96015,38.93247],[-76.96033,38.93261],[-76.96052,38.93276],[-76.96071,38.9329],[-76.96089,38.93305],[-76.96108,38.93319],[-76.96127,38.93334],[-76.96143,38.93347],[-76.96198,38.93317],[-76.96196,38.93316],[-76.9618,38.93303],[-76.96173,38.93298],[-76.96167,38.93293],[-76.96155,38.93283],[-76.96136,38.93268],[-76.96127,38.93261],[-76.96117,38.93254],[-76.96105,38.93244],[-76.96099,38.93239],[-76.96092,38.93234],[-76.9608,38.93225],[-76.96074,38.9322],[-76.96061,38.9321],[-76.96052,38.93203],[-76.96043,38.93196],[-76.96024,38.93181],[-76.96005,38.93166],[-76.95987,38.93152],[-76.95972,38.9314],[-76.95968,38.93137],[-76.95924,38.93176]]],[[[-77.09078,38.95487],[-77.09076,38.95487],[-77.09077,38.95598],[-77.09122,38.9563],[-77.09249,38.9553],[-77.09249,38.95487],[-77.09194,38.95487],[-77.09078,38.95487]]],[[[-76.97227,38.94188],[-76.97227,38.94192],[-76.97227,38.94193],[-76.97233,38.94197],[-76.97244,38.94206],[-76.97251,38.94211],[-76.97257,38.94216],[-76.97263,38.94221],[-76.97269,38.94226],[-76.97276,38.9423],[-76.97282,38.94235],[-76.97288,38.9424],[-76.97294,38.94245],[-76.973,38.9425],[-76.97307,38.94255],[-76.97313,38.9426],[-76.97319,38.94264],[-76.97325,38.94269],[-76.97332,38.94274],[-76.97337,38.94279],[-76.97358,38.94295],[-76.97372,38.94306],[-76.97375,38.94304],[-76.97383,38.94298],[-76.97387,38.94295],[-76.97397,38.94287],[-76.97366,38.94263],[-76.97366,38.94188],[-76.97366,38.94128],[-76.9735,38.94128],[-76.97348,38.94128],[-76.97339,38.94128],[-76.97331,38.94128],[-76.97322,38.94128],[-76.97313,38.94128],[-76.97304,38.94128],[-76.97296,38.94128],[-76.97287,38.94128],[-76.97278,38.94128],[-76.97275,38.94128],[-76.97264,38.94119],[-76.97264,38.94112],[-76.97264,38.94106],[-76.97264,38.94099],[-76.97264,38.94092],[-76.97264,38.94085],[-76.97264,38.94081],[-76.97263,38.94081],[-76.97243,38.9408],[-76.97243,38.94064],[-76.97243,38.9406],[-76.97243,38.94053],[-76.97243,38.94046],[-76.97243,38.94039],[-76.97243,38.94032],[-76.97243,38.94029],[-76.97242,38.94026],[-76.97241,38.94022],[-76.97239,38.94019],[-76.97238,38.94015],[-76.97235,38.94012],[-76.97233,38.94009],[-76.9723,38.94005],[-76.97228,38.94002],[-76.97227,38.94188]]],[[[-77.06754,38.95759],[-77.06744,38.95771],[-77.06733,38.95782],[-77.06721,38.95794],[-77.0671,38.95805],[-77.06697,38.95815],[-77.06685,38.95825],[-77.06639,38.95858],[-77.06637,38.95859],[-77.06653,38.95866],[-77.06668,38.95874],[-77.06683,38.95881],[-77.06697,38.95889],[-77.06711,38.95896],[-77.06914,38.95655],[-77.06928,38.95639],[-77.06937,38.95628],[-77.06946,38.95617],[-77.06949,38.95614],[-77.0695,38.95603],[-77.06936,38.95579],[-77.06911,38.95573],[-77.06905,38.95572],[-77.06896,38.95587],[-77.06886,38.95601],[-77.06876,38.95614],[-77.06866,38.95628],[-77.06854,38.95641],[-77.06843,38.95654],[-77.06847,38.95656],[-77.06761,38.95758],[-77.06756,38.95756],[-77.06754,38.95759]]],[[[-77.00647,38.96067],[-77.00642,38.96074],[-77.00643,38.96076],[-77.00658,38.96095],[-77.00671,38.9611],[-77.00674,38.9611],[-77.00677,38.9611],[-77.00681,38.9611],[-77.00706,38.96109],[-77.00709,38.96109],[-77.00711,38.96109],[-77.00731,38.96108],[-77.00744,38.96108],[-77.00756,38.96108],[-77.00768,38.96107],[-77.0078,38.96107],[-77.0079,38.96107],[-77.00792,38.96106],[-77.00799,38.96106],[-77.00808,38.96106],[-77.00937,38.96102],[-77.00925,38.96086],[-77.00911,38.96047],[-77.00908,38.96041],[-77.00895,38.96045],[-77.00889,38.96047],[-77.00889,38.96037],[-77.00889,38.96029],[-77.00889,38.96021],[-77.00889,38.96013],[-77.00889,38.96005],[-77.00889,38.96004],[-77.00882,38.96004],[-77.00849,38.96004],[-77.00836,38.96004],[-77.00832,38.96003],[-77.00824,38.96001],[-77.00815,38.95998],[-77.00817,38.95996],[-77.00808,38.95994],[-77.00793,38.96006],[-77.00792,38.96007],[-77.0079,38.96009],[-77.00796,38.96014],[-77.00803,38.96018],[-77.00809,38.96023],[-77.00816,38.96028],[-77.00823,38.96033],[-77.00831,38.96038],[-77.00838,38.96044],[-77.00841,38.96045],[-77.00847,38.9605],[-77.00856,38.96056],[-77.00856,38.96057],[-77.00823,38.96066],[-77.00812,38.96058],[-77.00805,38.96053],[-77.00797,38.96048],[-77.00787,38.9604],[-77.00774,38.96031],[-77.00764,38.96024],[-77.00756,38.96018],[-77.00748,38.96013],[-77.00744,38.9601],[-77.00718,38.95991],[-77.00717,38.95992],[-77.00709,38.95999],[-77.00702,38.96005],[-77.00695,38.96011],[-77.00687,38.96018],[-77.0068,38.96024],[-77.00678,38.96026],[-77.00674,38.9603],[-77.00669,38.96038],[-77.00665,38.96042],[-77.00663,38.96045],[-77.00658,38.96052],[-77.00653,38.9606],[-77.00647,38.96067]]],[[[-77.0588,38.95883],[-77.05883,38.95882],[-77.05896,38.95879],[-77.05906,38.9588],[-77.0591,38.9584],[-77.05973,38.95847],[-77.05981,38.95848],[-77.05989,38.9583],[-77.06003,38.95794],[-77.05991,38.95791],[-77.05979,38.95789],[-77.05958,38.95782],[-77.05937,38.95776],[-77.05931,38.95773],[-77.05925,38.95771],[-77.0591,38.95764],[-77.05894,38.95757],[-77.05881,38.9575],[-77.05868,38.95743],[-77.05855,38.95736],[-77.05843,38.95728],[-77.05832,38.9572],[-77.05821,38.95711],[-77.0581,38.95703],[-77.05799,38.95695],[-77.0579,38.95687],[-77.0578,38.95677],[-77.05757,38.95679],[-77.05754,38.95679],[-77.05751,38.9568],[-77.05748,38.95681],[-77.05745,38.95682],[-77.05743,38.95684],[-77.05741,38.95686],[-77.0574,38.95688],[-77.05739,38.95691],[-77.05733,38.95711],[-77.05724,38.9574],[-77.05723,38.95745],[-77.05721,38.95749],[-77.05719,38.95752],[-77.05717,38.95758],[-77.05775,38.95758],[-77.05781,38.95759],[-77.05785,38.9576],[-77.05788,38.95761],[-77.05792,38.95762],[-77.05793,38.95762],[-77.05797,38.95764],[-77.05798,38.95765],[-77.05802,38.95767],[-77.05803,38.95768],[-77.05806,38.9577],[-77.05807,38.95771],[-77.0581,38.95774],[-77.05811,38.95775],[-77.05813,38.95778],[-77.05814,38.95779],[-77.05815,38.95782],[-77.05816,38.95784],[-77.05816,38.95787],[-77.05817,38.95789],[-77.05817,38.95791],[-77.05817,38.95793],[-77.05817,38.95796],[-77.05817,38.95798],[-77.05816,38.95802],[-77.05816,38.95803],[-77.05814,38.95807],[-77.05799,38.95835],[-77.05824,38.95838],[-77.05831,38.9584],[-77.05832,38.9584],[-77.05833,38.95841],[-77.05836,38.95842],[-77.05839,38.95844],[-77.0584,38.95844],[-77.05841,38.95844],[-77.05844,38.95846],[-77.05847,38.95848],[-77.05848,38.95849],[-77.05851,38.95851],[-77.05854,38.95853],[-77.05855,38.95853],[-77.05858,38.95856],[-77.05861,38.95858],[-77.05861,38.95859],[-77.05864,38.95862],[-77.05867,38.95864],[-77.0587,38.95868],[-77.05871,38.95869],[-77.05872,38.9587],[-77.05875,38.95874],[-77.05876,38.95877],[-77.0588,38.95883]]],[[[-76.98734,38.93484],[-76.98664,38.93487],[-76.98662,38.93487],[-76.98648,38.93606],[-76.98855,38.93606],[-76.98855,38.93605],[-76.98872,38.93504],[-76.98745,38.93483],[-76.98734,38.93484]]],[[[-76.97795,38.94654],[-76.97841,38.94693],[-76.97851,38.94702],[-76.97858,38.94708],[-76.97846,38.94717],[-76.9795,38.94797],[-76.98285,38.9506],[-76.98288,38.95056],[-76.9829,38.95052],[-76.98294,38.95045],[-76.98297,38.95038],[-76.98299,38.95031],[-76.98301,38.95023],[-76.98297,38.95023],[-76.98298,38.95022],[-76.98298,38.9502],[-76.98299,38.95019],[-76.98298,38.95018],[-76.98298,38.95016],[-76.98298,38.95015],[-76.98297,38.95014],[-76.9781,38.94633],[-76.97795,38.94654]]],[[[-76.94389,38.89234],[-76.94389,38.89316],[-76.94445,38.89328],[-76.94446,38.89263],[-76.94467,38.89242],[-76.94469,38.8924],[-76.94477,38.89232],[-76.94484,38.89225],[-76.94492,38.89217],[-76.94499,38.8921],[-76.94502,38.89208],[-76.94507,38.89203],[-76.94519,38.89191],[-76.94532,38.89178],[-76.94559,38.89178],[-76.94561,38.89178],[-76.9457,38.89178],[-76.94578,38.89178],[-76.94587,38.89178],[-76.94596,38.89178],[-76.94599,38.89178],[-76.94605,38.89178],[-76.94605,38.89139],[-76.94599,38.89139],[-76.94599,38.89135],[-76.946,38.89135],[-76.94601,38.89135],[-76.94605,38.89135],[-76.94614,38.89135],[-76.94622,38.89135],[-76.94631,38.89135],[-76.9464,38.89135],[-76.9464,38.89096],[-76.94639,38.89096],[-76.94626,38.89096],[-76.94626,38.89082],[-76.94631,38.89082],[-76.9464,38.89082],[-76.94649,38.89082],[-76.94657,38.89082],[-76.94661,38.89082],[-76.94661,38.89044],[-76.94661,38.89039],[-76.94666,38.89039],[-76.94675,38.89039],[-76.94684,38.89039],[-76.94693,38.89039],[-76.94701,38.89039],[-76.9471,38.89039],[-76.9471,38.89001],[-76.94656,38.89],[-76.94596,38.89001],[-76.94508,38.89001],[-76.94508,38.89032],[-76.94598,38.89032],[-76.94598,38.89067],[-76.94488,38.89178],[-76.94468,38.89178],[-76.94468,38.89182],[-76.94468,38.89185],[-76.94467,38.89188],[-76.94467,38.89191],[-76.94466,38.89192],[-76.94465,38.89193],[-76.94463,38.89196],[-76.9446,38.89199],[-76.94457,38.892],[-76.94453,38.89202],[-76.94449,38.89203],[-76.94446,38.89203],[-76.9441,38.89203],[-76.94405,38.89203],[-76.9439,38.89203],[-76.94389,38.89203],[-76.94389,38.89234]]],[[[-76.96793,38.86746],[-76.9698,38.86792],[-76.97015,38.86756],[-76.97011,38.86744],[-76.97008,38.86731],[-76.97005,38.86719],[-76.97003,38.86707],[-76.97001,38.86694],[-76.97001,38.86682],[-76.97001,38.86669],[-76.97001,38.86657],[-76.97003,38.86644],[-76.97004,38.86632],[-76.97007,38.8662],[-76.97001,38.8662],[-76.96985,38.86619],[-76.96968,38.86617],[-76.96967,38.86617],[-76.96955,38.86616],[-76.96943,38.86615],[-76.9693,38.86613],[-76.96918,38.86611],[-76.96906,38.86608],[-76.96865,38.866],[-76.96852,38.86597],[-76.96839,38.86595],[-76.96829,38.86594],[-76.96819,38.86594],[-76.9681,38.86594],[-76.96793,38.86583],[-76.96793,38.86746]]],[[[-76.997,38.95256],[-76.99727,38.95255],[-76.99754,38.95254],[-76.99781,38.95254],[-76.99831,38.95254],[-76.99851,38.95253],[-76.9987,38.95252],[-76.99889,38.95251],[-76.99909,38.95248],[-76.99928,38.95245],[-76.99947,38.95241],[-76.99948,38.95244],[-76.9995,38.95248],[-76.99966,38.95245],[-76.99982,38.95241],[-76.99998,38.95237],[-77.00024,38.95228],[-77.00049,38.9522],[-77.00065,38.9522],[-77.00091,38.95218],[-77.00109,38.95217],[-77.00116,38.95217],[-77.0021,38.95213],[-77.00185,38.95156],[-77.00171,38.95111],[-77.0017,38.95109],[-77.00165,38.95109],[-77.00147,38.95109],[-77.00133,38.95109],[-77.00118,38.9511],[-77.00116,38.9511],[-77.00101,38.95109],[-77.00086,38.95109],[-77.00074,38.95117],[-77.00062,38.95125],[-77.00049,38.95133],[-77.00036,38.95139],[-77.00022,38.95146],[-77.00008,38.95152],[-76.99993,38.95158],[-76.99992,38.95158],[-76.99991,38.95158],[-76.9999,38.95159],[-76.99989,38.95159],[-76.99982,38.95162],[-76.99981,38.95162],[-76.99964,38.95167],[-76.99949,38.95171],[-76.99934,38.95175],[-76.99919,38.95178],[-76.99905,38.9518],[-76.99888,38.95182],[-76.9987,38.95184],[-76.9986,38.95184],[-76.9985,38.95185],[-76.99843,38.95185],[-76.99843,38.95186],[-76.99843,38.95188],[-76.99807,38.95188],[-76.99794,38.95189],[-76.99767,38.9519],[-76.99742,38.95191],[-76.99717,38.95193],[-76.99692,38.95195],[-76.99667,38.95198],[-76.99642,38.95201],[-76.9963,38.95203],[-76.997,38.95256]]],[[[-77.00771,38.83614],[-77.0077,38.83614],[-77.00769,38.83614],[-77.00768,38.83615],[-77.00666,38.8375],[-77.00704,38.8377],[-77.00695,38.83782],[-77.00675,38.83808],[-77.00672,38.83813],[-77.00657,38.83832],[-77.00648,38.83844],[-77.00693,38.83868],[-77.00696,38.83886],[-77.00705,38.83967],[-77.00795,38.84017],[-77.00821,38.83914],[-77.00825,38.83899],[-77.00824,38.83851],[-77.00819,38.83806],[-77.00783,38.83636],[-77.00776,38.8362],[-77.00774,38.83615],[-77.00773,38.83615],[-77.00773,38.83614],[-77.00772,38.83614],[-77.00771,38.83614]]],[[[-76.97463,38.85718],[-76.97452,38.85728],[-76.97441,38.85738],[-76.97443,38.85739],[-76.97444,38.8574],[-76.97486,38.85768],[-76.97412,38.85838],[-76.97448,38.85861],[-76.97549,38.85927],[-76.97561,38.85916],[-76.97572,38.85905],[-76.97584,38.85893],[-76.97592,38.8588],[-76.97601,38.85865],[-76.97608,38.85853],[-76.9761,38.85849],[-76.9762,38.85833],[-76.9763,38.85816],[-76.97638,38.85803],[-76.97639,38.85801],[-76.97641,38.85798],[-76.97652,38.8578],[-76.97657,38.8577],[-76.97663,38.8576],[-76.97684,38.85726],[-76.97684,38.85725],[-76.97549,38.85637],[-76.97537,38.85648],[-76.97527,38.85658],[-76.97516,38.85668],[-76.97505,38.85678],[-76.97495,38.85688],[-76.97484,38.85698],[-76.9748,38.85702],[-76.97477,38.85705],[-76.97478,38.85706],[-76.97474,38.85709],[-76.97473,38.85708],[-76.97463,38.85718]]],[[[-76.93919,38.87552],[-76.93921,38.87559],[-76.93929,38.87588],[-76.93945,38.87641],[-76.94044,38.87789],[-76.94266,38.87764],[-76.94328,38.87757],[-76.9431,38.8774],[-76.94292,38.87724],[-76.94284,38.87718],[-76.94275,38.87713],[-76.94267,38.87708],[-76.94258,38.87704],[-76.94248,38.877],[-76.94239,38.87697],[-76.94181,38.87678],[-76.94164,38.87676],[-76.94117,38.87651],[-76.94115,38.87649],[-76.93979,38.87564],[-76.93912,38.87529],[-76.93919,38.87552]]],[[[-77.00523,38.95884],[-77.00527,38.95893],[-77.0053,38.959],[-77.00534,38.95908],[-77.00537,38.95915],[-77.00541,38.95922],[-77.00544,38.95929],[-77.00546,38.95934],[-77.0055,38.95942],[-77.00564,38.95963],[-77.00566,38.95965],[-77.00575,38.95978],[-77.00591,38.96001],[-77.00593,38.96003],[-77.00596,38.96009],[-77.00618,38.96039],[-77.0063,38.96023],[-77.00635,38.96017],[-77.00639,38.96011],[-77.00643,38.96005],[-77.00648,38.95999],[-77.00652,38.95994],[-77.00657,38.95988],[-77.00661,38.95982],[-77.00665,38.95976],[-77.0067,38.9597],[-77.00674,38.95964],[-77.00676,38.95962],[-77.00677,38.9596],[-77.00656,38.95946],[-77.0065,38.95941],[-77.00643,38.95936],[-77.00639,38.95933],[-77.00633,38.95929],[-77.00627,38.95925],[-77.0062,38.9592],[-77.00616,38.95916],[-77.00612,38.95914],[-77.00612,38.95861],[-77.00612,38.9586],[-77.00612,38.95845],[-77.0061,38.95845],[-77.00598,38.95845],[-77.00588,38.95845],[-77.00583,38.95837],[-77.0058,38.95828],[-77.00577,38.95819],[-77.00576,38.95818],[-77.00576,38.95809],[-77.00576,38.95773],[-77.00571,38.95759],[-77.00571,38.95753],[-77.00571,38.95743],[-77.00571,38.95735],[-77.00571,38.95726],[-77.00569,38.95718],[-77.00566,38.9571],[-77.00564,38.95702],[-77.00563,38.95698],[-77.00559,38.95699],[-77.00559,38.9567],[-77.00559,38.95666],[-77.00559,38.95652],[-77.00562,38.95652],[-77.00562,38.95611],[-77.00562,38.95607],[-77.00562,38.95603],[-77.00562,38.95587],[-77.00562,38.95571],[-77.00552,38.95574],[-77.00543,38.95576],[-77.00535,38.95578],[-77.00526,38.9558],[-77.00516,38.95582],[-77.00508,38.95584],[-77.00499,38.95586],[-77.00489,38.95588],[-77.00481,38.9559],[-77.00472,38.95592],[-77.00462,38.95594],[-77.00454,38.95596],[-77.00445,38.95598],[-77.00435,38.956],[-77.00425,38.95602],[-77.00416,38.95604],[-77.00408,38.95606],[-77.00405,38.95607],[-77.004,38.95608],[-77.00418,38.95646],[-77.00424,38.9566],[-77.00476,38.95781],[-77.00495,38.95828],[-77.00519,38.95875],[-77.00519,38.95876],[-77.00523,38.95884]]],[[[-76.98597,38.95253],[-76.98609,38.95254],[-76.98621,38.95255],[-76.98632,38.95257],[-76.98643,38.9526],[-76.98654,38.95263],[-76.98694,38.95276],[-76.98729,38.95287],[-76.98764,38.95297],[-76.98799,38.95307],[-76.98834,38.95317],[-76.98904,38.95249],[-76.98886,38.95249],[-76.98869,38.95247],[-76.98851,38.95245],[-76.98834,38.95243],[-76.98817,38.9524],[-76.988,38.95236],[-76.98783,38.95231],[-76.98766,38.95226],[-76.9875,38.9522],[-76.98734,38.95214],[-76.98719,38.95207],[-76.98704,38.952],[-76.98689,38.95192],[-76.98675,38.95184],[-76.98653,38.95168],[-76.98643,38.95163],[-76.9863,38.95155],[-76.98605,38.95143],[-76.98596,38.95139],[-76.98594,38.95138],[-76.98574,38.95129],[-76.98573,38.95131],[-76.98551,38.95123],[-76.98528,38.95116],[-76.98506,38.95109],[-76.98487,38.95104],[-76.98468,38.95099],[-76.9845,38.95092],[-76.98431,38.95086],[-76.98412,38.95078],[-76.98393,38.95069],[-76.98374,38.95059],[-76.98355,38.95049],[-76.98337,38.95039],[-76.98319,38.95028],[-76.98316,38.95028],[-76.98313,38.95029],[-76.9831,38.95038],[-76.98306,38.95048],[-76.98303,38.95057],[-76.98297,38.95069],[-76.98535,38.95255],[-76.98574,38.95253],[-76.98586,38.95253],[-76.98597,38.95253]]],[[[-76.99524,38.95222],[-76.9948,38.95231],[-76.99463,38.95235],[-76.99445,38.95238],[-76.99428,38.9524],[-76.9941,38.95241],[-76.99271,38.95245],[-76.99238,38.95246],[-76.99172,38.95248],[-76.99072,38.95248],[-76.98933,38.95249],[-76.98929,38.95253],[-76.98858,38.95322],[-76.98883,38.95327],[-76.98908,38.95332],[-76.98933,38.95337],[-76.98959,38.95341],[-76.98985,38.95345],[-76.99011,38.95348],[-76.99037,38.9535],[-76.99063,38.95352],[-76.99085,38.95354],[-76.99107,38.95355],[-76.9913,38.95356],[-76.99152,38.95356],[-76.99165,38.95356],[-76.99178,38.95355],[-76.99198,38.95354],[-76.99218,38.95352],[-76.99237,38.9535],[-76.99257,38.95347],[-76.99277,38.95344],[-76.99333,38.95334],[-76.99371,38.95325],[-76.9939,38.9532],[-76.99448,38.95303],[-76.99472,38.95295],[-76.99497,38.95289],[-76.99522,38.95282],[-76.99547,38.95277],[-76.99572,38.95272],[-76.99597,38.95268],[-76.99623,38.95265],[-76.99648,38.95262],[-76.9958,38.9521],[-76.99524,38.95222]]],[[[-76.94508,38.88639],[-76.94508,38.8864],[-76.94512,38.88644],[-76.94568,38.88644],[-76.94571,38.88644],[-76.94578,38.88644],[-76.94614,38.88644],[-76.94616,38.88639],[-76.9462,38.8864],[-76.94623,38.8864],[-76.94626,38.88639],[-76.94629,38.88638],[-76.94632,38.88636],[-76.9462,38.88632],[-76.94624,38.88625],[-76.94616,38.88617],[-76.94611,38.88612],[-76.94605,38.88606],[-76.946,38.88601],[-76.94595,38.88595],[-76.94589,38.8859],[-76.94584,38.88585],[-76.94579,38.88579],[-76.94573,38.88574],[-76.94568,38.88568],[-76.94563,38.88562],[-76.94558,38.88557],[-76.94553,38.88551],[-76.94548,38.88545],[-76.94543,38.8854],[-76.94538,38.88534],[-76.94534,38.88528],[-76.94529,38.88522],[-76.94524,38.88517],[-76.94517,38.88502],[-76.94514,38.88497],[-76.9451,38.88489],[-76.9451,38.88486],[-76.94509,38.88483],[-76.94509,38.88482],[-76.9451,38.88434],[-76.94509,38.88434],[-76.9451,38.88378],[-76.94514,38.88378],[-76.94514,38.88284],[-76.94514,38.88283],[-76.94515,38.88281],[-76.94516,38.8828],[-76.94517,38.88279],[-76.94518,38.88278],[-76.9452,38.88277],[-76.94521,38.88276],[-76.94523,38.88276],[-76.94525,38.88276],[-76.94526,38.88276],[-76.94535,38.88276],[-76.94535,38.88272],[-76.94535,38.88253],[-76.94535,38.88249],[-76.94535,38.88247],[-76.94538,38.88247],[-76.94553,38.88247],[-76.94553,38.88195],[-76.94599,38.88184],[-76.9456,38.88098],[-76.94537,38.88104],[-76.94514,38.88111],[-76.94492,38.88118],[-76.94469,38.88126],[-76.94447,38.88135],[-76.94426,38.88144],[-76.94404,38.88154],[-76.94383,38.88164],[-76.94362,38.88176],[-76.94381,38.88221],[-76.94386,38.88222],[-76.94393,38.88239],[-76.94408,38.88276],[-76.94411,38.88284],[-76.94425,38.88349],[-76.94428,38.88363],[-76.94431,38.8838],[-76.94431,38.88389],[-76.94431,38.88401],[-76.9443,38.88408],[-76.94429,38.88416],[-76.94428,38.88425],[-76.94426,38.88433],[-76.94424,38.88441],[-76.94424,38.88442],[-76.94424,38.88443],[-76.94423,38.88447],[-76.94422,38.8845],[-76.9442,38.88455],[-76.94417,38.8846],[-76.94415,38.88463],[-76.94412,38.88467],[-76.94409,38.88471],[-76.94405,38.88474],[-76.94402,38.88478],[-76.94396,38.88482],[-76.94395,38.88483],[-76.94393,38.88486],[-76.94391,38.88489],[-76.9439,38.8849],[-76.9439,38.88491],[-76.94389,38.88492],[-76.94389,38.88493],[-76.94389,38.88494],[-76.94389,38.88495],[-76.9439,38.88496],[-76.9439,38.88497],[-76.94391,38.88497],[-76.94392,38.88499],[-76.94394,38.88502],[-76.94407,38.88521],[-76.94412,38.88527],[-76.94416,38.88533],[-76.94417,38.88533],[-76.94421,38.88539],[-76.94426,38.88545],[-76.9443,38.88551],[-76.94435,38.88557],[-76.9444,38.88563],[-76.94445,38.88569],[-76.9445,38.88575],[-76.94455,38.88581],[-76.9446,38.88587],[-76.94465,38.88593],[-76.9447,38.88599],[-76.94476,38.88605],[-76.94481,38.88611],[-76.94486,38.88617],[-76.94492,38.88622],[-76.94497,38.88628],[-76.94503,38.88634],[-76.94508,38.88639]]],[[[-76.97596,38.85577],[-76.97606,38.85584],[-76.97557,38.8563],[-76.97556,38.8563],[-76.97571,38.8564],[-76.97585,38.85649],[-76.976,38.85659],[-76.97614,38.85668],[-76.97628,38.85677],[-76.97643,38.85687],[-76.97657,38.85696],[-76.97672,38.85705],[-76.97686,38.85715],[-76.977,38.85724],[-76.9771,38.85715],[-76.97797,38.85715],[-76.97797,38.85707],[-76.97797,38.85634],[-76.97797,38.85633],[-76.97797,38.85627],[-76.97797,38.85622],[-76.97797,38.85616],[-76.97797,38.85611],[-76.97797,38.85605],[-76.97797,38.856],[-76.97797,38.85594],[-76.97797,38.85589],[-76.97797,38.85583],[-76.97797,38.85578],[-76.97797,38.85572],[-76.97789,38.85567],[-76.97787,38.85566],[-76.97762,38.8555],[-76.97757,38.85546],[-76.97755,38.85545],[-76.97747,38.85539],[-76.97732,38.85529],[-76.97728,38.85529],[-76.97728,38.85437],[-76.97557,38.85375],[-76.97536,38.85394],[-76.97446,38.85478],[-76.97596,38.85577]]],[[[-76.9759,38.85345],[-76.9761,38.85354],[-76.9763,38.85362],[-76.97651,38.8537],[-76.97671,38.85377],[-76.97692,38.85384],[-76.97713,38.8539],[-76.97734,38.85395],[-76.97755,38.854],[-76.97769,38.854],[-76.97834,38.85411],[-76.97894,38.85416],[-76.97933,38.85416],[-76.97955,38.85416],[-76.97992,38.85413],[-76.98017,38.85407],[-76.98023,38.854],[-76.98076,38.85345],[-76.97976,38.85371],[-76.97965,38.85373],[-76.97964,38.85374],[-76.9796,38.85372],[-76.97952,38.85366],[-76.97943,38.85361],[-76.97942,38.85361],[-76.97936,38.85356],[-76.97918,38.85346],[-76.97928,38.85341],[-76.9798,38.85165],[-76.97978,38.85158],[-76.98025,38.85144],[-76.98031,38.85154],[-76.98082,38.85139],[-76.98081,38.85085],[-76.98014,38.8508],[-76.98014,38.85084],[-76.98013,38.85098],[-76.97976,38.85114],[-76.97949,38.85125],[-76.97941,38.85128],[-76.97913,38.8514],[-76.97887,38.85156],[-76.9785,38.85178],[-76.97833,38.85189],[-76.97816,38.85199],[-76.97811,38.85202],[-76.97798,38.8521],[-76.97797,38.85211],[-76.97776,38.85223],[-76.97769,38.85227],[-76.97734,38.85225],[-76.97728,38.85224],[-76.97723,38.85224],[-76.97722,38.85223],[-76.97649,38.8529],[-76.97605,38.8533],[-76.97597,38.85338],[-76.97589,38.85345],[-76.9759,38.85345]]],[[[-76.97263,38.86349],[-76.97253,38.86363],[-76.97249,38.86368],[-76.97245,38.86373],[-76.97238,38.86378],[-76.97231,38.86383],[-76.97224,38.86388],[-76.97216,38.86392],[-76.97208,38.86395],[-76.972,38.86398],[-76.97095,38.86427],[-76.97097,38.86437],[-76.97098,38.86447],[-76.97098,38.86457],[-76.97098,38.86467],[-76.97097,38.86477],[-76.97096,38.86487],[-76.97093,38.86497],[-76.9709,38.86507],[-76.97087,38.86516],[-76.97083,38.86526],[-76.97078,38.86535],[-76.97069,38.86549],[-76.9706,38.86564],[-76.97052,38.86579],[-76.97048,38.86589],[-76.97045,38.86599],[-76.97042,38.86609],[-76.97039,38.86619],[-76.97037,38.86631],[-76.97035,38.86643],[-76.97034,38.86655],[-76.97033,38.86668],[-76.97033,38.8668],[-76.97034,38.86692],[-76.97035,38.86704],[-76.97038,38.86717],[-76.9708,38.86717],[-76.97192,38.86717],[-76.97207,38.86717],[-76.97224,38.8668],[-76.97272,38.86578],[-76.97276,38.86568],[-76.97333,38.86447],[-76.97388,38.86369],[-76.97291,38.86328],[-76.97281,38.86324],[-76.97263,38.86349]]],[[[-77.01403,38.82558],[-77.01403,38.82602],[-77.01403,38.82618],[-77.01403,38.82737],[-77.01395,38.82738],[-77.01402,38.82793],[-77.01378,38.82794],[-77.01383,38.82841],[-77.01457,38.82836],[-77.01636,38.82815],[-77.01644,38.82758],[-77.01627,38.82723],[-77.01615,38.82687],[-77.01611,38.82673],[-77.01603,38.82506],[-77.01615,38.82486],[-77.01402,38.82481],[-77.01402,38.82482],[-77.01403,38.82487],[-77.01403,38.82492],[-77.01403,38.82547],[-77.01403,38.82545],[-77.01403,38.82558]]],[[[-77.01246,38.96121],[-77.01248,38.96125],[-77.01254,38.96125],[-77.01351,38.96125],[-77.01372,38.96125],[-77.01376,38.96125],[-77.01431,38.96125],[-77.01439,38.96125],[-77.01448,38.96125],[-77.01457,38.96125],[-77.01466,38.96125],[-77.01475,38.96125],[-77.01483,38.96125],[-77.01492,38.96125],[-77.01501,38.96125],[-77.0151,38.96125],[-77.01519,38.96125],[-77.01527,38.96125],[-77.01536,38.96125],[-77.01545,38.96125],[-77.01603,38.96125],[-77.01603,38.96114],[-77.01603,38.96107],[-77.01603,38.961],[-77.01603,38.96094],[-77.01603,38.96087],[-77.01603,38.9608],[-77.01603,38.96073],[-77.01603,38.96027],[-77.01603,38.9601],[-77.01603,38.95954],[-77.01603,38.9594],[-77.01603,38.95883],[-77.01372,38.95883],[-77.01351,38.95883],[-77.01333,38.95907],[-77.01285,38.95972],[-77.01283,38.95974],[-77.01257,38.9601],[-77.01245,38.96026],[-77.01219,38.96061],[-77.01221,38.96066],[-77.0118,38.96121],[-77.01246,38.96121]]],[[[-77.00519,38.95506],[-77.00519,38.95535],[-77.0052,38.95547],[-77.0052,38.95548],[-77.00572,38.95536],[-77.00599,38.9553],[-77.00599,38.95529],[-77.00586,38.95495],[-77.00586,38.95461],[-77.00602,38.95461],[-77.00602,38.95452],[-77.00718,38.95426],[-77.00718,38.95401],[-77.00731,38.95391],[-77.00732,38.9539],[-77.0075,38.95362],[-77.00749,38.95362],[-77.00683,38.95362],[-77.00683,38.95361],[-77.00683,38.95337],[-77.00683,38.95237],[-77.00659,38.95233],[-77.00635,38.95228],[-77.00611,38.95222],[-77.00587,38.95216],[-77.00587,38.95214],[-77.00561,38.95205],[-77.00535,38.95196],[-77.00509,38.95187],[-77.00483,38.95176],[-77.00461,38.95167],[-77.00439,38.95157],[-77.00417,38.95146],[-77.00407,38.9514],[-77.00397,38.95133],[-77.00387,38.95126],[-77.00377,38.95119],[-77.00368,38.95111],[-77.00344,38.95108],[-77.00225,38.95107],[-77.00196,38.95107],[-77.00198,38.9511],[-77.00198,38.95111],[-77.00237,38.95206],[-77.00265,38.95205],[-77.00279,38.9521],[-77.00293,38.95216],[-77.00307,38.95222],[-77.0032,38.95229],[-77.00333,38.95236],[-77.00346,38.95244],[-77.00359,38.95252],[-77.00371,38.95261],[-77.00384,38.95269],[-77.00397,38.95278],[-77.00409,38.95288],[-77.0042,38.95298],[-77.00431,38.95308],[-77.00442,38.95319],[-77.00452,38.95331],[-77.00462,38.95342],[-77.00471,38.95355],[-77.00471,38.9537],[-77.00471,38.95401],[-77.00471,38.95402],[-77.00471,38.95404],[-77.00471,38.95433],[-77.00482,38.95433],[-77.00492,38.95433],[-77.00503,38.95433],[-77.00513,38.95433],[-77.00519,38.95433],[-77.00519,38.95458],[-77.00519,38.95506]]],[[[-76.95238,38.86578],[-76.9574,38.86783],[-76.95858,38.86832],[-76.95863,38.86834],[-76.95865,38.86828],[-76.95866,38.86823],[-76.95866,38.86817],[-76.95866,38.86811],[-76.95864,38.86806],[-76.95863,38.868],[-76.9586,38.86795],[-76.95857,38.8679],[-76.95844,38.86767],[-76.95841,38.8676],[-76.95839,38.86753],[-76.95838,38.86746],[-76.95837,38.86739],[-76.95838,38.86731],[-76.95838,38.86724],[-76.9584,38.86717],[-76.95842,38.8671],[-76.95845,38.86703],[-76.95849,38.86696],[-76.95853,38.8669],[-76.95857,38.86684],[-76.95862,38.86679],[-76.95868,38.86674],[-76.95874,38.8667],[-76.9588,38.86666],[-76.95887,38.86663],[-76.95894,38.86661],[-76.95901,38.86659],[-76.95907,38.86658],[-76.95922,38.86654],[-76.95964,38.86648],[-76.95964,38.86647],[-76.9595,38.86572],[-76.95944,38.86545],[-76.95727,38.8657],[-76.95707,38.8655],[-76.95698,38.86551],[-76.95688,38.86551],[-76.95676,38.86552],[-76.95664,38.86551],[-76.95652,38.86551],[-76.9564,38.86549],[-76.95628,38.86548],[-76.95618,38.86546],[-76.95554,38.865],[-76.95484,38.8645],[-76.95476,38.86453],[-76.95431,38.86469],[-76.9539,38.86484],[-76.95238,38.86538],[-76.95238,38.86578]]],[[[-76.96048,38.86868],[-76.96051,38.86867],[-76.96057,38.86866],[-76.96062,38.86864],[-76.96068,38.86862],[-76.96073,38.8686],[-76.96077,38.86857],[-76.96082,38.86854],[-76.96086,38.86851],[-76.96089,38.86848],[-76.96092,38.86844],[-76.96093,38.86844],[-76.96095,38.8684],[-76.96098,38.86835],[-76.96099,38.86831],[-76.96101,38.86826],[-76.96103,38.86816],[-76.96105,38.86807],[-76.96109,38.86788],[-76.96136,38.86791],[-76.96137,38.86785],[-76.96138,38.86782],[-76.96139,38.86775],[-76.9614,38.86772],[-76.96141,38.86766],[-76.96142,38.86763],[-76.96143,38.86758],[-76.96144,38.86754],[-76.96145,38.86754],[-76.96145,38.86752],[-76.96147,38.86748],[-76.96149,38.86744],[-76.96151,38.86741],[-76.96151,38.8674],[-76.96152,38.86739],[-76.96154,38.86736],[-76.96156,38.86734],[-76.9616,38.8673],[-76.96162,38.86728],[-76.96166,38.86724],[-76.9617,38.86721],[-76.96171,38.8672],[-76.96171,38.86719],[-76.96175,38.86717],[-76.96179,38.86715],[-76.96185,38.86711],[-76.96189,38.86709],[-76.96191,38.86709],[-76.96191,38.86708],[-76.96198,38.86706],[-76.96199,38.86705],[-76.96201,38.86705],[-76.96208,38.86703],[-76.96212,38.86702],[-76.96217,38.86701],[-76.96218,38.86701],[-76.96225,38.867],[-76.9623,38.867],[-76.96235,38.86699],[-76.96236,38.86699],[-76.96253,38.86692],[-76.96268,38.86693],[-76.96269,38.86693],[-76.96277,38.86695],[-76.96278,38.86695],[-76.96285,38.86697],[-76.96286,38.86697],[-76.96295,38.86699],[-76.96302,38.86701],[-76.96303,38.86701],[-76.9631,38.86703],[-76.96311,38.86703],[-76.96319,38.86705],[-76.9632,38.86705],[-76.96327,38.86707],[-76.96328,38.86707],[-76.96335,38.86709],[-76.96336,38.86709],[-76.96344,38.86711],[-76.96345,38.86711],[-76.96352,38.86713],[-76.96353,38.86714],[-76.9636,38.86715],[-76.96362,38.86716],[-76.96369,38.86717],[-76.9637,38.86718],[-76.96378,38.8672],[-76.96387,38.86722],[-76.96394,38.86724],[-76.96395,38.86724],[-76.96403,38.86726],[-76.96409,38.86727],[-76.96416,38.86736],[-76.96417,38.86738],[-76.96423,38.86746],[-76.96425,38.86749],[-76.9643,38.86756],[-76.96462,38.86756],[-76.96462,38.86746],[-76.96493,38.86746],[-76.96571,38.86765],[-76.96571,38.86763],[-76.96572,38.86762],[-76.96573,38.8676],[-76.96575,38.86758],[-76.96578,38.86756],[-76.96581,38.86754],[-76.96584,38.86753],[-76.96587,38.86753],[-76.9659,38.86753],[-76.96599,38.86755],[-76.96607,38.86757],[-76.96615,38.86759],[-76.96622,38.86761],[-76.9663,38.86763],[-76.96638,38.86765],[-76.96643,38.86766],[-76.96649,38.86767],[-76.96654,38.86767],[-76.96659,38.86768],[-76.96664,38.86767],[-76.96669,38.86767],[-76.96674,38.86766],[-76.96678,38.86764],[-76.96682,38.86763],[-76.96754,38.86758],[-76.96755,38.86758],[-76.96762,38.86758],[-76.96762,38.86579],[-76.96752,38.86565],[-76.96737,38.86571],[-76.96733,38.86571],[-76.96729,38.86572],[-76.96724,38.86572],[-76.96719,38.86572],[-76.96712,38.86572],[-76.96704,38.86571],[-76.96697,38.8657],[-76.9669,38.86567],[-76.9668,38.86562],[-76.9667,38.86556],[-76.9666,38.86551],[-76.96649,38.86547],[-76.96639,38.86543],[-76.96637,38.86546],[-76.96626,38.86563],[-76.96626,38.86564],[-76.96616,38.86579],[-76.96613,38.86585],[-76.96611,38.86587],[-76.96608,38.86588],[-76.96606,38.86589],[-76.96603,38.8659],[-76.966,38.8659],[-76.96598,38.86589],[-76.96595,38.86588],[-76.96593,38.86587],[-76.96591,38.86585],[-76.96589,38.86583],[-76.96588,38.86581],[-76.96587,38.86579],[-76.96585,38.86578],[-76.96584,38.86577],[-76.96582,38.86577],[-76.9658,38.86577],[-76.96572,38.86576],[-76.96568,38.86575],[-76.96558,38.86575],[-76.96541,38.86572],[-76.96523,38.8657],[-76.96506,38.86569],[-76.96488,38.86569],[-76.96479,38.86569],[-76.95992,38.86568],[-76.96005,38.86639],[-76.96048,38.86868]]],[[[-76.94918,38.90809],[-76.94935,38.90824],[-76.94961,38.90838],[-76.94991,38.90851],[-76.95014,38.90856],[-76.95038,38.9086],[-76.95071,38.90862],[-76.95108,38.90859],[-76.95163,38.90842],[-76.95195,38.90827],[-76.95227,38.90808],[-76.95254,38.90785],[-76.95268,38.90771],[-76.95278,38.9076],[-76.95288,38.90745],[-76.95299,38.90726],[-76.9531,38.90705],[-76.95318,38.90678],[-76.95322,38.90639],[-76.95315,38.90602],[-76.95312,38.90591],[-76.95309,38.90583],[-76.95309,38.90611],[-76.95307,38.90633],[-76.95303,38.90653],[-76.95294,38.90674],[-76.9528,38.90694],[-76.95258,38.90719],[-76.95235,38.90734],[-76.9522,38.90743],[-76.95213,38.90747],[-76.95188,38.90756],[-76.95155,38.90764],[-76.95138,38.90765],[-76.95106,38.90768],[-76.95084,38.90765],[-76.95056,38.9076],[-76.95019,38.90747],[-76.95005,38.9074],[-76.94989,38.9073],[-76.94964,38.90709],[-76.94943,38.90681],[-76.9493,38.90655],[-76.94928,38.90635],[-76.94918,38.90606],[-76.94909,38.90589],[-76.94885,38.90555],[-76.94859,38.90533],[-76.94799,38.90482],[-76.94719,38.90414],[-76.9464,38.90347],[-76.94629,38.90325],[-76.94623,38.90312],[-76.94621,38.903],[-76.94617,38.90282],[-76.94609,38.90267],[-76.94598,38.90251],[-76.94585,38.90236],[-76.94566,38.9022],[-76.94557,38.90212],[-76.94529,38.90188],[-76.94504,38.90168],[-76.94484,38.90217],[-76.94475,38.90247],[-76.9447,38.90274],[-76.94459,38.90321],[-76.94459,38.90367],[-76.94521,38.90367],[-76.94548,38.90393],[-76.94583,38.90432],[-76.94647,38.9051],[-76.94642,38.90532],[-76.94647,38.90543],[-76.94648,38.90584],[-76.94646,38.9067],[-76.94668,38.90671],[-76.94715,38.90676],[-76.94762,38.90688],[-76.94811,38.90711],[-76.94838,38.90729],[-76.94862,38.90748],[-76.94918,38.90809]]],[[[-76.9538,38.92583],[-76.9542,38.92626],[-76.95465,38.92666],[-76.95492,38.92704],[-76.95533,38.92733],[-76.95566,38.92787],[-76.95611,38.9282],[-76.95682,38.92826],[-76.95766,38.9281],[-76.95837,38.92794],[-76.95855,38.92769],[-76.95889,38.92709],[-76.95916,38.92661],[-76.95918,38.92661],[-76.95941,38.92607],[-76.95963,38.92522],[-76.95961,38.92489],[-76.95943,38.92455],[-76.95911,38.92415],[-76.95769,38.92455],[-76.95717,38.92543],[-76.9553,38.92481],[-76.95438,38.9249],[-76.95384,38.92521],[-76.9538,38.92583]]],[[[-76.94855,38.87258],[-76.94853,38.87224],[-76.94877,38.87229],[-76.94881,38.87208],[-76.94886,38.87184],[-76.94892,38.87164],[-76.94883,38.87161],[-76.94895,38.87136],[-76.94894,38.87135],[-76.94901,38.87115],[-76.949,38.87111],[-76.94904,38.87106],[-76.94908,38.87101],[-76.94918,38.87091],[-76.94927,38.87082],[-76.94938,38.87073],[-76.94948,38.87065],[-76.94959,38.87057],[-76.9497,38.87049],[-76.94982,38.87043],[-76.94994,38.87037],[-76.95006,38.87031],[-76.95019,38.87026],[-76.95032,38.87022],[-76.95045,38.87018],[-76.95052,38.87016],[-76.95051,38.8701],[-76.9505,38.87004],[-76.95049,38.86998],[-76.9505,38.86992],[-76.95051,38.86985],[-76.95053,38.86977],[-76.95055,38.86971],[-76.95059,38.86964],[-76.95062,38.86958],[-76.95066,38.86952],[-76.95071,38.86946],[-76.95076,38.86941],[-76.95082,38.86936],[-76.95088,38.86932],[-76.95094,38.86928],[-76.95101,38.86925],[-76.95247,38.86859],[-76.95252,38.86856],[-76.95257,38.86853],[-76.95262,38.86849],[-76.95267,38.86845],[-76.95272,38.8684],[-76.95276,38.86835],[-76.95281,38.86828],[-76.95286,38.86821],[-76.9529,38.86813],[-76.95294,38.86805],[-76.95297,38.86796],[-76.95299,38.86788],[-76.95301,38.86779],[-76.95302,38.8677],[-76.95302,38.86761],[-76.95302,38.86758],[-76.953,38.86733],[-76.95297,38.86707],[-76.95297,38.867],[-76.95297,38.86694],[-76.95298,38.86687],[-76.95299,38.86681],[-76.95301,38.86674],[-76.95303,38.86668],[-76.95306,38.86662],[-76.9531,38.86656],[-76.95264,38.86638],[-76.95135,38.86585],[-76.95123,38.86593],[-76.95111,38.86602],[-76.951,38.86611],[-76.95089,38.8662],[-76.95079,38.8663],[-76.95069,38.86641],[-76.94961,38.8676],[-76.94905,38.86822],[-76.94899,38.86829],[-76.94896,38.86832],[-76.94899,38.86837],[-76.94902,38.86843],[-76.94904,38.86849],[-76.94907,38.86856],[-76.94909,38.86863],[-76.9491,38.86871],[-76.94911,38.86879],[-76.94911,38.86886],[-76.9491,38.86894],[-76.94909,38.86901],[-76.94907,38.86909],[-76.94905,38.86916],[-76.94902,38.86923],[-76.94898,38.8693],[-76.94898,38.86932],[-76.94895,38.86936],[-76.94891,38.86942],[-76.9489,38.86943],[-76.94887,38.86948],[-76.94878,38.86957],[-76.94867,38.86968],[-76.94857,38.86977],[-76.94841,38.8699],[-76.94825,38.87002],[-76.94814,38.8701],[-76.94793,38.87025],[-76.9478,38.87033],[-76.9476,38.87045],[-76.94749,38.8705],[-76.94738,38.87056],[-76.94727,38.87062],[-76.94718,38.87066],[-76.94708,38.8707],[-76.94698,38.87074],[-76.94689,38.87076],[-76.94703,38.87129],[-76.94762,38.87144],[-76.9474,38.87195],[-76.94734,38.87209],[-76.94855,38.87258]]],[[[-76.94517,38.88661],[-76.94515,38.88661],[-76.94506,38.88661],[-76.94497,38.88661],[-76.94489,38.88661],[-76.9448,38.88661],[-76.94471,38.88661],[-76.94435,38.88661],[-76.94429,38.88661],[-76.94385,38.88661],[-76.94363,38.88661],[-76.94341,38.88661],[-76.94231,38.88661],[-76.94153,38.88661],[-76.94153,38.88664],[-76.94151,38.88678],[-76.9415,38.88691],[-76.94147,38.88705],[-76.94144,38.88718],[-76.94141,38.88732],[-76.94137,38.88745],[-76.94132,38.88758],[-76.94127,38.88771],[-76.94121,38.88783],[-76.94115,38.88795],[-76.9409,38.8884],[-76.94058,38.88898],[-76.94048,38.88914],[-76.94045,38.88921],[-76.94042,38.88928],[-76.94039,38.88935],[-76.94037,38.88942],[-76.94035,38.8895],[-76.94033,38.88958],[-76.94294,38.88958],[-76.94299,38.88957],[-76.94659,38.88958],[-76.94689,38.88958],[-76.94689,38.8893],[-76.94716,38.8893],[-76.94697,38.88917],[-76.94656,38.88887],[-76.94655,38.88848],[-76.94654,38.88839],[-76.94655,38.88815],[-76.94664,38.88813],[-76.9471,38.88795],[-76.94673,38.88782],[-76.94605,38.88758],[-76.9458,38.88749],[-76.94573,38.88733],[-76.94566,38.88708],[-76.94566,38.88698],[-76.94565,38.88665],[-76.94565,38.88661],[-76.94517,38.88661]]],[[[-77.05008,38.96508],[-77.05058,38.96529],[-77.05092,38.96535],[-77.05162,38.96531],[-77.0522,38.96501],[-77.05241,38.96503],[-77.05362,38.96466],[-77.05287,38.96357],[-77.05249,38.96198],[-77.05133,38.96219],[-77.05034,38.96205],[-77.049,38.96126],[-77.04758,38.96099],[-77.04616,38.96113],[-77.0469,38.96189],[-77.04787,38.96282],[-77.04883,38.96391],[-77.05008,38.96508]]],[[[-76.94276,38.89686],[-76.94276,38.89825],[-76.9432,38.89825],[-76.9432,38.89794],[-76.94492,38.89794],[-76.94492,38.89701],[-76.94562,38.89701],[-76.94667,38.89672],[-76.94671,38.89669],[-76.94682,38.89659],[-76.94693,38.89648],[-76.94704,38.89638],[-76.94716,38.89627],[-76.94727,38.89617],[-76.94738,38.89606],[-76.9475,38.89595],[-76.94761,38.89585],[-76.94772,38.89574],[-76.94784,38.89564],[-76.94795,38.89553],[-76.94806,38.89543],[-76.94824,38.89527],[-76.94823,38.89525],[-76.94794,38.89513],[-76.94789,38.8951],[-76.94774,38.89504],[-76.94755,38.89496],[-76.9475,38.89494],[-76.94717,38.8948],[-76.94709,38.89476],[-76.94573,38.89419],[-76.94593,38.8939],[-76.94588,38.89387],[-76.94569,38.89384],[-76.94562,38.89382],[-76.9455,38.8938],[-76.94527,38.89375],[-76.94516,38.89373],[-76.94494,38.89368],[-76.94488,38.89367],[-76.94482,38.89366],[-76.94477,38.89365],[-76.9446,38.89361],[-76.94426,38.89355],[-76.94392,38.89348],[-76.94377,38.89345],[-76.94358,38.89341],[-76.94347,38.89338],[-76.94344,38.89338],[-76.94339,38.89337],[-76.9433,38.89334],[-76.94322,38.89331],[-76.94315,38.89329],[-76.94276,38.89316],[-76.94276,38.89686]]],[[[-77.00495,38.94596],[-77.00485,38.94594],[-77.00475,38.94593],[-77.00466,38.94592],[-77.00456,38.94592],[-77.00446,38.94593],[-77.00349,38.94631],[-77.00339,38.94642],[-77.00331,38.94653],[-77.00322,38.94665],[-77.00315,38.94677],[-77.00308,38.94689],[-77.00301,38.94702],[-77.00295,38.94715],[-77.0029,38.94728],[-77.00272,38.9477],[-77.0027,38.94775],[-77.0027,38.948],[-77.00269,38.94805],[-77.00296,38.94857],[-77.00374,38.94957],[-77.00376,38.94991],[-77.00386,38.95113],[-77.00395,38.95119],[-77.00405,38.95125],[-77.00416,38.9513],[-77.00436,38.9514],[-77.00457,38.9515],[-77.00478,38.95159],[-77.005,38.95168],[-77.00521,38.95177],[-77.00543,38.95185],[-77.00565,38.95192],[-77.00588,38.95199],[-77.00588,38.95201],[-77.00612,38.95208],[-77.00636,38.95213],[-77.0066,38.95218],[-77.00684,38.95222],[-77.00705,38.95226],[-77.00725,38.95229],[-77.00746,38.95231],[-77.00767,38.95233],[-77.00768,38.95181],[-77.00767,38.95174],[-77.00767,38.95166],[-77.00765,38.95159],[-77.00763,38.95152],[-77.0076,38.95145],[-77.00757,38.95138],[-77.00753,38.95132],[-77.00748,38.95126],[-77.00648,38.94986],[-77.00643,38.94979],[-77.00639,38.94972],[-77.00635,38.94965],[-77.00632,38.94957],[-77.00629,38.94949],[-77.00627,38.94937],[-77.00623,38.94913],[-77.00599,38.94776],[-77.0059,38.94715],[-77.00581,38.94686],[-77.00572,38.9467],[-77.00569,38.94663],[-77.00565,38.94657],[-77.00561,38.94651],[-77.00556,38.94645],[-77.00551,38.9464],[-77.00546,38.94635],[-77.0054,38.9463],[-77.00495,38.94596]]],[[[-77.07283,38.95465],[-77.0735,38.95465],[-77.07361,38.95465],[-77.07371,38.95465],[-77.07392,38.95465],[-77.07413,38.95465],[-77.07434,38.95465],[-77.07455,38.95465],[-77.07477,38.95465],[-77.07512,38.95465],[-77.07512,38.95456],[-77.07512,38.95398],[-77.07507,38.95398],[-77.07474,38.95398],[-77.07453,38.95399],[-77.0738,38.95401],[-77.07391,38.95372],[-77.07391,38.95361],[-77.07391,38.95358],[-77.07395,38.95349],[-77.07425,38.95273],[-77.07428,38.95267],[-77.07428,38.95266],[-77.0743,38.9526],[-77.07431,38.9526],[-77.07433,38.95254],[-77.07433,38.95253],[-77.07435,38.9525],[-77.07463,38.9525],[-77.07466,38.9525],[-77.07473,38.9525],[-77.07476,38.9525],[-77.07484,38.9525],[-77.07487,38.9525],[-77.07495,38.9525],[-77.07498,38.9525],[-77.07502,38.9525],[-77.07507,38.9525],[-77.0751,38.9525],[-77.07516,38.9525],[-77.07519,38.9525],[-77.07525,38.9525],[-77.07528,38.9525],[-77.07534,38.9525],[-77.07537,38.9525],[-77.07542,38.9525],[-77.07546,38.9525],[-77.07551,38.9525],[-77.07554,38.9525],[-77.0756,38.9525],[-77.07563,38.9525],[-77.07569,38.9525],[-77.07572,38.9525],[-77.0758,38.9525],[-77.07583,38.9525],[-77.07589,38.9525],[-77.07592,38.9525],[-77.07598,38.9525],[-77.07601,38.9525],[-77.07607,38.9525],[-77.0761,38.9525],[-77.07616,38.9525],[-77.07619,38.9525],[-77.07624,38.9525],[-77.07627,38.9525],[-77.07633,38.9525],[-77.07636,38.9525],[-77.07638,38.9525],[-77.07638,38.95271],[-77.07638,38.95278],[-77.07636,38.95278],[-77.07627,38.95278],[-77.07626,38.95278],[-77.07626,38.95279],[-77.07626,38.95286],[-77.07626,38.95301],[-77.07626,38.95303],[-77.07626,38.95307],[-77.07626,38.95308],[-77.07626,38.9531],[-77.07626,38.95313],[-77.07626,38.95315],[-77.07626,38.95319],[-77.07626,38.9532],[-77.07626,38.95324],[-77.07626,38.95326],[-77.07626,38.9533],[-77.07626,38.95331],[-77.07626,38.95335],[-77.07626,38.95336],[-77.07626,38.9534],[-77.07626,38.95342],[-77.07626,38.95346],[-77.07626,38.95347],[-77.07626,38.95351],[-77.07626,38.95353],[-77.07626,38.95357],[-77.07626,38.95358],[-77.07626,38.95362],[-77.07626,38.95364],[-77.07626,38.95368],[-77.07626,38.95369],[-77.07626,38.9537],[-77.07626,38.95374],[-77.07626,38.95377],[-77.07626,38.95392],[-77.07626,38.95399],[-77.07626,38.95401],[-77.07626,38.95408],[-77.07626,38.95429],[-77.07626,38.95432],[-77.07626,38.95435],[-77.07626,38.95439],[-77.07626,38.95449],[-77.07626,38.95455],[-77.07626,38.95456],[-77.07626,38.95465],[-77.07921,38.95465],[-77.07921,38.95456],[-77.07927,38.95433],[-77.07927,38.9543],[-77.07932,38.95408],[-77.07934,38.95399],[-77.0794,38.95374],[-77.0794,38.95371],[-77.07946,38.95347],[-77.07946,38.95338],[-77.07948,38.95331],[-77.07953,38.95313],[-77.07953,38.9531],[-77.07954,38.9531],[-77.0796,38.95285],[-77.07962,38.95277],[-77.0797,38.9525],[-77.07971,38.95247],[-77.07979,38.95219],[-77.07983,38.95204],[-77.07984,38.95202],[-77.08028,38.95202],[-77.08028,38.95078],[-77.08013,38.95078],[-77.08,38.95078],[-77.07991,38.95079],[-77.07982,38.95079],[-77.07974,38.95079],[-77.07965,38.95079],[-77.07956,38.95079],[-77.07947,38.95079],[-77.07937,38.95079],[-77.07926,38.95079],[-77.0791,38.95079],[-77.07898,38.95079],[-77.0789,38.95079],[-77.07881,38.95079],[-77.07872,38.95079],[-77.07863,38.95079],[-77.07854,38.95079],[-77.07846,38.95079],[-77.07837,38.95079],[-77.07828,38.95079],[-77.07824,38.95079],[-77.07815,38.95079],[-77.07807,38.95079],[-77.07798,38.95079],[-77.07789,38.95079],[-77.0778,38.95079],[-77.07771,38.95079],[-77.07763,38.95079],[-77.07754,38.95079],[-77.07742,38.95079],[-77.07726,38.95079],[-77.07711,38.95079],[-77.07695,38.95079],[-77.07679,38.95079],[-77.07663,38.95079],[-77.07659,38.95079],[-77.07651,38.95079],[-77.07642,38.95079],[-77.07633,38.95079],[-77.07624,38.95079],[-77.07615,38.95079],[-77.07607,38.95079],[-77.07598,38.95079],[-77.07589,38.95079],[-77.0758,38.95079],[-77.07569,38.95079],[-77.0756,38.95079],[-77.07551,38.95079],[-77.07542,38.95079],[-77.07533,38.95079],[-77.07525,38.95079],[-77.07516,38.95079],[-77.0751,38.95079],[-77.07505,38.95079],[-77.07357,38.95252],[-77.07369,38.95254],[-77.07364,38.95268],[-77.07359,38.9528],[-77.07357,38.95287],[-77.07354,38.95293],[-77.07355,38.95293],[-77.07352,38.953],[-77.07355,38.95301],[-77.0735,38.95312],[-77.07346,38.95311],[-77.07342,38.95322],[-77.0734,38.95327],[-77.07339,38.95332],[-77.07337,38.95337],[-77.07335,38.95342],[-77.07334,38.95345],[-77.07333,38.95345],[-77.07332,38.95347],[-77.07291,38.95337],[-77.07285,38.95336],[-77.07239,38.9539],[-77.07283,38.95465]]],[[[-77.09121,38.93198],[-77.09121,38.93205],[-77.09121,38.93212],[-77.09121,38.93219],[-77.09121,38.93226],[-77.09121,38.93233],[-77.09121,38.93257],[-77.09121,38.93264],[-77.09121,38.93271],[-77.09121,38.93278],[-77.09121,38.93285],[-77.09121,38.93292],[-77.09121,38.93298],[-77.09121,38.933],[-77.09127,38.93298],[-77.09132,38.93297],[-77.09153,38.93292],[-77.09174,38.93286],[-77.09183,38.93284],[-77.09192,38.93282],[-77.092,38.93279],[-77.09209,38.93277],[-77.09218,38.93275],[-77.09227,38.93272],[-77.09236,38.9327],[-77.09244,38.93268],[-77.09286,38.93257],[-77.09283,38.93252],[-77.09273,38.93232],[-77.09264,38.93215],[-77.09304,38.93196],[-77.0935,38.93175],[-77.09373,38.93165],[-77.09396,38.93155],[-77.09429,38.93139],[-77.09441,38.93134],[-77.09447,38.93129],[-77.09464,38.93114],[-77.09476,38.93104],[-77.09509,38.93076],[-77.09512,38.93073],[-77.09551,38.93101],[-77.09556,38.93096],[-77.09561,38.93092],[-77.09566,38.93087],[-77.09572,38.93084],[-77.09584,38.93077],[-77.09589,38.93075],[-77.09605,38.93063],[-77.09609,38.93059],[-77.09613,38.93055],[-77.09616,38.93052],[-77.0962,38.93047],[-77.09623,38.93042],[-77.09635,38.93006],[-77.09636,38.93001],[-77.09637,38.92997],[-77.09638,38.92993],[-77.09638,38.92988],[-77.09637,38.92984],[-77.09636,38.9298],[-77.09634,38.92973],[-77.09631,38.92968],[-77.09629,38.92964],[-77.09625,38.92959],[-77.09621,38.92955],[-77.09617,38.92952],[-77.09613,38.92949],[-77.09608,38.92946],[-77.09573,38.92927],[-77.09565,38.92919],[-77.09548,38.92796],[-77.09547,38.92792],[-77.09544,38.92773],[-77.09542,38.92741],[-77.0954,38.92709],[-77.09574,38.92659],[-77.09576,38.92657],[-77.09621,38.92614],[-77.09644,38.92585],[-77.09657,38.92557],[-77.09664,38.92543],[-77.09694,38.92495],[-77.09701,38.92482],[-77.09723,38.9244],[-77.09728,38.9243],[-77.09738,38.9242],[-77.09745,38.92411],[-77.09754,38.92396],[-77.0977,38.9237],[-77.09804,38.9233],[-77.09817,38.92314],[-77.09838,38.92284],[-77.0986,38.92252],[-77.09883,38.92223],[-77.09886,38.92219],[-77.09895,38.92219],[-77.09933,38.92218],[-77.09914,38.92199],[-77.099,38.92185],[-77.09894,38.922],[-77.09855,38.92165],[-77.09835,38.92147],[-77.09762,38.92148],[-77.09745,38.92148],[-77.09745,38.92161],[-77.09727,38.92176],[-77.09692,38.92179],[-77.09692,38.92188],[-77.0969,38.92198],[-77.09688,38.92207],[-77.09686,38.92216],[-77.09682,38.92225],[-77.09679,38.92233],[-77.09674,38.92242],[-77.09669,38.9225],[-77.09663,38.92257],[-77.09657,38.92264],[-77.0965,38.92271],[-77.09642,38.92277],[-77.09635,38.92282],[-77.09626,38.92287],[-77.09581,38.92316],[-77.09574,38.9232],[-77.09566,38.92325],[-77.09559,38.9233],[-77.09553,38.92335],[-77.09547,38.92341],[-77.09541,38.92348],[-77.09536,38.92355],[-77.09531,38.92362],[-77.09527,38.92369],[-77.09527,38.9237],[-77.09526,38.92371],[-77.09523,38.92378],[-77.09521,38.92385],[-77.09519,38.92393],[-77.09519,38.924],[-77.09518,38.92408],[-77.09519,38.92421],[-77.0952,38.92434],[-77.09521,38.92436],[-77.09521,38.92438],[-77.09522,38.92445],[-77.09522,38.92452],[-77.09521,38.92458],[-77.0952,38.92464],[-77.09519,38.9247],[-77.09516,38.92477],[-77.09514,38.92483],[-77.09511,38.92489],[-77.0947,38.9256],[-77.09466,38.92566],[-77.09463,38.92572],[-77.09461,38.92579],[-77.09458,38.92585],[-77.09452,38.92612],[-77.09449,38.92622],[-77.09446,38.92631],[-77.09442,38.92641],[-77.09438,38.9265],[-77.09433,38.92658],[-77.09427,38.92667],[-77.09406,38.92694],[-77.09399,38.92702],[-77.09394,38.9271],[-77.09389,38.92718],[-77.09384,38.92726],[-77.0938,38.92735],[-77.09377,38.92744],[-77.09374,38.92753],[-77.09372,38.92763],[-77.0937,38.92772],[-77.09369,38.92781],[-77.09368,38.92791],[-77.09369,38.92801],[-77.0937,38.92985],[-77.09193,38.93035],[-77.09198,38.93037],[-77.09203,38.9304],[-77.09207,38.93043],[-77.0921,38.93047],[-77.09213,38.9305],[-77.09215,38.93055],[-77.09216,38.93059],[-77.09217,38.93064],[-77.09217,38.93068],[-77.09216,38.93073],[-77.09215,38.93077],[-77.09205,38.93102],[-77.09195,38.93125],[-77.09183,38.9315],[-77.09183,38.93168],[-77.09183,38.93191],[-77.09174,38.93191],[-77.09132,38.93191],[-77.09121,38.93191],[-77.09121,38.93198]]],[[[-76.97485,38.86271],[-76.97489,38.86271],[-76.97493,38.86272],[-76.97496,38.86273],[-76.97501,38.86274],[-76.97502,38.86274],[-76.97533,38.86288],[-76.9757,38.86304],[-76.97685,38.8636],[-76.97701,38.86367],[-76.97717,38.86373],[-76.97733,38.86379],[-76.9775,38.86385],[-76.97766,38.86389],[-76.97784,38.86394],[-76.97801,38.86397],[-76.97819,38.864],[-76.97836,38.86402],[-76.97854,38.86404],[-76.97872,38.86405],[-76.9789,38.86405],[-76.97889,38.86292],[-76.97817,38.86243],[-76.97849,38.86214],[-76.97812,38.86189],[-76.97872,38.86135],[-76.97964,38.8619],[-76.97992,38.86165],[-76.98003,38.86155],[-76.98002,38.86154],[-76.98035,38.86125],[-76.98067,38.86096],[-76.98079,38.86086],[-76.9809,38.86077],[-76.98096,38.86071],[-76.9812,38.8605],[-76.98124,38.86046],[-76.98144,38.86029],[-76.98146,38.86026],[-76.98155,38.86018],[-76.98162,38.86024],[-76.98168,38.86029],[-76.98173,38.86035],[-76.98179,38.8604],[-76.98185,38.86045],[-76.98188,38.86048],[-76.98194,38.86054],[-76.982,38.8606],[-76.98208,38.86066],[-76.98216,38.86074],[-76.98222,38.8608],[-76.98258,38.86095],[-76.98284,38.86105],[-76.98289,38.8612],[-76.9829,38.86119],[-76.98354,38.86059],[-76.98355,38.86057],[-76.98355,38.86044],[-76.98355,38.86041],[-76.98355,38.86036],[-76.98355,38.86019],[-76.98355,38.86011],[-76.98355,38.86004],[-76.98355,38.85996],[-76.98355,38.85986],[-76.98355,38.85965],[-76.98355,38.85958],[-76.98355,38.85951],[-76.98233,38.85869],[-76.98086,38.85771],[-76.98067,38.85762],[-76.9802,38.8574],[-76.9799,38.8574],[-76.97956,38.8574],[-76.97913,38.8574],[-76.97892,38.8574],[-76.97887,38.8574],[-76.97841,38.8574],[-76.97793,38.8574],[-76.97788,38.8574],[-76.97706,38.8574],[-76.97693,38.85731],[-76.97647,38.85808],[-76.97619,38.85856],[-76.97597,38.85892],[-76.97582,38.85907],[-76.9758,38.85908],[-76.97547,38.85939],[-76.97545,38.85941],[-76.97408,38.85852],[-76.97331,38.85924],[-76.97343,38.85931],[-76.97342,38.85931],[-76.97351,38.85937],[-76.97353,38.85938],[-76.97354,38.85939],[-76.97361,38.85944],[-76.97363,38.85945],[-76.97365,38.85946],[-76.97369,38.85949],[-76.97377,38.85954],[-76.97383,38.85958],[-76.97388,38.85961],[-76.97389,38.85961],[-76.97396,38.85966],[-76.974,38.85969],[-76.97403,38.85971],[-76.97407,38.85974],[-76.97411,38.85976],[-76.97412,38.85977],[-76.97417,38.8598],[-76.97422,38.85983],[-76.97422,38.85984],[-76.97426,38.85986],[-76.97427,38.85986],[-76.97432,38.8599],[-76.97434,38.85991],[-76.97437,38.85993],[-76.97444,38.85997],[-76.97445,38.85999],[-76.97451,38.86002],[-76.97455,38.86005],[-76.9746,38.86008],[-76.97468,38.86013],[-76.97441,38.86038],[-76.97446,38.86042],[-76.97449,38.86047],[-76.97452,38.86052],[-76.97455,38.86057],[-76.97458,38.86062],[-76.97459,38.86065],[-76.97459,38.86066],[-76.9746,38.86071],[-76.97461,38.86077],[-76.97461,38.86079],[-76.97461,38.86084],[-76.9746,38.8609],[-76.97459,38.86096],[-76.97458,38.86101],[-76.97455,38.86106],[-76.97453,38.86111],[-76.9745,38.86116],[-76.97437,38.86133],[-76.97436,38.86135],[-76.97435,38.86136],[-76.97435,38.86137],[-76.97416,38.86162],[-76.97385,38.86206],[-76.97363,38.86236],[-76.97355,38.86247],[-76.97333,38.86277],[-76.97315,38.86302],[-76.97412,38.86344],[-76.9742,38.86334],[-76.97439,38.86306],[-76.97452,38.86288],[-76.97454,38.86285],[-76.97457,38.86282],[-76.97461,38.86278],[-76.97465,38.86276],[-76.97469,38.86274],[-76.97472,38.86273],[-76.97475,38.86272],[-76.9748,38.86271],[-76.97478,38.8627],[-76.9748,38.86271],[-76.97485,38.86271]]],[[[-76.94839,38.88288],[-76.94941,38.88303],[-76.95089,38.88324],[-76.95278,38.88352],[-76.95286,38.88354],[-76.95294,38.88356],[-76.95302,38.88356],[-76.9531,38.88357],[-76.95388,38.88357],[-76.95458,38.88357],[-76.95507,38.88357],[-76.95501,38.88303],[-76.95555,38.88277],[-76.95596,38.88252],[-76.95612,38.88244],[-76.95645,38.88224],[-76.95693,38.88221],[-76.95738,38.8824],[-76.95746,38.8823],[-76.95773,38.88245],[-76.95787,38.88232],[-76.9582,38.88242],[-76.95859,38.88188],[-76.95895,38.88187],[-76.96024,38.88187],[-76.96024,38.8824],[-76.96291,38.8824],[-76.96295,38.88231],[-76.96307,38.88203],[-76.96334,38.8819],[-76.96426,38.88066],[-76.96148,38.88065],[-76.95982,38.88065],[-76.95946,38.88066],[-76.96078,38.87879],[-76.96094,38.87858],[-76.96089,38.87854],[-76.96084,38.8785],[-76.9608,38.87845],[-76.96076,38.87841],[-76.96072,38.87835],[-76.96071,38.87832],[-76.96069,38.87829],[-76.96067,38.87824],[-76.96066,38.87819],[-76.96065,38.87813],[-76.96065,38.87808],[-76.96065,38.87803],[-76.96066,38.87797],[-76.96068,38.87792],[-76.94347,38.87093],[-76.94102,38.87142],[-76.93998,38.87163],[-76.93986,38.87165],[-76.93974,38.87169],[-76.93962,38.87172],[-76.9395,38.87177],[-76.93938,38.87181],[-76.93926,38.87186],[-76.93915,38.87192],[-76.93901,38.872],[-76.93887,38.87208],[-76.93873,38.87217],[-76.9386,38.87227],[-76.93847,38.87236],[-76.93833,38.87248],[-76.93904,38.87489],[-76.93923,38.87499],[-76.9399,38.87534],[-76.94126,38.87619],[-76.94173,38.87644],[-76.94231,38.87663],[-76.94359,38.87719],[-76.94378,38.87735],[-76.94396,38.87752],[-76.94474,38.87828],[-76.94487,38.87842],[-76.94519,38.87879],[-76.94525,38.87889],[-76.94547,38.87931],[-76.94658,38.88211],[-76.94693,38.88266],[-76.94699,38.88277],[-76.94769,38.88277],[-76.94839,38.88288]]]]},"properties":{"name":"Fort Circle Parks Historic District","label":"Fort Circle Parks","designation":"DC/NR","date":null,"nr":"Y"}},{"type":"Feature","geometry":{"type":"Polygon","coordinates":[[[-77.0016,38.89956],[-77.00204,38.89956],[-77.00204,38.89993],[-77.00273,38.89993],[-77.00273,38.89892],[-77.00351,38.89892],[-77.00351,38.89734],[-77.00344,38.89734],[-77.00346,38.89734],[-77.00351,38.89734],[-77.00351,38.89724],[-77.00351,38.89621],[-77.00351,38.89613],[-77.00351,38.89603],[-77.00351,38.89565],[-77.00351,38.8954],[-77.00351,38.89535],[-77.00351,38.89534],[-77.00351,38.89521],[-77.00351,38.89509],[-77.00351,38.89488],[-77.00351,38.8948],[-77.00351,38.89471],[-77.00351,38.8947],[-77.00352,38.89384],[-77.00352,38.89369],[-77.00352,38.89365],[-77.00352,38.89359],[-77.00352,38.89353],[-77.00352,38.89348],[-77.00352,38.89251],[-77.00406,38.89251],[-77.00406,38.89202],[-77.00416,38.89202],[-77.00422,38.89202],[-77.00436,38.89202],[-77.00443,38.89202],[-77.00458,38.89202],[-77.00467,38.89202],[-77.00475,38.89202],[-77.00573,38.89202],[-77.00576,38.89202],[-77.00591,38.89202],[-77.00593,38.89184],[-77.00593,38.89141],[-77.00593,38.89125],[-77.00593,38.89114],[-77.00593,38.89104],[-77.00593,38.89098],[-77.00553,38.89114],[-77.00527,38.89125],[-77.00489,38.8914],[-77.00477,38.89143],[-77.00458,38.89149],[-77.00438,38.89157],[-77.00426,38.89162],[-77.00382,38.8918],[-77.00361,38.89192],[-77.00352,38.89202],[-77.00352,38.89191],[-77.00352,38.89179],[-77.00352,38.89103],[-77.00352,38.89095],[-77.00352,38.89086],[-77.00352,38.88992],[-77.00352,38.88982],[-77.00352,38.88971],[-77.00352,38.88921],[-77.00352,38.88914],[-77.00346,38.88914],[-77.00312,38.88914],[-77.00245,38.88914],[-77.00231,38.88914],[-77.0021,38.88914],[-77.00204,38.88914],[-77.00204,38.88877],[-77.00204,38.88868],[-77.00204,38.8886],[-77.00204,38.88841],[-77.00204,38.88769],[-77.00204,38.88761],[-77.00217,38.88761],[-77.00231,38.88761],[-77.00234,38.88761],[-77.00261,38.88761],[-77.00277,38.8876],[-77.00285,38.8876],[-77.00352,38.88761],[-77.00352,38.88756],[-77.00352,38.88739],[-77.00352,38.88645],[-77.00352,38.88636],[-77.00352,38.88613],[-77.00351,38.88605],[-77.00365,38.88605],[-77.00375,38.88605],[-77.00399,38.88605],[-77.00423,38.88605],[-77.00447,38.88604],[-77.0047,38.88604],[-77.00494,38.88605],[-77.00518,38.88605],[-77.00542,38.88605],[-77.00566,38.88605],[-77.00589,38.88605],[-77.00589,38.88507],[-77.0059,38.88507],[-77.00602,38.88507],[-77.00613,38.88507],[-77.00708,38.88508],[-77.0071,38.88508],[-77.00726,38.88508],[-77.00742,38.88508],[-77.00757,38.88508],[-77.00894,38.88507],[-77.00906,38.88507],[-77.00907,38.88498],[-77.00906,38.88498],[-77.00907,38.88422],[-77.00907,38.88413],[-77.00907,38.88402],[-77.00907,38.88398],[-77.00904,38.88384],[-77.0089,38.88373],[-77.00884,38.88369],[-77.00882,38.88368],[-77.00877,38.88363],[-77.00871,38.88359],[-77.00835,38.88333],[-77.00832,38.88331],[-77.00829,38.8833],[-77.00827,38.88329],[-77.00824,38.88328],[-77.00822,38.88327],[-77.00819,38.88326],[-77.00816,38.88325],[-77.00813,38.88325],[-77.00812,38.88324],[-77.0081,38.88324],[-77.00808,38.88324],[-77.00743,38.88324],[-77.00693,38.88324],[-77.0066,38.88324],[-77.00656,38.88315],[-77.00651,38.88301],[-77.00632,38.88247],[-77.00605,38.88171],[-77.00602,38.88163],[-77.00595,38.88144],[-77.00492,38.88115],[-77.00488,38.88115],[-77.00484,38.88115],[-77.00479,38.88116],[-77.00476,38.88116],[-77.00474,38.88116],[-77.00471,38.88116],[-77.00469,38.88116],[-77.00463,38.88116],[-77.00458,38.88116],[-77.00452,38.88116],[-77.00446,38.88116],[-77.00441,38.88116],[-77.0043,38.88116],[-77.00424,38.88116],[-77.00418,38.88116],[-77.00406,38.88115],[-77.00404,38.88115],[-77.00401,38.88115],[-77.00397,38.88115],[-77.00392,38.88114],[-77.00388,38.88114],[-77.00383,38.88114],[-77.00378,38.88114],[-77.00374,38.88114],[-77.0037,38.88113],[-77.00365,38.88113],[-77.00361,38.88113],[-77.00358,38.88113],[-77.00355,38.88112],[-77.00352,38.88112],[-77.0035,38.88112],[-77.00347,38.88112],[-77.00344,38.88111],[-77.00341,38.88111],[-77.00338,38.88111],[-77.00336,38.88111],[-77.00333,38.8811],[-77.0033,38.8811],[-77.00326,38.8811],[-77.00323,38.88109],[-77.0032,38.88109],[-77.00317,38.88108],[-77.00314,38.88108],[-77.00311,38.88108],[-77.00308,38.88107],[-77.00304,38.88107],[-77.00301,38.88106],[-77.00298,38.88105],[-77.00294,38.88105],[-77.0029,38.88104],[-77.00287,38.88103],[-77.00283,38.88103],[-77.0028,38.88102],[-77.00276,38.88101],[-77.00272,38.88101],[-77.00269,38.881],[-77.00265,38.88099],[-77.00263,38.88099],[-77.00261,38.88098],[-77.00259,38.88098],[-77.00257,38.88097],[-77.00255,38.88097],[-77.00253,38.88096],[-77.00251,38.88096],[-77.00249,38.88095],[-77.00247,38.88095],[-77.00245,38.88094],[-77.00214,38.88085],[-77.00203,38.88081],[-77.00192,38.88078],[-77.00111,38.88052],[-77.00068,38.88037],[-77.00065,38.88037],[-77.0005,38.88032],[-77.00047,38.88031],[-77.00044,38.8803],[-77.0004,38.88029],[-77.00036,38.88028],[-77.00005,38.88019],[-76.99959,38.88007],[-76.99926,38.87997],[-76.99925,38.87997],[-76.99916,38.87995],[-76.99879,38.87984],[-76.99875,38.87983],[-76.9987,38.87982],[-76.99868,38.87981],[-76.99865,38.8798],[-76.99856,38.87978],[-76.99849,38.87976],[-76.99842,38.87974],[-76.99834,38.87972],[-76.99811,38.87965],[-76.99809,38.87965],[-76.99802,38.87963],[-76.99796,38.87961],[-76.99789,38.87959],[-76.99776,38.87956],[-76.99769,38.87954],[-76.99763,38.87952],[-76.99756,38.87951],[-76.99749,38.87949],[-76.99743,38.87947],[-76.99736,38.87946],[-76.9973,38.87944],[-76.99723,38.87943],[-76.99717,38.87941],[-76.9971,38.87939],[-76.99703,38.87938],[-76.99697,38.87936],[-76.9969,38.87935],[-76.99684,38.87934],[-76.99677,38.87932],[-76.99671,38.87931],[-76.99665,38.8793],[-76.9966,38.87928],[-76.99654,38.87927],[-76.99648,38.87926],[-76.99642,38.87925],[-76.99639,38.87924],[-76.99637,38.87924],[-76.99636,38.87924],[-76.9963,38.87923],[-76.99628,38.87922],[-76.99624,38.87922],[-76.99621,38.87921],[-76.99618,38.8792],[-76.99618,38.87914],[-76.99619,38.87649],[-76.99497,38.87648],[-76.99377,38.87648],[-76.99267,38.87648],[-76.99265,38.87724],[-76.99154,38.87723],[-76.99154,38.87805],[-76.9914,38.87802],[-76.99136,38.87801],[-76.99118,38.87796],[-76.99089,38.87789],[-76.99084,38.87788],[-76.99079,38.87786],[-76.99074,38.87785],[-76.99069,38.87784],[-76.99063,38.87783],[-76.99058,38.87782],[-76.99053,38.8778],[-76.99048,38.87779],[-76.99042,38.87778],[-76.99037,38.87777],[-76.99031,38.87776],[-76.99025,38.87775],[-76.99019,38.87774],[-76.99017,38.87773],[-76.99013,38.87773],[-76.99007,38.87772],[-76.99001,38.87771],[-76.98995,38.8777],[-76.98988,38.87769],[-76.98982,38.87768],[-76.98976,38.87767],[-76.98969,38.87766],[-76.98962,38.87765],[-76.98955,38.87764],[-76.98948,38.87763],[-76.98941,38.87762],[-76.98934,38.87761],[-76.98927,38.8776],[-76.98919,38.87759],[-76.98912,38.87759],[-76.98905,38.87758],[-76.98898,38.87757],[-76.98891,38.87757],[-76.98884,38.87756],[-76.98877,38.87756],[-76.9887,38.87755],[-76.98862,38.87754],[-76.98855,38.87754],[-76.98848,38.87753],[-76.98842,38.87753],[-76.98841,38.87753],[-76.98834,38.87753],[-76.98832,38.87752],[-76.98832,38.8777],[-76.98832,38.87811],[-76.98831,38.87833],[-76.98831,38.87841],[-76.98831,38.87848],[-76.98831,38.87866],[-76.98831,38.87908],[-76.98831,38.87909],[-76.98831,38.8792],[-76.98831,38.87924],[-76.98831,38.87928],[-76.98831,38.87936],[-76.98831,38.87942],[-76.98831,38.87982],[-76.98831,38.88027],[-76.98831,38.88074],[-76.98831,38.88118],[-76.98831,38.88119],[-76.98831,38.88127],[-76.98831,38.88135],[-76.98831,38.8816],[-76.98831,38.88173],[-76.98831,38.88275],[-76.98831,38.88285],[-76.98831,38.88293],[-76.98831,38.88295],[-76.98831,38.88402],[-76.98831,38.88403],[-76.98831,38.88411],[-76.98831,38.8842],[-76.98832,38.88528],[-76.98832,38.88536],[-76.98832,38.88544],[-76.98832,38.88585],[-76.98832,38.88596],[-76.98819,38.88599],[-76.98743,38.88619],[-76.98739,38.8862],[-76.98727,38.88623],[-76.98715,38.88627],[-76.98699,38.88631],[-76.98648,38.88645],[-76.98633,38.88649],[-76.98567,38.88666],[-76.98561,38.88668],[-76.98551,38.88671],[-76.98551,38.8868],[-76.98551,38.88752],[-76.98551,38.88755],[-76.98551,38.8876],[-76.98551,38.88768],[-76.98551,38.88778],[-76.98551,38.88784],[-76.98551,38.88793],[-76.98551,38.88802],[-76.98551,38.88811],[-76.98551,38.88813],[-76.98551,38.8886],[-76.98551,38.88863],[-76.98551,38.88868],[-76.98551,38.88876],[-76.98551,38.88929],[-76.98551,38.8897],[-76.98551,38.88973],[-76.98551,38.88981],[-76.9855,38.88993],[-76.9855,38.88995],[-76.98551,38.89058],[-76.98551,38.89086],[-76.98551,38.89094],[-76.98551,38.89147],[-76.98551,38.89153],[-76.98551,38.89162],[-76.98551,38.8917],[-76.98551,38.89178],[-76.98551,38.89182],[-76.98551,38.89198],[-76.98551,38.89202],[-76.98559,38.89202],[-76.98564,38.89202],[-76.9857,38.89202],[-76.98576,38.89202],[-76.98582,38.89202],[-76.98588,38.89202],[-76.98591,38.89202],[-76.98594,38.89202],[-76.98629,38.89201],[-76.98635,38.89202],[-76.98647,38.89202],[-76.98659,38.89202],[-76.98679,38.89202],[-76.9875,38.89202],[-76.98813,38.89202],[-76.98826,38.89202],[-76.98839,38.89202],[-76.98847,38.89202],[-76.9886,38.89202],[-76.98908,38.89202],[-76.98916,38.89202],[-76.98926,38.89202],[-76.98926,38.89211],[-76.98926,38.89257],[-76.98926,38.89327],[-76.98926,38.8935],[-76.98926,38.89358],[-76.98937,38.89358],[-76.98949,38.89358],[-76.99012,38.89358],[-76.99024,38.89358],[-76.99024,38.89373],[-76.99025,38.89454],[-76.99025,38.8947],[-76.99025,38.89479],[-76.99025,38.89489],[-76.99025,38.89508],[-76.99025,38.89537],[-76.99025,38.89544],[-76.99025,38.89551],[-76.99025,38.89566],[-76.99025,38.89604],[-76.99025,38.89612],[-76.99036,38.89612],[-76.991,38.89612],[-76.99143,38.89613],[-76.99153,38.89613],[-76.99153,38.8962],[-76.99153,38.89667],[-76.99153,38.89668],[-76.99153,38.89678],[-76.99153,38.89689],[-76.99153,38.89698],[-76.99153,38.89699],[-76.99153,38.89726],[-76.99153,38.89734],[-76.99163,38.89734],[-76.99165,38.89734],[-76.99253,38.89734],[-76.99255,38.89734],[-76.99265,38.89734],[-76.99275,38.89734],[-76.99309,38.89734],[-76.99366,38.89734],[-76.99376,38.89734],[-76.99387,38.89734],[-76.99428,38.89734],[-76.99435,38.89734],[-76.99442,38.89734],[-76.99461,38.89734],[-76.99484,38.89734],[-76.99497,38.89734],[-76.9951,38.89734],[-76.99521,38.89734],[-76.99531,38.89734],[-76.99542,38.89734],[-76.99553,38.89734],[-76.99564,38.89734],[-76.99575,38.89734],[-76.99586,38.89734],[-76.99596,38.89734],[-76.99607,38.89734],[-76.99612,38.89734],[-76.99617,38.89734],[-76.99623,38.89734],[-76.99627,38.89734],[-76.99686,38.89734],[-76.99761,38.89734],[-76.99834,38.89734],[-76.99837,38.89734],[-76.99845,38.89734],[-76.99856,38.89734],[-76.99889,38.89734],[-76.9994,38.89734],[-76.99951,38.89734],[-76.99962,38.89734],[-76.99968,38.89734],[-77.00047,38.89734],[-77.00057,38.89734],[-77.00058,38.89734],[-77.00058,38.89985],[-77.00103,38.89985],[-77.00103,38.89927],[-77.0016,38.89927],[-77.0016,38.89956]]]},"properties":{"name":"Capitol Hill Historic District","label":"Capitol Hill HD","designation":"DC/NR","date":null,"nr":"Y"}},{"type":"Feature","geometry":{"type":"Polygon","coordinates":[[[-76.98815,38.89685],[-76.98815,38.89681],[-76.98815,38.89664],[-76.98815,38.8966],[-76.98795,38.8966],[-76.98795,38.89646],[-76.98593,38.89646],[-76.98593,38.8966],[-76.98568,38.8966],[-76.98568,38.89664],[-76.98568,38.89681],[-76.98568,38.89685],[-76.98593,38.89685],[-76.98593,38.89698],[-76.9879,38.89698],[-76.9879,38.89685],[-76.98815,38.89685]]]},"properties":{"name":"Emerald Street Historic District","label":"Emerald St HD","designation":"DC","date":"2017-05-25","nr":null}},{"type":"Feature","geometry":{"type":"Polygon","coordinates":[[[-76.99809,38.90662],[-76.99786,38.90696],[-76.99893,38.90742],[-76.99733,38.90973],[-76.99749,38.9098],[-76.99787,38.90996],[-76.9983,38.90934],[-76.99838,38.90938],[-76.99866,38.9095],[-76.99881,38.90956],[-76.99975,38.90821],[-76.99988,38.90826],[-77.00027,38.90843],[-77.0003,38.90838],[-77.00035,38.90831],[-77.00042,38.90821],[-77.00052,38.90807],[-76.99999,38.90786],[-77.00022,38.90751],[-76.99809,38.90662]]]},"properties":{"name":"Union Market Historic District","label":"Union Market","designation":"DC","date":"2016-11-03","nr":null}},{"type":"Feature","geometry":{"type":"Polygon","coordinates":[[[-77.05032,38.89331],[-77.05032,38.8937],[-77.05032,38.89377],[-77.05032,38.89456],[-77.05032,38.89469],[-77.05032,38.89473],[-77.05032,38.89478],[-77.05032,38.89486],[-77.05032,38.89494],[-77.05032,38.89503],[-77.05032,38.89518],[-77.05032,38.89533],[-77.05032,38.89556],[-77.05032,38.89566],[-77.05032,38.89575],[-77.05079,38.89574],[-77.05156,38.89574],[-77.0517,38.89574],[-77.05184,38.89573],[-77.05198,38.89572],[-77.05212,38.8957],[-77.05226,38.89567],[-77.05239,38.89565],[-77.05249,38.89562],[-77.05259,38.89559],[-77.05269,38.89555],[-77.05278,38.89551],[-77.05288,38.89547],[-77.05297,38.89542],[-77.05302,38.89539],[-77.05307,38.89535],[-77.05312,38.89531],[-77.05316,38.89526],[-77.0532,38.89521],[-77.05323,38.89515],[-77.05325,38.8951],[-77.05327,38.89504],[-77.05328,38.89497],[-77.05328,38.89491],[-77.05328,38.89483],[-77.05327,38.89474],[-77.05325,38.89466],[-77.05323,38.89458],[-77.05321,38.8945],[-77.05318,38.89442],[-77.05314,38.89434],[-77.05309,38.89423],[-77.05306,38.89419],[-77.05303,38.89415],[-77.05299,38.89412],[-77.05301,38.89411],[-77.05291,38.89408],[-77.05282,38.89405],[-77.05273,38.89401],[-77.05265,38.89397],[-77.05257,38.89392],[-77.05249,38.89386],[-77.05241,38.8938],[-77.05234,38.89385],[-77.05207,38.89359],[-77.05152,38.8936],[-77.05121,38.89331],[-77.05032,38.89331]]]},"properties":{"name":"Observatory Hill Historic District","label":"Observatory Hill","designation":"DC","date":"2016-10-27","nr":"Y"}},{"type":"Feature","geometry":{"type":"Polygon","coordinates":[[[-77.08297,38.94111],[-77.08318,38.94111],[-77.08323,38.94106],[-77.08562,38.93823],[-77.08553,38.93815],[-77.08547,38.93806],[-77.08544,38.93797],[-77.08545,38.93787],[-77.0855,38.93776],[-77.08559,38.93767],[-77.08452,38.93691],[-77.08428,38.93705],[-77.08377,38.93721],[-77.08273,38.93721],[-77.08228,38.93699],[-77.08087,38.93629],[-77.07993,38.93629],[-77.07981,38.93739],[-77.07978,38.93764],[-77.07974,38.93804],[-77.07971,38.93828],[-77.07961,38.93922],[-77.08187,38.93922],[-77.08187,38.94111],[-77.08297,38.94111]]]},"properties":{"name":"Mount Vernon Seminary for Girls Historic District","label":"Mt Vernon Seminary","designation":"DC","date":"2016-05-26","nr":null}},{"type":"Feature","geometry":{"type":"Polygon","coordinates":[[[-76.95862,38.90577],[-76.95862,38.90578],[-76.95853,38.90596],[-76.95853,38.90597],[-76.95835,38.90634],[-76.95818,38.90669],[-76.95813,38.9068],[-76.95808,38.90689],[-76.95807,38.90692],[-76.95807,38.90693],[-76.95808,38.90693],[-76.95809,38.90694],[-76.95809,38.90695],[-76.95809,38.90696],[-76.95808,38.90696],[-76.95808,38.90697],[-76.95807,38.90699],[-76.95804,38.90702],[-76.95802,38.90705],[-76.95782,38.90736],[-76.95744,38.90788],[-76.95749,38.90807],[-76.95736,38.90817],[-76.95738,38.90817],[-76.95741,38.90818],[-76.95742,38.90818],[-76.95743,38.90818],[-76.95745,38.90819],[-76.95748,38.9082],[-76.95749,38.90821],[-76.95751,38.90822],[-76.95751,38.90823],[-76.95752,38.90824],[-76.95753,38.90826],[-76.95755,38.90827],[-76.95757,38.90828],[-76.95759,38.90829],[-76.95761,38.90831],[-76.95764,38.90832],[-76.95767,38.90833],[-76.95769,38.90834],[-76.95772,38.90835],[-76.95775,38.90836],[-76.95778,38.90837],[-76.9578,38.90838],[-76.95782,38.90839],[-76.95783,38.90839],[-76.95786,38.9084],[-76.95788,38.90841],[-76.95791,38.90842],[-76.95794,38.90843],[-76.95797,38.90843],[-76.958,38.90844],[-76.95803,38.90845],[-76.95806,38.90846],[-76.95809,38.90846],[-76.95812,38.90847],[-76.95815,38.90848],[-76.95818,38.90849],[-76.95821,38.9085],[-76.95824,38.90852],[-76.95827,38.90853],[-76.9583,38.90854],[-76.95833,38.90855],[-76.95836,38.90856],[-76.95842,38.90858],[-76.95851,38.90862],[-76.95853,38.90862],[-76.95856,38.90864],[-76.9586,38.90865],[-76.95863,38.90866],[-76.95865,38.90868],[-76.95868,38.90869],[-76.95869,38.9087],[-76.9587,38.90871],[-76.95873,38.90872],[-76.95875,38.90874],[-76.95878,38.90875],[-76.95881,38.90876],[-76.95884,38.90878],[-76.95887,38.90879],[-76.9589,38.9088],[-76.95894,38.90881],[-76.95897,38.90882],[-76.95901,38.90883],[-76.95904,38.90884],[-76.95912,38.90886],[-76.95916,38.90887],[-76.95945,38.90899],[-76.95998,38.9092],[-76.96,38.90921],[-76.96001,38.90921],[-76.96013,38.90927],[-76.96039,38.90936],[-76.96056,38.90942],[-76.96058,38.90943],[-76.96058,38.90944],[-76.96067,38.90947],[-76.96087,38.90953],[-76.96088,38.90955],[-76.96094,38.90956],[-76.96096,38.90957],[-76.96119,38.90962],[-76.96129,38.90964],[-76.96134,38.90965],[-76.96137,38.90965],[-76.96138,38.90965],[-76.9614,38.90965],[-76.96145,38.90966],[-76.9615,38.90966],[-76.96156,38.90966],[-76.96161,38.90966],[-76.96165,38.90966],[-76.96168,38.90966],[-76.96171,38.90965],[-76.96174,38.90965],[-76.96178,38.90964],[-76.96184,38.90964],[-76.96189,38.90963],[-76.96195,38.90961],[-76.962,38.9096],[-76.96206,38.90958],[-76.9621,38.90957],[-76.96215,38.90955],[-76.96219,38.90954],[-76.96223,38.90952],[-76.96227,38.90951],[-76.96228,38.9095],[-76.96231,38.90949],[-76.96232,38.90949],[-76.96243,38.90944],[-76.9625,38.9094],[-76.96271,38.90927],[-76.96273,38.90925],[-76.96276,38.90923],[-76.96282,38.90919],[-76.96287,38.90915],[-76.96292,38.90911],[-76.96297,38.90907],[-76.963,38.90905],[-76.96303,38.90902],[-76.96309,38.90898],[-76.96313,38.90893],[-76.96318,38.90888],[-76.96323,38.90884],[-76.96327,38.90879],[-76.96328,38.90878],[-76.96332,38.90873],[-76.96345,38.90857],[-76.96347,38.90854],[-76.96356,38.90839],[-76.96359,38.90834],[-76.96364,38.90827],[-76.96371,38.90811],[-76.96376,38.90796],[-76.96383,38.90772],[-76.96386,38.90756],[-76.96386,38.90739],[-76.96387,38.90721],[-76.96387,38.90718],[-76.96387,38.90715],[-76.96392,38.90692],[-76.96395,38.90683],[-76.96401,38.90668],[-76.96404,38.90662],[-76.96411,38.9065],[-76.9642,38.90637],[-76.96423,38.90632],[-76.96428,38.90626],[-76.96431,38.90622],[-76.9644,38.90613],[-76.96455,38.90601],[-76.96473,38.90586],[-76.96486,38.90577],[-76.96489,38.90575],[-76.96482,38.9055],[-76.9662,38.9055],[-76.97008,38.90551],[-76.97008,38.90548],[-76.97239,38.90453],[-76.97186,38.90374],[-76.97196,38.90362],[-76.9736,38.90116],[-76.97369,38.90119],[-76.9737,38.90054],[-76.97234,38.90054],[-76.97234,38.90033],[-76.97226,38.90033],[-76.97226,38.9002],[-76.97248,38.90019],[-76.97418,38.9002],[-76.97422,38.9002],[-76.97433,38.90004],[-76.97449,38.8998],[-76.97464,38.89957],[-76.97473,38.89943],[-76.97498,38.89907],[-76.97513,38.89883],[-76.97523,38.8987],[-76.97435,38.89854],[-76.9744,38.89839],[-76.97449,38.89811],[-76.97452,38.89804],[-76.97459,38.8978],[-76.97454,38.89779],[-76.97469,38.89731],[-76.97472,38.89725],[-76.97685,38.89762],[-76.97716,38.89652],[-76.97725,38.89621],[-76.97726,38.89612],[-76.97726,38.89331],[-76.97515,38.8933],[-76.97504,38.89331],[-76.97504,38.89356],[-76.97501,38.89372],[-76.97499,38.89378],[-76.97496,38.89388],[-76.97492,38.89397],[-76.97487,38.89407],[-76.97482,38.89416],[-76.97477,38.89424],[-76.97471,38.89433],[-76.97464,38.8944],[-76.97457,38.89448],[-76.9745,38.89455],[-76.97442,38.89461],[-76.97433,38.89468],[-76.97425,38.89473],[-76.97415,38.89479],[-76.97404,38.89485],[-76.97394,38.8949],[-76.97383,38.89494],[-76.97372,38.89498],[-76.97361,38.89501],[-76.97136,38.89562],[-76.9709,38.89594],[-76.96996,38.89699],[-76.96957,38.89743],[-76.96947,38.89755],[-76.96934,38.89768],[-76.96934,38.89769],[-76.96249,38.89711],[-76.96247,38.89765],[-76.96249,38.89774],[-76.96252,38.89784],[-76.96253,38.89788],[-76.96256,38.898],[-76.96261,38.8982],[-76.96263,38.8983],[-76.96264,38.89831],[-76.96265,38.89835],[-76.96268,38.89847],[-76.96271,38.89856],[-76.96273,38.89863],[-76.96274,38.89869],[-76.96275,38.89876],[-76.96276,38.89881],[-76.96276,38.89884],[-76.96277,38.89885],[-76.96277,38.89888],[-76.96278,38.89897],[-76.96279,38.89904],[-76.96279,38.8991],[-76.96279,38.89911],[-76.96279,38.89912],[-76.96279,38.89918],[-76.96279,38.89925],[-76.96279,38.89932],[-76.96278,38.89944],[-76.96277,38.89952],[-76.96277,38.89955],[-76.96275,38.89967],[-76.96273,38.89972],[-76.9627,38.89985],[-76.96267,38.89993],[-76.96265,38.9],[-76.96263,38.90004],[-76.9626,38.90009],[-76.96257,38.90014],[-76.96253,38.90018],[-76.96251,38.90021],[-76.96249,38.90025],[-76.96247,38.90029],[-76.96247,38.9003],[-76.96246,38.9003],[-76.96244,38.90034],[-76.96241,38.90038],[-76.96237,38.90045],[-76.96232,38.90053],[-76.96226,38.9006],[-76.96221,38.90065],[-76.9622,38.90067],[-76.96219,38.90067],[-76.96216,38.90071],[-76.96203,38.90087],[-76.96203,38.90088],[-76.96198,38.90092],[-76.96195,38.90094],[-76.96193,38.90096],[-76.9619,38.901],[-76.96186,38.90105],[-76.96183,38.90109],[-76.96183,38.90111],[-76.96183,38.90113],[-76.96182,38.90114],[-76.96181,38.90115],[-76.9618,38.90117],[-76.96179,38.90118],[-76.96177,38.90119],[-76.96176,38.9012],[-76.96175,38.90122],[-76.9617,38.90129],[-76.96167,38.90133],[-76.96161,38.90139],[-76.96153,38.9015],[-76.96146,38.90158],[-76.96141,38.90164],[-76.96139,38.90166],[-76.96138,38.90169],[-76.96136,38.90171],[-76.96129,38.90179],[-76.96124,38.90185],[-76.9612,38.90191],[-76.96116,38.90196],[-76.96112,38.902],[-76.96107,38.90207],[-76.96103,38.90213],[-76.96097,38.90218],[-76.96094,38.90223],[-76.96088,38.90229],[-76.96083,38.90234],[-76.96072,38.90244],[-76.96061,38.90256],[-76.96047,38.90271],[-76.96031,38.9029],[-76.96017,38.90307],[-76.96014,38.90311],[-76.9601,38.90317],[-76.95999,38.90332],[-76.9599,38.90345],[-76.9598,38.9036],[-76.95968,38.90381],[-76.95966,38.90383],[-76.95957,38.90401],[-76.9593,38.9045],[-76.9592,38.90466],[-76.95911,38.90481],[-76.95909,38.90485],[-76.95907,38.90488],[-76.95903,38.90494],[-76.95896,38.90506],[-76.95888,38.9052],[-76.95884,38.90532],[-76.95883,38.90535],[-76.95881,38.90539],[-76.9588,38.90539],[-76.95874,38.90553],[-76.95874,38.90554],[-76.95873,38.90554],[-76.95862,38.90577]]]},"properties":{"name":"Kingman Park Historic District","label":"Kingman Park HD","designation":"DC","date":"2018-05-03","nr":null}},{"type":"Feature","geometry":{"type":"Polygon","coordinates":[[[-77.00905,38.9108],[-77.00905,38.92238],[-77.01215,38.92238],[-77.01215,38.92131],[-77.01267,38.92131],[-77.01275,38.92129],[-77.01288,38.92122],[-77.01307,38.92114],[-77.01335,38.92103],[-77.01371,38.92091],[-77.014,38.92084],[-77.01435,38.92077],[-77.01463,38.92072],[-77.01494,38.92068],[-77.0148,38.91967],[-77.01406,38.91308],[-77.01405,38.91302],[-77.01407,38.91298],[-77.01409,38.91294],[-77.01145,38.91182],[-77.01066,38.91148],[-77.00982,38.91113],[-77.00933,38.91093],[-77.00905,38.9108]]]},"properties":{"name":"Bloomingdale Historic District","label":"Bloomingdale HD","designation":"DC","date":"2018-07-26","nr":null}},{"type":"Feature","geometry":{"type":"Polygon","coordinates":[[[-77.06079,38.88417],[-77.06046,38.8837],[-77.06036,38.88355],[-77.06027,38.8834],[-77.06018,38.88325],[-77.0601,38.8831],[-77.05953,38.88208],[-77.05928,38.88164],[-77.05924,38.88155],[-77.05919,38.88147],[-77.05913,38.88139],[-77.05907,38.88132],[-77.05901,38.88125],[-77.05894,38.88118],[-77.0589,38.88111],[-77.05885,38.88105],[-77.05879,38.881],[-77.05873,38.88095],[-77.05867,38.88091],[-77.0586,38.88087],[-77.05853,38.88083],[-77.05845,38.88081],[-77.05838,38.88079],[-77.05838,38.88076],[-77.05838,38.88074],[-77.05838,38.88071],[-77.05837,38.88068],[-77.05836,38.88066],[-77.05834,38.88064],[-77.05833,38.88062],[-77.0583,38.8806],[-77.05828,38.88059],[-77.05825,38.88058],[-77.05823,38.88058],[-77.0582,38.88058],[-77.05817,38.88058],[-77.05806,38.88055],[-77.05795,38.88052],[-77.05783,38.88051],[-77.05771,38.88049],[-77.05759,38.88049],[-77.05748,38.88049],[-77.05736,38.8805],[-77.05724,38.88051],[-77.05612,38.88067],[-77.05599,38.88068],[-77.05586,38.88069],[-77.05573,38.8807],[-77.0556,38.88069],[-77.05547,38.88069],[-77.05534,38.88067],[-77.05521,38.88065],[-77.05508,38.88063],[-77.05495,38.8806],[-77.05464,38.88044],[-77.05434,38.88027],[-77.05403,38.8801],[-77.05322,38.87961],[-77.05311,38.87945],[-77.053,38.8793],[-77.05289,38.87915],[-77.05277,38.879],[-77.05264,38.87886],[-77.05252,38.87873],[-77.05238,38.87859],[-77.05224,38.87846],[-77.05197,38.87819],[-77.05171,38.8779],[-77.05144,38.87762],[-77.05123,38.87749],[-77.05102,38.87736],[-77.05099,38.87727],[-77.05095,38.87719],[-77.05091,38.87711],[-77.05086,38.87703],[-77.05081,38.87695],[-77.05076,38.87688],[-77.0507,38.87681],[-77.05063,38.87674],[-77.05063,38.87669],[-77.05063,38.87664],[-77.05062,38.87658],[-77.05061,38.87653],[-77.05059,38.87648],[-77.05056,38.87643],[-77.05053,38.87639],[-77.05049,38.87635],[-77.05045,38.87631],[-77.05041,38.87628],[-77.05038,38.87617],[-77.05034,38.87606],[-77.05029,38.87595],[-77.05024,38.87585],[-77.05019,38.87575],[-77.05012,38.87565],[-77.05005,38.8756],[-77.04998,38.87555],[-77.04992,38.87549],[-77.04986,38.87543],[-77.0498,38.87536],[-77.04975,38.87529],[-77.04971,38.87522],[-77.04967,38.87514],[-77.04964,38.87506],[-77.04958,38.875],[-77.04952,38.87494],[-77.04945,38.87489],[-77.04938,38.87485],[-77.0493,38.87481],[-77.04922,38.87478],[-77.04914,38.87475],[-77.04906,38.87473],[-77.04897,38.87471],[-77.04889,38.87471],[-77.0488,38.8747],[-77.04872,38.87471],[-77.04863,38.87472],[-77.04855,38.87474],[-77.04847,38.87476],[-77.04839,38.87479],[-77.0482,38.87492],[-77.048,38.87504],[-77.0478,38.87516],[-77.0476,38.87527],[-77.04739,38.87538],[-77.04729,38.87544],[-77.04719,38.8755],[-77.0471,38.87557],[-77.04701,38.87564],[-77.04693,38.87572],[-77.04684,38.8758],[-77.04677,38.87589],[-77.0467,38.87598],[-77.04663,38.87607],[-77.04662,38.87612],[-77.04661,38.87618],[-77.04662,38.87623],[-77.04662,38.87628],[-77.04664,38.87633],[-77.04666,38.87638],[-77.04669,38.87643],[-77.04672,38.87647],[-77.04675,38.87651],[-77.04679,38.87654],[-77.04684,38.87657],[-77.04691,38.8766],[-77.04699,38.87664],[-77.04706,38.87668],[-77.04712,38.87673],[-77.04719,38.87678],[-77.04725,38.87683],[-77.0473,38.87689],[-77.04736,38.87696],[-77.04745,38.87702],[-77.04755,38.87709],[-77.04764,38.87717],[-77.04773,38.87724],[-77.04804,38.8775],[-77.04836,38.87776],[-77.04869,38.878],[-77.04902,38.87824],[-77.04944,38.8786],[-77.04986,38.87896],[-77.05029,38.87931],[-77.05048,38.87946],[-77.05067,38.87961],[-77.05085,38.87976],[-77.05102,38.87987],[-77.05119,38.87998],[-77.05136,38.88008],[-77.05154,38.88018],[-77.05172,38.88027],[-77.05198,38.88049],[-77.05226,38.8807],[-77.05253,38.88092],[-77.05288,38.88115],[-77.05323,38.88139],[-77.05358,38.88164],[-77.05393,38.8819],[-77.05427,38.88216],[-77.05461,38.88242],[-77.05495,38.8827],[-77.05529,38.88297],[-77.05562,38.88326],[-77.05594,38.88354],[-77.0562,38.88375],[-77.05646,38.88396],[-77.05672,38.88418],[-77.05697,38.8844],[-77.05722,38.88463],[-77.05746,38.88486],[-77.0577,38.88509],[-77.05794,38.88533],[-77.0585,38.88625],[-77.06152,38.88516],[-77.06147,38.88512],[-77.06142,38.88508],[-77.06138,38.88503],[-77.06134,38.88498],[-77.0613,38.88493],[-77.06127,38.88487],[-77.06125,38.88483],[-77.06122,38.88478],[-77.06119,38.88474],[-77.06116,38.8847],[-77.06111,38.88465],[-77.06107,38.8846],[-77.06104,38.88455],[-77.061,38.88449],[-77.06098,38.88443],[-77.06096,38.88437],[-77.06084,38.88423],[-77.06079,38.88417]]]},"properties":{"name":"Mount Vernon Memorial Highway Historic District","label":"Mt. Vernon Mem Hwy HD","designation":"DC/NR","date":null,"nr":null}},{"type":"Feature","geometry":{"type":"Polygon","coordinates":[[[-77.02177,38.89721],[-77.02176,38.8975],[-77.02176,38.89821],[-77.02177,38.8986],[-77.02206,38.8986],[-77.02276,38.8986],[-77.02306,38.89861],[-77.02376,38.89861],[-77.02413,38.8986],[-77.02413,38.89846],[-77.02412,38.8982],[-77.02412,38.89801],[-77.02412,38.89795],[-77.02412,38.8975],[-77.02584,38.8975],[-77.02615,38.8975],[-77.02685,38.8975],[-77.02683,38.89722],[-77.02683,38.89626],[-77.02723,38.89626],[-77.02793,38.89626],[-77.02823,38.89626],[-77.02943,38.89626],[-77.02981,38.89626],[-77.03063,38.89626],[-77.03063,38.89749],[-77.03176,38.89749],[-77.03215,38.8975],[-77.03292,38.8975],[-77.03344,38.8975],[-77.03344,38.8982],[-77.03344,38.89844],[-77.03344,38.89868],[-77.03383,38.89869],[-77.03496,38.89869],[-77.03527,38.89869],[-77.03527,38.89634],[-77.03527,38.89536],[-77.03383,38.89536],[-77.03383,38.89221],[-77.03383,38.89189],[-77.03197,38.89189],[-77.01755,38.89188],[-77.01283,38.89056],[-77.01276,38.89053],[-77.01273,38.89048],[-77.01272,38.89044],[-77.0127,38.8904],[-77.01266,38.89036],[-77.01263,38.89033],[-77.01259,38.8903],[-77.01252,38.89028],[-77.01247,38.89027],[-77.01245,38.89026],[-77.01238,38.89026],[-77.01226,38.89028],[-77.01224,38.89029],[-77.01223,38.89029],[-77.01222,38.89029],[-77.01221,38.89029],[-77.01219,38.8903],[-77.01218,38.8903],[-77.01216,38.8903],[-77.01215,38.89031],[-77.01214,38.89031],[-77.01212,38.89032],[-77.0121,38.89033],[-77.01209,38.89033],[-77.01208,38.89034],[-77.01207,38.89035],[-77.01205,38.89035],[-77.01204,38.89036],[-77.01202,38.89037],[-77.01202,38.89038],[-77.01201,38.89038],[-77.012,38.89039],[-77.01199,38.8904],[-77.01198,38.8904],[-77.01198,38.89041],[-77.01197,38.89042],[-77.01196,38.89042],[-77.01196,38.89043],[-77.01195,38.89044],[-77.01194,38.89045],[-77.01193,38.89046],[-77.01192,38.89047],[-77.01192,38.89048],[-77.01191,38.89048],[-77.01191,38.89049],[-77.0119,38.8905],[-77.0119,38.89051],[-77.0119,38.89052],[-77.01189,38.89052],[-77.01189,38.89053],[-77.01189,38.89054],[-77.01188,38.89055],[-77.01188,38.89056],[-77.01188,38.89057],[-77.01187,38.89059],[-77.01187,38.8906],[-77.01187,38.89061],[-77.01187,38.89062],[-77.01187,38.89063],[-77.01187,38.89065],[-77.01187,38.89066],[-77.01187,38.89067],[-77.01187,38.89068],[-77.01187,38.89069],[-77.01187,38.8907],[-77.01187,38.89071],[-77.01188,38.89072],[-77.01188,38.89073],[-77.01188,38.89075],[-77.01189,38.89076],[-77.01189,38.89077],[-77.0119,38.89078],[-77.0119,38.89079],[-77.01191,38.8908],[-77.01192,38.89082],[-77.01192,38.89083],[-77.01193,38.89084],[-77.01194,38.89085],[-77.01195,38.89085],[-77.01195,38.89086],[-77.01196,38.89087],[-77.01197,38.89088],[-77.01201,38.89091],[-77.01206,38.89094],[-77.01211,38.89097],[-77.01216,38.89099],[-77.01222,38.891],[-77.01227,38.89101],[-77.01234,38.89101],[-77.01236,38.89101],[-77.01237,38.89101],[-77.0124,38.89101],[-77.01241,38.89101],[-77.01242,38.89101],[-77.01244,38.891],[-77.01246,38.891],[-77.01247,38.891],[-77.01249,38.891],[-77.01251,38.89099],[-77.01252,38.89099],[-77.01254,38.89098],[-77.01255,38.89098],[-77.01257,38.89097],[-77.01259,38.89096],[-77.01261,38.89095],[-77.01262,38.89094],[-77.01267,38.89095],[-77.01273,38.89097],[-77.01281,38.89099],[-77.01301,38.89105],[-77.01307,38.89107],[-77.0132,38.8911],[-77.01335,38.89114],[-77.01343,38.89116],[-77.01352,38.89119],[-77.01383,38.89128],[-77.01501,38.8916],[-77.01501,38.89189],[-77.01503,38.89226],[-77.01503,38.89338],[-77.01503,38.89462],[-77.015,38.89488],[-77.015,38.89521],[-77.015,38.89525],[-77.015,38.89566],[-77.015,38.89568],[-77.015,38.89599],[-77.015,38.89626],[-77.01539,38.89624],[-77.01605,38.89624],[-77.01605,38.89645],[-77.01605,38.8972],[-77.01603,38.89747],[-77.01603,38.89818],[-77.01603,38.89844],[-77.01629,38.89846],[-77.01876,38.89846],[-77.01908,38.89844],[-77.01909,38.8982],[-77.01909,38.8975],[-77.01907,38.89721],[-77.01907,38.89626],[-77.01973,38.89626],[-77.02008,38.89626],[-77.02128,38.89626],[-77.02135,38.89626],[-77.02177,38.89626],[-77.02177,38.89646],[-77.02177,38.8966],[-77.02177,38.89721]]]},"properties":{"name":"Pennsylvania Avenue National Historic Site","label":"Pennsylvania Ave NHS","designation":"DC/NR/NHS","date":null,"nr":"Y"}},{"type":"Feature","geometry":{"type":"Polygon","coordinates":[[[-77.04731,38.93366],[-77.04754,38.93329],[-77.0475,38.93272],[-77.04749,38.93263],[-77.04743,38.93263],[-77.04735,38.93263],[-77.04726,38.93263],[-77.04719,38.93263],[-77.04712,38.93263],[-77.04703,38.93263],[-77.04692,38.93262],[-77.04682,38.93261],[-77.0468,38.93261],[-77.04679,38.9326],[-77.04678,38.9326],[-77.04677,38.93259],[-77.04676,38.93259],[-77.04674,38.93258],[-77.04673,38.93258],[-77.04672,38.93257],[-77.04671,38.93256],[-77.0467,38.93256],[-77.0467,38.93255],[-77.04645,38.93227],[-77.04616,38.93196],[-77.0459,38.93167],[-77.04565,38.93139],[-77.04564,38.93138],[-77.04559,38.93133],[-77.04554,38.93127],[-77.04547,38.9312],[-77.04541,38.93113],[-77.0452,38.93089],[-77.04479,38.93044],[-77.04448,38.93009],[-77.04444,38.93005],[-77.04442,38.93002],[-77.04439,38.92999],[-77.04436,38.92996],[-77.04434,38.92994],[-77.04432,38.92991],[-77.0443,38.92988],[-77.04428,38.92986],[-77.04424,38.92983],[-77.04417,38.92975],[-77.04421,38.9297],[-77.04423,38.92964],[-77.04421,38.92957],[-77.04413,38.92947],[-77.04412,38.92946],[-77.04411,38.92945],[-77.04409,38.92943],[-77.04408,38.92941],[-77.04406,38.92939],[-77.04405,38.92938],[-77.04403,38.92936],[-77.04402,38.92934],[-77.04401,38.92932],[-77.04399,38.9293],[-77.04398,38.92929],[-77.04395,38.92924],[-77.04392,38.9292],[-77.04389,38.92915],[-77.04386,38.92911],[-77.04383,38.92906],[-77.0438,38.92901],[-77.04378,38.92897],[-77.04376,38.92892],[-77.04374,38.92887],[-77.04371,38.92882],[-77.04371,38.9288],[-77.0437,38.92878],[-77.04369,38.92875],[-77.04368,38.92873],[-77.04367,38.92871],[-77.04367,38.92868],[-77.04366,38.92866],[-77.04365,38.92864],[-77.04365,38.92861],[-77.04355,38.92825],[-77.04353,38.9282],[-77.04349,38.92813],[-77.04345,38.92807],[-77.04337,38.92798],[-77.04324,38.92793],[-77.04308,38.92787],[-77.04297,38.92781],[-77.04296,38.9278],[-77.04294,38.9278],[-77.04293,38.92779],[-77.04292,38.92778],[-77.0429,38.92777],[-77.04289,38.92777],[-77.04288,38.92776],[-77.04287,38.92775],[-77.04285,38.92774],[-77.04284,38.92773],[-77.04283,38.92772],[-77.04279,38.92769],[-77.04274,38.92765],[-77.04272,38.92764],[-77.0427,38.92762],[-77.0426,38.92756],[-77.04248,38.92751],[-77.04223,38.92738],[-77.0422,38.92736],[-77.04217,38.92735],[-77.04214,38.92733],[-77.04211,38.92731],[-77.04207,38.9273],[-77.04204,38.92729],[-77.04201,38.92727],[-77.04197,38.92726],[-77.04194,38.92725],[-77.04191,38.92724],[-77.04189,38.92724],[-77.04187,38.92723],[-77.04185,38.92723],[-77.04182,38.92722],[-77.0418,38.92722],[-77.04177,38.92722],[-77.04175,38.92721],[-77.04172,38.92721],[-77.0417,38.92721],[-77.04167,38.9272],[-77.04165,38.9272],[-77.04163,38.9272],[-77.04161,38.9272],[-77.04159,38.9272],[-77.04156,38.92719],[-77.04154,38.92719],[-77.04152,38.92719],[-77.04149,38.92719],[-77.04147,38.92719],[-77.04145,38.92719],[-77.04142,38.92719],[-77.0414,38.92719],[-77.04138,38.92718],[-77.04133,38.92719],[-77.04122,38.92719],[-77.04107,38.92719],[-77.04106,38.92719],[-77.04044,38.92719],[-77.03981,38.92719],[-77.03935,38.92719],[-77.03927,38.92719],[-77.03921,38.92719],[-77.03915,38.92719],[-77.03903,38.92719],[-77.03896,38.92719],[-77.03895,38.92719],[-77.03883,38.92719],[-77.03878,38.92719],[-77.03872,38.92719],[-77.03867,38.92719],[-77.03861,38.92718],[-77.03856,38.92718],[-77.03851,38.92718],[-77.03845,38.92717],[-77.0384,38.92717],[-77.03834,38.92716],[-77.03829,38.92716],[-77.03823,38.92715],[-77.03818,38.92714],[-77.03812,38.92713],[-77.03807,38.92712],[-77.03802,38.92711],[-77.03796,38.9271],[-77.03791,38.92709],[-77.03786,38.92707],[-77.0378,38.92706],[-77.03775,38.92704],[-77.03773,38.92703],[-77.03771,38.92703],[-77.03769,38.92702],[-77.03765,38.92701],[-77.03763,38.92701],[-77.0376,38.927],[-77.03757,38.927],[-77.03754,38.927],[-77.03751,38.927],[-77.03749,38.927],[-77.03746,38.927],[-77.03743,38.927],[-77.0374,38.927],[-77.03725,38.92701],[-77.03722,38.92701],[-77.03719,38.92701],[-77.03716,38.92702],[-77.03714,38.92702],[-77.03711,38.92703],[-77.03686,38.92708],[-77.03682,38.9271],[-77.03671,38.92713],[-77.03649,38.92653],[-77.03649,38.92661],[-77.03649,38.92682],[-77.03649,38.92684],[-77.03649,38.92688],[-77.03649,38.92716],[-77.03649,38.92724],[-77.03648,38.92801],[-77.03648,38.9286],[-77.03648,38.9287],[-77.03648,38.92879],[-77.03648,38.92881],[-77.03648,38.92911],[-77.03648,38.92916],[-77.03648,38.92917],[-77.03647,38.92925],[-77.03647,38.92967],[-77.03647,38.92968],[-77.03647,38.92985],[-77.03647,38.92993],[-77.03647,38.92994],[-77.03647,38.93006],[-77.03646,38.93038],[-77.03646,38.93046],[-77.03646,38.93054],[-77.03646,38.9306],[-77.03646,38.93074],[-77.03646,38.93097],[-77.03646,38.93148],[-77.03646,38.93157],[-77.03646,38.93166],[-77.03646,38.93177],[-77.03646,38.93228],[-77.03646,38.9325],[-77.03646,38.93261],[-77.03646,38.9327],[-77.03646,38.93293],[-77.03646,38.93319],[-77.03646,38.9333],[-77.03646,38.93342],[-77.03646,38.93345],[-77.03646,38.93413],[-77.03646,38.93436],[-77.03646,38.93444],[-77.03646,38.93451],[-77.03645,38.93487],[-77.03645,38.93488],[-77.03645,38.93497],[-77.0366,38.93503],[-77.03698,38.93518],[-77.037,38.93519],[-77.03705,38.93521],[-77.03713,38.93524],[-77.03738,38.93534],[-77.0374,38.93534],[-77.03745,38.93526],[-77.03756,38.93531],[-77.03762,38.93534],[-77.03781,38.93541],[-77.03808,38.93551],[-77.03809,38.93551],[-77.03809,38.93552],[-77.0381,38.93552],[-77.03811,38.93552],[-77.03812,38.93552],[-77.03813,38.93552],[-77.03814,38.93552],[-77.03815,38.93552],[-77.03816,38.93552],[-77.03817,38.93552],[-77.03818,38.93555],[-77.03846,38.93566],[-77.03851,38.93568],[-77.03878,38.93524],[-77.03879,38.93526],[-77.0388,38.93529],[-77.03881,38.93532],[-77.03883,38.93535],[-77.03885,38.93538],[-77.03887,38.93541],[-77.03908,38.9356],[-77.0391,38.93564],[-77.03912,38.93567],[-77.03913,38.93571],[-77.03914,38.93575],[-77.03914,38.93612],[-77.03914,38.93614],[-77.03913,38.93615],[-77.03913,38.93617],[-77.03912,38.93619],[-77.03865,38.93676],[-77.03863,38.93679],[-77.03861,38.93682],[-77.03859,38.93685],[-77.03858,38.93689],[-77.03857,38.9369],[-77.03857,38.93692],[-77.03856,38.93694],[-77.03856,38.93696],[-77.03989,38.93642],[-77.04046,38.93619],[-77.04127,38.93586],[-77.04127,38.93549],[-77.04144,38.93549],[-77.04144,38.93528],[-77.04187,38.93544],[-77.04192,38.93546],[-77.042,38.93547],[-77.04268,38.93547],[-77.04341,38.93542],[-77.0438,38.93535],[-77.04404,38.93523],[-77.0441,38.93531],[-77.04438,38.93534],[-77.04449,38.93536],[-77.04486,38.9354],[-77.04484,38.93548],[-77.04504,38.93544],[-77.04504,38.93542],[-77.04536,38.93546],[-77.04552,38.93467],[-77.04557,38.93443],[-77.04562,38.93414],[-77.04565,38.93398],[-77.04566,38.93395],[-77.04567,38.93393],[-77.04567,38.9339],[-77.04568,38.93387],[-77.04568,38.93384],[-77.04568,38.93381],[-77.04569,38.93378],[-77.04569,38.93376],[-77.04569,38.93373],[-77.0457,38.9337],[-77.0457,38.93369],[-77.04571,38.93368],[-77.04572,38.93368],[-77.04573,38.93369],[-77.04587,38.9339],[-77.04587,38.93391],[-77.04589,38.93393],[-77.04591,38.93395],[-77.04592,38.93397],[-77.04594,38.93399],[-77.04596,38.93401],[-77.04597,38.93403],[-77.04599,38.93406],[-77.04601,38.93408],[-77.04603,38.9341],[-77.04604,38.93412],[-77.04606,38.93414],[-77.04607,38.93415],[-77.04608,38.93416],[-77.04609,38.93417],[-77.04611,38.93418],[-77.04612,38.93419],[-77.04613,38.9342],[-77.04614,38.93421],[-77.04616,38.93422],[-77.04617,38.93423],[-77.04618,38.93423],[-77.04639,38.93435],[-77.04649,38.93441],[-77.04651,38.93442],[-77.04663,38.93437],[-77.04681,38.93429],[-77.047,38.93421],[-77.04711,38.93415],[-77.04702,38.9339],[-77.04693,38.93368],[-77.04693,38.93367],[-77.04698,38.93367],[-77.04731,38.93366]]]},"properties":{"name":"Mount Pleasant Historic District","label":"Mt. Pleasant HD","designation":"DC/NR","date":null,"nr":"Y"}},{"type":"Feature","geometry":{"type":"Polygon","coordinates":[[[-77.01389,38.92616],[-77.01418,38.92619],[-77.01442,38.92623],[-77.01456,38.92626],[-77.01475,38.92631],[-77.01491,38.92637],[-77.01504,38.92642],[-77.01516,38.92648],[-77.01528,38.92655],[-77.0156,38.92673],[-77.01635,38.92717],[-77.01714,38.92762],[-77.01728,38.92769],[-77.01733,38.92772],[-77.01742,38.92775],[-77.01754,38.92779],[-77.01767,38.92783],[-77.0178,38.92785],[-77.01793,38.92788],[-77.01806,38.92789],[-77.01816,38.9279],[-77.01826,38.92791],[-77.01842,38.92791],[-77.01869,38.9279],[-77.01947,38.92783],[-77.0198,38.92781],[-77.01994,38.92778],[-77.02001,38.92775],[-77.02008,38.92772],[-77.02016,38.92767],[-77.02024,38.92759],[-77.02027,38.92755],[-77.02029,38.92751],[-77.02032,38.92744],[-77.02032,38.92738],[-77.02032,38.9273],[-77.02024,38.92682],[-77.0202,38.92653],[-77.02016,38.92638],[-77.02005,38.92611],[-77.01994,38.92592],[-77.01984,38.92578],[-77.01955,38.92544],[-77.01912,38.92494],[-77.01899,38.92479],[-77.01882,38.92461],[-77.0186,38.92443],[-77.01853,38.92437],[-77.01846,38.92431],[-77.0184,38.92425],[-77.01832,38.92417],[-77.01826,38.92408],[-77.01819,38.92396],[-77.01814,38.92385],[-77.01812,38.92376],[-77.01811,38.92368],[-77.0181,38.92355],[-77.0181,38.92347],[-77.01812,38.92337],[-77.01815,38.9231],[-77.01818,38.92294],[-77.01819,38.92284],[-77.01821,38.92276],[-77.01822,38.92263],[-77.01822,38.92245],[-77.0172,38.92255],[-77.01706,38.92266],[-77.01695,38.9226],[-77.01683,38.92252],[-77.01672,38.92247],[-77.01663,38.92242],[-77.01652,38.92237],[-77.01642,38.92233],[-77.01632,38.92228],[-77.01619,38.92224],[-77.01604,38.92219],[-77.01592,38.92215],[-77.01581,38.92212],[-77.01567,38.92209],[-77.01555,38.92166],[-77.01554,38.92151],[-77.01549,38.92147],[-77.01489,38.92147],[-77.01477,38.92083],[-77.0144,38.92088],[-77.01419,38.92092],[-77.01391,38.92099],[-77.01364,38.92106],[-77.01336,38.92116],[-77.01319,38.92123],[-77.01303,38.9213],[-77.0128,38.92141],[-77.01277,38.92142],[-77.01274,38.92142],[-77.0127,38.92143],[-77.01267,38.92143],[-77.01231,38.92144],[-77.01232,38.9225],[-77.01211,38.9225],[-77.00918,38.9225],[-77.00918,38.92653],[-77.01197,38.92616],[-77.01229,38.92616],[-77.01356,38.92616],[-77.01389,38.92616]]]},"properties":{"name":"McMillan Park Reservoir Historic District","label":"McMillan Park Reservoir HD","designation":"DC","date":null,"nr":"N"}},{"type":"Feature","geometry":{"type":"Polygon","coordinates":[[[-77.0625,38.92103],[-77.06269,38.92119],[-77.06286,38.92138],[-77.06292,38.92148],[-77.06314,38.92141],[-77.06332,38.92124],[-77.06333,38.92123],[-77.06334,38.92122],[-77.06335,38.9212],[-77.06335,38.92119],[-77.06336,38.92116],[-77.06337,38.9211],[-77.06339,38.92099],[-77.06339,38.92097],[-77.0634,38.92094],[-77.06341,38.9209],[-77.06343,38.92078],[-77.06348,38.92064],[-77.06354,38.92051],[-77.06361,38.92035],[-77.06362,38.92034],[-77.06365,38.92029],[-77.06366,38.92026],[-77.0631,38.91985],[-77.06333,38.91956],[-77.06346,38.91941],[-77.06348,38.91898],[-77.06297,38.91897],[-77.06254,38.91896],[-77.06179,38.91893],[-77.06128,38.91892],[-77.0613,38.91828],[-77.05935,38.91822],[-77.05911,38.91804],[-77.05756,38.9169],[-77.05757,38.91689],[-77.05759,38.91687],[-77.0576,38.91686],[-77.05762,38.91684],[-77.05763,38.91683],[-77.05765,38.91681],[-77.05766,38.91679],[-77.05768,38.91676],[-77.0577,38.91674],[-77.05771,38.91671],[-77.05773,38.91668],[-77.05774,38.91666],[-77.05775,38.91665],[-77.05776,38.91663],[-77.05777,38.9166],[-77.05763,38.91657],[-77.05727,38.91631],[-77.05726,38.9163],[-77.05736,38.91621],[-77.05683,38.91582],[-77.05684,38.91581],[-77.05714,38.91556],[-77.05725,38.91547],[-77.05721,38.91544],[-77.05706,38.91533],[-77.05686,38.91518],[-77.05669,38.91505],[-77.05649,38.91491],[-77.05629,38.91476],[-77.05623,38.91472],[-77.05618,38.91468],[-77.0561,38.91462],[-77.05597,38.91453],[-77.05586,38.91462],[-77.05556,38.91487],[-77.05554,38.91489],[-77.05528,38.9147],[-77.05526,38.91468],[-77.05508,38.91455],[-77.05462,38.91421],[-77.0546,38.91423],[-77.05456,38.91426],[-77.05407,38.91389],[-77.05393,38.9138],[-77.05387,38.91385],[-77.05349,38.91355],[-77.05318,38.91333],[-77.05274,38.91301],[-77.05276,38.91299],[-77.05263,38.9129],[-77.05259,38.91293],[-77.05235,38.9129],[-77.05236,38.91274],[-77.05205,38.91252],[-77.05203,38.91254],[-77.05183,38.9124],[-77.05185,38.91238],[-77.05171,38.91228],[-77.05183,38.91218],[-77.0517,38.91208],[-77.05182,38.91197],[-77.05153,38.91177],[-77.05141,38.91168],[-77.05126,38.91157],[-77.05114,38.91148],[-77.05077,38.91121],[-77.05071,38.91121],[-77.0505,38.91126],[-77.0505,38.91141],[-77.05042,38.91143],[-77.05034,38.91145],[-77.05027,38.91146],[-77.05024,38.91147],[-77.05019,38.91145],[-77.05011,38.91143],[-77.05006,38.91141],[-77.04997,38.91138],[-77.05004,38.91126],[-77.05017,38.91101],[-77.04985,38.91101],[-77.04972,38.91126],[-77.04964,38.91139],[-77.04956,38.91137],[-77.04962,38.91126],[-77.04976,38.91101],[-77.04958,38.91101],[-77.04952,38.91101],[-77.04902,38.91101],[-77.04864,38.911],[-77.04864,38.91041],[-77.04812,38.91041],[-77.04807,38.9104],[-77.04807,38.91035],[-77.04736,38.91035],[-77.04736,38.91013],[-77.04731,38.91013],[-77.04716,38.91013],[-77.04714,38.91014],[-77.04714,38.91025],[-77.04679,38.91025],[-77.04647,38.91025],[-77.04647,38.91004],[-77.04612,38.91004],[-77.04612,38.90976],[-77.04611,38.90952],[-77.04569,38.90952],[-77.04505,38.90952],[-77.04505,38.9087],[-77.04473,38.90868],[-77.0446,38.90868],[-77.04401,38.90877],[-77.04388,38.9087],[-77.04364,38.9087],[-77.04364,38.90802],[-77.04325,38.90802],[-77.04282,38.90817],[-77.04241,38.90831],[-77.04253,38.90851],[-77.04238,38.90857],[-77.04237,38.90855],[-77.04224,38.9086],[-77.04218,38.90862],[-77.0422,38.90864],[-77.04184,38.90864],[-77.04184,38.90838],[-77.04152,38.90836],[-77.04145,38.90836],[-77.04118,38.90827],[-77.04119,38.90824],[-77.0411,38.90821],[-77.0411,38.90804],[-77.04088,38.90804],[-77.04088,38.90786],[-77.04066,38.90786],[-77.04022,38.90781],[-77.0401,38.90779],[-77.04,38.90778],[-77.03992,38.90777],[-77.03978,38.90775],[-77.0397,38.90774],[-77.03934,38.90769],[-77.03911,38.90767],[-77.03911,38.90764],[-77.03896,38.90762],[-77.03869,38.90758],[-77.03833,38.90752],[-77.03833,38.90765],[-77.03831,38.90811],[-77.03831,38.90835],[-77.03831,38.90839],[-77.03831,38.90863],[-77.0383,38.90881],[-77.0383,38.90904],[-77.03869,38.90904],[-77.03918,38.90904],[-77.0393,38.90904],[-77.0393,38.909],[-77.03948,38.909],[-77.0395,38.909],[-77.03957,38.90901],[-77.03965,38.90903],[-77.03974,38.90905],[-77.03982,38.90907],[-77.03993,38.90909],[-77.04008,38.90912],[-77.04022,38.90913],[-77.04031,38.90918],[-77.04037,38.90907],[-77.04089,38.90925],[-77.04113,38.90936],[-77.04113,38.90953],[-77.04113,38.90977],[-77.04151,38.90977],[-77.04151,38.91003],[-77.04151,38.91007],[-77.04151,38.91015],[-77.04183,38.91015],[-77.04211,38.91015],[-77.04217,38.91018],[-77.04213,38.91032],[-77.04241,38.91048],[-77.04273,38.9107],[-77.04296,38.91083],[-77.04296,38.91085],[-77.04296,38.91102],[-77.04296,38.91125],[-77.04324,38.91125],[-77.04363,38.91126],[-77.04362,38.911],[-77.04362,38.91087],[-77.04362,38.91078],[-77.04362,38.9107],[-77.04379,38.9107],[-77.0442,38.91053],[-77.04415,38.91044],[-77.04451,38.91031],[-77.04454,38.91057],[-77.04474,38.91057],[-77.04474,38.91075],[-77.04505,38.91075],[-77.04547,38.91075],[-77.04547,38.911],[-77.04548,38.91126],[-77.04649,38.91126],[-77.04649,38.91152],[-77.04649,38.91156],[-77.04649,38.91164],[-77.04713,38.91164],[-77.04715,38.91164],[-77.04724,38.91164],[-77.0473,38.91163],[-77.04732,38.91163],[-77.04732,38.91166],[-77.04733,38.91172],[-77.04733,38.91185],[-77.04747,38.91185],[-77.04747,38.91173],[-77.04806,38.91195],[-77.04802,38.91198],[-77.04844,38.91197],[-77.04866,38.91197],[-77.04866,38.91201],[-77.04893,38.9121],[-77.04919,38.91219],[-77.04935,38.91225],[-77.04959,38.91233],[-77.04971,38.91237],[-77.04988,38.91233],[-77.04988,38.91249],[-77.05008,38.91249],[-77.05008,38.91276],[-77.05008,38.91302],[-77.05087,38.91302],[-77.05087,38.91329],[-77.05087,38.91344],[-77.05175,38.91344],[-77.05175,38.9137],[-77.05183,38.9137],[-77.05193,38.91377],[-77.05202,38.91384],[-77.05202,38.91398],[-77.05202,38.91424],[-77.05209,38.91424],[-77.05209,38.91451],[-77.05244,38.91451],[-77.05277,38.91452],[-77.05277,38.91438],[-77.05318,38.91438],[-77.05325,38.91438],[-77.05328,38.91477],[-77.05329,38.91487],[-77.05341,38.91496],[-77.05361,38.9151],[-77.05369,38.91516],[-77.05384,38.91528],[-77.05397,38.91537],[-77.05407,38.91544],[-77.05407,38.91548],[-77.05412,38.91548],[-77.05413,38.9157],[-77.05481,38.9157],[-77.05481,38.91596],[-77.05492,38.91605],[-77.055,38.9161],[-77.05513,38.9162],[-77.0553,38.91633],[-77.05545,38.91644],[-77.05556,38.91652],[-77.05568,38.91661],[-77.056,38.91685],[-77.05607,38.91689],[-77.0562,38.91699],[-77.05614,38.91703],[-77.05628,38.91713],[-77.05654,38.91732],[-77.0568,38.91751],[-77.05687,38.91756],[-77.05689,38.91755],[-77.05705,38.91741],[-77.05722,38.91726],[-77.05879,38.91841],[-77.05873,38.91845],[-77.05855,38.91861],[-77.05838,38.91875],[-77.05833,38.91879],[-77.0584,38.91884],[-77.05878,38.91912],[-77.0588,38.91911],[-77.05935,38.91912],[-77.05934,38.91933],[-77.05933,38.91963],[-77.06005,38.91967],[-77.05977,38.91991],[-77.06024,38.92023],[-77.06017,38.92029],[-77.0606,38.92016],[-77.06087,38.92035],[-77.06116,38.9201],[-77.0625,38.92103]]]},"properties":{"name":"Massachusetts Avenue Historic District","label":"Massachusetts Ave HD","designation":"DC/NR","date":null,"nr":"Y"}},{"type":"Feature","geometry":{"type":"Polygon","coordinates":[[[-77.02845,38.91127],[-77.02894,38.91127],[-77.02943,38.91127],[-77.02981,38.91126],[-77.03008,38.91126],[-77.03008,38.91102],[-77.03008,38.9108],[-77.03008,38.91069],[-77.03032,38.91069],[-77.03032,38.91064],[-77.03032,38.91049],[-77.03034,38.91048],[-77.03039,38.91044],[-77.03041,38.91042],[-77.03047,38.91037],[-77.03052,38.91037],[-77.0308,38.91037],[-77.03101,38.91037],[-77.03101,38.91013],[-77.03097,38.91013],[-77.03097,38.91006],[-77.03097,38.90979],[-77.0312,38.90979],[-77.03122,38.90953],[-77.03122,38.90929],[-77.03144,38.90921],[-77.03152,38.90918],[-77.0316,38.90916],[-77.03167,38.90913],[-77.03147,38.90879],[-77.03137,38.90862],[-77.0313,38.90849],[-77.03124,38.90843],[-77.03126,38.90836],[-77.03128,38.9083],[-77.03129,38.90824],[-77.03131,38.90818],[-77.03135,38.90805],[-77.03136,38.90799],[-77.03138,38.90793],[-77.0314,38.90787],[-77.03142,38.9078],[-77.03143,38.90774],[-77.03145,38.90769],[-77.03145,38.90768],[-77.0311,38.90756],[-77.03073,38.90739],[-77.03054,38.9077],[-77.03052,38.90773],[-77.0304,38.90795],[-77.03013,38.90785],[-77.03011,38.90794],[-77.03007,38.90806],[-77.03005,38.90815],[-77.03002,38.90824],[-77.02983,38.90824],[-77.02943,38.90824],[-77.02943,38.90845],[-77.02945,38.9087],[-77.02945,38.90884],[-77.0291,38.90884],[-77.02901,38.90887],[-77.02893,38.9089],[-77.02885,38.90894],[-77.02877,38.90897],[-77.02869,38.909],[-77.0286,38.909],[-77.02855,38.909],[-77.02855,38.90918],[-77.02855,38.90936],[-77.02839,38.90936],[-77.02825,38.90936],[-77.02795,38.90938],[-77.02762,38.90938],[-77.02758,38.90938],[-77.02758,38.90953],[-77.02725,38.90953],[-77.02685,38.90952],[-77.02685,38.90977],[-77.02685,38.91002],[-77.02724,38.91002],[-77.02732,38.91001],[-77.02745,38.90999],[-77.02755,38.91017],[-77.02773,38.91051],[-77.0278,38.91048],[-77.02787,38.91046],[-77.02793,38.91044],[-77.02825,38.91032],[-77.02837,38.91028],[-77.02847,38.91024],[-77.02856,38.91038],[-77.02856,38.91072],[-77.0286,38.91073],[-77.02872,38.91078],[-77.02866,38.91089],[-77.02859,38.91101],[-77.02845,38.91127]]]},"properties":{"name":"Logan Circle Historic District","label":"Logan Circle HD","designation":"DC/NR","date":null,"nr":"Y"}},{"type":"Feature","geometry":{"type":"Polygon","coordinates":[[[-77.0213,38.9159],[-77.02113,38.91583],[-77.02084,38.9157],[-77.02027,38.91545],[-77.02008,38.91537],[-77.01973,38.91522],[-77.01942,38.9151],[-77.01938,38.91507],[-77.01923,38.91501],[-77.01917,38.91499],[-77.01907,38.91494],[-77.0188,38.91484],[-77.0184,38.91467],[-77.01772,38.91436],[-77.01738,38.91422],[-77.01673,38.91395],[-77.01642,38.91407],[-77.01588,38.91425],[-77.01565,38.91432],[-77.0144,38.91476],[-77.0141,38.91487],[-77.01414,38.91523],[-77.01416,38.91545],[-77.0142,38.9157],[-77.01426,38.91622],[-77.01427,38.91636],[-77.0143,38.9166],[-77.0143,38.91665],[-77.01433,38.91688],[-77.01436,38.91713],[-77.01443,38.91774],[-77.01474,38.9177],[-77.01508,38.91767],[-77.01527,38.91765],[-77.01533,38.91764],[-77.01545,38.91763],[-77.01564,38.91761],[-77.01588,38.91759],[-77.01591,38.91776],[-77.01612,38.91775],[-77.01629,38.91773],[-77.01635,38.91772],[-77.01652,38.91771],[-77.01654,38.91772],[-77.01687,38.9177],[-77.01716,38.91767],[-77.01717,38.91765],[-77.01721,38.91765],[-77.01751,38.91762],[-77.01769,38.91761],[-77.01767,38.91746],[-77.0179,38.91744],[-77.01791,38.91748],[-77.01791,38.91753],[-77.01792,38.91757],[-77.01797,38.91756],[-77.01808,38.91755],[-77.0183,38.91753],[-77.0183,38.91751],[-77.01834,38.91751],[-77.01844,38.9175],[-77.01853,38.91749],[-77.01858,38.91749],[-77.01863,38.91748],[-77.01864,38.91748],[-77.01868,38.91748],[-77.01874,38.91747],[-77.01891,38.91745],[-77.01888,38.91723],[-77.01887,38.91719],[-77.01915,38.91716],[-77.01919,38.91716],[-77.01916,38.91697],[-77.01921,38.91697],[-77.02091,38.9168],[-77.02091,38.91667],[-77.02091,38.91666],[-77.02097,38.91666],[-77.02097,38.9164],[-77.02098,38.91637],[-77.02119,38.91606],[-77.0213,38.9159]]]},"properties":{"name":"LeDroit Park Historic District","label":"LeDroit Park HD","designation":"DC/NR","date":null,"nr":"Y"}},{"type":"Feature","geometry":{"type":"Polygon","coordinates":[[[-77.03382,38.8993],[-77.034,38.8993],[-77.03415,38.8993],[-77.03415,38.89924],[-77.03419,38.89924],[-77.03429,38.89924],[-77.03438,38.89924],[-77.03443,38.89924],[-77.03443,38.89931],[-77.03443,38.89938],[-77.03443,38.89949],[-77.03443,38.89953],[-77.03443,38.89972],[-77.03443,38.89979],[-77.03443,38.90009],[-77.03441,38.90035],[-77.03481,38.90035],[-77.0343,38.90122],[-77.03431,38.90147],[-77.03477,38.90147],[-77.03591,38.90147],[-77.03591,38.90123],[-77.03591,38.90087],[-77.03556,38.90087],[-77.03556,38.90059],[-77.03591,38.90059],[-77.03591,38.90057],[-77.03626,38.90057],[-77.03655,38.90057],[-77.03655,38.9007],[-77.03683,38.9007],[-77.0373,38.9007],[-77.0373,38.90085],[-77.03762,38.90085],[-77.038,38.90071],[-77.03803,38.90035],[-77.03865,38.90034],[-77.03878,38.90034],[-77.03885,38.90034],[-77.03927,38.90034],[-77.03965,38.90034],[-77.03964,38.9001],[-77.03964,38.89986],[-77.03964,38.89958],[-77.03964,38.89931],[-77.03964,38.89908],[-77.03965,38.89869],[-77.03965,38.89845],[-77.03965,38.8982],[-77.03965,38.89749],[-77.03966,38.89727],[-77.03966,38.89725],[-77.03966,38.89673],[-77.03966,38.8963],[-77.03928,38.89633],[-77.0392,38.89633],[-77.03899,38.89633],[-77.03877,38.89633],[-77.03865,38.89633],[-77.03844,38.89633],[-77.03831,38.89633],[-77.03828,38.89633],[-77.03782,38.89634],[-77.03782,38.89869],[-77.03527,38.89869],[-77.03527,38.89634],[-77.03519,38.89634],[-77.03516,38.89634],[-77.03515,38.89634],[-77.0348,38.89633],[-77.03445,38.89633],[-77.03416,38.89633],[-77.03388,38.89633],[-77.03345,38.89632],[-77.03344,38.89673],[-77.03344,38.89722],[-77.03344,38.8975],[-77.03344,38.8982],[-77.03344,38.89844],[-77.03344,38.89868],[-77.03345,38.89908],[-77.03345,38.8993],[-77.03382,38.8993]]]},"properties":{"name":"Lafayette Square Historic District","label":"Lafayette Square HD","designation":"DC/NR/NHL","date":null,"nr":"Y"}},{"type":"Feature","geometry":{"type":"Polygon","coordinates":[[[-77.04906,38.91933],[-77.04903,38.91927],[-77.04901,38.91924],[-77.049,38.91922],[-77.04898,38.91918],[-77.04896,38.91915],[-77.04894,38.91912],[-77.04892,38.91907],[-77.04887,38.91899],[-77.04885,38.91896],[-77.04883,38.91895],[-77.04882,38.91893],[-77.0488,38.91892],[-77.04878,38.9189],[-77.04875,38.91888],[-77.04873,38.91886],[-77.04871,38.91885],[-77.04869,38.91883],[-77.04866,38.91882],[-77.04861,38.91881],[-77.04856,38.91879],[-77.04852,38.91878],[-77.04847,38.91877],[-77.04832,38.91873],[-77.04831,38.91872],[-77.04824,38.9187],[-77.04818,38.91868],[-77.04813,38.91867],[-77.04799,38.91863],[-77.04794,38.91862],[-77.04789,38.91861],[-77.04788,38.91861],[-77.04787,38.9186],[-77.04785,38.9186],[-77.04784,38.9186],[-77.04783,38.91859],[-77.04782,38.91859],[-77.0478,38.91858],[-77.04779,38.91858],[-77.04778,38.91857],[-77.04777,38.91857],[-77.04776,38.91857],[-77.04774,38.91855],[-77.04772,38.91854],[-77.04769,38.91852],[-77.04767,38.91851],[-77.04765,38.91849],[-77.04763,38.91848],[-77.04762,38.91846],[-77.0476,38.91844],[-77.04758,38.91842],[-77.04757,38.9184],[-77.04752,38.91831],[-77.04747,38.91821],[-77.04727,38.91782],[-77.04727,38.91781],[-77.04724,38.91775],[-77.0472,38.91768],[-77.04706,38.9174],[-77.04678,38.91684],[-77.04674,38.91677],[-77.04673,38.91676],[-77.04672,38.91673],[-77.04671,38.91671],[-77.0467,38.9167],[-77.04669,38.91669],[-77.0466,38.91652],[-77.0465,38.91636],[-77.04642,38.91623],[-77.0464,38.91618],[-77.04637,38.91611],[-77.04635,38.916],[-77.04631,38.91618],[-77.0463,38.91625],[-77.0463,38.91633],[-77.0463,38.91638],[-77.0463,38.91645],[-77.0463,38.91651],[-77.04629,38.91656],[-77.04627,38.9166],[-77.04626,38.91662],[-77.04625,38.91664],[-77.04624,38.91666],[-77.04623,38.91668],[-77.04613,38.91686],[-77.04612,38.91687],[-77.04612,38.91689],[-77.04611,38.9169],[-77.04611,38.91691],[-77.0461,38.91692],[-77.0461,38.91694],[-77.04609,38.91695],[-77.04609,38.91696],[-77.04608,38.91697],[-77.04608,38.91699],[-77.04608,38.917],[-77.04607,38.91701],[-77.04607,38.91702],[-77.04607,38.91703],[-77.04602,38.9171],[-77.04598,38.91717],[-77.04593,38.91724],[-77.04589,38.91732],[-77.04584,38.91739],[-77.0458,38.91746],[-77.04575,38.91753],[-77.04571,38.9176],[-77.04567,38.91767],[-77.04562,38.91774],[-77.04556,38.91783],[-77.04549,38.91794],[-77.04545,38.91801],[-77.04534,38.91819],[-77.04529,38.91827],[-77.04528,38.91828],[-77.04521,38.91839],[-77.04513,38.91852],[-77.04507,38.9186],[-77.04489,38.91889],[-77.04485,38.91896],[-77.04478,38.91906],[-77.04472,38.91916],[-77.04445,38.91958],[-77.04443,38.91961],[-77.04441,38.91965],[-77.0444,38.91967],[-77.04436,38.91973],[-77.0443,38.91984],[-77.04422,38.92001],[-77.04403,38.92038],[-77.04396,38.92055],[-77.04393,38.9206],[-77.04389,38.92069],[-77.04388,38.9207],[-77.04374,38.92105],[-77.04371,38.9211],[-77.04371,38.92112],[-77.04367,38.9212],[-77.04358,38.92141],[-77.04345,38.92171],[-77.04333,38.922],[-77.04332,38.92203],[-77.04331,38.92205],[-77.0433,38.92208],[-77.04328,38.92211],[-77.04327,38.92214],[-77.04325,38.92217],[-77.04324,38.92219],[-77.04322,38.92222],[-77.04321,38.92225],[-77.0432,38.92227],[-77.04318,38.92229],[-77.04318,38.9223],[-77.04317,38.92231],[-77.04316,38.92233],[-77.04315,38.92234],[-77.04313,38.92236],[-77.04312,38.92237],[-77.04311,38.92239],[-77.04309,38.9224],[-77.04307,38.92242],[-77.04305,38.92243],[-77.04303,38.92245],[-77.04301,38.92246],[-77.04299,38.92247],[-77.04297,38.92249],[-77.04282,38.92258],[-77.04269,38.92267],[-77.04273,38.92281],[-77.04273,38.92283],[-77.04274,38.92285],[-77.04276,38.92288],[-77.04277,38.92291],[-77.04279,38.92293],[-77.0428,38.92296],[-77.04282,38.92299],[-77.04285,38.92301],[-77.04287,38.92303],[-77.04289,38.92305],[-77.04292,38.92307],[-77.04294,38.92309],[-77.04297,38.9231],[-77.04299,38.92312],[-77.04301,38.92313],[-77.04303,38.92314],[-77.04306,38.92316],[-77.04308,38.92317],[-77.04311,38.92318],[-77.04313,38.92319],[-77.04316,38.9232],[-77.04319,38.92321],[-77.04321,38.92322],[-77.04324,38.92323],[-77.04327,38.92324],[-77.0433,38.92324],[-77.04333,38.92324],[-77.04336,38.92325],[-77.04368,38.92343],[-77.04372,38.92345],[-77.04391,38.92354],[-77.04412,38.92363],[-77.04415,38.92364],[-77.0445,38.92364],[-77.04452,38.92364],[-77.04509,38.92365],[-77.04521,38.92365],[-77.04532,38.92364],[-77.04619,38.92362],[-77.0462,38.92366],[-77.04731,38.92363],[-77.04744,38.92363],[-77.04744,38.92341],[-77.04749,38.9232],[-77.04749,38.92311],[-77.04749,38.92305],[-77.04747,38.92297],[-77.04745,38.9229],[-77.04743,38.92286],[-77.0474,38.92281],[-77.04739,38.92278],[-77.04737,38.92275],[-77.04733,38.9227],[-77.0473,38.92265],[-77.04727,38.9226],[-77.04725,38.92255],[-77.04723,38.9225],[-77.04721,38.92245],[-77.04748,38.92239],[-77.04774,38.92212],[-77.04789,38.92211],[-77.04791,38.92212],[-77.04819,38.92172],[-77.04825,38.92159],[-77.04827,38.92147],[-77.04841,38.92126],[-77.04841,38.92125],[-77.04842,38.92124],[-77.04842,38.92122],[-77.04843,38.92121],[-77.04843,38.9212],[-77.04843,38.92119],[-77.04844,38.92117],[-77.04844,38.92116],[-77.04844,38.92115],[-77.04843,38.92114],[-77.04843,38.92113],[-77.04843,38.92111],[-77.04842,38.9211],[-77.04842,38.92109],[-77.04842,38.92107],[-77.04839,38.92101],[-77.04835,38.92094],[-77.04832,38.92087],[-77.04828,38.92079],[-77.04825,38.92073],[-77.04822,38.92067],[-77.04819,38.92062],[-77.04819,38.9206],[-77.04818,38.92059],[-77.04818,38.92058],[-77.04818,38.92056],[-77.04817,38.92055],[-77.04818,38.92054],[-77.04818,38.92052],[-77.04818,38.92051],[-77.04819,38.9205],[-77.0482,38.92048],[-77.04821,38.92047],[-77.04824,38.92043],[-77.04828,38.9204],[-77.04831,38.92036],[-77.04837,38.9203],[-77.04843,38.92024],[-77.04847,38.9202],[-77.04853,38.92013],[-77.04858,38.92008],[-77.04863,38.92002],[-77.04865,38.91999],[-77.04868,38.91996],[-77.0487,38.91994],[-77.04872,38.91991],[-77.04875,38.91987],[-77.04878,38.91983],[-77.04881,38.91978],[-77.04884,38.91973],[-77.04888,38.91968],[-77.04892,38.9196],[-77.04904,38.91955],[-77.04908,38.91954],[-77.04917,38.9195],[-77.04915,38.91947],[-77.04912,38.91943],[-77.04909,38.91938],[-77.04906,38.91933]]]},"properties":{"name":"Kalorama Triangle Historic District","label":"Kalorama Triangle HD","designation":"DC/NR","date":null,"nr":"Y"}},{"type":"Feature","geometry":{"type":"Polygon","coordinates":[[[-76.99766,38.90603],[-76.99731,38.90588],[-76.99415,38.90453],[-76.99357,38.90549],[-76.994,38.90568],[-76.99392,38.90583],[-76.99424,38.90598],[-76.99422,38.90603],[-76.99566,38.90664],[-76.9955,38.90679],[-76.99518,38.90703],[-76.99502,38.90718],[-76.99547,38.90738],[-76.99564,38.90714],[-76.9957,38.90718],[-76.99575,38.90722],[-76.9958,38.90725],[-76.99585,38.90728],[-76.99593,38.90731],[-76.99601,38.90735],[-76.99603,38.90735],[-76.99607,38.90736],[-76.99609,38.90736],[-76.99612,38.90736],[-76.99614,38.90735],[-76.99617,38.90734],[-76.99622,38.90732],[-76.99626,38.90729],[-76.9963,38.90726],[-76.99633,38.90723],[-76.99636,38.90719],[-76.99639,38.90715],[-76.99644,38.90717],[-76.99667,38.90727],[-76.99668,38.90727],[-76.99669,38.90727],[-76.9967,38.90727],[-76.99671,38.90728],[-76.99672,38.90728],[-76.99673,38.90727],[-76.99674,38.90727],[-76.99675,38.90727],[-76.99676,38.90726],[-76.99677,38.90726],[-76.99678,38.90725],[-76.99678,38.90724],[-76.99679,38.90724],[-76.9968,38.90723],[-76.9968,38.90722],[-76.99681,38.90722],[-76.99681,38.90721],[-76.99713,38.90677],[-76.99766,38.90603]]]},"properties":{"name":"Gallaudet College Historic District","label":"Gallaudet College HD","designation":"DC/NR/NHL","date":null,"nr":"Y"}},{"type":"Feature","geometry":{"type":"Polygon","coordinates":[[[-77.02547,38.89685],[-77.02554,38.89685],[-77.02554,38.89683],[-77.02584,38.89683],[-77.02598,38.89683],[-77.02598,38.89681],[-77.02613,38.89681],[-77.02646,38.89681],[-77.02646,38.89674],[-77.02613,38.89674],[-77.02598,38.89674],[-77.02598,38.89651],[-77.02584,38.89651],[-77.02563,38.89651],[-77.02563,38.89659],[-77.02554,38.89659],[-77.02554,38.89664],[-77.02547,38.89664],[-77.02547,38.89685]]]},"properties":{"name":"Ford's Theatre National Historic Site","label":"Ford's Theatre NHS","designation":"DC/NR/NHS","date":null,"nr":"Y"}},{"type":"Feature","geometry":{"type":"Polygon","coordinates":[[[-77.05841,38.95621],[-77.05841,38.9562],[-77.05841,38.95618],[-77.05841,38.95616],[-77.05841,38.95615],[-77.0584,38.95613],[-77.0584,38.95611],[-77.05839,38.9561],[-77.05838,38.95608],[-77.05837,38.95606],[-77.05836,38.95605],[-77.05835,38.95603],[-77.05834,38.95602],[-77.05833,38.956],[-77.05831,38.95599],[-77.0583,38.95598],[-77.05828,38.95597],[-77.05827,38.95595],[-77.05825,38.95594],[-77.05823,38.95593],[-77.05822,38.95592],[-77.0582,38.95591],[-77.05818,38.95591],[-77.05816,38.9559],[-77.05814,38.95589],[-77.05812,38.95588],[-77.0581,38.95587],[-77.05808,38.95586],[-77.05805,38.95585],[-77.05803,38.95584],[-77.05801,38.95583],[-77.05799,38.95582],[-77.05797,38.95581],[-77.05795,38.9558],[-77.05793,38.95579],[-77.05791,38.95578],[-77.05789,38.95577],[-77.05786,38.95576],[-77.05784,38.95575],[-77.05782,38.95574],[-77.0578,38.95573],[-77.05778,38.95572],[-77.05776,38.9557],[-77.05774,38.95569],[-77.05773,38.95568],[-77.05771,38.95567],[-77.05769,38.95565],[-77.05768,38.95564],[-77.05766,38.95563],[-77.05765,38.95561],[-77.05763,38.9556],[-77.05762,38.95559],[-77.0576,38.95557],[-77.05759,38.95556],[-77.05758,38.95554],[-77.05757,38.95553],[-77.05756,38.95552],[-77.05755,38.9555],[-77.05755,38.95549],[-77.05754,38.95548],[-77.05753,38.95546],[-77.05753,38.95545],[-77.05752,38.95543],[-77.05752,38.95542],[-77.05751,38.95541],[-77.05751,38.95539],[-77.05751,38.95538],[-77.05751,38.95537],[-77.0575,38.95535],[-77.0575,38.95534],[-77.0575,38.95533],[-77.0575,38.95531],[-77.05751,38.9553],[-77.05751,38.95529],[-77.05751,38.95527],[-77.05752,38.95525],[-77.05752,38.95524],[-77.05752,38.95522],[-77.05753,38.95521],[-77.05753,38.95519],[-77.05754,38.95516],[-77.05755,38.95515],[-77.05755,38.95513],[-77.05759,38.95503],[-77.05759,38.95501],[-77.0576,38.955],[-77.0576,38.95499],[-77.05761,38.95497],[-77.05761,38.95496],[-77.05762,38.95495],[-77.05762,38.95493],[-77.05762,38.95492],[-77.05763,38.95491],[-77.05763,38.95489],[-77.05763,38.95488],[-77.05763,38.95487],[-77.05763,38.95485],[-77.05763,38.95484],[-77.05763,38.95483],[-77.05763,38.95481],[-77.05763,38.9548],[-77.05763,38.95479],[-77.05763,38.95478],[-77.05762,38.95476],[-77.05762,38.95475],[-77.05762,38.95474],[-77.05761,38.95473],[-77.05761,38.95472],[-77.0576,38.95471],[-77.0576,38.9547],[-77.05759,38.95469],[-77.05758,38.95468],[-77.05758,38.95467],[-77.05757,38.95466],[-77.05748,38.95452],[-77.05747,38.95451],[-77.05746,38.9545],[-77.05745,38.95449],[-77.05744,38.95448],[-77.05743,38.95446],[-77.05742,38.95445],[-77.05741,38.95444],[-77.0574,38.95443],[-77.05738,38.95442],[-77.05737,38.95441],[-77.05735,38.95439],[-77.05733,38.95438],[-77.0573,38.95436],[-77.05728,38.95435],[-77.05726,38.95433],[-77.05724,38.95432],[-77.05721,38.9543],[-77.05719,38.95429],[-77.05717,38.95427],[-77.05714,38.95426],[-77.05712,38.95424],[-77.05709,38.95422],[-77.05706,38.95421],[-77.05704,38.95419],[-77.05701,38.95418],[-77.05699,38.95416],[-77.05696,38.95414],[-77.05693,38.95413],[-77.05691,38.95411],[-77.05688,38.9541],[-77.05686,38.95408],[-77.05683,38.95406],[-77.0568,38.95405],[-77.05678,38.95403],[-77.05675,38.95402],[-77.05672,38.954],[-77.0567,38.95399],[-77.05667,38.95397],[-77.05665,38.95396],[-77.05662,38.95394],[-77.0566,38.95393],[-77.05657,38.95392],[-77.05655,38.95391],[-77.05653,38.9539],[-77.05651,38.95388],[-77.05648,38.95387],[-77.05646,38.95386],[-77.05644,38.95385],[-77.05641,38.95384],[-77.0564,38.95383],[-77.05639,38.95383],[-77.05617,38.95372],[-77.05616,38.95372],[-77.05609,38.95368],[-77.05607,38.95367],[-77.05606,38.95367],[-77.05604,38.95366],[-77.05602,38.95365],[-77.056,38.95364],[-77.05598,38.95363],[-77.05597,38.95362],[-77.05595,38.95361],[-77.05593,38.9536],[-77.05591,38.95359],[-77.05589,38.95358],[-77.05587,38.95357],[-77.05585,38.95356],[-77.05583,38.95354],[-77.05581,38.95353],[-77.05579,38.95352],[-77.05577,38.9535],[-77.05575,38.95349],[-77.05573,38.95348],[-77.05571,38.95346],[-77.05569,38.95345],[-77.05567,38.95344],[-77.05565,38.95342],[-77.05564,38.95341],[-77.05562,38.95339],[-77.0556,38.95338],[-77.05559,38.95336],[-77.05557,38.95335],[-77.05555,38.95333],[-77.05554,38.95331],[-77.05552,38.95329],[-77.0555,38.95327],[-77.05548,38.95325],[-77.05546,38.95323],[-77.05544,38.95321],[-77.05542,38.95319],[-77.05541,38.95317],[-77.05539,38.95314],[-77.05537,38.95312],[-77.05535,38.9531],[-77.05533,38.95308],[-77.05531,38.95306],[-77.05529,38.95303],[-77.05527,38.95301],[-77.05525,38.95299],[-77.05523,38.95297],[-77.05521,38.95294],[-77.05519,38.95292],[-77.05517,38.9529],[-77.05514,38.95288],[-77.05513,38.95286],[-77.05511,38.95284],[-77.0551,38.95283],[-77.05509,38.95281],[-77.05507,38.95279],[-77.05506,38.95277],[-77.05505,38.95276],[-77.05504,38.95274],[-77.05502,38.95272],[-77.05501,38.9527],[-77.055,38.95269],[-77.055,38.95267],[-77.05499,38.95265],[-77.05498,38.95263],[-77.05497,38.95261],[-77.05497,38.95259],[-77.05496,38.95257],[-77.05495,38.95255],[-77.05495,38.95253],[-77.05494,38.95251],[-77.05488,38.95233],[-77.05488,38.95232],[-77.05487,38.9523],[-77.05487,38.95228],[-77.05486,38.95227],[-77.05485,38.95225],[-77.05484,38.95223],[-77.05483,38.95222],[-77.05482,38.9522],[-77.05481,38.95219],[-77.0548,38.95217],[-77.05479,38.95215],[-77.05477,38.95214],[-77.05476,38.95212],[-77.05474,38.9521],[-77.05472,38.95209],[-77.0547,38.95208],[-77.05468,38.95206],[-77.05466,38.95205],[-77.05463,38.95204],[-77.05461,38.95203],[-77.05459,38.95203],[-77.05457,38.95202],[-77.05455,38.95202],[-77.05454,38.95201],[-77.05452,38.95201],[-77.0545,38.952],[-77.05448,38.952],[-77.05446,38.95199],[-77.05444,38.95199],[-77.05442,38.95199],[-77.05421,38.95194],[-77.05381,38.95186],[-77.05354,38.9518],[-77.0534,38.95178],[-77.05339,38.95177],[-77.05337,38.95177],[-77.05335,38.95176],[-77.05334,38.95176],[-77.05332,38.95175],[-77.0533,38.95175],[-77.05329,38.95174],[-77.05327,38.95173],[-77.05326,38.95173],[-77.05325,38.95172],[-77.05323,38.95171],[-77.05321,38.95169],[-77.05319,38.95168],[-77.05318,38.95167],[-77.05316,38.95165],[-77.05315,38.95164],[-77.05313,38.95162],[-77.05312,38.95161],[-77.05311,38.95159],[-77.0531,38.95158],[-77.05309,38.95156],[-77.05308,38.95154],[-77.05307,38.95152],[-77.05306,38.9515],[-77.05305,38.95148],[-77.05304,38.95146],[-77.05304,38.95144],[-77.05303,38.95143],[-77.05303,38.95141],[-77.05302,38.95139],[-77.05302,38.95137],[-77.05301,38.95135],[-77.05301,38.95133],[-77.05301,38.95131],[-77.05301,38.9513],[-77.05301,38.95127],[-77.05301,38.95126],[-77.05301,38.95124],[-77.05301,38.95122],[-77.05301,38.9512],[-77.05302,38.95117],[-77.05302,38.95114],[-77.05302,38.95112],[-77.05303,38.95109],[-77.05303,38.95106],[-77.05304,38.95103],[-77.05304,38.951],[-77.05304,38.95098],[-77.05305,38.95095],[-77.05305,38.95092],[-77.05306,38.9509],[-77.05306,38.95088],[-77.05306,38.95086],[-77.05307,38.95084],[-77.05307,38.95082],[-77.05307,38.9508],[-77.05307,38.95078],[-77.05307,38.95076],[-77.05307,38.95074],[-77.05307,38.95072],[-77.05306,38.95069],[-77.05306,38.95067],[-77.05306,38.95065],[-77.05305,38.95064],[-77.05305,38.95063],[-77.05305,38.95061],[-77.05304,38.95059],[-77.05303,38.95056],[-77.05303,38.95054],[-77.05302,38.95052],[-77.05301,38.9505],[-77.053,38.95048],[-77.05299,38.95046],[-77.05298,38.95044],[-77.05297,38.95042],[-77.05296,38.95041],[-77.05295,38.95039],[-77.05294,38.95037],[-77.05293,38.95035],[-77.05291,38.95033],[-77.0529,38.95031],[-77.05289,38.95031],[-77.05288,38.9503],[-77.05287,38.95028],[-77.05285,38.95026],[-77.05284,38.95024],[-77.05282,38.95022],[-77.05281,38.9502],[-77.05279,38.95018],[-77.05278,38.95016],[-77.05276,38.95014],[-77.05275,38.95012],[-77.05274,38.95011],[-77.05265,38.94999],[-77.05264,38.94998],[-77.05263,38.94997],[-77.05261,38.94995],[-77.0526,38.94993],[-77.05258,38.94991],[-77.05257,38.9499],[-77.05255,38.94988],[-77.05254,38.94986],[-77.05252,38.94985],[-77.05251,38.94983],[-77.05249,38.94981],[-77.05247,38.9498],[-77.05246,38.94978],[-77.05244,38.94976],[-77.05243,38.94975],[-77.05241,38.94973],[-77.05239,38.94972],[-77.05238,38.9497],[-77.05236,38.94969],[-77.05234,38.94967],[-77.05232,38.94966],[-77.05231,38.94965],[-77.05229,38.94963],[-77.05227,38.94962],[-77.05226,38.94961],[-77.05224,38.9496],[-77.05222,38.94958],[-77.0522,38.94957],[-77.05219,38.94956],[-77.05217,38.94955],[-77.05215,38.94954],[-77.05213,38.94952],[-77.05211,38.94951],[-77.05209,38.94949],[-77.05207,38.94948],[-77.05205,38.94946],[-77.05203,38.94945],[-77.05201,38.94943],[-77.052,38.94941],[-77.05198,38.9494],[-77.05196,38.94938],[-77.05194,38.94936],[-77.05192,38.94934],[-77.0519,38.94931],[-77.05188,38.94929],[-77.05186,38.94927],[-77.05185,38.94924],[-77.05183,38.94922],[-77.05181,38.94919],[-77.0518,38.94917],[-77.05178,38.94914],[-77.05176,38.94912],[-77.05175,38.94909],[-77.05173,38.94907],[-77.05172,38.94904],[-77.0517,38.94902],[-77.05169,38.94899],[-77.05167,38.94897],[-77.05166,38.94894],[-77.05165,38.94892],[-77.05163,38.94889],[-77.05162,38.94886],[-77.05161,38.94883],[-77.0516,38.94881],[-77.05158,38.94878],[-77.05157,38.94875],[-77.05156,38.94872],[-77.05155,38.9487],[-77.05154,38.94867],[-77.05153,38.94864],[-77.05152,38.94861],[-77.05151,38.94858],[-77.0515,38.94855],[-77.05149,38.94852],[-77.05148,38.94848],[-77.05147,38.94845],[-77.05147,38.94842],[-77.05146,38.94839],[-77.05145,38.94836],[-77.05145,38.94832],[-77.05144,38.94829],[-77.05143,38.94826],[-77.05143,38.94823],[-77.05142,38.9482],[-77.05142,38.94817],[-77.05142,38.94814],[-77.05142,38.94811],[-77.05141,38.94808],[-77.05141,38.94805],[-77.05141,38.94802],[-77.05141,38.94799],[-77.05141,38.94797],[-77.05142,38.94795],[-77.05142,38.94793],[-77.05142,38.94791],[-77.05143,38.94789],[-77.05143,38.94787],[-77.05144,38.94785],[-77.05144,38.94783],[-77.05145,38.94781],[-77.05145,38.94779],[-77.05146,38.94775],[-77.05148,38.94772],[-77.05149,38.94768],[-77.0515,38.94764],[-77.05151,38.9476],[-77.05152,38.94756],[-77.05153,38.94752],[-77.05154,38.94748],[-77.05155,38.94744],[-77.05156,38.9474],[-77.05157,38.94737],[-77.05157,38.94734],[-77.05158,38.94731],[-77.05158,38.94728],[-77.05159,38.94725],[-77.05159,38.94722],[-77.0516,38.94719],[-77.0516,38.94716],[-77.0516,38.94713],[-77.05161,38.9471],[-77.05164,38.9469],[-77.05164,38.94687],[-77.05164,38.94685],[-77.05164,38.94682],[-77.05164,38.94679],[-77.05164,38.94676],[-77.05164,38.94674],[-77.05164,38.94671],[-77.05164,38.94668],[-77.05164,38.94665],[-77.05164,38.94663],[-77.05164,38.94661],[-77.05163,38.94658],[-77.05163,38.94656],[-77.05163,38.94654],[-77.05162,38.94652],[-77.05162,38.9465],[-77.05161,38.94648],[-77.0516,38.94646],[-77.0516,38.94644],[-77.05159,38.94641],[-77.05158,38.94639],[-77.05157,38.94636],[-77.05156,38.94633],[-77.05155,38.9463],[-77.05154,38.94627],[-77.05153,38.94624],[-77.05151,38.94621],[-77.0515,38.94619],[-77.05149,38.94616],[-77.05148,38.94613],[-77.05147,38.94611],[-77.05145,38.94608],[-77.05144,38.94606],[-77.05143,38.94603],[-77.05142,38.94601],[-77.0514,38.94599],[-77.05139,38.94596],[-77.05137,38.94594],[-77.05136,38.94592],[-77.05134,38.9459],[-77.0513,38.94584],[-77.05126,38.94578],[-77.05122,38.94573],[-77.05118,38.94567],[-77.05114,38.94561],[-77.0511,38.94556],[-77.05106,38.9455],[-77.05102,38.94545],[-77.05098,38.94539],[-77.05094,38.94533],[-77.05093,38.94532],[-77.05092,38.9453],[-77.05091,38.94529],[-77.0509,38.94527],[-77.05089,38.94526],[-77.05088,38.94524],[-77.05086,38.94523],[-77.05085,38.94521],[-77.05084,38.9452],[-77.05082,38.94518],[-77.05081,38.94517],[-77.05079,38.94515],[-77.05077,38.94513],[-77.05076,38.94512],[-77.05074,38.9451],[-77.05072,38.94508],[-77.0507,38.94507],[-77.05068,38.94505],[-77.05066,38.94503],[-77.05064,38.94502],[-77.05055,38.94494],[-77.05043,38.94484],[-77.0504,38.94482],[-77.05039,38.94482],[-77.05039,38.94481],[-77.05038,38.94481],[-77.05023,38.94466],[-77.05016,38.94458],[-77.05015,38.94456],[-77.05023,38.94444],[-77.05216,38.94164],[-77.05259,38.94189],[-77.05293,38.94143],[-77.05324,38.94102],[-77.05321,38.94102],[-77.05319,38.94102],[-77.05316,38.94101],[-77.05313,38.94101],[-77.0531,38.941],[-77.05306,38.94099],[-77.05303,38.94098],[-77.053,38.94098],[-77.05296,38.94097],[-77.05293,38.94096],[-77.0529,38.94095],[-77.05286,38.94093],[-77.05283,38.94092],[-77.0528,38.94091],[-77.05277,38.9409],[-77.05274,38.94088],[-77.05271,38.94087],[-77.05269,38.94086],[-77.05266,38.94085],[-77.05264,38.94083],[-77.05262,38.94082],[-77.0526,38.94081],[-77.05257,38.94079],[-77.05255,38.94078],[-77.05253,38.94076],[-77.05251,38.94075],[-77.05248,38.94073],[-77.05246,38.94071],[-77.05244,38.9407],[-77.05242,38.94068],[-77.05239,38.94066],[-77.05237,38.94064],[-77.0527,38.9403],[-77.05275,38.94005],[-77.05281,38.93976],[-77.05284,38.93963],[-77.05294,38.93917],[-77.05294,38.93915],[-77.05294,38.93914],[-77.05294,38.93912],[-77.05294,38.9391],[-77.05294,38.93908],[-77.05294,38.93907],[-77.05293,38.93905],[-77.05293,38.93903],[-77.05292,38.93901],[-77.05292,38.939],[-77.05291,38.93898],[-77.05291,38.93897],[-77.0529,38.93895],[-77.05289,38.93894],[-77.05288,38.93892],[-77.05287,38.93891],[-77.05286,38.93889],[-77.05285,38.93888],[-77.05283,38.93887],[-77.05283,38.93886],[-77.05281,38.93885],[-77.0528,38.93884],[-77.05279,38.93883],[-77.05278,38.93882],[-77.05289,38.9383],[-77.0529,38.93827],[-77.0529,38.93824],[-77.0529,38.93822],[-77.0529,38.93819],[-77.0529,38.93814],[-77.0529,38.9381],[-77.0529,38.93807],[-77.05289,38.93804],[-77.05289,38.93801],[-77.05288,38.93798],[-77.05287,38.93795],[-77.05286,38.93791],[-77.05285,38.93788],[-77.05284,38.93785],[-77.05283,38.93782],[-77.05281,38.93778],[-77.05279,38.93775],[-77.05277,38.93771],[-77.05275,38.93768],[-77.05273,38.93765],[-77.05272,38.93763],[-77.0527,38.93761],[-77.05268,38.93759],[-77.05266,38.93757],[-77.05264,38.93754],[-77.05263,38.93753],[-77.05261,38.93751],[-77.0524,38.9373],[-77.05231,38.9372],[-77.05165,38.93656],[-77.05142,38.93625],[-77.05138,38.93621],[-77.05133,38.93616],[-77.05075,38.93559],[-77.05072,38.93557],[-77.0507,38.93555],[-77.05067,38.93553],[-77.05065,38.93552],[-77.05063,38.9355],[-77.0506,38.93548],[-77.05058,38.93547],[-77.05055,38.93545],[-77.05053,38.93544],[-77.05051,38.93543],[-77.05049,38.93542],[-77.05048,38.93542],[-77.05047,38.93541],[-77.05045,38.9354],[-77.05043,38.9354],[-77.05041,38.93539],[-77.05039,38.93538],[-77.05037,38.93538],[-77.05035,38.93537],[-77.05033,38.93536],[-77.05031,38.93536],[-77.05029,38.93535],[-77.05027,38.93535],[-77.05025,38.93534],[-77.05023,38.93534],[-77.05021,38.93534],[-77.05019,38.93534],[-77.05017,38.93533],[-77.05015,38.93533],[-77.05014,38.93533],[-77.05012,38.93533],[-77.0501,38.93533],[-77.05008,38.93532],[-77.05007,38.93532],[-77.05004,38.93532],[-77.05001,38.93532],[-77.05,38.93532],[-77.04999,38.93531],[-77.04998,38.93531],[-77.04996,38.93531],[-77.04995,38.93531],[-77.04994,38.9353],[-77.04992,38.9353],[-77.04991,38.9353],[-77.0499,38.9353],[-77.04988,38.93529],[-77.04987,38.93529],[-77.04986,38.93528],[-77.04984,38.93528],[-77.04983,38.93527],[-77.04982,38.93527],[-77.0498,38.93526],[-77.04979,38.93525],[-77.04977,38.93525],[-77.04976,38.93524],[-77.04974,38.93523],[-77.04973,38.93522],[-77.04972,38.93522],[-77.04971,38.93521],[-77.0497,38.9352],[-77.04969,38.9352],[-77.04968,38.93519],[-77.04967,38.93518],[-77.04966,38.93517],[-77.04965,38.93516],[-77.04963,38.93515],[-77.04962,38.93513],[-77.04961,38.93512],[-77.0496,38.9351],[-77.04959,38.93509],[-77.04958,38.93507],[-77.04957,38.93506],[-77.04956,38.93505],[-77.04956,38.93504],[-77.04955,38.93503],[-77.04954,38.93501],[-77.04954,38.935],[-77.04953,38.93498],[-77.04953,38.93496],[-77.04952,38.93495],[-77.04952,38.93493],[-77.04952,38.93491],[-77.04952,38.9349],[-77.04952,38.93488],[-77.04952,38.93487],[-77.04952,38.93486],[-77.04952,38.93485],[-77.04952,38.93483],[-77.04952,38.93482],[-77.04953,38.9348],[-77.04953,38.93479],[-77.04953,38.93478],[-77.04954,38.93476],[-77.04954,38.93475],[-77.04955,38.93474],[-77.04955,38.93473],[-77.04955,38.93472],[-77.04956,38.93471],[-77.04957,38.9347],[-77.04957,38.93469],[-77.04958,38.93468],[-77.04959,38.93467],[-77.0496,38.93465],[-77.04961,38.93464],[-77.04961,38.93463],[-77.04962,38.93462],[-77.04963,38.93461],[-77.04964,38.93461],[-77.04965,38.9346],[-77.04966,38.93459],[-77.04967,38.93458],[-77.04968,38.93457],[-77.04969,38.93456],[-77.0497,38.93455],[-77.04971,38.93455],[-77.04972,38.93454],[-77.04973,38.93453],[-77.04974,38.93453],[-77.04975,38.93452],[-77.04976,38.93451],[-77.05042,38.93417],[-77.05041,38.93413],[-77.0501,38.93416],[-77.05008,38.93416],[-77.04991,38.93419],[-77.04987,38.93408],[-77.04993,38.93405],[-77.04998,38.93403],[-77.04999,38.93402],[-77.05003,38.934],[-77.05005,38.93398],[-77.0501,38.93395],[-77.05011,38.93394],[-77.05013,38.93392],[-77.05017,38.93389],[-77.05018,38.93388],[-77.05023,38.93383],[-77.05027,38.93379],[-77.05031,38.93374],[-77.05041,38.93359],[-77.05044,38.93355],[-77.05047,38.93351],[-77.0505,38.93348],[-77.05052,38.93346],[-77.05055,38.93343],[-77.05075,38.93333],[-77.05061,38.93325],[-77.05063,38.93324],[-77.05064,38.93323],[-77.05065,38.93322],[-77.05067,38.93321],[-77.05068,38.93321],[-77.0507,38.9332],[-77.05072,38.93319],[-77.05074,38.93318],[-77.05076,38.93317],[-77.05077,38.93317],[-77.05079,38.93316],[-77.0508,38.93316],[-77.05082,38.93316],[-77.05084,38.93316],[-77.05085,38.93316],[-77.05086,38.93316],[-77.05087,38.93317],[-77.05088,38.93317],[-77.05089,38.93318],[-77.05091,38.93319],[-77.05092,38.93319],[-77.05093,38.9332],[-77.05094,38.9332],[-77.05095,38.93321],[-77.05106,38.93315],[-77.05073,38.93294],[-77.05024,38.93275],[-77.05025,38.93277],[-77.05026,38.93279],[-77.05026,38.9328],[-77.05024,38.93281],[-77.05023,38.93282],[-77.05022,38.93283],[-77.05018,38.93284],[-77.05015,38.93278],[-77.04954,38.93272],[-77.04942,38.93268],[-77.0493,38.93264],[-77.04917,38.9326],[-77.04907,38.93258],[-77.04898,38.93256],[-77.04888,38.93255],[-77.04877,38.93254],[-77.04869,38.93253],[-77.04861,38.93253],[-77.04852,38.93252],[-77.04844,38.93252],[-77.04804,38.93252],[-77.04748,38.93252],[-77.0475,38.93272],[-77.04754,38.93329],[-77.04731,38.93366],[-77.04698,38.93367],[-77.04693,38.93367],[-77.04693,38.93368],[-77.04702,38.9339],[-77.04711,38.93415],[-77.047,38.93421],[-77.04681,38.93429],[-77.04663,38.93437],[-77.04651,38.93442],[-77.04649,38.93441],[-77.04639,38.93435],[-77.04618,38.93423],[-77.04617,38.93423],[-77.04616,38.93422],[-77.04614,38.93421],[-77.04613,38.9342],[-77.04612,38.93419],[-77.04611,38.93418],[-77.04609,38.93417],[-77.04608,38.93416],[-77.04607,38.93415],[-77.04606,38.93414],[-77.04604,38.93412],[-77.04603,38.9341],[-77.04601,38.93408],[-77.04599,38.93406],[-77.04597,38.93403],[-77.04596,38.93401],[-77.04594,38.93399],[-77.04592,38.93397],[-77.04591,38.93395],[-77.04589,38.93393],[-77.04587,38.93391],[-77.04587,38.9339],[-77.04573,38.93369],[-77.04572,38.93368],[-77.04571,38.93368],[-77.0457,38.93369],[-77.0457,38.9337],[-77.04569,38.93373],[-77.04569,38.93376],[-77.04569,38.93378],[-77.04568,38.93381],[-77.04568,38.93384],[-77.04568,38.93387],[-77.04567,38.9339],[-77.04567,38.93393],[-77.04566,38.93395],[-77.04565,38.93398],[-77.04562,38.93414],[-77.04557,38.93443],[-77.04552,38.93467],[-77.04536,38.93546],[-77.04504,38.93542],[-77.04504,38.93544],[-77.04484,38.93548],[-77.04486,38.9354],[-77.04449,38.93536],[-77.04438,38.93534],[-77.0441,38.93531],[-77.04404,38.93523],[-77.0438,38.93535],[-77.04341,38.93542],[-77.04268,38.93547],[-77.042,38.93547],[-77.04192,38.93546],[-77.04187,38.93544],[-77.04144,38.93528],[-77.04144,38.93549],[-77.04127,38.93549],[-77.04127,38.93586],[-77.04046,38.93619],[-77.03989,38.93642],[-77.03856,38.93696],[-77.03856,38.93694],[-77.03857,38.93692],[-77.03857,38.9369],[-77.03858,38.93689],[-77.03859,38.93685],[-77.03861,38.93682],[-77.03863,38.93679],[-77.03865,38.93676],[-77.03888,38.93648],[-77.03874,38.9364],[-77.0384,38.93664],[-77.03836,38.93666],[-77.03834,38.93668],[-77.03832,38.93669],[-77.0383,38.9367],[-77.03827,38.93672],[-77.03822,38.93674],[-77.03818,38.93675],[-77.03814,38.93677],[-77.0381,38.93678],[-77.03805,38.93679],[-77.03802,38.9368],[-77.03798,38.9368],[-77.03792,38.93681],[-77.0379,38.93681],[-77.03786,38.93681],[-77.03784,38.93682],[-77.03781,38.93682],[-77.03761,38.93681],[-77.03741,38.93681],[-77.03722,38.93681],[-77.03702,38.93681],[-77.03675,38.93682],[-77.03675,38.93786],[-77.03636,38.93786],[-77.03616,38.93786],[-77.03577,38.93786],[-77.0357,38.93782],[-77.0355,38.93782],[-77.03525,38.93782],[-77.035,38.93782],[-77.03476,38.93782],[-77.03451,38.93782],[-77.03426,38.93782],[-77.03414,38.93782],[-77.0341,38.93784],[-77.03423,38.93798],[-77.03442,38.93819],[-77.03442,38.93867],[-77.03443,38.93933],[-77.03443,38.93967],[-77.03449,38.93967],[-77.03451,38.93968],[-77.03452,38.9397],[-77.03453,38.93971],[-77.03453,38.93973],[-77.03454,38.93974],[-77.03454,38.93975],[-77.03454,38.93976],[-77.03453,38.93978],[-77.03452,38.93979],[-77.03451,38.93981],[-77.0345,38.93982],[-77.03448,38.93983],[-77.03443,38.93983],[-77.03443,38.94024],[-77.03444,38.9403],[-77.03444,38.94069],[-77.03444,38.94077],[-77.03474,38.94077],[-77.03476,38.94077],[-77.03477,38.94077],[-77.03479,38.94076],[-77.0348,38.94076],[-77.03481,38.94075],[-77.03482,38.94075],[-77.03483,38.94074],[-77.03484,38.94073],[-77.03485,38.94073],[-77.03486,38.94072],[-77.03495,38.9406],[-77.03514,38.94038],[-77.03515,38.94037],[-77.03522,38.94029],[-77.03531,38.9402],[-77.03548,38.94001],[-77.03595,38.93945],[-77.03616,38.93921],[-77.03629,38.93906],[-77.0363,38.93905],[-77.03633,38.93902],[-77.03633,38.93901],[-77.03634,38.93901],[-77.03634,38.939],[-77.03634,38.93899],[-77.03635,38.93899],[-77.03635,38.93898],[-77.03635,38.93897],[-77.03635,38.93895],[-77.03635,38.93894],[-77.03635,38.93893],[-77.03635,38.93892],[-77.03672,38.93892],[-77.0378,38.93893],[-77.03793,38.93941],[-77.03792,38.93963],[-77.03817,38.93963],[-77.03816,38.93962],[-77.03847,38.9393],[-77.03854,38.93922],[-77.03858,38.93918],[-77.03866,38.93909],[-77.03883,38.93892],[-77.03906,38.93871],[-77.03908,38.93869],[-77.03909,38.93868],[-77.0391,38.93867],[-77.03911,38.93866],[-77.03913,38.93865],[-77.03914,38.93864],[-77.03915,38.93863],[-77.03917,38.93862],[-77.03919,38.93861],[-77.0392,38.9386],[-77.03922,38.93859],[-77.03923,38.93858],[-77.03925,38.93857],[-77.03927,38.93856],[-77.03928,38.93855],[-77.0393,38.93854],[-77.03932,38.93853],[-77.03935,38.93852],[-77.03937,38.93851],[-77.03939,38.9385],[-77.0394,38.9385],[-77.03942,38.93849],[-77.03943,38.93849],[-77.03945,38.93848],[-77.03947,38.93848],[-77.03948,38.93847],[-77.0395,38.93847],[-77.03952,38.93847],[-77.03954,38.93846],[-77.03955,38.93846],[-77.03956,38.93846],[-77.03977,38.93844],[-77.03982,38.93843],[-77.03987,38.93842],[-77.03991,38.93842],[-77.03996,38.93842],[-77.04,38.93843],[-77.04003,38.93843],[-77.04007,38.93843],[-77.04011,38.93844],[-77.04014,38.93845],[-77.04017,38.93846],[-77.04021,38.93847],[-77.04024,38.93848],[-77.04027,38.9385],[-77.0403,38.93851],[-77.04034,38.93853],[-77.04037,38.93855],[-77.0404,38.93857],[-77.04044,38.9386],[-77.04047,38.93862],[-77.0405,38.93864],[-77.04053,38.93867],[-77.04056,38.93869],[-77.04058,38.93872],[-77.04061,38.93875],[-77.04064,38.93878],[-77.04067,38.93881],[-77.0407,38.93884],[-77.04072,38.93887],[-77.04075,38.9389],[-77.04077,38.93893],[-77.04079,38.93896],[-77.04082,38.939],[-77.04084,38.93903],[-77.04086,38.93906],[-77.04088,38.9391],[-77.0409,38.93913],[-77.04091,38.93917],[-77.04093,38.9392],[-77.04094,38.93924],[-77.04096,38.93928],[-77.04097,38.93931],[-77.04098,38.93935],[-77.04099,38.93939],[-77.04099,38.93943],[-77.041,38.93945],[-77.041,38.93948],[-77.04101,38.9395],[-77.04101,38.93953],[-77.04101,38.93955],[-77.04101,38.93958],[-77.04101,38.93961],[-77.04101,38.93963],[-77.04101,38.93966],[-77.04101,38.93968],[-77.04102,38.93969],[-77.04102,38.9397],[-77.04103,38.9397],[-77.04103,38.93971],[-77.04104,38.93971],[-77.04104,38.93972],[-77.04105,38.93972],[-77.04106,38.93972],[-77.04118,38.93972],[-77.04136,38.93972],[-77.04149,38.93972],[-77.0415,38.93972],[-77.04151,38.93972],[-77.04152,38.93971],[-77.04153,38.93971],[-77.04153,38.9397],[-77.04154,38.9397],[-77.04154,38.93969],[-77.04154,38.93942],[-77.04154,38.93914],[-77.04154,38.93879],[-77.04154,38.93862],[-77.04154,38.9386],[-77.04154,38.93858],[-77.04154,38.93855],[-77.04154,38.93853],[-77.04155,38.93851],[-77.04155,38.93849],[-77.04156,38.93847],[-77.04156,38.93845],[-77.04157,38.93843],[-77.04157,38.93841],[-77.04158,38.93838],[-77.04159,38.93836],[-77.0416,38.93834],[-77.04161,38.93832],[-77.04163,38.93829],[-77.04164,38.93827],[-77.04166,38.93825],[-77.04167,38.93823],[-77.04169,38.93821],[-77.04171,38.93819],[-77.04173,38.93817],[-77.04175,38.93816],[-77.04177,38.93814],[-77.0418,38.93812],[-77.04182,38.93811],[-77.04184,38.93809],[-77.04187,38.93808],[-77.04189,38.93806],[-77.04192,38.93805],[-77.04195,38.93804],[-77.04197,38.93803],[-77.042,38.93802],[-77.04203,38.93801],[-77.04206,38.938],[-77.04208,38.93799],[-77.04211,38.93799],[-77.04214,38.93798],[-77.04217,38.93798],[-77.0422,38.93797],[-77.04223,38.93797],[-77.04249,38.93794],[-77.04278,38.93792],[-77.04311,38.93788],[-77.0434,38.93786],[-77.04356,38.93784],[-77.04362,38.93778],[-77.04373,38.93775],[-77.0444,38.93762],[-77.04466,38.93757],[-77.04551,38.93747],[-77.04662,38.93734],[-77.04739,38.93788],[-77.0477,38.93907],[-77.04772,38.93998],[-77.0476,38.94049],[-77.04752,38.94082],[-77.04749,38.9409],[-77.04768,38.94094],[-77.04766,38.94101],[-77.0476,38.941],[-77.04755,38.94109],[-77.04744,38.94135],[-77.04737,38.94151],[-77.04733,38.94156],[-77.04713,38.94186],[-77.04695,38.94211],[-77.04658,38.94209],[-77.04651,38.94208],[-77.0465,38.94213],[-77.04649,38.94227],[-77.04653,38.94249],[-77.04632,38.94286],[-77.04594,38.94342],[-77.04565,38.9437],[-77.04563,38.94372],[-77.04563,38.94373],[-77.04562,38.94373],[-77.04562,38.94374],[-77.04562,38.94375],[-77.04561,38.94379],[-77.04561,38.9438],[-77.04561,38.94381],[-77.04561,38.94382],[-77.04561,38.94383],[-77.04563,38.94383],[-77.04564,38.94383],[-77.04565,38.94383],[-77.04566,38.94383],[-77.04568,38.94383],[-77.04569,38.94384],[-77.0457,38.94384],[-77.04571,38.94385],[-77.04572,38.94385],[-77.04573,38.94386],[-77.04574,38.94387],[-77.04575,38.94388],[-77.04576,38.94389],[-77.04577,38.94391],[-77.04577,38.94392],[-77.04577,38.94393],[-77.04577,38.94394],[-77.04581,38.94396],[-77.04582,38.94396],[-77.04583,38.94396],[-77.04584,38.94397],[-77.04585,38.94397],[-77.04586,38.94397],[-77.04587,38.94398],[-77.04588,38.94399],[-77.04589,38.94399],[-77.04589,38.944],[-77.0459,38.944],[-77.04591,38.94401],[-77.04591,38.94402],[-77.04592,38.94403],[-77.04593,38.94404],[-77.04593,38.94405],[-77.04593,38.94406],[-77.04593,38.94407],[-77.04594,38.94408],[-77.04594,38.94409],[-77.04594,38.9441],[-77.04593,38.9441],[-77.04593,38.94411],[-77.04593,38.94412],[-77.04593,38.94413],[-77.04592,38.94414],[-77.04592,38.94415],[-77.04591,38.94416],[-77.0459,38.94417],[-77.04589,38.94418],[-77.04588,38.94418],[-77.04588,38.94419],[-77.04587,38.9442],[-77.04586,38.9442],[-77.04585,38.9442],[-77.04584,38.94421],[-77.04583,38.94421],[-77.04582,38.94422],[-77.04581,38.94422],[-77.0458,38.94422],[-77.04579,38.94422],[-77.04578,38.94422],[-77.04577,38.94422],[-77.04576,38.94422],[-77.04575,38.94422],[-77.04569,38.94426],[-77.04563,38.9443],[-77.04556,38.94435],[-77.04549,38.94439],[-77.04543,38.94444],[-77.04538,38.94447],[-77.04533,38.94451],[-77.04528,38.94455],[-77.04523,38.94458],[-77.04516,38.94463],[-77.0451,38.94468],[-77.04505,38.94472],[-77.045,38.94476],[-77.04495,38.9448],[-77.0449,38.94483],[-77.04485,38.94487],[-77.04479,38.94492],[-77.04474,38.94497],[-77.04469,38.94501],[-77.04465,38.94505],[-77.0446,38.94509],[-77.04454,38.94513],[-77.0445,38.94518],[-77.04445,38.94522],[-77.0444,38.94527],[-77.04436,38.94531],[-77.04428,38.94533],[-77.04414,38.94546],[-77.04412,38.94549],[-77.0441,38.94551],[-77.04407,38.94554],[-77.04405,38.94556],[-77.04403,38.94558],[-77.044,38.94561],[-77.04398,38.94563],[-77.04395,38.94566],[-77.04393,38.94568],[-77.04391,38.94571],[-77.04388,38.94574],[-77.04385,38.94577],[-77.04383,38.9458],[-77.0438,38.94583],[-77.04377,38.94586],[-77.04374,38.94589],[-77.04372,38.94592],[-77.04369,38.94595],[-77.04367,38.94598],[-77.04364,38.94601],[-77.04345,38.94623],[-77.04325,38.94647],[-77.04306,38.94668],[-77.04305,38.9467],[-77.04294,38.94683],[-77.04294,38.94684],[-77.04291,38.94687],[-77.04288,38.9469],[-77.04285,38.94693],[-77.04283,38.94696],[-77.0428,38.94699],[-77.04277,38.94702],[-77.04275,38.94706],[-77.04272,38.94709],[-77.04269,38.94712],[-77.04267,38.94715],[-77.04254,38.9473],[-77.04252,38.94732],[-77.0425,38.94734],[-77.04249,38.94736],[-77.04247,38.94738],[-77.04245,38.9474],[-77.04244,38.94742],[-77.04242,38.94744],[-77.0424,38.94745],[-77.04239,38.94747],[-77.04237,38.94749],[-77.04235,38.94751],[-77.04233,38.94753],[-77.04231,38.94755],[-77.04229,38.94757],[-77.04227,38.94759],[-77.04226,38.94761],[-77.04224,38.94763],[-77.04222,38.94764],[-77.0422,38.94766],[-77.04218,38.94768],[-77.04216,38.9477],[-77.04214,38.94772],[-77.04211,38.94774],[-77.04209,38.94776],[-77.04207,38.94778],[-77.04205,38.9478],[-77.04203,38.94782],[-77.04201,38.94784],[-77.04199,38.94785],[-77.04196,38.94787],[-77.04194,38.94789],[-77.04191,38.94792],[-77.04189,38.94794],[-77.04186,38.94796],[-77.04184,38.94798],[-77.04181,38.948],[-77.04178,38.94802],[-77.04176,38.94805],[-77.04173,38.94807],[-77.04171,38.94809],[-77.0416,38.94818],[-77.04159,38.94819],[-77.04158,38.9482],[-77.04157,38.94821],[-77.04156,38.94822],[-77.04155,38.94823],[-77.04155,38.94824],[-77.04154,38.94825],[-77.04153,38.94825],[-77.04152,38.94826],[-77.04151,38.94827],[-77.0415,38.94828],[-77.04149,38.94829],[-77.04148,38.9483],[-77.04147,38.94831],[-77.04146,38.94832],[-77.04145,38.94833],[-77.04144,38.94834],[-77.04143,38.94835],[-77.04142,38.94836],[-77.04138,38.9484],[-77.04133,38.94843],[-77.04129,38.94847],[-77.04124,38.94851],[-77.0412,38.94855],[-77.04116,38.94858],[-77.04111,38.94862],[-77.04107,38.94866],[-77.04103,38.9487],[-77.04098,38.94873],[-77.04094,38.94877],[-77.04089,38.94881],[-77.04084,38.94885],[-77.0408,38.94889],[-77.04075,38.94893],[-77.04071,38.94897],[-77.04066,38.94901],[-77.04061,38.94905],[-77.04057,38.94908],[-77.04052,38.94912],[-77.04049,38.94915],[-77.04045,38.94919],[-77.04041,38.94922],[-77.04038,38.94925],[-77.04034,38.94928],[-77.0403,38.94931],[-77.04027,38.94934],[-77.04023,38.94937],[-77.04019,38.9494],[-77.04016,38.94943],[-77.04002,38.94954],[-77.03991,38.94963],[-77.03983,38.94968],[-77.0398,38.94972],[-77.03976,38.94975],[-77.03972,38.94979],[-77.03968,38.94982],[-77.03964,38.94985],[-77.0396,38.94989],[-77.03956,38.94992],[-77.03952,38.94995],[-77.03948,38.94998],[-77.03944,38.95002],[-77.0394,38.95005],[-77.03936,38.95008],[-77.03933,38.95011],[-77.03929,38.95015],[-77.03925,38.95018],[-77.03921,38.95021],[-77.03917,38.95025],[-77.03914,38.95028],[-77.0391,38.95031],[-77.03906,38.95035],[-77.03883,38.95054],[-77.03864,38.95071],[-77.03848,38.95086],[-77.03835,38.95097],[-77.0383,38.95101],[-77.03818,38.95111],[-77.0381,38.95118],[-77.03806,38.95121],[-77.03802,38.95124],[-77.03798,38.95127],[-77.03794,38.9513],[-77.03789,38.95134],[-77.03784,38.95139],[-77.03779,38.95143],[-77.03774,38.95147],[-77.0377,38.95152],[-77.03768,38.95153],[-77.03766,38.95156],[-77.03765,38.95156],[-77.03761,38.9516],[-77.03761,38.95161],[-77.03748,38.95171],[-77.03747,38.95172],[-77.03732,38.95184],[-77.03702,38.9521],[-77.03675,38.95232],[-77.03665,38.95241],[-77.03656,38.95248],[-77.03651,38.95252],[-77.03651,38.95253],[-77.0365,38.95253],[-77.0365,38.95254],[-77.0365,38.95255],[-77.0365,38.95256],[-77.0365,38.95257],[-77.0365,38.9526],[-77.0365,38.95266],[-77.0365,38.95273],[-77.0365,38.95278],[-77.0365,38.9528],[-77.0365,38.95288],[-77.0365,38.95315],[-77.03649,38.95347],[-77.03649,38.95374],[-77.03649,38.95439],[-77.03649,38.95459],[-77.03649,38.95488],[-77.03649,38.95523],[-77.03649,38.95566],[-77.03649,38.95589],[-77.03649,38.95597],[-77.03649,38.95599],[-77.03649,38.95614],[-77.03649,38.9563],[-77.03649,38.9564],[-77.03649,38.95641],[-77.03649,38.95642],[-77.0365,38.95642],[-77.0365,38.95643],[-77.03651,38.95643],[-77.03651,38.95644],[-77.03652,38.95644],[-77.03654,38.95645],[-77.03663,38.95648],[-77.03721,38.95673],[-77.03765,38.95691],[-77.03788,38.95701],[-77.03789,38.95701],[-77.03791,38.95702],[-77.03792,38.95703],[-77.03794,38.95703],[-77.03796,38.95704],[-77.03797,38.95705],[-77.03799,38.95705],[-77.03801,38.95706],[-77.03802,38.95707],[-77.03804,38.95707],[-77.03807,38.95708],[-77.0381,38.95709],[-77.03813,38.95711],[-77.03816,38.95712],[-77.03819,38.95713],[-77.03822,38.95714],[-77.03825,38.95715],[-77.03828,38.95717],[-77.03831,38.95718],[-77.03834,38.95719],[-77.03848,38.95724],[-77.03846,38.95727],[-77.03844,38.9573],[-77.03842,38.95732],[-77.03821,38.95761],[-77.03819,38.95764],[-77.03798,38.95793],[-77.03788,38.95809],[-77.03767,38.95838],[-77.0377,38.95846],[-77.03785,38.95859],[-77.03803,38.95866],[-77.03815,38.95872],[-77.03889,38.95901],[-77.03869,38.95927],[-77.03849,38.95952],[-77.0384,38.95965],[-77.03816,38.95999],[-77.0381,38.96006],[-77.03786,38.9604],[-77.03777,38.96053],[-77.03775,38.96055],[-77.03829,38.96078],[-77.03885,38.96102],[-77.03876,38.96115],[-77.03868,38.96127],[-77.03859,38.96139],[-77.03842,38.96163],[-77.03842,38.96185],[-77.03884,38.96202],[-77.03884,38.96211],[-77.03884,38.96227],[-77.03884,38.96244],[-77.03884,38.96265],[-77.03884,38.96272],[-77.03842,38.96266],[-77.03816,38.96261],[-77.03785,38.96256],[-77.03761,38.96253],[-77.0374,38.9625],[-77.03725,38.96248],[-77.0371,38.96246],[-77.03695,38.96243],[-77.03667,38.96239],[-77.03651,38.96237],[-77.0365,38.96253],[-77.03649,38.96258],[-77.03649,38.96276],[-77.03649,38.96279],[-77.03649,38.96296],[-77.03652,38.96306],[-77.03649,38.96318],[-77.03649,38.96319],[-77.03649,38.96322],[-77.03648,38.96325],[-77.03648,38.96328],[-77.03647,38.96331],[-77.03647,38.96334],[-77.03647,38.96337],[-77.03647,38.9634],[-77.03647,38.96343],[-77.03647,38.96346],[-77.03647,38.96349],[-77.03647,38.96377],[-77.03647,38.96415],[-77.03647,38.96453],[-77.03647,38.96468],[-77.03647,38.96481],[-77.03647,38.96491],[-77.03647,38.96494],[-77.03647,38.96502],[-77.03647,38.96514],[-77.03647,38.96534],[-77.03647,38.96536],[-77.03647,38.9655],[-77.03647,38.96571],[-77.03666,38.96601],[-77.03685,38.96628],[-77.037,38.9665],[-77.03711,38.96667],[-77.03721,38.96681],[-77.0373,38.96694],[-77.03738,38.96705],[-77.03747,38.96719],[-77.03757,38.96732],[-77.03763,38.96742],[-77.03766,38.96746],[-77.03767,38.96748],[-77.03773,38.9677],[-77.03774,38.96774],[-77.03778,38.96787],[-77.03788,38.96826],[-77.03789,38.96832],[-77.03799,38.9687],[-77.03803,38.96883],[-77.03813,38.96921],[-77.03814,38.96927],[-77.03825,38.96966],[-77.03828,38.96979],[-77.03838,38.97018],[-77.03803,38.97023],[-77.03785,38.97026],[-77.0375,38.97032],[-77.03732,38.97035],[-77.03727,38.97036],[-77.03665,38.97045],[-77.03646,38.97049],[-77.03646,38.97051],[-77.03646,38.97063],[-77.03646,38.97081],[-77.03646,38.97091],[-77.03646,38.97098],[-77.03646,38.97104],[-77.03646,38.9711],[-77.03646,38.97117],[-77.03646,38.97123],[-77.03646,38.97129],[-77.03646,38.97136],[-77.03646,38.97143],[-77.03646,38.97148],[-77.03645,38.9716],[-77.03645,38.97163],[-77.03645,38.97216],[-77.03645,38.97218],[-77.03646,38.97237],[-77.03645,38.97257],[-77.03645,38.97258],[-77.03645,38.97259],[-77.03645,38.9726],[-77.03646,38.97261],[-77.03646,38.97262],[-77.03648,38.97267],[-77.03648,38.97268],[-77.03648,38.97269],[-77.03648,38.9727],[-77.03648,38.97286],[-77.03648,38.97287],[-77.03648,38.97288],[-77.03648,38.97289],[-77.03648,38.9729],[-77.03647,38.9729],[-77.03647,38.97291],[-77.03647,38.97292],[-77.03646,38.97293],[-77.03646,38.97294],[-77.03646,38.97295],[-77.03645,38.97296],[-77.03645,38.97297],[-77.03645,38.97298],[-77.03645,38.97301],[-77.03645,38.97303],[-77.03645,38.97325],[-77.03645,38.97329],[-77.03645,38.97359],[-77.03645,38.97388],[-77.03645,38.97419],[-77.03645,38.97451],[-77.03645,38.97472],[-77.03645,38.97483],[-77.03645,38.97512],[-77.03645,38.97633],[-77.03645,38.9765],[-77.03645,38.97659],[-77.03644,38.97702],[-77.03644,38.9778],[-77.03644,38.97863],[-77.03644,38.97872],[-77.03644,38.97933],[-77.03644,38.97947],[-77.03644,38.98013],[-77.03644,38.98029],[-77.03644,38.98032],[-77.03644,38.98046],[-77.03643,38.98079],[-77.03643,38.98081],[-77.03643,38.98082],[-77.03644,38.98082],[-77.03644,38.98083],[-77.03645,38.98083],[-77.03645,38.98084],[-77.03646,38.98084],[-77.03648,38.98084],[-77.03708,38.9809],[-77.03752,38.98095],[-77.03766,38.98096],[-77.0379,38.98099],[-77.03829,38.98103],[-77.0385,38.98101],[-77.03921,38.98108],[-77.03893,38.98138],[-77.03898,38.98255],[-77.03915,38.98266],[-77.0392,38.98285],[-77.03922,38.98285],[-77.03924,38.98286],[-77.03926,38.98287],[-77.03928,38.98288],[-77.0393,38.98289],[-77.03932,38.9829],[-77.03934,38.98291],[-77.03936,38.98292],[-77.03937,38.98293],[-77.03938,38.98294],[-77.0394,38.98295],[-77.03941,38.98296],[-77.03942,38.98298],[-77.03944,38.98299],[-77.03945,38.983],[-77.03946,38.98301],[-77.03947,38.98302],[-77.03949,38.98303],[-77.03953,38.98307],[-77.03957,38.98311],[-77.0396,38.98314],[-77.03964,38.98318],[-77.03968,38.98322],[-77.03972,38.98325],[-77.03976,38.98329],[-77.0398,38.98332],[-77.03984,38.98336],[-77.03988,38.9834],[-77.03989,38.9834],[-77.03989,38.98341],[-77.0399,38.98341],[-77.03991,38.98341],[-77.03992,38.98342],[-77.03993,38.98342],[-77.03994,38.98342],[-77.03995,38.98342],[-77.03996,38.98342],[-77.03997,38.98342],[-77.03998,38.98342],[-77.03999,38.98342],[-77.04,38.98342],[-77.04001,38.98343],[-77.04002,38.98343],[-77.04003,38.98344],[-77.04004,38.98344],[-77.04004,38.98345],[-77.04005,38.98346],[-77.04006,38.98346],[-77.04007,38.98348],[-77.04007,38.98349],[-77.04007,38.9835],[-77.04007,38.98351],[-77.04007,38.98352],[-77.04006,38.98353],[-77.04005,38.98354],[-77.04004,38.98355],[-77.03927,38.98405],[-77.03927,38.98406],[-77.03928,38.98406],[-77.03931,38.98411],[-77.03938,38.98421],[-77.03942,38.98425],[-77.03945,38.9843],[-77.03949,38.98435],[-77.03952,38.9844],[-77.03956,38.98445],[-77.0396,38.9845],[-77.03963,38.98454],[-77.03981,38.98478],[-77.03984,38.98481],[-77.03986,38.98484],[-77.03989,38.98488],[-77.03992,38.98492],[-77.03994,38.98495],[-77.03997,38.98499],[-77.03999,38.98502],[-77.04001,38.98505],[-77.04002,38.98506],[-77.04004,38.98509],[-77.04007,38.98513],[-77.04009,38.98515],[-77.04011,38.98517],[-77.04016,38.98517],[-77.04017,38.98517],[-77.04018,38.98517],[-77.04019,38.98517],[-77.0409,38.98529],[-77.04096,38.98534],[-77.04103,38.9854],[-77.04108,38.98546],[-77.04109,38.98548],[-77.04162,38.98611],[-77.04174,38.98629],[-77.04185,38.98636],[-77.04186,38.98637],[-77.04187,38.98637],[-77.0419,38.98638],[-77.04192,38.98639],[-77.04195,38.9864],[-77.04198,38.9864],[-77.042,38.9864],[-77.04203,38.98641],[-77.04206,38.98641],[-77.04209,38.9864],[-77.04211,38.9864],[-77.04217,38.98639],[-77.0422,38.98638],[-77.04223,38.98637],[-77.04225,38.98636],[-77.04228,38.98636],[-77.04231,38.98635],[-77.04234,38.98634],[-77.04237,38.98633],[-77.04238,38.98633],[-77.0424,38.98633],[-77.04241,38.98632],[-77.04242,38.98632],[-77.04243,38.98632],[-77.04244,38.98631],[-77.04245,38.98631],[-77.04246,38.98631],[-77.04247,38.9863],[-77.04248,38.9863],[-77.04249,38.98629],[-77.0425,38.98629],[-77.04251,38.98628],[-77.04253,38.98627],[-77.04254,38.98627],[-77.04255,38.98626],[-77.04256,38.98625],[-77.04256,38.98624],[-77.04257,38.98623],[-77.04257,38.98622],[-77.04258,38.9862],[-77.04258,38.98619],[-77.04258,38.98615],[-77.04259,38.98611],[-77.04259,38.98607],[-77.0426,38.98603],[-77.04261,38.98598],[-77.04261,38.98594],[-77.04262,38.9859],[-77.04262,38.98586],[-77.04264,38.98577],[-77.04264,38.98572],[-77.04265,38.98567],[-77.04265,38.98564],[-77.04266,38.98561],[-77.04266,38.98556],[-77.04267,38.9855],[-77.04267,38.98548],[-77.04268,38.98545],[-77.04268,38.98539],[-77.04269,38.98534],[-77.0427,38.98529],[-77.04271,38.98523],[-77.04271,38.98518],[-77.04272,38.98513],[-77.04273,38.98508],[-77.04274,38.98503],[-77.04274,38.98499],[-77.04274,38.98498],[-77.04275,38.98493],[-77.04276,38.98489],[-77.0429,38.98489],[-77.04298,38.98488],[-77.04325,38.98488],[-77.04375,38.98486],[-77.04378,38.98486],[-77.04382,38.98486],[-77.04386,38.98487],[-77.0439,38.98487],[-77.04393,38.98487],[-77.04397,38.98487],[-77.04401,38.98487],[-77.04404,38.98488],[-77.04408,38.98488],[-77.04412,38.98488],[-77.04416,38.98489],[-77.04419,38.9849],[-77.04423,38.9849],[-77.04426,38.98491],[-77.0443,38.98493],[-77.04433,38.98494],[-77.04436,38.98495],[-77.0444,38.98497],[-77.04443,38.98498],[-77.04446,38.985],[-77.04449,38.98502],[-77.04452,38.98505],[-77.04455,38.98507],[-77.04458,38.9851],[-77.0446,38.98512],[-77.04463,38.98515],[-77.04465,38.98518],[-77.04467,38.9852],[-77.04469,38.98523],[-77.04471,38.98526],[-77.04474,38.98533],[-77.04476,38.98537],[-77.04478,38.9854],[-77.04481,38.98543],[-77.04483,38.98546],[-77.04486,38.9855],[-77.04488,38.98553],[-77.04491,38.98556],[-77.04494,38.98558],[-77.04498,38.98561],[-77.04501,38.98564],[-77.04503,38.98565],[-77.04506,38.98567],[-77.04508,38.98568],[-77.0451,38.9857],[-77.04513,38.98571],[-77.04515,38.98572],[-77.04518,38.98574],[-77.0452,38.98575],[-77.04523,38.98576],[-77.04525,38.98577],[-77.04529,38.98579],[-77.04533,38.98581],[-77.04536,38.98582],[-77.04537,38.98583],[-77.04541,38.98584],[-77.04545,38.98586],[-77.04549,38.98587],[-77.04552,38.98589],[-77.04553,38.98589],[-77.04557,38.9859],[-77.04562,38.98592],[-77.04566,38.98593],[-77.0457,38.98594],[-77.04573,38.98596],[-77.04577,38.98597],[-77.04581,38.98599],[-77.04584,38.986],[-77.04588,38.98602],[-77.04591,38.98604],[-77.04594,38.98605],[-77.04598,38.98607],[-77.04601,38.98609],[-77.04604,38.98611],[-77.04607,38.98612],[-77.0461,38.98614],[-77.04613,38.98616],[-77.04616,38.98617],[-77.04618,38.98619],[-77.04621,38.98621],[-77.04624,38.98622],[-77.04627,38.98624],[-77.04629,38.98626],[-77.04632,38.98628],[-77.04634,38.9863],[-77.04636,38.98632],[-77.04638,38.98634],[-77.04641,38.98636],[-77.04643,38.98638],[-77.04645,38.9864],[-77.04647,38.98642],[-77.04648,38.98644],[-77.0465,38.98646],[-77.04659,38.9866],[-77.04661,38.98663],[-77.04663,38.98665],[-77.04665,38.98667],[-77.04667,38.9867],[-77.04669,38.98672],[-77.04671,38.98674],[-77.04673,38.98676],[-77.04675,38.98678],[-77.04678,38.9868],[-77.0468,38.98682],[-77.04682,38.98683],[-77.04683,38.98684],[-77.04685,38.98685],[-77.04687,38.98686],[-77.04688,38.98687],[-77.0469,38.98688],[-77.04692,38.98689],[-77.04694,38.98689],[-77.04696,38.9869],[-77.04697,38.9869],[-77.04698,38.9869],[-77.04703,38.98692],[-77.04706,38.98693],[-77.04709,38.98694],[-77.04711,38.98694],[-77.04713,38.98695],[-77.04716,38.98696],[-77.04719,38.98697],[-77.04722,38.98698],[-77.04725,38.98699],[-77.04727,38.987],[-77.0473,38.98702],[-77.04733,38.98703],[-77.04737,38.98705],[-77.04741,38.98707],[-77.04745,38.9871],[-77.04748,38.98713],[-77.04751,38.98715],[-77.04754,38.98718],[-77.04757,38.98722],[-77.04759,38.98725],[-77.04761,38.98728],[-77.04763,38.98732],[-77.04763,38.98733],[-77.04764,38.98735],[-77.04765,38.98737],[-77.04766,38.9874],[-77.04766,38.98743],[-77.04767,38.98746],[-77.04767,38.98748],[-77.04767,38.98751],[-77.04767,38.98754],[-77.04767,38.98757],[-77.04767,38.9876],[-77.04766,38.98776],[-77.04766,38.98777],[-77.04766,38.9878],[-77.04766,38.98782],[-77.04766,38.98783],[-77.04766,38.98784],[-77.04766,38.98786],[-77.04767,38.98787],[-77.04767,38.98788],[-77.04767,38.9879],[-77.04768,38.98794],[-77.0477,38.98797],[-77.04771,38.98801],[-77.04774,38.98805],[-77.04776,38.98808],[-77.04779,38.98811],[-77.04782,38.98814],[-77.04786,38.98817],[-77.04789,38.9882],[-77.04793,38.98822],[-77.04797,38.98824],[-77.048,38.98826],[-77.04803,38.98828],[-77.04806,38.9883],[-77.04809,38.98832],[-77.04812,38.98834],[-77.04815,38.98836],[-77.04818,38.98838],[-77.0482,38.98841],[-77.04823,38.98843],[-77.04825,38.98844],[-77.04826,38.98845],[-77.04827,38.98847],[-77.04829,38.98848],[-77.0483,38.98849],[-77.04831,38.98851],[-77.04832,38.98852],[-77.04833,38.98853],[-77.04834,38.98855],[-77.04835,38.98856],[-77.04836,38.98858],[-77.04837,38.9886],[-77.04838,38.98862],[-77.04839,38.98865],[-77.0484,38.98867],[-77.04841,38.98869],[-77.04841,38.98871],[-77.04842,38.98873],[-77.04842,38.98875],[-77.04843,38.98877],[-77.04843,38.98879],[-77.04843,38.9888],[-77.04843,38.98881],[-77.04843,38.98882],[-77.04843,38.98883],[-77.04842,38.98884],[-77.04842,38.98885],[-77.04841,38.98886],[-77.0484,38.98887],[-77.04843,38.98894],[-77.04851,38.98925],[-77.04715,38.98931],[-77.04736,38.98991],[-77.04667,38.99014],[-77.0471,38.99119],[-77.0545,38.9854],[-77.05449,38.9854],[-77.05448,38.98539],[-77.05447,38.98539],[-77.05446,38.98539],[-77.05445,38.98538],[-77.05443,38.98538],[-77.05442,38.98538],[-77.05441,38.98538],[-77.0544,38.98537],[-77.05438,38.98537],[-77.05437,38.98537],[-77.05435,38.98536],[-77.05433,38.98536],[-77.05431,38.98535],[-77.05429,38.98534],[-77.05427,38.98534],[-77.05425,38.98533],[-77.05423,38.98532],[-77.05421,38.98531],[-77.0542,38.9853],[-77.05419,38.9853],[-77.05418,38.98529],[-77.05415,38.98528],[-77.05413,38.98527],[-77.0541,38.98525],[-77.05408,38.98524],[-77.05405,38.98522],[-77.05403,38.98521],[-77.054,38.98519],[-77.05398,38.98518],[-77.05396,38.98516],[-77.05393,38.98514],[-77.05391,38.98513],[-77.05389,38.98511],[-77.05387,38.9851],[-77.05384,38.98508],[-77.05382,38.98507],[-77.0538,38.98505],[-77.05377,38.98504],[-77.05375,38.98502],[-77.05373,38.98501],[-77.05371,38.98499],[-77.05368,38.98497],[-77.05365,38.98495],[-77.05362,38.98493],[-77.05359,38.98491],[-77.05357,38.98489],[-77.05354,38.98487],[-77.05351,38.98485],[-77.05349,38.98483],[-77.05346,38.9848],[-77.05344,38.98478],[-77.05341,38.98475],[-77.05337,38.98472],[-77.05334,38.98469],[-77.05331,38.98466],[-77.05328,38.98462],[-77.05325,38.98459],[-77.05322,38.98456],[-77.05319,38.98453],[-77.05317,38.98449],[-77.05314,38.98446],[-77.05312,38.98443],[-77.0531,38.98441],[-77.05309,38.98438],[-77.05307,38.98435],[-77.05305,38.98433],[-77.05303,38.9843],[-77.053,38.98425],[-77.05297,38.98419],[-77.05295,38.98416],[-77.05293,38.98413],[-77.05291,38.9841],[-77.0529,38.98406],[-77.05288,38.98403],[-77.05287,38.984],[-77.05285,38.98396],[-77.05284,38.98393],[-77.05283,38.9839],[-77.05281,38.98386],[-77.0528,38.98384],[-77.05279,38.98381],[-77.05278,38.98379],[-77.05278,38.98376],[-77.05277,38.98374],[-77.05276,38.98371],[-77.05275,38.98369],[-77.05274,38.98366],[-77.05274,38.98363],[-77.05273,38.98361],[-77.05272,38.98358],[-77.05272,38.98355],[-77.05271,38.98353],[-77.0527,38.9835],[-77.0527,38.98347],[-77.05269,38.98345],[-77.05269,38.98342],[-77.05268,38.98339],[-77.05268,38.98336],[-77.05267,38.98334],[-77.05267,38.9833],[-77.05266,38.98327],[-77.05266,38.98324],[-77.05265,38.9832],[-77.05265,38.98317],[-77.05264,38.98314],[-77.05263,38.9831],[-77.05263,38.98307],[-77.05262,38.98304],[-77.05262,38.983],[-77.05261,38.98296],[-77.0526,38.98292],[-77.0526,38.98288],[-77.05259,38.98284],[-77.05258,38.9828],[-77.05258,38.98276],[-77.05257,38.98272],[-77.05256,38.98268],[-77.05256,38.98265],[-77.05255,38.98261],[-77.05254,38.98257],[-77.05254,38.98254],[-77.05253,38.98251],[-77.05252,38.98247],[-77.05252,38.98244],[-77.05251,38.9824],[-77.05251,38.98237],[-77.0525,38.98234],[-77.0525,38.9823],[-77.05249,38.98227],[-77.05249,38.98224],[-77.05248,38.98221],[-77.05248,38.98219],[-77.05247,38.98216],[-77.05247,38.98213],[-77.05246,38.98211],[-77.05246,38.98208],[-77.05245,38.98205],[-77.05245,38.98202],[-77.05244,38.982],[-77.05244,38.98197],[-77.05243,38.98194],[-77.05243,38.98191],[-77.05242,38.98188],[-77.05242,38.98185],[-77.05241,38.98182],[-77.05241,38.98179],[-77.0524,38.98176],[-77.0524,38.98173],[-77.05239,38.98171],[-77.05239,38.98167],[-77.05238,38.98164],[-77.05237,38.9816],[-77.05237,38.98157],[-77.05236,38.98153],[-77.05235,38.9815],[-77.05235,38.98148],[-77.05235,38.98146],[-77.05234,38.98143],[-77.05233,38.98139],[-77.05233,38.98136],[-77.05231,38.98126],[-77.05229,38.98118],[-77.05222,38.98081],[-77.05221,38.98075],[-77.0522,38.98068],[-77.0522,38.98066],[-77.05219,38.98061],[-77.05218,38.98055],[-77.05217,38.98048],[-77.05216,38.98044],[-77.05216,38.98042],[-77.05215,38.98035],[-77.05214,38.98028],[-77.05213,38.98022],[-77.05213,38.98015],[-77.05212,38.98012],[-77.05212,38.98008],[-77.05212,38.98004],[-77.05212,38.98],[-77.05211,38.97997],[-77.05211,38.97993],[-77.05211,38.97989],[-77.05211,38.97985],[-77.05211,38.97982],[-77.05211,38.97978],[-77.05211,38.97977],[-77.05211,38.97976],[-77.05212,38.97949],[-77.0522,38.97889],[-77.05227,38.97851],[-77.05229,38.9784],[-77.0523,38.97836],[-77.0524,38.97769],[-77.05247,38.97731],[-77.05249,38.9772],[-77.05252,38.97699],[-77.05259,38.97655],[-77.05265,38.97616],[-77.05267,38.97605],[-77.05268,38.97601],[-77.05273,38.97566],[-77.0528,38.97521],[-77.05288,38.97466],[-77.05292,38.97445],[-77.05296,38.97417],[-77.053,38.97386],[-77.05316,38.97292],[-77.05319,38.97274],[-77.0532,38.97271],[-77.05321,38.97257],[-77.05324,38.97236],[-77.05325,38.97233],[-77.05328,38.97209],[-77.0533,38.97196],[-77.05331,38.9719],[-77.05335,38.97167],[-77.05335,38.97163],[-77.05336,38.97159],[-77.05336,38.97155],[-77.05337,38.97151],[-77.05337,38.97148],[-77.05338,38.97144],[-77.05339,38.9714],[-77.05339,38.97136],[-77.0534,38.97132],[-77.05341,38.97129],[-77.05341,38.97126],[-77.05342,38.97123],[-77.05342,38.9712],[-77.05343,38.97117],[-77.05343,38.97115],[-77.05343,38.97114],[-77.05344,38.97111],[-77.05344,38.97108],[-77.05345,38.97105],[-77.05345,38.97102],[-77.05346,38.97099],[-77.05346,38.97096],[-77.05347,38.97091],[-77.05347,38.97088],[-77.05348,38.97085],[-77.05348,38.97082],[-77.05348,38.9708],[-77.05349,38.97077],[-77.05349,38.97074],[-77.0535,38.97072],[-77.0535,38.97071],[-77.0535,38.9707],[-77.05352,38.97048],[-77.05357,38.97018],[-77.05361,38.96994],[-77.05362,38.96984],[-77.05365,38.96968],[-77.05371,38.96934],[-77.05376,38.96906],[-77.05383,38.96869],[-77.05387,38.96841],[-77.05389,38.96831],[-77.05392,38.96817],[-77.05394,38.96802],[-77.05395,38.9679],[-77.05396,38.96778],[-77.05397,38.96772],[-77.05397,38.9677],[-77.05402,38.96749],[-77.05405,38.96742],[-77.05408,38.96735],[-77.05408,38.96733],[-77.05409,38.96732],[-77.0541,38.9673],[-77.0541,38.96728],[-77.05411,38.96726],[-77.05412,38.96724],[-77.05412,38.96723],[-77.05413,38.9672],[-77.05414,38.96719],[-77.05414,38.96717],[-77.05415,38.96715],[-77.05416,38.96713],[-77.05416,38.96711],[-77.05417,38.96709],[-77.05417,38.96707],[-77.05418,38.96705],[-77.05418,38.96703],[-77.05419,38.96701],[-77.05419,38.96699],[-77.05419,38.96697],[-77.05427,38.96654],[-77.05434,38.96609],[-77.05436,38.96598],[-77.05437,38.96587],[-77.05439,38.96581],[-77.0544,38.96573],[-77.05441,38.96571],[-77.05441,38.96563],[-77.05442,38.96561],[-77.05442,38.96558],[-77.05442,38.96555],[-77.05442,38.96552],[-77.05442,38.96549],[-77.05442,38.96546],[-77.05441,38.96543],[-77.05441,38.9654],[-77.0544,38.96537],[-77.0544,38.96534],[-77.05439,38.96532],[-77.05438,38.9653],[-77.05437,38.96527],[-77.05436,38.96525],[-77.05435,38.96523],[-77.05434,38.96521],[-77.05433,38.96518],[-77.05432,38.96516],[-77.05431,38.96514],[-77.0543,38.96512],[-77.05428,38.9651],[-77.05427,38.96507],[-77.05425,38.96505],[-77.05423,38.96503],[-77.05422,38.965],[-77.0542,38.96498],[-77.05418,38.96496],[-77.05417,38.96494],[-77.05415,38.96491],[-77.05413,38.96489],[-77.05406,38.9648],[-77.05391,38.96462],[-77.05364,38.96427],[-77.05353,38.96412],[-77.05343,38.96399],[-77.05319,38.96368],[-77.05318,38.96366],[-77.05316,38.96363],[-77.05314,38.96361],[-77.05313,38.96358],[-77.05311,38.96355],[-77.0531,38.96353],[-77.05309,38.9635],[-77.05307,38.96347],[-77.05306,38.96345],[-77.05305,38.96342],[-77.05304,38.9634],[-77.05304,38.96338],[-77.05303,38.96335],[-77.05303,38.96333],[-77.05302,38.96331],[-77.05302,38.96329],[-77.05301,38.96327],[-77.053,38.96325],[-77.053,38.96322],[-77.05299,38.9632],[-77.05289,38.96271],[-77.05282,38.96241],[-77.05282,38.9624],[-77.05281,38.96239],[-77.05281,38.96237],[-77.05281,38.96236],[-77.0528,38.96235],[-77.0528,38.96234],[-77.0528,38.96232],[-77.05279,38.96231],[-77.05279,38.9623],[-77.05279,38.96229],[-77.05278,38.96226],[-77.05277,38.96223],[-77.05276,38.96219],[-77.05276,38.96216],[-77.05275,38.96213],[-77.05274,38.9621],[-77.05273,38.96204],[-77.05272,38.96201],[-77.05271,38.96197],[-77.05271,38.96196],[-77.05271,38.96194],[-77.0527,38.96192],[-77.0527,38.96191],[-77.05269,38.96189],[-77.05269,38.96188],[-77.05268,38.96187],[-77.05268,38.96186],[-77.05268,38.96185],[-77.05267,38.96181],[-77.05254,38.96153],[-77.05278,38.96147],[-77.05281,38.96146],[-77.05294,38.96142],[-77.05311,38.96137],[-77.05314,38.96136],[-77.05315,38.96136],[-77.05317,38.96135],[-77.05319,38.96134],[-77.05322,38.96133],[-77.05325,38.96132],[-77.05327,38.96131],[-77.0533,38.96131],[-77.05333,38.9613],[-77.05335,38.96129],[-77.05338,38.96128],[-77.05341,38.96127],[-77.05344,38.96127],[-77.0535,38.96125],[-77.05353,38.96124],[-77.05355,38.96124],[-77.05358,38.96123],[-77.05361,38.96122],[-77.05364,38.96121],[-77.05367,38.96121],[-77.05372,38.96119],[-77.05377,38.96118],[-77.05383,38.96117],[-77.05388,38.96116],[-77.05393,38.96115],[-77.05398,38.96113],[-77.05404,38.96112],[-77.05409,38.96111],[-77.05414,38.9611],[-77.05419,38.96109],[-77.05424,38.96108],[-77.05429,38.96108],[-77.05434,38.96107],[-77.05439,38.96106],[-77.05444,38.96105],[-77.05449,38.96104],[-77.05459,38.96103],[-77.05464,38.96102],[-77.05469,38.96101],[-77.05473,38.96101],[-77.05478,38.961],[-77.05482,38.96099],[-77.05486,38.96099],[-77.05491,38.96098],[-77.05495,38.96097],[-77.05499,38.96097],[-77.05504,38.96096],[-77.05508,38.96096],[-77.05512,38.96095],[-77.05516,38.96095],[-77.0552,38.96095],[-77.05524,38.96094],[-77.05528,38.96094],[-77.05532,38.96094],[-77.05536,38.96093],[-77.0554,38.96093],[-77.05544,38.96093],[-77.05548,38.96092],[-77.05552,38.96092],[-77.05554,38.96092],[-77.05555,38.96092],[-77.05559,38.96092],[-77.05561,38.96092],[-77.05565,38.96092],[-77.05569,38.96092],[-77.05572,38.96091],[-77.05575,38.96091],[-77.05578,38.96091],[-77.05582,38.96091],[-77.05585,38.96091],[-77.05604,38.96091],[-77.05605,38.96091],[-77.05606,38.96091],[-77.05607,38.96091],[-77.05608,38.96091],[-77.05609,38.96091],[-77.05609,38.9609],[-77.0561,38.9609],[-77.05611,38.9609],[-77.05611,38.96089],[-77.05612,38.96089],[-77.05613,38.96088],[-77.05613,38.96087],[-77.05614,38.96087],[-77.05614,38.96086],[-77.05615,38.96085],[-77.05615,38.96084],[-77.05615,38.96083],[-77.05615,38.96082],[-77.05616,38.96065],[-77.05616,38.96061],[-77.05616,38.96058],[-77.05616,38.96055],[-77.05616,38.96051],[-77.05616,38.96048],[-77.05617,38.96044],[-77.05617,38.96041],[-77.05617,38.96038],[-77.05617,38.96034],[-77.05617,38.96031],[-77.05617,38.96028],[-77.05617,38.96025],[-77.05617,38.96023],[-77.05617,38.96021],[-77.05617,38.96019],[-77.05617,38.96016],[-77.05617,38.96014],[-77.05617,38.96012],[-77.05617,38.9601],[-77.05617,38.96007],[-77.05617,38.96005],[-77.05616,38.96003],[-77.05616,38.96],[-77.05616,38.95997],[-77.05616,38.95995],[-77.05615,38.95992],[-77.05615,38.9599],[-77.05614,38.95987],[-77.05614,38.95985],[-77.05613,38.95982],[-77.05613,38.9598],[-77.05608,38.95956],[-77.05603,38.95927],[-77.05602,38.95925],[-77.05602,38.95923],[-77.05602,38.9592],[-77.05602,38.95918],[-77.05601,38.95916],[-77.05601,38.95914],[-77.056,38.95912],[-77.056,38.9591],[-77.05599,38.95908],[-77.05599,38.95906],[-77.05599,38.95904],[-77.05598,38.95902],[-77.05598,38.959],[-77.05597,38.95899],[-77.05597,38.95897],[-77.05597,38.95895],[-77.05597,38.95893],[-77.05597,38.95891],[-77.05597,38.95889],[-77.05597,38.95887],[-77.05597,38.95885],[-77.05597,38.95883],[-77.05597,38.95881],[-77.05598,38.95879],[-77.05598,38.95877],[-77.05599,38.95875],[-77.056,38.95873],[-77.056,38.95871],[-77.05601,38.95869],[-77.05602,38.95867],[-77.05603,38.95864],[-77.05605,38.95861],[-77.05606,38.95858],[-77.05608,38.95855],[-77.05609,38.95853],[-77.05611,38.9585],[-77.05613,38.95847],[-77.05615,38.95845],[-77.05617,38.95842],[-77.05619,38.9584],[-77.0562,38.95839],[-77.0562,38.95838],[-77.05621,38.95838],[-77.05621,38.95837],[-77.05622,38.95836],[-77.05622,38.95835],[-77.05623,38.95834],[-77.05624,38.95833],[-77.05625,38.95832],[-77.05626,38.95831],[-77.05627,38.9583],[-77.05628,38.95829],[-77.05629,38.95828],[-77.0563,38.95827],[-77.05631,38.95826],[-77.05632,38.95825],[-77.05633,38.95825],[-77.05633,38.95824],[-77.05634,38.95824],[-77.05634,38.95823],[-77.05635,38.95823],[-77.05636,38.95822],[-77.05637,38.95822],[-77.05638,38.95821],[-77.05639,38.95821],[-77.0564,38.95821],[-77.0564,38.9582],[-77.05641,38.9582],[-77.05642,38.9582],[-77.05643,38.95819],[-77.05644,38.95818],[-77.05645,38.95818],[-77.05663,38.95806],[-77.05666,38.95804],[-77.05668,38.95803],[-77.0567,38.95801],[-77.05672,38.95799],[-77.05674,38.95797],[-77.05676,38.95795],[-77.05678,38.95793],[-77.05682,38.95789],[-77.05683,38.95787],[-77.05685,38.95785],[-77.05686,38.95783],[-77.05687,38.95781],[-77.05688,38.95779],[-77.0569,38.95777],[-77.05692,38.95773],[-77.05693,38.95771],[-77.05694,38.95769],[-77.05694,38.95767],[-77.05701,38.95749],[-77.05702,38.95747],[-77.05703,38.95744],[-77.05703,38.95741],[-77.05705,38.95736],[-77.05706,38.95733],[-77.05707,38.95731],[-77.05707,38.95728],[-77.05708,38.95725],[-77.05709,38.95722],[-77.05709,38.9572],[-77.0571,38.95718],[-77.0571,38.95716],[-77.05711,38.95714],[-77.05712,38.95712],[-77.05712,38.9571],[-77.05713,38.95708],[-77.05714,38.95706],[-77.05714,38.95704],[-77.05715,38.95702],[-77.05716,38.957],[-77.05717,38.95698],[-77.05718,38.95697],[-77.05719,38.95695],[-77.0572,38.95693],[-77.05721,38.95691],[-77.05722,38.95689],[-77.05723,38.95688],[-77.05725,38.95686],[-77.05726,38.95684],[-77.05727,38.95682],[-77.05729,38.95681],[-77.05731,38.95679],[-77.05733,38.95678],[-77.05735,38.95677],[-77.05737,38.95675],[-77.05739,38.95674],[-77.05741,38.95673],[-77.05744,38.95672],[-77.05746,38.95672],[-77.05749,38.95671],[-77.05751,38.95671],[-77.05754,38.9567],[-77.05756,38.9567],[-77.05759,38.9567],[-77.05762,38.9567],[-77.05764,38.9567],[-77.05767,38.9567],[-77.05769,38.9567],[-77.05772,38.9567],[-77.05773,38.95671],[-77.05777,38.95671],[-77.05778,38.95671],[-77.0578,38.95671],[-77.05782,38.95671],[-77.05783,38.95672],[-77.05785,38.95672],[-77.05787,38.95672],[-77.05788,38.95672],[-77.05789,38.95672],[-77.0579,38.95672],[-77.05791,38.95672],[-77.05792,38.95672],[-77.05793,38.95672],[-77.05794,38.95671],[-77.05795,38.95671],[-77.05796,38.95671],[-77.05797,38.95671],[-77.05799,38.95671],[-77.05801,38.9567],[-77.05803,38.9567],[-77.05805,38.95669],[-77.05807,38.95669],[-77.05809,38.95668],[-77.05811,38.95667],[-77.05813,38.95666],[-77.05815,38.95665],[-77.05816,38.95664],[-77.05818,38.95663],[-77.05819,38.95662],[-77.0582,38.95661],[-77.05822,38.9566],[-77.05823,38.95658],[-77.05824,38.95657],[-77.05826,38.95656],[-77.05827,38.95654],[-77.05828,38.95653],[-77.05829,38.95651],[-77.0583,38.9565],[-77.05831,38.95648],[-77.05833,38.95646],[-77.05834,38.95644],[-77.05835,38.95642],[-77.05836,38.95641],[-77.05837,38.95639],[-77.05838,38.95637],[-77.05839,38.95635],[-77.05839,38.95633],[-77.0584,38.95631],[-77.0584,38.9563],[-77.05841,38.95628],[-77.05841,38.95626],[-77.05841,38.95625],[-77.05841,38.95623],[-77.05841,38.95621]]]},"properties":{"name":"Rock Creek Park Historic District ","label":"Rock Creek Park HD","designation":"DC/NR","date":null,"nr":"Y"}},{"type":"Feature","geometry":{"type":"Polygon","coordinates":[[[-77.03306,38.90186],[-77.03306,38.90176],[-77.03313,38.90176],[-77.03313,38.90207],[-77.03334,38.90207],[-77.03334,38.90253],[-77.03363,38.90253],[-77.03364,38.90276],[-77.03346,38.90309],[-77.03398,38.90328],[-77.03403,38.90332],[-77.03439,38.90332],[-77.03458,38.90332],[-77.03458,38.9032],[-77.03477,38.9032],[-77.03549,38.9032],[-77.03549,38.90318],[-77.03552,38.90318],[-77.03552,38.90273],[-77.03549,38.90233],[-77.03549,38.90194],[-77.03512,38.90194],[-77.03512,38.90175],[-77.03523,38.90175],[-77.03523,38.90147],[-77.03523,38.90136],[-77.0346,38.90134],[-77.0346,38.90125],[-77.0346,38.9012],[-77.03461,38.90115],[-77.03461,38.90113],[-77.03462,38.90112],[-77.03462,38.90111],[-77.03463,38.90109],[-77.03466,38.90102],[-77.03477,38.90086],[-77.03507,38.90032],[-77.03513,38.90021],[-77.03492,38.90021],[-77.03442,38.90022],[-77.03441,38.90022],[-77.03438,38.90022],[-77.03421,38.90022],[-77.03421,38.9001],[-77.03421,38.89979],[-77.03421,38.89972],[-77.03434,38.89972],[-77.03435,38.89931],[-77.03496,38.89931],[-77.03501,38.89931],[-77.03515,38.89931],[-77.03515,38.89888],[-77.03512,38.89877],[-77.03507,38.89866],[-77.03507,38.89851],[-77.03506,38.89644],[-77.03507,38.89641],[-77.03365,38.89641],[-77.03342,38.8964],[-77.03339,38.8964],[-77.0333,38.8964],[-77.03318,38.89666],[-77.03308,38.89689],[-77.03307,38.89688],[-77.03307,38.89697],[-77.03299,38.89696],[-77.03299,38.89722],[-77.03299,38.89735],[-77.03292,38.89735],[-77.03292,38.8975],[-77.03292,38.89781],[-77.0325,38.89781],[-77.0325,38.89789],[-77.03215,38.89789],[-77.03215,38.89797],[-77.03196,38.89798],[-77.03137,38.89797],[-77.03137,38.8982],[-77.03137,38.89832],[-77.03118,38.89832],[-77.03118,38.89846],[-77.03118,38.89876],[-77.03129,38.89876],[-77.03129,38.89874],[-77.03139,38.89874],[-77.03139,38.89877],[-77.03195,38.89877],[-77.03195,38.8994],[-77.03289,38.89908],[-77.03311,38.89946],[-77.03309,38.89949],[-77.03295,38.89966],[-77.03288,38.89969],[-77.03288,38.8997],[-77.0328,38.89972],[-77.0328,38.9001],[-77.0328,38.90021],[-77.03293,38.90021],[-77.03293,38.90034],[-77.03293,38.90076],[-77.03294,38.90076],[-77.03294,38.9009],[-77.03294,38.90134],[-77.03274,38.90134],[-77.03274,38.90186],[-77.03306,38.90186]]]},"properties":{"name":"Financial Historic District","label":"Financial HD","designation":"DC/NR","date":null,"nr":"Y"}},{"type":"Feature","geometry":{"type":"Polygon","coordinates":[[[-77.02599,38.90858],[-77.02599,38.90851],[-77.02599,38.90849],[-77.02599,38.9083],[-77.02599,38.90817],[-77.02599,38.90725],[-77.02599,38.90709],[-77.02598,38.90663],[-77.02599,38.90613],[-77.02599,38.90565],[-77.02572,38.90565],[-77.02501,38.90565],[-77.02498,38.90565],[-77.02447,38.90565],[-77.02441,38.90565],[-77.02399,38.90565],[-77.02397,38.90725],[-77.02397,38.90858],[-77.02412,38.90858],[-77.02415,38.90858],[-77.02459,38.90858],[-77.02461,38.90858],[-77.02498,38.90858],[-77.02505,38.90858],[-77.02511,38.90858],[-77.02536,38.90858],[-77.0259,38.90858],[-77.02599,38.90858]]]},"properties":{"name":"Blagden Alley/Naylor Court","label":"Blagden Alley/Naylor Court HD","designation":"DC/NR","date":null,"nr":"Y"}},{"type":"Feature","geometry":{"type":"Polygon","coordinates":[[[-77.04089,38.89619],[-77.04079,38.89599],[-77.04072,38.89582],[-77.0407,38.89582],[-77.0407,38.89553],[-77.0407,38.89541],[-77.04077,38.89541],[-77.04112,38.8954],[-77.04147,38.89541],[-77.04158,38.89541],[-77.04171,38.89541],[-77.04173,38.89541],[-77.04173,38.8953],[-77.04174,38.89528],[-77.04173,38.89495],[-77.04173,38.89444],[-77.04173,38.89443],[-77.04173,38.89434],[-77.04173,38.89425],[-77.04173,38.89365],[-77.04175,38.89354],[-77.04175,38.89344],[-77.04175,38.89318],[-77.04175,38.8928],[-77.04175,38.89277],[-77.04175,38.89265],[-77.04166,38.89262],[-77.04161,38.89259],[-77.04159,38.89258],[-77.04144,38.8925],[-77.04109,38.89231],[-77.04094,38.89222],[-77.04093,38.89222],[-77.04091,38.8922],[-77.04089,38.89218],[-77.04087,38.89217],[-77.04084,38.89216],[-77.04082,38.89214],[-77.04079,38.89213],[-77.04076,38.89213],[-77.04074,38.89212],[-77.04071,38.89211],[-77.04068,38.89211],[-77.03969,38.89211],[-77.03964,38.89211],[-77.03948,38.89211],[-77.03948,38.89227],[-77.03947,38.89346],[-77.03947,38.89354],[-77.03947,38.89365],[-77.03947,38.89393],[-77.03947,38.89424],[-77.03947,38.89435],[-77.03947,38.89453],[-77.03947,38.89483],[-77.03947,38.8953],[-77.03947,38.8954],[-77.03946,38.89551],[-77.03946,38.89555],[-77.03946,38.89585],[-77.03946,38.8963],[-77.03946,38.89641],[-77.03957,38.89641],[-77.03973,38.89641],[-77.03975,38.89642],[-77.03985,38.89641],[-77.04011,38.89641],[-77.04047,38.89631],[-77.04089,38.89619]]]},"properties":{"name":"Seventeenth Street Historic District","label":"Seventeenth St HD","designation":"DC","date":null,"nr":"N"}},{"type":"Feature","geometry":{"type":"Polygon","coordinates":[[[-77.05476,38.90114],[-77.05476,38.90095],[-77.05476,38.90087],[-77.05475,38.90085],[-77.05474,38.90082],[-77.0547,38.90075],[-77.05468,38.90073],[-77.05464,38.90071],[-77.05461,38.90071],[-77.0546,38.9007],[-77.05457,38.9007],[-77.05455,38.9007],[-77.05448,38.9007],[-77.05442,38.9007],[-77.05442,38.90058],[-77.05442,38.90041],[-77.05432,38.90031],[-77.05417,38.90031],[-77.05417,38.90019],[-77.05391,38.90019],[-77.05391,38.90031],[-77.0538,38.90031],[-77.0538,38.90022],[-77.05346,38.90022],[-77.05332,38.90022],[-77.05332,38.90016],[-77.05332,38.90004],[-77.05332,38.89998],[-77.05332,38.89989],[-77.05332,38.89984],[-77.05331,38.89976],[-77.05331,38.89971],[-77.05331,38.89967],[-77.0533,38.89965],[-77.05329,38.89963],[-77.05326,38.89961],[-77.05324,38.8996],[-77.05322,38.89959],[-77.05317,38.89958],[-77.05315,38.89958],[-77.05312,38.89958],[-77.05305,38.89958],[-77.053,38.89958],[-77.05297,38.89959],[-77.05294,38.89959],[-77.0529,38.89959],[-77.05289,38.89959],[-77.05183,38.9007],[-77.05181,38.90073],[-77.05175,38.90079],[-77.05174,38.9008],[-77.05169,38.90085],[-77.05154,38.90101],[-77.05144,38.9011],[-77.05143,38.90112],[-77.05142,38.90131],[-77.05142,38.90135],[-77.05142,38.90179],[-77.05142,38.90185],[-77.05158,38.90185],[-77.05196,38.90185],[-77.05196,38.90195],[-77.0522,38.90195],[-77.0522,38.90199],[-77.0522,38.90233],[-77.0522,38.90253],[-77.05265,38.90253],[-77.05317,38.90254],[-77.05331,38.90254],[-77.05331,38.9024],[-77.05331,38.90233],[-77.05331,38.90182],[-77.05331,38.90136],[-77.05331,38.9013],[-77.05346,38.9013],[-77.05404,38.9013],[-77.05404,38.90194],[-77.05423,38.90194],[-77.05461,38.90194],[-77.05476,38.90194],[-77.05476,38.90185],[-77.05476,38.90159],[-77.05476,38.90151],[-77.05476,38.90145],[-77.05476,38.90114]]]},"properties":{"name":"Foggy Bottom Historic District","label":"Foggy Bottom HD","designation":"DC/NR","date":null,"nr":"Y"}},{"type":"Feature","geometry":{"type":"MultiPolygon","coordinates":[[[[-77.01991,38.89982],[-77.0196,38.89982],[-77.0194,38.89982],[-77.01913,38.89982],[-77.01893,38.89982],[-77.01893,38.89938],[-77.01893,38.89907],[-77.01814,38.89907],[-77.01814,38.89916],[-77.01814,38.89951],[-77.01833,38.89951],[-77.01833,38.89971],[-77.01833,38.89982],[-77.01846,38.89982],[-77.01846,38.89996],[-77.01846,38.90023],[-77.01846,38.90024],[-77.01893,38.90024],[-77.01893,38.90087],[-77.01907,38.90087],[-77.01908,38.90087],[-77.01938,38.90087],[-77.01972,38.90088],[-77.0199,38.90088],[-77.01991,38.90088],[-77.01991,38.90101],[-77.01991,38.9011],[-77.02008,38.90112],[-77.02019,38.90114],[-77.02034,38.90116],[-77.02041,38.90117],[-77.0205,38.90118],[-77.02077,38.90122],[-77.02108,38.90126],[-77.02115,38.90128],[-77.0213,38.90129],[-77.02139,38.9013],[-77.02139,38.90123],[-77.02192,38.90122],[-77.02192,38.90101],[-77.02191,38.90088],[-77.02209,38.90088],[-77.02253,38.90088],[-77.02253,38.90075],[-77.02253,38.90046],[-77.02242,38.90046],[-77.02242,38.90024],[-77.02277,38.90024],[-77.02295,38.90024],[-77.02295,38.9001],[-77.02295,38.89995],[-77.02295,38.89982],[-77.02295,38.8997],[-77.02294,38.89952],[-77.02294,38.89901],[-77.02294,38.89883],[-77.02306,38.89883],[-77.02341,38.89883],[-77.02341,38.89861],[-77.02341,38.89846],[-77.02352,38.89846],[-77.02376,38.89846],[-77.02397,38.89845],[-77.02397,38.89825],[-77.02396,38.89798],[-77.02396,38.89782],[-77.02397,38.89764],[-77.02412,38.89764],[-77.02444,38.89764],[-77.02444,38.89781],[-77.02458,38.89781],[-77.02466,38.89781],[-77.02477,38.89781],[-77.02477,38.89789],[-77.02477,38.8982],[-77.02477,38.89832],[-77.026,38.89833],[-77.02614,38.89833],[-77.02662,38.89832],[-77.02683,38.89832],[-77.02704,38.89832],[-77.02704,38.8982],[-77.02704,38.89812],[-77.02704,38.89793],[-77.02722,38.89793],[-77.02748,38.89793],[-77.02748,38.89785],[-77.02753,38.89785],[-77.02753,38.89777],[-77.02739,38.89777],[-77.02739,38.89749],[-77.02739,38.89736],[-77.02725,38.89736],[-77.02704,38.89736],[-77.02684,38.89736],[-77.02651,38.89736],[-77.02616,38.89735],[-77.02599,38.89735],[-77.02598,38.89721],[-77.02598,38.89698],[-77.02598,38.89683],[-77.02584,38.89683],[-77.02554,38.89683],[-77.02554,38.89685],[-77.02554,38.89688],[-77.02547,38.89691],[-77.02541,38.89691],[-77.02536,38.89691],[-77.02536,38.89679],[-77.0252,38.89679],[-77.02501,38.89679],[-77.02495,38.89679],[-77.02477,38.89679],[-77.0247,38.89679],[-77.02461,38.89679],[-77.02461,38.89691],[-77.02456,38.89691],[-77.02442,38.89691],[-77.02413,38.89691],[-77.02397,38.89691],[-77.02397,38.89681],[-77.02397,38.89676],[-77.02382,38.89676],[-77.02347,38.89676],[-77.02347,38.89688],[-77.02312,38.89688],[-77.02296,38.89688],[-77.02296,38.89614],[-77.02296,38.89601],[-77.02297,38.89524],[-77.02297,38.89519],[-77.02282,38.89519],[-77.02245,38.89519],[-77.02242,38.89519],[-77.02242,38.89517],[-77.02241,38.89517],[-77.02241,38.8949],[-77.02241,38.8948],[-77.02242,38.8948],[-77.02241,38.89433],[-77.02381,38.89433],[-77.02396,38.89433],[-77.02396,38.89415],[-77.02398,38.89388],[-77.02398,38.89365],[-77.02398,38.89358],[-77.02397,38.89335],[-77.02397,38.89327],[-77.02169,38.89324],[-77.02105,38.89308],[-77.02097,38.89327],[-77.02093,38.89337],[-77.02093,38.89364],[-77.02093,38.89385],[-77.02095,38.89391],[-77.02106,38.89411],[-77.02126,38.89406],[-77.02136,38.89427],[-77.02144,38.89446],[-77.02137,38.89448],[-77.02138,38.89452],[-77.02138,38.89454],[-77.02124,38.89457],[-77.02124,38.8948],[-77.02156,38.8948],[-77.02156,38.8949],[-77.02156,38.89518],[-77.02143,38.89518],[-77.02143,38.89525],[-77.02134,38.89525],[-77.02135,38.89532],[-77.02135,38.89553],[-77.02135,38.89567],[-77.02143,38.89567],[-77.02143,38.89574],[-77.02149,38.89574],[-77.0215,38.89601],[-77.0215,38.89614],[-77.02104,38.89614],[-77.02104,38.89626],[-77.02105,38.89678],[-77.02056,38.89678],[-77.02056,38.89721],[-77.02056,38.89735],[-77.02124,38.89735],[-77.02174,38.89734],[-77.02192,38.89734],[-77.02192,38.89756],[-77.02192,38.89792],[-77.02192,38.89819],[-77.02192,38.8982],[-77.02192,38.89845],[-77.02192,38.89861],[-77.02192,38.8988],[-77.02192,38.89916],[-77.02192,38.89967],[-77.02192,38.8997],[-77.02192,38.89982],[-77.02131,38.89982],[-77.02131,38.89994],[-77.02131,38.9003],[-77.02142,38.9003],[-77.02142,38.90039],[-77.02129,38.90039],[-77.02095,38.90039],[-77.0209,38.90039],[-77.02043,38.90039],[-77.02043,38.90052],[-77.02008,38.90052],[-77.01991,38.90052],[-77.01991,38.89994],[-77.01991,38.89982]]],[[[-77.02063,38.89982],[-77.02063,38.89968],[-77.02063,38.89939],[-77.02054,38.89939],[-77.02054,38.8994],[-77.02043,38.8994],[-77.02031,38.8994],[-77.02031,38.89946],[-77.02005,38.89946],[-77.01991,38.89946],[-77.01991,38.89982],[-77.02063,38.89982]]]]},"properties":{"name":"Downtown Historic District","label":"Downtown HD","designation":"DC/NR","date":null,"nr":"Y"}},{"type":"Feature","geometry":{"type":"Polygon","coordinates":[[[-77.0738,38.93729],[-77.07377,38.93726],[-77.07375,38.93721],[-77.07373,38.93719],[-77.0737,38.93712],[-77.07366,38.93705],[-77.07362,38.93698],[-77.07358,38.93691],[-77.07356,38.93687],[-77.07354,38.93684],[-77.0735,38.93677],[-77.07347,38.9367],[-77.07326,38.93629],[-77.07323,38.93624],[-77.07315,38.93608],[-77.0731,38.93598],[-77.07309,38.93595],[-77.07293,38.93561],[-77.07289,38.93552],[-77.07285,38.93544],[-77.07278,38.93527],[-77.07261,38.93491],[-77.07254,38.93475],[-77.07253,38.93473],[-77.07253,38.93471],[-77.07252,38.93468],[-77.07251,38.93466],[-77.07251,38.93464],[-77.07236,38.93464],[-77.07197,38.93465],[-77.07175,38.93465],[-77.07175,38.93452],[-77.07175,38.93402],[-77.07175,38.93397],[-77.07175,38.93362],[-77.07175,38.93349],[-77.07204,38.93349],[-77.07226,38.93349],[-77.07242,38.93349],[-77.07242,38.93346],[-77.07242,38.93341],[-77.07243,38.93338],[-77.07243,38.93334],[-77.07243,38.93329],[-77.07244,38.93325],[-77.07244,38.93321],[-77.07245,38.93317],[-77.07245,38.93314],[-77.07246,38.9331],[-77.07246,38.93306],[-77.07247,38.93302],[-77.07247,38.93299],[-77.07248,38.93295],[-77.07248,38.93291],[-77.07249,38.93288],[-77.07228,38.93288],[-77.07209,38.93288],[-77.07192,38.93288],[-77.07192,38.93263],[-77.07192,38.93255],[-77.07221,38.93255],[-77.07239,38.93254],[-77.07254,38.93255],[-77.07256,38.93248],[-77.07259,38.93227],[-77.07264,38.93196],[-77.07264,38.93195],[-77.07265,38.93188],[-77.07263,38.93188],[-77.0726,38.93188],[-77.07258,38.93188],[-77.07256,38.93188],[-77.07253,38.93188],[-77.07251,38.93188],[-77.07249,38.93188],[-77.07246,38.93188],[-77.07244,38.93188],[-77.07242,38.93187],[-77.07162,38.93181],[-77.07126,38.93178],[-77.071,38.93177],[-77.07088,38.93176],[-77.07078,38.93175],[-77.07024,38.93171],[-77.06962,38.93167],[-77.0692,38.93164],[-77.06891,38.93162],[-77.06889,38.93162],[-77.0688,38.93162],[-77.06871,38.93162],[-77.06864,38.93162],[-77.06849,38.93161],[-77.06761,38.93158],[-77.06757,38.93158],[-77.06752,38.93158],[-77.06748,38.93158],[-77.06743,38.93158],[-77.06739,38.93158],[-77.06734,38.93158],[-77.0673,38.93157],[-77.06726,38.93157],[-77.06721,38.93157],[-77.06717,38.93157],[-77.06711,38.93157],[-77.06704,38.93156],[-77.06698,38.93156],[-77.06692,38.93155],[-77.0669,38.93155],[-77.06684,38.93154],[-77.06678,38.93154],[-77.06672,38.93153],[-77.06667,38.93152],[-77.06661,38.93151],[-77.06656,38.9315],[-77.06652,38.9315],[-77.06639,38.93147],[-77.06628,38.93145],[-77.06626,38.93145],[-77.06604,38.9314],[-77.06571,38.93133],[-77.0654,38.93125],[-77.06527,38.93122],[-77.06517,38.93119],[-77.06486,38.93112],[-77.06482,38.93111],[-77.06477,38.9311],[-77.06473,38.93109],[-77.06468,38.93108],[-77.06464,38.93106],[-77.06459,38.93105],[-77.06455,38.93103],[-77.0645,38.93102],[-77.06446,38.931],[-77.06442,38.93098],[-77.06395,38.9308],[-77.06332,38.93054],[-77.06326,38.93052],[-77.06315,38.93047],[-77.06292,38.93038],[-77.06274,38.93031],[-77.06262,38.93026],[-77.06257,38.93024],[-77.0624,38.93018],[-77.06231,38.93014],[-77.0623,38.93014],[-77.06215,38.93016],[-77.06213,38.93016],[-77.06188,38.93018],[-77.06156,38.93021],[-77.06116,38.93024],[-77.06111,38.93025],[-77.06103,38.93025],[-77.06093,38.93026],[-77.06084,38.93027],[-77.06042,38.9303],[-77.06026,38.93031],[-77.06022,38.93031],[-77.06019,38.93032],[-77.06015,38.93032],[-77.06012,38.93032],[-77.06009,38.93033],[-77.06006,38.93033],[-77.06002,38.93034],[-77.05999,38.93035],[-77.05996,38.93036],[-77.05993,38.93037],[-77.0599,38.93039],[-77.05988,38.9304],[-77.05975,38.93047],[-77.05945,38.93067],[-77.0592,38.93083],[-77.0591,38.93089],[-77.05902,38.93096],[-77.05878,38.93114],[-77.05855,38.93131],[-77.05853,38.93133],[-77.05851,38.93136],[-77.0585,38.93138],[-77.05848,38.93141],[-77.05847,38.93144],[-77.05846,38.93146],[-77.05846,38.93149],[-77.05845,38.93152],[-77.05845,38.93155],[-77.05845,38.93158],[-77.05846,38.93165],[-77.05846,38.93167],[-77.05846,38.93168],[-77.05846,38.93169],[-77.05846,38.9317],[-77.05846,38.93171],[-77.05846,38.93173],[-77.05846,38.93174],[-77.05846,38.93175],[-77.05846,38.93176],[-77.05846,38.93178],[-77.05845,38.9318],[-77.05845,38.93183],[-77.05845,38.93186],[-77.05844,38.93188],[-77.05844,38.93191],[-77.05843,38.93194],[-77.05843,38.93196],[-77.05842,38.93199],[-77.05841,38.93202],[-77.05841,38.93204],[-77.0584,38.93208],[-77.05839,38.93212],[-77.05837,38.93215],[-77.05836,38.93219],[-77.05835,38.93222],[-77.05833,38.93226],[-77.05832,38.93229],[-77.0583,38.93233],[-77.05829,38.93236],[-77.05827,38.9324],[-77.05826,38.93242],[-77.05825,38.93245],[-77.05823,38.93247],[-77.05822,38.9325],[-77.0582,38.93252],[-77.05819,38.93254],[-77.05817,38.93257],[-77.05815,38.93259],[-77.05813,38.93261],[-77.05811,38.93264],[-77.05809,38.93266],[-77.05806,38.93267],[-77.05804,38.93268],[-77.05801,38.9327],[-77.05798,38.93271],[-77.05794,38.93271],[-77.05791,38.93272],[-77.05788,38.93272],[-77.05784,38.93272],[-77.05781,38.93272],[-77.05767,38.9327],[-77.05759,38.93268],[-77.05722,38.93261],[-77.05719,38.93261],[-77.05716,38.9326],[-77.05713,38.9326],[-77.0571,38.93259],[-77.05707,38.93259],[-77.05705,38.93259],[-77.05702,38.93258],[-77.057,38.93258],[-77.05666,38.93197],[-77.05625,38.93212],[-77.05651,38.93256],[-77.05658,38.93269],[-77.05681,38.93308],[-77.05633,38.93308],[-77.05652,38.93342],[-77.05657,38.93351],[-77.05625,38.93351],[-77.05567,38.93351],[-77.05558,38.93351],[-77.05549,38.93351],[-77.0554,38.93351],[-77.05529,38.93351],[-77.05523,38.93352],[-77.05516,38.93352],[-77.05493,38.93354],[-77.05497,38.93309],[-77.055,38.93282],[-77.0546,38.93286],[-77.05407,38.93333],[-77.05367,38.93343],[-77.05363,38.9338],[-77.05359,38.93416],[-77.05353,38.93466],[-77.0536,38.93469],[-77.05366,38.93472],[-77.05374,38.93476],[-77.05382,38.93479],[-77.0539,38.93483],[-77.05398,38.93486],[-77.05407,38.9349],[-77.05416,38.93493],[-77.05426,38.93497],[-77.05434,38.935],[-77.05443,38.93504],[-77.05455,38.93508],[-77.05466,38.93512],[-77.05476,38.93516],[-77.05486,38.93428],[-77.05492,38.9342],[-77.05493,38.93419],[-77.05494,38.93418],[-77.05495,38.93417],[-77.05496,38.93417],[-77.05496,38.93416],[-77.05497,38.93416],[-77.05498,38.93415],[-77.05499,38.93415],[-77.055,38.93415],[-77.055,38.93414],[-77.05501,38.93414],[-77.05502,38.93414],[-77.05503,38.93414],[-77.05504,38.93414],[-77.05505,38.93414],[-77.05506,38.93414],[-77.05518,38.93414],[-77.05529,38.93414],[-77.0553,38.93403],[-77.0553,38.9339],[-77.05682,38.93389],[-77.05685,38.93395],[-77.057,38.93422],[-77.057,38.93423],[-77.05701,38.93425],[-77.057,38.93426],[-77.057,38.93428],[-77.05698,38.93432],[-77.05698,38.93434],[-77.05698,38.93436],[-77.05699,38.93438],[-77.05699,38.93439],[-77.05709,38.93456],[-77.05722,38.93479],[-77.05736,38.93502],[-77.05748,38.93523],[-77.05755,38.93538],[-77.05756,38.93546],[-77.05767,38.93547],[-77.05767,38.93553],[-77.05767,38.93554],[-77.05767,38.93555],[-77.05767,38.93556],[-77.05768,38.93556],[-77.05768,38.93557],[-77.05769,38.93558],[-77.05776,38.9357],[-77.05799,38.9361],[-77.05806,38.93623],[-77.05808,38.93627],[-77.05793,38.93641],[-77.05796,38.93642],[-77.05798,38.93644],[-77.058,38.93646],[-77.05803,38.93647],[-77.05805,38.93649],[-77.05817,38.93658],[-77.0582,38.9366],[-77.05824,38.93662],[-77.05827,38.93664],[-77.05831,38.93665],[-77.05835,38.93667],[-77.05838,38.93669],[-77.05842,38.9367],[-77.05846,38.93672],[-77.0585,38.93673],[-77.05854,38.93675],[-77.05867,38.93679],[-77.05872,38.9368],[-77.05877,38.93681],[-77.05873,38.93689],[-77.05872,38.9369],[-77.05872,38.93692],[-77.05871,38.93693],[-77.05871,38.93694],[-77.0587,38.93695],[-77.05868,38.93697],[-77.05867,38.93698],[-77.05865,38.937],[-77.05864,38.93701],[-77.05862,38.93702],[-77.0586,38.93703],[-77.05823,38.93716],[-77.05819,38.93718],[-77.05815,38.93719],[-77.05811,38.9372],[-77.05806,38.93721],[-77.05802,38.93722],[-77.05798,38.93723],[-77.05793,38.93723],[-77.05789,38.93724],[-77.05784,38.93724],[-77.0578,38.93724],[-77.05779,38.93724],[-77.05776,38.93732],[-77.05748,38.93808],[-77.05745,38.93817],[-77.05834,38.93843],[-77.05968,38.93795],[-77.05986,38.93789],[-77.06,38.93813],[-77.06006,38.93823],[-77.06012,38.93834],[-77.06014,38.93837],[-77.06031,38.93867],[-77.06047,38.93894],[-77.06063,38.93921],[-77.06069,38.93932],[-77.06074,38.9394],[-77.0608,38.93951],[-77.06081,38.93953],[-77.06101,38.93987],[-77.06123,38.94024],[-77.06143,38.94059],[-77.06156,38.94082],[-77.06161,38.9409],[-77.06162,38.94092],[-77.06166,38.94098],[-77.06192,38.94097],[-77.06212,38.94096],[-77.0622,38.94096],[-77.06222,38.94096],[-77.06225,38.94096],[-77.06227,38.94095],[-77.0623,38.94095],[-77.06232,38.94095],[-77.06234,38.94095],[-77.06236,38.94095],[-77.06241,38.94094],[-77.0625,38.94093],[-77.06259,38.94092],[-77.06271,38.9409],[-77.06293,38.94086],[-77.06295,38.94086],[-77.06298,38.94085],[-77.063,38.94085],[-77.06303,38.94084],[-77.06306,38.94083],[-77.06309,38.94083],[-77.06312,38.94082],[-77.06315,38.94081],[-77.06317,38.94081],[-77.0632,38.9408],[-77.06323,38.9408],[-77.06325,38.94079],[-77.06328,38.94078],[-77.0633,38.94078],[-77.06333,38.94077],[-77.06336,38.94076],[-77.06339,38.94076],[-77.06341,38.94075],[-77.06344,38.94074],[-77.06347,38.94074],[-77.06349,38.94073],[-77.06352,38.94072],[-77.06354,38.94072],[-77.06357,38.94071],[-77.06359,38.94071],[-77.06362,38.9407],[-77.06365,38.94069],[-77.06368,38.94069],[-77.06371,38.94068],[-77.06374,38.94067],[-77.06377,38.94067],[-77.0638,38.94066],[-77.06382,38.94066],[-77.06384,38.94065],[-77.06385,38.94065],[-77.06387,38.94065],[-77.06403,38.94062],[-77.06417,38.94058],[-77.0642,38.94057],[-77.06423,38.94057],[-77.06426,38.94056],[-77.0643,38.94055],[-77.06432,38.94055],[-77.06433,38.94055],[-77.06436,38.94054],[-77.06439,38.94054],[-77.06442,38.94053],[-77.06446,38.94053],[-77.06449,38.94053],[-77.06452,38.94052],[-77.06456,38.94052],[-77.06459,38.94052],[-77.06462,38.94051],[-77.06465,38.94051],[-77.06468,38.94051],[-77.06471,38.94051],[-77.06474,38.9405],[-77.06477,38.9405],[-77.0648,38.9405],[-77.06483,38.9405],[-77.06487,38.9405],[-77.0649,38.94049],[-77.06493,38.94049],[-77.06496,38.94049],[-77.065,38.94049],[-77.06503,38.94049],[-77.06507,38.94048],[-77.0651,38.94048],[-77.06513,38.94048],[-77.06545,38.94048],[-77.06547,38.94048],[-77.0655,38.94048],[-77.06554,38.94048],[-77.06557,38.94048],[-77.0656,38.94048],[-77.06564,38.94048],[-77.06567,38.94049],[-77.0657,38.94049],[-77.06574,38.94049],[-77.06577,38.94049],[-77.06581,38.94049],[-77.06585,38.9405],[-77.06588,38.9405],[-77.06592,38.9405],[-77.06595,38.9405],[-77.06599,38.94051],[-77.06603,38.94051],[-77.06607,38.94051],[-77.0661,38.94051],[-77.06614,38.94052],[-77.06618,38.94052],[-77.06621,38.94052],[-77.06625,38.94053],[-77.06628,38.94053],[-77.06632,38.94053],[-77.06635,38.94054],[-77.06639,38.94054],[-77.06642,38.94055],[-77.06646,38.94055],[-77.06649,38.94056],[-77.06653,38.94056],[-77.06656,38.94057],[-77.0666,38.94057],[-77.06663,38.94058],[-77.06667,38.94058],[-77.0667,38.94059],[-77.06673,38.94059],[-77.06677,38.9406],[-77.0668,38.9406],[-77.06684,38.94061],[-77.06688,38.94062],[-77.0669,38.94062],[-77.06692,38.94063],[-77.06695,38.94063],[-77.06699,38.94064],[-77.06711,38.94066],[-77.06736,38.94072],[-77.06745,38.94074],[-77.0675,38.94075],[-77.06754,38.94077],[-77.06758,38.94078],[-77.06764,38.9408],[-77.06785,38.94088],[-77.06782,38.94084],[-77.06778,38.94076],[-77.06774,38.94068],[-77.0677,38.9406],[-77.06768,38.94054],[-77.06767,38.94052],[-77.06766,38.94046],[-77.06765,38.94044],[-77.06764,38.94041],[-77.06763,38.94039],[-77.06762,38.94036],[-77.06761,38.94033],[-77.0676,38.94031],[-77.06759,38.94028],[-77.06758,38.94025],[-77.06757,38.94023],[-77.06756,38.9402],[-77.06755,38.94017],[-77.06745,38.93991],[-77.06742,38.93986],[-77.0674,38.93981],[-77.06737,38.93977],[-77.06735,38.93972],[-77.06732,38.93968],[-77.06729,38.93963],[-77.06726,38.93959],[-77.06723,38.93954],[-77.0672,38.9395],[-77.06716,38.93946],[-77.06714,38.93943],[-77.06712,38.93941],[-77.06711,38.9394],[-77.06725,38.9394],[-77.0676,38.9394],[-77.0676,38.93943],[-77.06777,38.93943],[-77.06832,38.93943],[-77.06848,38.93943],[-77.06848,38.9395],[-77.06867,38.93966],[-77.06895,38.93987],[-77.06907,38.9401],[-77.06911,38.94008],[-77.06914,38.94007],[-77.06918,38.94006],[-77.06922,38.94006],[-77.06926,38.94005],[-77.06929,38.94004],[-77.06932,38.94004],[-77.06939,38.94003],[-77.06944,38.94002],[-77.06949,38.94001],[-77.06954,38.94],[-77.06953,38.93998],[-77.06944,38.93971],[-77.06944,38.93943],[-77.06954,38.93943],[-77.07036,38.93943],[-77.07036,38.93927],[-77.07036,38.93916],[-77.07036,38.9391],[-77.07045,38.9391],[-77.07058,38.9391],[-77.0706,38.9391],[-77.07061,38.93909],[-77.07062,38.93909],[-77.07064,38.93909],[-77.07065,38.93908],[-77.07066,38.93908],[-77.07067,38.93907],[-77.07068,38.93907],[-77.07069,38.93906],[-77.0707,38.93905],[-77.07092,38.93878],[-77.07122,38.93843],[-77.07137,38.93824],[-77.07139,38.93821],[-77.07142,38.93817],[-77.07143,38.93816],[-77.07153,38.93816],[-77.07157,38.93816],[-77.07163,38.93816],[-77.07173,38.93816],[-77.07183,38.93816],[-77.07193,38.93816],[-77.07203,38.93816],[-77.07213,38.93816],[-77.07223,38.93816],[-77.07233,38.93816],[-77.07243,38.93816],[-77.07253,38.93816],[-77.07329,38.93816],[-77.07329,38.93807],[-77.07329,38.93774],[-77.07343,38.93774],[-77.07343,38.93741],[-77.07343,38.93733],[-77.07366,38.93733],[-77.07367,38.93733],[-77.07369,38.93733],[-77.0737,38.93733],[-77.07372,38.93732],[-77.07373,38.93732],[-77.07374,38.93732],[-77.07376,38.93731],[-77.07377,38.93731],[-77.07378,38.9373],[-77.0738,38.93729]]]},"properties":{"name":"Cleveland Park Historic District","label":"Cleveland Park HD","designation":"DC/NR","date":null,"nr":"Y"}},{"type":"Feature","geometry":{"type":"Polygon","coordinates":[[[-76.98716,38.86715],[-76.98771,38.86725],[-76.98805,38.86731],[-76.98836,38.86737],[-76.98863,38.86742],[-76.98856,38.86757],[-76.98852,38.86765],[-76.98836,38.86801],[-76.98828,38.8682],[-76.98825,38.86827],[-76.98822,38.86834],[-76.98821,38.86836],[-76.9882,38.86838],[-76.9882,38.86839],[-76.9882,38.8684],[-76.98819,38.86842],[-76.98819,38.86843],[-76.98819,38.86844],[-76.98819,38.86846],[-76.98819,38.86847],[-76.98819,38.86848],[-76.98819,38.8685],[-76.98819,38.86851],[-76.98819,38.86852],[-76.98819,38.86853],[-76.98819,38.86855],[-76.98819,38.86856],[-76.98819,38.86857],[-76.9882,38.86858],[-76.9882,38.86859],[-76.9882,38.86861],[-76.9882,38.86862],[-76.98821,38.86867],[-76.98823,38.86866],[-76.98825,38.86865],[-76.98828,38.86864],[-76.9883,38.86863],[-76.98832,38.86863],[-76.98834,38.86862],[-76.98868,38.86848],[-76.98905,38.86834],[-76.98931,38.86823],[-76.98918,38.86814],[-76.98944,38.86793],[-76.98968,38.86774],[-76.98994,38.86754],[-76.98971,38.86747],[-76.98954,38.86742],[-76.98936,38.86738],[-76.98916,38.86732],[-76.98918,38.86726],[-76.98931,38.86696],[-76.98939,38.86698],[-76.98942,38.86692],[-76.98952,38.8667],[-76.9896,38.86652],[-76.98964,38.86641],[-76.98974,38.86621],[-76.98923,38.86607],[-76.98938,38.86574],[-76.98951,38.86546],[-76.98954,38.86539],[-76.98964,38.86517],[-76.98981,38.8648],[-76.98981,38.86479],[-76.98993,38.86456],[-76.98995,38.86451],[-76.98997,38.86447],[-76.98999,38.86443],[-76.99002,38.86438],[-76.99004,38.86434],[-76.99006,38.86429],[-76.99008,38.86425],[-76.99011,38.8642],[-76.99013,38.86416],[-76.99015,38.86411],[-76.99017,38.86409],[-76.99018,38.86406],[-76.9902,38.86403],[-76.99022,38.864],[-76.99024,38.86398],[-76.99026,38.86395],[-76.99028,38.86393],[-76.99028,38.86392],[-76.9903,38.8639],[-76.99035,38.86385],[-76.9904,38.86381],[-76.99042,38.8638],[-76.99043,38.86379],[-76.99045,38.86378],[-76.99046,38.86377],[-76.99047,38.86376],[-76.99049,38.86375],[-76.99053,38.86372],[-76.99057,38.86369],[-76.99061,38.86367],[-76.99065,38.86364],[-76.99069,38.86362],[-76.99073,38.86359],[-76.99078,38.86357],[-76.99082,38.86354],[-76.99086,38.86352],[-76.99091,38.8635],[-76.99093,38.86348],[-76.99095,38.86347],[-76.99102,38.86344],[-76.99123,38.86371],[-76.99124,38.86371],[-76.9908,38.86397],[-76.9909,38.86405],[-76.99115,38.86422],[-76.99129,38.86433],[-76.99132,38.86435],[-76.99151,38.86449],[-76.99156,38.86451],[-76.99156,38.86449],[-76.99209,38.86487],[-76.99245,38.86455],[-76.99269,38.86436],[-76.99273,38.86434],[-76.99298,38.86411],[-76.99324,38.86393],[-76.99336,38.86385],[-76.99364,38.86369],[-76.99382,38.86358],[-76.99389,38.86355],[-76.99397,38.86351],[-76.99404,38.86348],[-76.99407,38.86347],[-76.9942,38.86342],[-76.99444,38.86332],[-76.9941,38.86304],[-76.99403,38.86294],[-76.99464,38.86263],[-76.99507,38.86242],[-76.99446,38.86203],[-76.9938,38.86151],[-76.99364,38.86138],[-76.99351,38.8613],[-76.99348,38.86135],[-76.9934,38.86142],[-76.99337,38.86145],[-76.99323,38.86151],[-76.99282,38.86191],[-76.99273,38.86197],[-76.99267,38.86193],[-76.99262,38.8619],[-76.99251,38.86183],[-76.9924,38.86176],[-76.99228,38.86168],[-76.99211,38.86158],[-76.99185,38.86141],[-76.99164,38.86127],[-76.99149,38.86118],[-76.99146,38.86116],[-76.99125,38.86103],[-76.99118,38.86099],[-76.9909,38.86125],[-76.99068,38.86146],[-76.99066,38.86151],[-76.99092,38.86174],[-76.99083,38.86178],[-76.99048,38.86198],[-76.99019,38.86213],[-76.99013,38.86217],[-76.99011,38.86221],[-76.98999,38.8621],[-76.98974,38.86187],[-76.98947,38.86165],[-76.98937,38.86155],[-76.98933,38.86158],[-76.98912,38.86178],[-76.98909,38.86181],[-76.98901,38.86172],[-76.98893,38.86162],[-76.98885,38.86153],[-76.98887,38.86151],[-76.98871,38.86133],[-76.98873,38.86131],[-76.98853,38.86109],[-76.98848,38.86113],[-76.98832,38.86096],[-76.98834,38.86094],[-76.98828,38.86089],[-76.9885,38.86069],[-76.98855,38.86067],[-76.9883,38.8604],[-76.98827,38.86036],[-76.98821,38.86032],[-76.98814,38.86027],[-76.9881,38.86032],[-76.98712,38.86119],[-76.98703,38.86128],[-76.98695,38.86135],[-76.98684,38.86144],[-76.98677,38.8615],[-76.98666,38.8616],[-76.9866,38.86166],[-76.98647,38.86177],[-76.98636,38.86187],[-76.98624,38.86198],[-76.98612,38.86208],[-76.98607,38.86213],[-76.98601,38.86218],[-76.98589,38.86228],[-76.9858,38.86236],[-76.98581,38.86237],[-76.98584,38.8624],[-76.98623,38.86266],[-76.98632,38.86272],[-76.98629,38.86281],[-76.98624,38.863],[-76.98623,38.86306],[-76.98614,38.863],[-76.98541,38.86253],[-76.98539,38.86242],[-76.98536,38.86227],[-76.98525,38.86182],[-76.98524,38.86175],[-76.98472,38.86142],[-76.98464,38.8615],[-76.9845,38.86162],[-76.98455,38.86165],[-76.98417,38.86298],[-76.98423,38.86299],[-76.98409,38.86344],[-76.98406,38.86343],[-76.98326,38.86328],[-76.98305,38.8633],[-76.98269,38.8633],[-76.98268,38.86316],[-76.98242,38.86312],[-76.98166,38.86298],[-76.98166,38.86301],[-76.98156,38.86333],[-76.98154,38.86341],[-76.98128,38.86337],[-76.98126,38.86345],[-76.98119,38.8637],[-76.9816,38.86378],[-76.98157,38.86387],[-76.98206,38.86396],[-76.98209,38.86397],[-76.98198,38.86431],[-76.98196,38.86439],[-76.9816,38.86433],[-76.98076,38.86417],[-76.98087,38.86381],[-76.98087,38.86379],[-76.98084,38.86376],[-76.98041,38.86369],[-76.98036,38.86385],[-76.98011,38.8638],[-76.98007,38.86375],[-76.9796,38.86341],[-76.97957,38.86346],[-76.97956,38.86351],[-76.97957,38.86485],[-76.97943,38.86482],[-76.97926,38.86477],[-76.97923,38.86485],[-76.97915,38.86505],[-76.97913,38.86511],[-76.97896,38.86555],[-76.97892,38.86565],[-76.97902,38.86567],[-76.97955,38.86577],[-76.98079,38.86599],[-76.98078,38.8661],[-76.98078,38.8665],[-76.98223,38.86651],[-76.98223,38.8668],[-76.98231,38.86679],[-76.98261,38.86679],[-76.98333,38.86678],[-76.98338,38.86676],[-76.98365,38.86673],[-76.98376,38.86686],[-76.98384,38.86694],[-76.98414,38.8668],[-76.98423,38.8669],[-76.98439,38.8671],[-76.98438,38.86712],[-76.98512,38.86712],[-76.98512,38.86727],[-76.98599,38.86727],[-76.98603,38.86727],[-76.98658,38.86735],[-76.98661,38.86736],[-76.98662,38.86738],[-76.98664,38.86759],[-76.98703,38.86759],[-76.98706,38.86713],[-76.98716,38.86715]]]},"properties":{"name":"Anacostia Historic District","label":"Anacostia HD","designation":"DC/NR","date":null,"nr":"Y"}},{"type":"Feature","geometry":{"type":"Polygon","coordinates":[[[-76.99444,38.88114],[-76.99479,38.88114],[-76.99479,38.88095],[-76.99479,38.88081],[-76.99479,38.88068],[-76.99479,38.88054],[-76.99479,38.88026],[-76.99479,38.88014],[-76.99479,38.88001],[-76.99479,38.87974],[-76.99479,38.8796],[-76.99479,38.87941],[-76.99461,38.87941],[-76.99444,38.87941],[-76.99409,38.87941],[-76.99392,38.87941],[-76.99392,38.8796],[-76.99392,38.87987],[-76.99392,38.88001],[-76.99392,38.88014],[-76.99392,38.88026],[-76.99392,38.8803],[-76.99392,38.88041],[-76.99392,38.88068],[-76.99392,38.88081],[-76.99392,38.88095],[-76.99392,38.88114],[-76.99444,38.88114]]]},"properties":{"name":"Marine Barracks Historic District","label":"Marine Barracks HD","designation":"DC/NR/NHL","date":null,"nr":"Y"}},{"type":"Feature","geometry":{"type":"Polygon","coordinates":[[[-77.05234,38.92781],[-77.05234,38.9278],[-77.05234,38.92779],[-77.05235,38.92778],[-77.05235,38.92776],[-77.05235,38.92775],[-77.05236,38.92774],[-77.05246,38.92776],[-77.0526,38.92779],[-77.05271,38.92781],[-77.05282,38.92784],[-77.05291,38.92785],[-77.05323,38.92792],[-77.05357,38.92798],[-77.05388,38.92805],[-77.05396,38.92806],[-77.05417,38.9281],[-77.05452,38.92818],[-77.05481,38.92824],[-77.05521,38.92832],[-77.05522,38.92832],[-77.05534,38.92835],[-77.05543,38.92836],[-77.05549,38.92838],[-77.05594,38.92847],[-77.05631,38.92854],[-77.05636,38.92855],[-77.05643,38.92856],[-77.05645,38.92857],[-77.05655,38.92859],[-77.05667,38.92861],[-77.05679,38.92864],[-77.0569,38.92866],[-77.05702,38.92868],[-77.05714,38.92871],[-77.05726,38.92873],[-77.05738,38.92876],[-77.0575,38.92878],[-77.05752,38.92879],[-77.05765,38.92881],[-77.05766,38.92882],[-77.05765,38.92873],[-77.05765,38.92871],[-77.05764,38.92838],[-77.05764,38.92788],[-77.05764,38.92732],[-77.05764,38.92672],[-77.05764,38.92667],[-77.05764,38.92656],[-77.05764,38.92639],[-77.05764,38.9263],[-77.05764,38.92629],[-77.05764,38.92618],[-77.05752,38.92617],[-77.05729,38.92614],[-77.05711,38.92611],[-77.05695,38.92609],[-77.05689,38.92609],[-77.05655,38.92604],[-77.05644,38.92603],[-77.05635,38.92602],[-77.05632,38.92601],[-77.05585,38.92595],[-77.05544,38.9259],[-77.05542,38.9259],[-77.05534,38.92588],[-77.05533,38.92588],[-77.05524,38.92587],[-77.05513,38.92586],[-77.05479,38.92581],[-77.05437,38.92576],[-77.05393,38.9257],[-77.05353,38.92565],[-77.05291,38.92557],[-77.05281,38.92556],[-77.05268,38.92554],[-77.05262,38.92544],[-77.05258,38.92537],[-77.05238,38.92503],[-77.05237,38.92501],[-77.05234,38.92495],[-77.0523,38.92488],[-77.05238,38.92483],[-77.05248,38.92474],[-77.05252,38.92466],[-77.05255,38.92458],[-77.05257,38.9245],[-77.05258,38.92441],[-77.05259,38.92437],[-77.0526,38.92434],[-77.0526,38.9243],[-77.0526,38.92427],[-77.0526,38.92424],[-77.05261,38.9242],[-77.05261,38.92416],[-77.05261,38.92411],[-77.05261,38.92407],[-77.05261,38.92402],[-77.05261,38.92397],[-77.05261,38.92393],[-77.05261,38.92388],[-77.05261,38.92383],[-77.0526,38.92379],[-77.0526,38.92374],[-77.05261,38.92369],[-77.05261,38.92363],[-77.05261,38.92358],[-77.0526,38.92352],[-77.0526,38.92348],[-77.05254,38.92348],[-77.05248,38.92349],[-77.05241,38.92349],[-77.05227,38.9235],[-77.05213,38.92351],[-77.05199,38.92352],[-77.05186,38.92352],[-77.05173,38.92353],[-77.05172,38.92353],[-77.05158,38.92354],[-77.05152,38.92354],[-77.05143,38.92339],[-77.05133,38.92322],[-77.05112,38.92285],[-77.05109,38.9228],[-77.05089,38.92247],[-77.05069,38.92212],[-77.05047,38.92223],[-77.05039,38.92228],[-77.05034,38.92232],[-77.0503,38.92235],[-77.05026,38.92239],[-77.05022,38.92242],[-77.05018,38.92246],[-77.05017,38.92247],[-77.05005,38.92258],[-77.05002,38.92261],[-77.04999,38.92264],[-77.04997,38.92267],[-77.04994,38.9227],[-77.04992,38.92274],[-77.04989,38.92277],[-77.04987,38.9228],[-77.04985,38.92284],[-77.04983,38.92287],[-77.04981,38.9229],[-77.04978,38.92298],[-77.04975,38.92305],[-77.04973,38.92312],[-77.04971,38.9232],[-77.04969,38.92328],[-77.04967,38.92343],[-77.04966,38.92358],[-77.04966,38.92366],[-77.04966,38.92371],[-77.04966,38.92376],[-77.04966,38.92381],[-77.04966,38.92386],[-77.04967,38.92392],[-77.04967,38.92397],[-77.04968,38.92402],[-77.04969,38.92407],[-77.0497,38.92412],[-77.04971,38.92417],[-77.04972,38.92423],[-77.04974,38.92429],[-77.04975,38.92435],[-77.04977,38.92441],[-77.04979,38.92447],[-77.0498,38.92453],[-77.04982,38.92459],[-77.04985,38.92465],[-77.04987,38.92471],[-77.04989,38.92477],[-77.04992,38.92483],[-77.04996,38.9249],[-77.04999,38.92496],[-77.05003,38.92503],[-77.05006,38.92509],[-77.0501,38.92515],[-77.05013,38.92522],[-77.05015,38.92525],[-77.05017,38.92528],[-77.0502,38.92533],[-77.05021,38.92534],[-77.05025,38.92541],[-77.05036,38.9256],[-77.05051,38.92586],[-77.05069,38.92617],[-77.05086,38.92646],[-77.05089,38.92651],[-77.05092,38.92657],[-77.05095,38.92662],[-77.05098,38.92667],[-77.05101,38.92672],[-77.05104,38.92678],[-77.05107,38.92683],[-77.0511,38.92688],[-77.05114,38.92694],[-77.05117,38.92699],[-77.05118,38.92701],[-77.05119,38.92703],[-77.05121,38.92705],[-77.05122,38.92707],[-77.05123,38.92709],[-77.05125,38.92711],[-77.05126,38.92713],[-77.05128,38.92715],[-77.0513,38.92717],[-77.05131,38.92719],[-77.05134,38.92722],[-77.05137,38.92725],[-77.0514,38.92728],[-77.05144,38.92731],[-77.05147,38.92734],[-77.05151,38.92737],[-77.05154,38.9274],[-77.05158,38.92743],[-77.05162,38.92745],[-77.05166,38.92748],[-77.05168,38.9275],[-77.05171,38.92751],[-77.05162,38.92761],[-77.05168,38.92775],[-77.05198,38.9279],[-77.05227,38.92795],[-77.05232,38.92786],[-77.05233,38.92785],[-77.05233,38.92784],[-77.05233,38.92782],[-77.05233,38.92781],[-77.05234,38.92781]]]},"properties":{"name":"Woodley Park Historic District","label":"Woodley Park HD","designation":"DC/NR","date":null,"nr":"Y"}},{"type":"Feature","geometry":{"type":"Polygon","coordinates":[[[-77.02365,38.97236],[-77.02341,38.97235],[-77.02271,38.97235],[-77.02233,38.97235],[-77.02223,38.97235],[-77.02223,38.97228],[-77.02223,38.97196],[-77.02205,38.97192],[-77.02187,38.97187],[-77.02187,38.97193],[-77.0217,38.97193],[-77.02142,38.97193],[-77.02142,38.97189],[-77.02132,38.97189],[-77.0211,38.97189],[-77.02066,38.97189],[-77.02022,38.97189],[-77.02001,38.97189],[-77.0199,38.97189],[-77.0199,38.97191],[-77.01979,38.97191],[-77.01958,38.97191],[-77.01941,38.97191],[-77.01923,38.97191],[-77.01923,38.97181],[-77.0187,38.97181],[-77.0187,38.97191],[-77.01853,38.97191],[-77.01835,38.97191],[-77.01814,38.97191],[-77.01803,38.97191],[-77.01803,38.97192],[-77.01788,38.97192],[-77.01745,38.97192],[-77.01745,38.97182],[-77.0172,38.97182],[-77.01692,38.97182],[-77.01673,38.97182],[-77.01673,38.97196],[-77.01633,38.97196],[-77.0161,38.97196],[-77.0163,38.97235],[-77.0162,38.97235],[-77.01592,38.97236],[-77.01584,38.97236],[-77.01574,38.97235],[-77.01571,38.97235],[-77.01565,38.97225],[-77.01554,38.97208],[-77.01551,38.97202],[-77.01548,38.97198],[-77.01546,38.97194],[-77.01543,38.97191],[-77.01541,38.97187],[-77.01539,38.97183],[-77.01536,38.97179],[-77.01533,38.97176],[-77.01531,38.97172],[-77.01528,38.97168],[-77.01526,38.97164],[-77.01523,38.97161],[-77.0152,38.97158],[-77.01518,38.97155],[-77.01515,38.97152],[-77.01513,38.97149],[-77.0151,38.97146],[-77.01508,38.97142],[-77.01507,38.97141],[-77.015,38.97147],[-77.01487,38.97161],[-77.01482,38.97167],[-77.01475,38.97174],[-77.01465,38.97185],[-77.01433,38.97221],[-77.01432,38.97221],[-77.01422,38.97233],[-77.01484,38.97233],[-77.01488,38.97233],[-77.01456,38.97274],[-77.01497,38.97292],[-77.01502,38.97294],[-77.01494,38.97306],[-77.01428,38.97399],[-77.01437,38.97402],[-77.01473,38.97418],[-77.01515,38.97436],[-77.0152,38.97439],[-77.01485,38.97489],[-77.01453,38.97534],[-77.01846,38.9784],[-77.01968,38.97936],[-77.02024,38.9798],[-77.02,38.97936],[-77.02236,38.97966],[-77.02236,38.97953],[-77.02236,38.97948],[-77.02236,38.9794],[-77.02246,38.9794],[-77.02248,38.9794],[-77.02275,38.9794],[-77.02302,38.9794],[-77.02302,38.97932],[-77.02302,38.97918],[-77.02284,38.97918],[-77.02284,38.97917],[-77.0228,38.97917],[-77.0228,38.97916],[-77.02274,38.97916],[-77.02274,38.97904],[-77.02274,38.97892],[-77.02274,38.9789],[-77.02274,38.97879],[-77.02227,38.97879],[-77.02225,38.97876],[-77.02274,38.97876],[-77.02289,38.97876],[-77.02289,38.9786],[-77.02247,38.9786],[-77.02247,38.97847],[-77.02247,38.97838],[-77.02247,38.97831],[-77.02234,38.97831],[-77.02234,38.97824],[-77.02234,38.97811],[-77.02234,38.97799],[-77.02232,38.97799],[-77.02232,38.97739],[-77.02202,38.97739],[-77.02202,38.97635],[-77.02199,38.97635],[-77.02164,38.97635],[-77.02164,38.97607],[-77.02163,38.97607],[-77.02163,38.97589],[-77.02163,38.97581],[-77.02157,38.97581],[-77.02122,38.97581],[-77.02107,38.97581],[-77.02113,38.97573],[-77.02118,38.97566],[-77.02138,38.97538],[-77.0214,38.97534],[-77.02147,38.97525],[-77.02157,38.9751],[-77.02161,38.97504],[-77.0217,38.97492],[-77.02177,38.97482],[-77.02183,38.97475],[-77.02193,38.9746],[-77.02206,38.97441],[-77.02209,38.97436],[-77.02214,38.97429],[-77.02217,38.97425],[-77.0222,38.97422],[-77.02222,38.97418],[-77.02225,38.97415],[-77.02227,38.97412],[-77.0223,38.97408],[-77.02232,38.97405],[-77.02235,38.97402],[-77.02238,38.97399],[-77.02241,38.97396],[-77.02244,38.97393],[-77.02265,38.97373],[-77.02277,38.97362],[-77.02286,38.97352],[-77.02306,38.97321],[-77.02335,38.97281],[-77.02365,38.97236]]]},"properties":{"name":"Takoma Park Historic District","label":"Takoma Park HD","designation":"DC/NR","date":null,"nr":"Y"}},{"type":"Feature","geometry":{"type":"Polygon","coordinates":[[[-77.03924,38.88825],[-77.03925,38.88825],[-77.03925,38.88826],[-77.03926,38.88827],[-77.03934,38.88843],[-77.03934,38.88844],[-77.03935,38.88846],[-77.03936,38.88847],[-77.03937,38.88848],[-77.03938,38.8885],[-77.03938,38.88851],[-77.03939,38.88853],[-77.0394,38.88854],[-77.0394,38.88856],[-77.03941,38.88857],[-77.03942,38.88859],[-77.03942,38.8886],[-77.03943,38.88862],[-77.03944,38.88864],[-77.03944,38.88866],[-77.03945,38.88868],[-77.03945,38.88869],[-77.03946,38.88871],[-77.03946,38.88873],[-77.03947,38.88875],[-77.03947,38.88877],[-77.03948,38.88878],[-77.03956,38.889],[-77.03956,38.8892],[-77.03956,38.88926],[-77.03956,38.88936],[-77.03956,38.88957],[-77.03956,38.88964],[-77.03956,38.88976],[-77.03956,38.88988],[-77.03956,38.88995],[-77.03956,38.89001],[-77.03956,38.89057],[-77.03956,38.89097],[-77.03955,38.89191],[-77.03955,38.89193],[-77.03956,38.89194],[-77.03956,38.89195],[-77.03957,38.89196],[-77.03957,38.89197],[-77.03958,38.89197],[-77.03959,38.89198],[-77.0396,38.89199],[-77.03961,38.89199],[-77.03962,38.89199],[-77.03963,38.892],[-77.03964,38.892],[-77.03965,38.892],[-77.0399,38.892],[-77.03993,38.892],[-77.04,38.892],[-77.04003,38.892],[-77.04012,38.892],[-77.04028,38.892],[-77.04068,38.892],[-77.04074,38.892],[-77.04077,38.892],[-77.04125,38.892],[-77.04158,38.892],[-77.04169,38.892],[-77.04189,38.892],[-77.04315,38.892],[-77.04363,38.892],[-77.04398,38.892],[-77.04481,38.892],[-77.04506,38.892],[-77.04515,38.892],[-77.04652,38.892],[-77.04679,38.892],[-77.04781,38.892],[-77.04828,38.892],[-77.04842,38.892],[-77.0487,38.892],[-77.04873,38.892],[-77.04877,38.892],[-77.04903,38.892],[-77.04914,38.892],[-77.04995,38.892],[-77.04996,38.892],[-77.04998,38.892],[-77.05033,38.89212],[-77.05037,38.89213],[-77.0504,38.89214],[-77.05044,38.89215],[-77.05048,38.89216],[-77.05052,38.89217],[-77.05055,38.89218],[-77.05059,38.89219],[-77.05063,38.8922],[-77.05064,38.8922],[-77.05067,38.89222],[-77.0507,38.89223],[-77.05072,38.89224],[-77.05075,38.89226],[-77.05078,38.89227],[-77.05081,38.89228],[-77.05083,38.8923],[-77.05086,38.89232],[-77.05089,38.89233],[-77.05091,38.89235],[-77.05093,38.89237],[-77.05096,38.89238],[-77.05097,38.8924],[-77.05114,38.89254],[-77.05137,38.89274],[-77.05159,38.89294],[-77.05183,38.89315],[-77.05205,38.89334],[-77.05229,38.89355],[-77.05233,38.89359],[-77.0524,38.89364],[-77.05242,38.89367],[-77.05245,38.89369],[-77.05247,38.89371],[-77.0525,38.89373],[-77.05253,38.89376],[-77.05256,38.89378],[-77.05258,38.8938],[-77.05261,38.89382],[-77.05264,38.89384],[-77.05267,38.89385],[-77.05278,38.89391],[-77.05281,38.89393],[-77.05323,38.894],[-77.05327,38.89401],[-77.0533,38.89402],[-77.05331,38.89402],[-77.05332,38.89402],[-77.05335,38.89402],[-77.05338,38.89403],[-77.05341,38.89403],[-77.05344,38.89403],[-77.05348,38.89403],[-77.05351,38.89403],[-77.05354,38.89403],[-77.05358,38.89403],[-77.05361,38.89403],[-77.05364,38.89402],[-77.05365,38.89402],[-77.05368,38.89402],[-77.05371,38.89401],[-77.05375,38.89401],[-77.05378,38.894],[-77.05379,38.894],[-77.05383,38.89399],[-77.05386,38.89399],[-77.05389,38.89398],[-77.05391,38.89397],[-77.05394,38.89396],[-77.05397,38.89395],[-77.054,38.89394],[-77.05403,38.89393],[-77.05406,38.89392],[-77.05408,38.8939],[-77.05411,38.89389],[-77.05412,38.89389],[-77.05418,38.89398],[-77.05419,38.89402],[-77.05421,38.89405],[-77.05422,38.89408],[-77.05423,38.89411],[-77.05425,38.89414],[-77.05426,38.89418],[-77.05427,38.89421],[-77.05428,38.89424],[-77.05429,38.89428],[-77.0543,38.89431],[-77.05433,38.89445],[-77.05434,38.8945],[-77.05435,38.89459],[-77.05455,38.89462],[-77.05455,38.89459],[-77.05456,38.89454],[-77.05457,38.89436],[-77.05458,38.89432],[-77.05459,38.89425],[-77.0546,38.89421],[-77.05461,38.89417],[-77.05462,38.89414],[-77.05463,38.8941],[-77.05464,38.89406],[-77.05465,38.89403],[-77.05468,38.89395],[-77.05468,38.89393],[-77.05469,38.89392],[-77.0547,38.89389],[-77.05472,38.89386],[-77.05473,38.89383],[-77.05475,38.89381],[-77.05477,38.89378],[-77.05478,38.89375],[-77.0548,38.89372],[-77.05482,38.89369],[-77.05484,38.89367],[-77.05486,38.89364],[-77.05489,38.89361],[-77.05492,38.89358],[-77.05495,38.89356],[-77.05498,38.89353],[-77.05501,38.8935],[-77.05504,38.89347],[-77.05505,38.89347],[-77.05507,38.89344],[-77.0551,38.89342],[-77.05513,38.8934],[-77.05516,38.89337],[-77.05519,38.89335],[-77.05522,38.89333],[-77.05524,38.89332],[-77.05527,38.8933],[-77.05531,38.89328],[-77.05533,38.89327],[-77.05534,38.89326],[-77.05538,38.89325],[-77.05542,38.89323],[-77.05545,38.89321],[-77.05549,38.89319],[-77.05553,38.89318],[-77.05556,38.89317],[-77.05559,38.89315],[-77.05563,38.89314],[-77.05566,38.89313],[-77.0557,38.89312],[-77.05573,38.89311],[-77.05577,38.8931],[-77.0558,38.89309],[-77.05584,38.89308],[-77.05588,38.89308],[-77.05591,38.89307],[-77.05593,38.89307],[-77.05594,38.89307],[-77.05587,38.89282],[-77.05585,38.89282],[-77.05583,38.89282],[-77.0557,38.8926],[-77.05558,38.89243],[-77.05552,38.89236],[-77.05551,38.89235],[-77.0555,38.89235],[-77.0555,38.89234],[-77.05549,38.89234],[-77.05549,38.89233],[-77.05548,38.89233],[-77.05547,38.89233],[-77.05547,38.89232],[-77.05546,38.89232],[-77.05545,38.89231],[-77.05544,38.89231],[-77.05545,38.89229],[-77.05546,38.89228],[-77.05547,38.89226],[-77.05547,38.89225],[-77.05548,38.89223],[-77.05549,38.89222],[-77.05549,38.8922],[-77.0555,38.89219],[-77.0555,38.89217],[-77.0555,38.89215],[-77.0555,38.89214],[-77.0555,38.89212],[-77.0555,38.8921],[-77.0555,38.89209],[-77.0555,38.89207],[-77.0555,38.89206],[-77.05549,38.89204],[-77.05549,38.89202],[-77.05548,38.89201],[-77.05547,38.89199],[-77.05547,38.89198],[-77.05546,38.89196],[-77.05545,38.89195],[-77.05544,38.89193],[-77.05544,38.89188],[-77.05507,38.89187],[-77.05506,38.89187],[-77.05505,38.89187],[-77.05504,38.89187],[-77.05503,38.89186],[-77.05502,38.89186],[-77.055,38.89185],[-77.05499,38.89184],[-77.05498,38.89183],[-77.05497,38.89183],[-77.05497,38.89182],[-77.05496,38.89181],[-77.05494,38.89177],[-77.05492,38.89173],[-77.0549,38.89169],[-77.05488,38.89165],[-77.05485,38.89162],[-77.05483,38.89158],[-77.05482,38.89157],[-77.05479,38.89152],[-77.05476,38.89148],[-77.05473,38.89143],[-77.05469,38.89139],[-77.05466,38.89134],[-77.05463,38.8913],[-77.05459,38.89126],[-77.05456,38.89122],[-77.05452,38.89117],[-77.05448,38.89113],[-77.05447,38.89112],[-77.05443,38.89108],[-77.0544,38.89104],[-77.05436,38.891],[-77.05432,38.89097],[-77.05428,38.89093],[-77.05424,38.89089],[-77.05421,38.89086],[-77.05416,38.89082],[-77.05412,38.89079],[-77.05408,38.89075],[-77.05404,38.89072],[-77.054,38.89068],[-77.05395,38.89065],[-77.05393,38.89064],[-77.05389,38.8906],[-77.05384,38.89057],[-77.05378,38.89054],[-77.05373,38.89051],[-77.05368,38.89047],[-77.05363,38.89044],[-77.05358,38.89041],[-77.05352,38.89038],[-77.05347,38.89035],[-77.05342,38.89032],[-77.05336,38.89029],[-77.05331,38.89026],[-77.05324,38.89023],[-77.05318,38.8902],[-77.05311,38.89017],[-77.05304,38.89014],[-77.05298,38.89011],[-77.05294,38.89009],[-77.0529,38.89004],[-77.05288,38.89001],[-77.05288,38.88999],[-77.05287,38.88997],[-77.05286,38.88995],[-77.05285,38.88993],[-77.05284,38.88991],[-77.05284,38.88989],[-77.05284,38.88987],[-77.05283,38.88985],[-77.05283,38.88982],[-77.05283,38.8898],[-77.05284,38.88978],[-77.05284,38.88976],[-77.05284,38.88974],[-77.05284,38.88972],[-77.05284,38.8897],[-77.05285,38.88969],[-77.05286,38.88969],[-77.05287,38.88967],[-77.05288,38.88966],[-77.05288,38.88964],[-77.05287,38.88962],[-77.05287,38.8896],[-77.05286,38.88958],[-77.05286,38.88957],[-77.05285,38.88955],[-77.05285,38.88954],[-77.05284,38.88953],[-77.05285,38.88951],[-77.05285,38.88947],[-77.05286,38.88944],[-77.05286,38.8894],[-77.05286,38.88937],[-77.05286,38.88933],[-77.05287,38.88929],[-77.05287,38.88926],[-77.05287,38.88922],[-77.05286,38.88919],[-77.05286,38.88915],[-77.05286,38.88912],[-77.05285,38.88908],[-77.05285,38.88905],[-77.05284,38.88901],[-77.05284,38.88898],[-77.05283,38.88894],[-77.05282,38.88891],[-77.05281,38.88887],[-77.05281,38.88886],[-77.05279,38.88887],[-77.05278,38.88883],[-77.05277,38.88881],[-77.05276,38.88879],[-77.05275,38.88875],[-77.05275,38.88874],[-77.05274,38.88872],[-77.05273,38.88871],[-77.05273,38.88869],[-77.05274,38.88868],[-77.05273,38.88868],[-77.05273,38.88867],[-77.05273,38.88866],[-77.05272,38.88865],[-77.05272,38.88864],[-77.05271,38.88863],[-77.05271,38.88862],[-77.0527,38.88861],[-77.0527,38.8886],[-77.05269,38.88859],[-77.05269,38.88858],[-77.05268,38.88858],[-77.05268,38.88857],[-77.05268,38.88856],[-77.05267,38.88855],[-77.05267,38.88854],[-77.05266,38.88854],[-77.05266,38.88853],[-77.05266,38.88852],[-77.05265,38.88852],[-77.05251,38.88829],[-77.0525,38.88827],[-77.05248,38.88825],[-77.05247,38.88823],[-77.05245,38.88821],[-77.05244,38.88819],[-77.05242,38.88817],[-77.05241,38.88815],[-77.05239,38.88813],[-77.05237,38.88811],[-77.05236,38.88809],[-77.05234,38.88807],[-77.05232,38.88805],[-77.05231,38.88802],[-77.05229,38.888],[-77.05227,38.88798],[-77.05225,38.88796],[-77.05223,38.88794],[-77.05222,38.88792],[-77.0522,38.8879],[-77.05218,38.88788],[-77.05216,38.88786],[-77.05214,38.88784],[-77.05213,38.88783],[-77.05208,38.88778],[-77.05202,38.88773],[-77.05197,38.88768],[-77.05192,38.88763],[-77.05186,38.88758],[-77.0518,38.88753],[-77.05175,38.88748],[-77.05169,38.88743],[-77.05165,38.88739],[-77.05145,38.88723],[-77.05128,38.88709],[-77.05107,38.88692],[-77.05084,38.88673],[-77.05051,38.88647],[-77.05047,38.88644],[-77.05028,38.88628],[-77.05003,38.88608],[-77.04969,38.88581],[-77.04938,38.88558],[-77.04901,38.88529],[-77.04871,38.88506],[-77.04841,38.88484],[-77.04826,38.88472],[-77.04818,38.88466],[-77.0481,38.8846],[-77.04802,38.88454],[-77.04794,38.88448],[-77.04786,38.88442],[-77.04778,38.88436],[-77.0477,38.8843],[-77.04762,38.88424],[-77.04755,38.88418],[-77.04747,38.88412],[-77.04725,38.88396],[-77.04722,38.88394],[-77.04711,38.88385],[-77.04693,38.88372],[-77.04652,38.88342],[-77.04612,38.88311],[-77.04589,38.88294],[-77.04564,38.88275],[-77.04526,38.88246],[-77.04488,38.88218],[-77.04444,38.88188],[-77.04424,38.88174],[-77.04397,38.88156],[-77.04364,38.88134],[-77.04344,38.88121],[-77.04301,38.88093],[-77.0423,38.88046],[-77.04197,38.88024],[-77.0419,38.8802],[-77.0419,38.88019],[-77.04189,38.88019],[-77.04188,38.88019],[-77.04188,38.88018],[-77.04187,38.88018],[-77.04186,38.88018],[-77.04186,38.88017],[-77.04185,38.88017],[-77.04184,38.88016],[-77.04183,38.88016],[-77.04183,38.88015],[-77.04182,38.88015],[-77.04181,38.88015],[-77.0418,38.88014],[-77.04179,38.88014],[-77.04178,38.88014],[-77.04177,38.88013],[-77.04176,38.88012],[-77.04175,38.88012],[-77.04175,38.88011],[-77.04174,38.88011],[-77.04174,38.8801],[-77.04173,38.8801],[-77.04172,38.88009],[-77.04171,38.88009],[-77.04171,38.88008],[-77.0417,38.88008],[-77.0417,38.88007],[-77.04169,38.88007],[-77.04168,38.88007],[-77.04168,38.88006],[-77.04167,38.88006],[-77.04166,38.88005],[-77.04165,38.88004],[-77.04164,38.88004],[-77.04163,38.88003],[-77.04162,38.88003],[-77.04161,38.88002],[-77.0416,38.88002],[-77.04159,38.88001],[-77.04158,38.88001],[-77.04157,38.88001],[-77.04156,38.88],[-77.04155,38.88],[-77.04154,38.88],[-77.04145,38.87995],[-77.04144,38.87995],[-77.04143,38.87995],[-77.04143,38.87994],[-77.04142,38.87994],[-77.04141,38.87994],[-77.0414,38.87994],[-77.04139,38.87994],[-77.04138,38.87994],[-77.04137,38.87994],[-77.04135,38.87994],[-77.04133,38.87994],[-77.04131,38.87995],[-77.0413,38.87995],[-77.04128,38.87995],[-77.04126,38.87996],[-77.04124,38.87996],[-77.04122,38.87996],[-77.0412,38.87996],[-77.04118,38.87996],[-77.04116,38.87997],[-77.04114,38.87997],[-77.04112,38.87997],[-77.0411,38.87997],[-77.04108,38.87998],[-77.04107,38.87998],[-77.04106,38.87998],[-77.04104,38.87998],[-77.04103,38.87998],[-77.04102,38.87999],[-77.04101,38.87999],[-77.04099,38.87999],[-77.04098,38.88],[-77.04097,38.88],[-77.04096,38.88],[-77.04095,38.88],[-77.04088,38.88002],[-77.0408,38.88006],[-77.04078,38.88007],[-77.04077,38.88007],[-77.04075,38.88008],[-77.04074,38.88009],[-77.04073,38.8801],[-77.04071,38.8801],[-77.0407,38.88011],[-77.04069,38.88012],[-77.04068,38.88013],[-77.04067,38.88014],[-77.04065,38.88015],[-77.04064,38.88016],[-77.04063,38.88016],[-77.04062,38.88017],[-77.04061,38.88018],[-77.0406,38.88019],[-77.04059,38.8802],[-77.04058,38.88021],[-77.04057,38.88022],[-77.04056,38.88023],[-77.04055,38.88024],[-77.04043,38.88037],[-77.04042,38.88036],[-77.04043,38.88036],[-77.04028,38.88027],[-77.04028,38.88028],[-77.04025,38.88026],[-77.04018,38.88022],[-77.04014,38.8802],[-77.04015,38.8802],[-77.04,38.88012],[-77.03998,38.88011],[-77.04011,38.87999],[-77.04012,38.87997],[-77.04016,38.87992],[-77.04017,38.87991],[-77.04018,38.8799],[-77.04018,38.87989],[-77.04019,38.87988],[-77.0402,38.87986],[-77.0402,38.87985],[-77.04021,38.87984],[-77.04021,38.87983],[-77.04022,38.87982],[-77.04022,38.87981],[-77.04023,38.8798],[-77.04024,38.87979],[-77.04024,38.87977],[-77.04025,38.87976],[-77.04025,38.87975],[-77.04025,38.87974],[-77.04026,38.87973],[-77.04026,38.87971],[-77.04027,38.8797],[-77.04027,38.87969],[-77.04027,38.87968],[-77.04033,38.87944],[-77.04034,38.8794],[-77.04035,38.87939],[-77.04035,38.87938],[-77.04034,38.87938],[-77.04034,38.87937],[-77.04034,38.87936],[-77.04033,38.87935],[-77.04033,38.87934],[-77.04032,38.87934],[-77.04032,38.87933],[-77.04026,38.8793],[-77.04022,38.87928],[-77.04014,38.87923],[-77.03994,38.87912],[-77.03948,38.87887],[-77.03928,38.87876],[-77.03919,38.8787],[-77.03887,38.87854],[-77.03864,38.8784],[-77.03829,38.87819],[-77.03803,38.87804],[-77.03777,38.87788],[-77.0376,38.87777],[-77.03754,38.87773],[-77.03749,38.87769],[-77.03743,38.87765],[-77.03737,38.87761],[-77.03731,38.87757],[-77.03725,38.87753],[-77.03719,38.87749],[-77.03714,38.87745],[-77.03707,38.8774],[-77.03706,38.8774],[-77.03698,38.87734],[-77.0369,38.87728],[-77.03681,38.87722],[-77.03673,38.87716],[-77.03664,38.8771],[-77.03657,38.87705],[-77.03648,38.87698],[-77.0364,38.87691],[-77.03631,38.87685],[-77.03623,38.87679],[-77.03613,38.87672],[-77.03604,38.87665],[-77.03594,38.87658],[-77.03585,38.87651],[-77.03576,38.87643],[-77.03566,38.87636],[-77.03557,38.87629],[-77.03548,38.87622],[-77.03539,38.87614],[-77.03529,38.87607],[-77.03522,38.87601],[-77.03515,38.87595],[-77.03507,38.87589],[-77.035,38.87582],[-77.03492,38.87576],[-77.03485,38.8757],[-77.03478,38.87564],[-77.03471,38.87558],[-77.03464,38.87552],[-77.03456,38.87545],[-77.03446,38.87536],[-77.03435,38.87526],[-77.03425,38.87517],[-77.03414,38.87508],[-77.03404,38.87498],[-77.03397,38.87492],[-77.03393,38.87488],[-77.03383,38.87479],[-77.03373,38.87469],[-77.03363,38.8746],[-77.03353,38.8745],[-77.03346,38.87443],[-77.03339,38.87437],[-77.03333,38.87431],[-77.03331,38.87429],[-77.03326,38.87424],[-77.0332,38.87418],[-77.03313,38.87411],[-77.03307,38.87405],[-77.03301,38.87398],[-77.03294,38.87392],[-77.03288,38.87385],[-77.03282,38.87379],[-77.03275,38.87372],[-77.03269,38.87366],[-77.03263,38.87359],[-77.03257,38.87353],[-77.03251,38.87346],[-77.03245,38.8734],[-77.03239,38.87333],[-77.03233,38.87327],[-77.03227,38.8732],[-77.03221,38.87314],[-77.03215,38.87307],[-77.0321,38.873],[-77.03204,38.87294],[-77.03198,38.87287],[-77.03192,38.8728],[-77.03186,38.87274],[-77.03181,38.87267],[-77.03175,38.8726],[-77.03169,38.87254],[-77.03164,38.87247],[-77.03158,38.8724],[-77.03152,38.87233],[-77.03147,38.87226],[-77.03141,38.87219],[-77.03135,38.87212],[-77.0313,38.87205],[-77.03128,38.87203],[-77.03124,38.87198],[-77.03119,38.87191],[-77.03113,38.87184],[-77.03109,38.87179],[-77.03105,38.87174],[-77.03101,38.87169],[-77.03097,38.87164],[-77.03093,38.87159],[-77.03089,38.87154],[-77.03085,38.87149],[-77.03082,38.87143],[-77.03078,38.87138],[-77.03074,38.87133],[-77.03069,38.87127],[-77.03064,38.8712],[-77.0306,38.87114],[-77.03055,38.87108],[-77.0305,38.87102],[-77.03046,38.87095],[-77.03041,38.87089],[-77.03037,38.87083],[-77.03032,38.87076],[-77.03028,38.8707],[-77.03008,38.87041],[-77.02996,38.87024],[-77.02981,38.87002],[-77.02958,38.86966],[-77.02934,38.86928],[-77.02903,38.86878],[-77.02888,38.86852],[-77.02884,38.86844],[-77.0288,38.86836],[-77.02875,38.86829],[-77.02871,38.86821],[-77.02867,38.86814],[-77.02863,38.86806],[-77.02859,38.86799],[-77.02854,38.86791],[-77.0285,38.86783],[-77.02846,38.86776],[-77.0284,38.86765],[-77.02834,38.86753],[-77.02828,38.86742],[-77.02822,38.86731],[-77.02816,38.8672],[-77.0281,38.86709],[-77.02804,38.86698],[-77.02798,38.86686],[-77.02792,38.86675],[-77.02786,38.86664],[-77.02779,38.86652],[-77.02773,38.8664],[-77.02766,38.86627],[-77.0276,38.86615],[-77.02753,38.86603],[-77.02747,38.86591],[-77.0274,38.86579],[-77.02733,38.86566],[-77.02727,38.86554],[-77.0272,38.86542],[-77.02714,38.8653],[-77.02707,38.86518],[-77.02701,38.86506],[-77.02695,38.86494],[-77.02688,38.86482],[-77.02681,38.86469],[-77.02674,38.86455],[-77.02666,38.86442],[-77.02659,38.86428],[-77.02652,38.86414],[-77.02644,38.86401],[-77.02635,38.86384],[-77.02626,38.86366],[-77.02616,38.86349],[-77.02607,38.86332],[-77.02598,38.86314],[-77.02588,38.86297],[-77.02579,38.8628],[-77.0257,38.86263],[-77.0256,38.86245],[-77.02551,38.86228],[-77.02531,38.8619],[-77.02497,38.86128],[-77.02465,38.86069],[-77.02435,38.86013],[-77.02395,38.85938],[-77.0236,38.85873],[-77.02327,38.85813],[-77.023,38.85762],[-77.02296,38.85754],[-77.02278,38.85721],[-77.02264,38.85695],[-77.02263,38.85693],[-77.02261,38.85692],[-77.0226,38.8569],[-77.02259,38.85689],[-77.02258,38.85688],[-77.02256,38.85686],[-77.02255,38.85685],[-77.02253,38.85684],[-77.02251,38.85683],[-77.02249,38.85682],[-77.02246,38.8568],[-77.02241,38.85678],[-77.02237,38.85677],[-77.02233,38.85676],[-77.02228,38.85675],[-77.02224,38.85675],[-77.0222,38.85675],[-77.02219,38.85675],[-77.02215,38.85676],[-77.0221,38.85676],[-77.02206,38.85678],[-77.02202,38.85679],[-77.02198,38.85681],[-77.02194,38.85683],[-77.0219,38.85686],[-77.02187,38.85689],[-77.02185,38.85692],[-77.02182,38.85695],[-77.0218,38.85699],[-77.02179,38.85702],[-77.02178,38.85706],[-77.0218,38.85762],[-77.02181,38.85801],[-77.02183,38.85888],[-77.02187,38.85985],[-77.02189,38.86077],[-77.02192,38.86161],[-77.02194,38.86226],[-77.02194,38.86239],[-77.02195,38.86252],[-77.02195,38.86265],[-77.02196,38.86278],[-77.02196,38.86291],[-77.02196,38.86304],[-77.02197,38.86317],[-77.02197,38.8633],[-77.02198,38.86343],[-77.02198,38.86356],[-77.02199,38.8637],[-77.02199,38.86384],[-77.02199,38.86398],[-77.022,38.86412],[-77.022,38.86426],[-77.02201,38.8644],[-77.02201,38.86454],[-77.02202,38.86468],[-77.02202,38.86483],[-77.02202,38.86491],[-77.02203,38.86499],[-77.02203,38.86508],[-77.02203,38.86516],[-77.02203,38.86524],[-77.02204,38.86533],[-77.02204,38.86541],[-77.02204,38.8655],[-77.02204,38.86558],[-77.02205,38.86567],[-77.02205,38.86575],[-77.02205,38.86584],[-77.02205,38.86594],[-77.02206,38.86604],[-77.02206,38.86615],[-77.02206,38.86625],[-77.02207,38.86636],[-77.02207,38.86646],[-77.02207,38.86656],[-77.02208,38.86667],[-77.02208,38.86677],[-77.02208,38.86687],[-77.02209,38.86697],[-77.02209,38.86707],[-77.02209,38.86717],[-77.0221,38.86726],[-77.0221,38.86736],[-77.0221,38.86746],[-77.0221,38.86756],[-77.02211,38.86765],[-77.02211,38.86775],[-77.02211,38.86785],[-77.02212,38.86792],[-77.02212,38.868],[-77.02212,38.86808],[-77.02212,38.86816],[-77.02213,38.86823],[-77.02213,38.86831],[-77.02213,38.86839],[-77.02214,38.86846],[-77.02214,38.86854],[-77.02214,38.86862],[-77.02217,38.86888],[-77.0222,38.86904],[-77.02222,38.86914],[-77.02224,38.86927],[-77.0223,38.86952],[-77.02239,38.86981],[-77.02241,38.86986],[-77.02243,38.86992],[-77.02246,38.86997],[-77.02248,38.87003],[-77.0225,38.87008],[-77.02252,38.87013],[-77.02254,38.87019],[-77.02256,38.87024],[-77.02258,38.8703],[-77.0226,38.87035],[-77.02263,38.87044],[-77.02267,38.87053],[-77.0227,38.87061],[-77.02273,38.8707],[-77.02277,38.87079],[-77.0228,38.87088],[-77.02283,38.87096],[-77.02287,38.87105],[-77.0229,38.87114],[-77.02293,38.87122],[-77.0231,38.87166],[-77.02324,38.87203],[-77.02328,38.87215],[-77.02348,38.87267],[-77.02352,38.87277],[-77.02356,38.87287],[-77.02359,38.87297],[-77.02363,38.87307],[-77.02367,38.87316],[-77.02371,38.87326],[-77.02375,38.87336],[-77.0238,38.87346],[-77.02384,38.87356],[-77.02388,38.87366],[-77.02393,38.87375],[-77.02398,38.87384],[-77.02403,38.87393],[-77.02408,38.87402],[-77.02413,38.87411],[-77.02419,38.8742],[-77.02425,38.87429],[-77.02431,38.87438],[-77.02437,38.87446],[-77.02443,38.87455],[-77.0245,38.87463],[-77.02458,38.87473],[-77.02466,38.87482],[-77.02473,38.87492],[-77.02481,38.87502],[-77.02489,38.87511],[-77.02497,38.87521],[-77.02505,38.8753],[-77.02513,38.8754],[-77.02521,38.8755],[-77.02528,38.87559],[-77.02562,38.876],[-77.02564,38.87603],[-77.02566,38.87605],[-77.02568,38.87608],[-77.0257,38.8761],[-77.02573,38.87612],[-77.02575,38.87615],[-77.02577,38.87617],[-77.02579,38.87619],[-77.02581,38.87622],[-77.02584,38.87624],[-77.02587,38.87627],[-77.0259,38.87631],[-77.02593,38.87634],[-77.02596,38.87637],[-77.026,38.8764],[-77.02603,38.87644],[-77.02606,38.87647],[-77.0261,38.8765],[-77.02613,38.87653],[-77.02616,38.87656],[-77.0262,38.8766],[-77.02625,38.87664],[-77.02629,38.87668],[-77.02633,38.87671],[-77.02637,38.87675],[-77.02641,38.87679],[-77.02646,38.87682],[-77.0265,38.87686],[-77.02654,38.8769],[-77.02659,38.87693],[-77.02666,38.87699],[-77.02673,38.87704],[-77.0268,38.87709],[-77.02687,38.87715],[-77.02694,38.8772],[-77.02701,38.87725],[-77.02708,38.87731],[-77.02716,38.87736],[-77.02723,38.87741],[-77.0273,38.87747],[-77.02772,38.87778],[-77.02832,38.87823],[-77.02908,38.87879],[-77.02968,38.87924],[-77.02977,38.8793],[-77.02997,38.87945],[-77.03003,38.87949],[-77.03004,38.8795],[-77.03023,38.87964],[-77.03049,38.87984],[-77.03075,38.88003],[-77.03096,38.88018],[-77.03098,38.8802],[-77.0313,38.88043],[-77.03138,38.88049],[-77.03138,38.8805],[-77.03139,38.8805],[-77.03166,38.8807],[-77.03167,38.88071],[-77.03167,38.88072],[-77.0317,38.88076],[-77.03179,38.88094],[-77.03179,38.88095],[-77.0318,38.88096],[-77.03195,38.88122],[-77.03208,38.88146],[-77.03218,38.88164],[-77.03218,38.88165],[-77.03237,38.88198],[-77.03237,38.88199],[-77.03242,38.88208],[-77.03254,38.88228],[-77.03255,38.88228],[-77.03264,38.88231],[-77.03266,38.88232],[-77.03292,38.88255],[-77.03295,38.88257],[-77.03303,38.88259],[-77.03305,38.8826],[-77.03327,38.88263],[-77.03306,38.88294],[-77.03304,38.88296],[-77.03307,38.88301],[-77.03313,38.88311],[-77.03322,38.88329],[-77.03324,38.88331],[-77.03341,38.88364],[-77.03349,38.88378],[-77.03353,38.88385],[-77.03356,38.88389],[-77.03358,38.88392],[-77.0336,38.88396],[-77.03363,38.88399],[-77.03366,38.88403],[-77.03369,38.88406],[-77.03371,38.88409],[-77.03374,38.88412],[-77.03377,38.88416],[-77.03381,38.88419],[-77.03391,38.8843],[-77.03395,38.88434],[-77.03399,38.88438],[-77.03403,38.88442],[-77.03407,38.88445],[-77.03412,38.88449],[-77.03416,38.88452],[-77.03421,38.88456],[-77.03425,38.88459],[-77.0343,38.88462],[-77.03435,38.88465],[-77.03438,38.88467],[-77.03442,38.88468],[-77.03445,38.8847],[-77.03448,38.88472],[-77.03451,38.88473],[-77.03455,38.88475],[-77.03458,38.88476],[-77.03462,38.88478],[-77.03463,38.88479],[-77.03466,38.8848],[-77.03469,38.88481],[-77.03472,38.88482],[-77.03473,38.88483],[-77.03487,38.88488],[-77.03491,38.88489],[-77.03495,38.8849],[-77.03499,38.88492],[-77.03503,38.88493],[-77.03506,38.88494],[-77.0351,38.88494],[-77.03514,38.88495],[-77.03518,38.88496],[-77.03522,38.88496],[-77.03526,38.88497],[-77.03529,38.88497],[-77.03531,38.88497],[-77.03533,38.88497],[-77.03536,38.88497],[-77.03538,38.88497],[-77.0354,38.88498],[-77.03543,38.88498],[-77.03545,38.88498],[-77.03547,38.88498],[-77.03549,38.88498],[-77.03552,38.88498],[-77.03554,38.88498],[-77.03557,38.88498],[-77.03559,38.88497],[-77.03561,38.88497],[-77.03564,38.88497],[-77.03566,38.88497],[-77.03569,38.88497],[-77.03571,38.88497],[-77.03573,38.88497],[-77.03575,38.88497],[-77.03578,38.88497],[-77.0358,38.88496],[-77.03582,38.88496],[-77.03585,38.88496],[-77.03587,38.88496],[-77.03589,38.88496],[-77.03592,38.88496],[-77.03594,38.88496],[-77.03597,38.88496],[-77.03599,38.88496],[-77.03602,38.88496],[-77.03605,38.88496],[-77.03608,38.88496],[-77.03611,38.88497],[-77.03614,38.88497],[-77.03617,38.88497],[-77.0362,38.88498],[-77.03623,38.88498],[-77.03626,38.88499],[-77.03629,38.885],[-77.03632,38.88501],[-77.03635,38.88502],[-77.03638,38.88504],[-77.03641,38.88505],[-77.03644,38.88507],[-77.03646,38.88508],[-77.03649,38.8851],[-77.03651,38.88512],[-77.03654,38.88514],[-77.03656,38.88516],[-77.03658,38.88518],[-77.0366,38.88521],[-77.03663,38.88524],[-77.03665,38.88527],[-77.03667,38.8853],[-77.0367,38.88533],[-77.03672,38.88536],[-77.03673,38.88539],[-77.03675,38.88542],[-77.03677,38.88546],[-77.03678,38.88549],[-77.03679,38.88551],[-77.0368,38.88553],[-77.03681,38.88555],[-77.03682,38.88558],[-77.03682,38.8856],[-77.03683,38.88562],[-77.03684,38.88564],[-77.03685,38.88566],[-77.03685,38.88568],[-77.03686,38.88571],[-77.03687,38.88574],[-77.03688,38.88577],[-77.03689,38.8858],[-77.0369,38.88583],[-77.03692,38.88586],[-77.03693,38.8859],[-77.03695,38.88593],[-77.03697,38.88596],[-77.03698,38.88599],[-77.03701,38.88603],[-77.03703,38.88605],[-77.03704,38.88607],[-77.03706,38.88609],[-77.03707,38.8861],[-77.03709,38.88612],[-77.03711,38.88614],[-77.03712,38.88615],[-77.03714,38.88617],[-77.03716,38.88619],[-77.03718,38.8862],[-77.03733,38.88633],[-77.03745,38.88644],[-77.03746,38.88645],[-77.03747,38.88646],[-77.03749,38.88647],[-77.0375,38.88648],[-77.03751,38.88648],[-77.03761,38.88652],[-77.03764,38.88652],[-77.03767,38.88654],[-77.0377,38.88655],[-77.03773,38.88656],[-77.03776,38.88657],[-77.03779,38.88658],[-77.03782,38.8866],[-77.03786,38.88662],[-77.03789,38.88664],[-77.03793,38.88666],[-77.03796,38.88668],[-77.03798,38.88669],[-77.03799,38.8867],[-77.03801,38.88671],[-77.03802,38.88672],[-77.03804,38.88674],[-77.03805,38.88675],[-77.03806,38.88676],[-77.03808,38.88677],[-77.03809,38.88679],[-77.0381,38.8868],[-77.03811,38.88681],[-77.03811,38.88682],[-77.03811,38.88683],[-77.03811,38.88684],[-77.03812,38.88685],[-77.03812,38.88688],[-77.03812,38.887],[-77.03811,38.88704],[-77.0381,38.88706],[-77.0381,38.88707],[-77.03809,38.88707],[-77.03809,38.88708],[-77.03808,38.88709],[-77.03807,38.88709],[-77.03806,38.8871],[-77.03805,38.88711],[-77.03803,38.88711],[-77.03802,38.88712],[-77.03801,38.88712],[-77.03799,38.88712],[-77.03797,38.88713],[-77.03795,38.88713],[-77.03794,38.88714],[-77.03792,38.88715],[-77.0379,38.88716],[-77.03789,38.88717],[-77.03787,38.88718],[-77.03786,38.88719],[-77.03784,38.8872],[-77.03783,38.88721],[-77.03782,38.88722],[-77.03781,38.88723],[-77.0378,38.88725],[-77.0378,38.88726],[-77.03779,38.88727],[-77.03778,38.88728],[-77.03778,38.88729],[-77.03777,38.88731],[-77.03777,38.88732],[-77.03777,38.88733],[-77.03777,38.88735],[-77.03777,38.88736],[-77.03777,38.88737],[-77.03777,38.88739],[-77.03778,38.8874],[-77.03778,38.88742],[-77.03778,38.88743],[-77.03779,38.88745],[-77.0378,38.88746],[-77.0378,38.88747],[-77.03781,38.88748],[-77.03782,38.88749],[-77.03784,38.8875],[-77.03785,38.88751],[-77.03786,38.88752],[-77.03786,38.88753],[-77.03788,38.88754],[-77.0379,38.88755],[-77.03792,38.88756],[-77.03793,38.88757],[-77.03795,38.88758],[-77.03797,38.88758],[-77.03799,38.88759],[-77.03801,38.8876],[-77.03806,38.88762],[-77.03811,38.88763],[-77.03815,38.88765],[-77.0382,38.88766],[-77.03825,38.88768],[-77.0383,38.88769],[-77.03835,38.88771],[-77.0384,38.88772],[-77.03845,38.88773],[-77.0385,38.88774],[-77.0385,38.88775],[-77.03869,38.88778],[-77.0387,38.88779],[-77.03871,38.88779],[-77.03872,38.88779],[-77.03872,38.8878],[-77.03873,38.8878],[-77.03874,38.88781],[-77.03875,38.88782],[-77.03875,38.88783],[-77.03875,38.88784],[-77.03875,38.88785],[-77.03875,38.88786],[-77.03875,38.88787],[-77.03882,38.88792],[-77.03905,38.88806],[-77.03908,38.88808],[-77.0391,38.8881],[-77.03912,38.88812],[-77.03915,38.88814],[-77.03917,38.88817],[-77.03919,38.88819],[-77.0392,38.8882],[-77.03921,38.88821],[-77.03922,38.88822],[-77.03923,38.88823],[-77.03923,38.88824],[-77.03924,38.88825]]]},"properties":{"name":"East and West Potomac Parks Historic District ","label":"East & West Potomac Parks HD","designation":"DC/NR","date":null,"nr":"Y"}},{"type":"Feature","geometry":{"type":"Polygon","coordinates":[[[-77.00614,38.85246],[-77.00592,38.85236],[-76.99992,38.84873],[-76.99956,38.84851],[-76.99895,38.8485],[-76.99736,38.84847],[-76.9961,38.84845],[-76.99591,38.84846],[-76.99594,38.84761],[-76.99595,38.84741],[-76.99603,38.84701],[-76.99617,38.84649],[-76.9923,38.84419],[-76.98913,38.84473],[-76.9886,38.8448],[-76.98752,38.84509],[-76.98747,38.84608],[-76.98686,38.84667],[-76.98507,38.84836],[-76.98466,38.84875],[-76.98506,38.84898],[-76.98525,38.8491],[-76.98534,38.84915],[-76.98657,38.84994],[-76.98859,38.85118],[-76.98866,38.85123],[-76.98955,38.85178],[-76.98995,38.85202],[-76.99072,38.8525],[-76.99179,38.85317],[-76.99509,38.85522],[-76.99603,38.85581],[-76.9962,38.85591],[-76.99886,38.85758],[-77.00242,38.85978],[-77.00262,38.8599],[-77.00298,38.86012],[-77.003,38.86008],[-77.00302,38.86003],[-77.00302,38.86002],[-77.00304,38.85996],[-77.00306,38.85988],[-77.00308,38.85981],[-77.0031,38.85973],[-77.00313,38.85965],[-77.00315,38.85957],[-77.00317,38.85949],[-77.00319,38.85941],[-77.00321,38.85934],[-77.00324,38.85926],[-77.00326,38.85918],[-77.00328,38.8591],[-77.0033,38.85902],[-77.00332,38.85894],[-77.00335,38.85886],[-77.00337,38.85878],[-77.00339,38.8587],[-77.00341,38.85862],[-77.00344,38.85854],[-77.00346,38.85846],[-77.00348,38.85838],[-77.00351,38.85831],[-77.00353,38.85824],[-77.00355,38.85817],[-77.00357,38.85809],[-77.00359,38.85802],[-77.00362,38.85795],[-77.00364,38.85788],[-77.00367,38.85781],[-77.00369,38.85774],[-77.00372,38.85767],[-77.00374,38.85762],[-77.00387,38.85727],[-77.00391,38.85717],[-77.00395,38.85707],[-77.004,38.85697],[-77.00404,38.85687],[-77.00408,38.85678],[-77.00412,38.85668],[-77.00416,38.85658],[-77.0042,38.85648],[-77.00425,38.85638],[-77.00429,38.85627],[-77.00434,38.85616],[-77.00439,38.85605],[-77.00443,38.85593],[-77.00448,38.85582],[-77.00453,38.85571],[-77.00457,38.8556],[-77.00462,38.85549],[-77.00467,38.85538],[-77.00472,38.85527],[-77.00476,38.85516],[-77.00481,38.85504],[-77.00486,38.85493],[-77.00491,38.85482],[-77.00496,38.8547],[-77.00501,38.85459],[-77.00506,38.85448],[-77.00511,38.85437],[-77.00516,38.85425],[-77.00521,38.85414],[-77.00527,38.85403],[-77.00532,38.85391],[-77.00538,38.8538],[-77.00544,38.85369],[-77.0055,38.85358],[-77.00556,38.85347],[-77.00562,38.85335],[-77.00568,38.85326],[-77.00569,38.85325],[-77.00575,38.85313],[-77.00582,38.85302],[-77.006,38.85271],[-77.00614,38.85246]]]},"properties":{"name":"Saint Elizabeths Hospital Historic District","label":"St. Elizabeth's Hospital HD","designation":"DC/NR/NHL","date":null,"nr":"Y"}},{"type":"Feature","geometry":{"type":"Polygon","coordinates":[[[-77.07906,38.9473],[-77.07903,38.94724],[-77.07896,38.9471],[-77.07871,38.94719],[-77.07826,38.94735],[-77.07812,38.94739],[-77.07793,38.94749],[-77.07692,38.94803],[-77.07645,38.94803],[-77.07676,38.94811],[-77.07649,38.94825],[-77.0764,38.9483],[-77.0763,38.94827],[-77.07614,38.94803],[-77.076,38.94803],[-77.076,38.94823],[-77.07634,38.94833],[-77.07617,38.94842],[-77.07613,38.94844],[-77.07603,38.94851],[-77.07565,38.9484],[-77.0755,38.94835],[-77.07544,38.9486],[-77.07575,38.9487],[-77.07567,38.94875],[-77.07553,38.94871],[-77.07493,38.94855],[-77.07493,38.94869],[-77.07519,38.94876],[-77.07516,38.94887],[-77.07549,38.94896],[-77.07546,38.94905],[-77.07512,38.94898],[-77.07509,38.9491],[-77.0751,38.9491],[-77.07507,38.94923],[-77.07509,38.94923],[-77.07504,38.94939],[-77.07508,38.9494],[-77.07508,38.94957],[-77.0753,38.94957],[-77.07544,38.94957],[-77.07546,38.94946],[-77.07549,38.94937],[-77.07554,38.94923],[-77.07558,38.94909],[-77.07563,38.94895],[-77.07565,38.9489],[-77.07574,38.94884],[-77.07587,38.94875],[-77.07601,38.94865],[-77.07615,38.94856],[-77.07622,38.94851],[-77.0763,38.94847],[-77.07647,38.94838],[-77.07688,38.94817],[-77.07763,38.94783],[-77.07805,38.94783],[-77.0782,38.94783],[-77.07837,38.94783],[-77.07833,38.94774],[-77.0782,38.94752],[-77.07827,38.9475],[-77.07834,38.94748],[-77.07847,38.94743],[-77.07851,38.94742],[-77.0786,38.94739],[-77.07876,38.94733],[-77.07879,38.94739],[-77.07906,38.9473]]]},"properties":{"name":"Grant Road Historic District","label":"Grant Rd HD","designation":"DC/NR","date":null,"nr":"Y"}},{"type":"Feature","geometry":{"type":"Polygon","coordinates":[[[-77.05546,38.93075],[-77.05489,38.92979],[-77.05453,38.92917],[-77.05414,38.92928],[-77.05397,38.92933],[-77.05394,38.92926],[-77.05393,38.92925],[-77.05391,38.92922],[-77.0539,38.9292],[-77.05388,38.92917],[-77.05386,38.92914],[-77.05385,38.92912],[-77.05383,38.92909],[-77.05381,38.92907],[-77.05379,38.92905],[-77.05378,38.92903],[-77.05375,38.929],[-77.05372,38.92896],[-77.05369,38.92893],[-77.05367,38.92891],[-77.05364,38.92888],[-77.05362,38.92885],[-77.05359,38.92882],[-77.05356,38.9288],[-77.05352,38.92877],[-77.05349,38.92874],[-77.05345,38.9287],[-77.05341,38.92867],[-77.05337,38.92864],[-77.05333,38.92862],[-77.0533,38.92859],[-77.05325,38.92856],[-77.05322,38.92854],[-77.05227,38.92795],[-77.05198,38.9279],[-77.05168,38.92775],[-77.05162,38.92761],[-77.05157,38.92753],[-77.05152,38.9275],[-77.05148,38.92747],[-77.05144,38.92744],[-77.05139,38.9274],[-77.05135,38.92737],[-77.05132,38.92733],[-77.05128,38.92729],[-77.05124,38.92725],[-77.05121,38.92721],[-77.05118,38.92717],[-77.05105,38.92698],[-77.05102,38.92694],[-77.05082,38.9266],[-77.05062,38.92626],[-77.05041,38.92588],[-77.05023,38.92557],[-77.05008,38.92529],[-77.05006,38.92524],[-77.04993,38.92501],[-77.04979,38.92472],[-77.04978,38.92469],[-77.04977,38.92466],[-77.04976,38.92464],[-77.04975,38.92461],[-77.04974,38.92458],[-77.04974,38.92455],[-77.04973,38.92452],[-77.04972,38.92451],[-77.04964,38.92453],[-77.04855,38.92474],[-77.04843,38.92441],[-77.04836,38.92437],[-77.04828,38.92431],[-77.04819,38.92426],[-77.04799,38.924],[-77.04715,38.92419],[-77.04473,38.92475],[-77.04473,38.92511],[-77.04473,38.92514],[-77.04475,38.9255],[-77.04461,38.9258],[-77.04451,38.92612],[-77.04441,38.92631],[-77.04434,38.92641],[-77.04405,38.92661],[-77.04386,38.9268],[-77.04373,38.92691],[-77.04355,38.92709],[-77.04349,38.92715],[-77.04342,38.92738],[-77.04341,38.92742],[-77.04352,38.92773],[-77.04353,38.92777],[-77.04364,38.92796],[-77.04377,38.92798],[-77.04377,38.928],[-77.04377,38.92803],[-77.04377,38.92807],[-77.04377,38.92819],[-77.04377,38.92832],[-77.04378,38.92838],[-77.04381,38.9285],[-77.04385,38.92861],[-77.04389,38.92872],[-77.04397,38.92889],[-77.04411,38.92914],[-77.04426,38.92936],[-77.04437,38.92958],[-77.04454,38.9299],[-77.04491,38.93038],[-77.04684,38.93251],[-77.04697,38.93251],[-77.04804,38.93252],[-77.04844,38.93252],[-77.04852,38.93252],[-77.04861,38.93253],[-77.04869,38.93253],[-77.04877,38.93254],[-77.04888,38.93255],[-77.04898,38.93256],[-77.04907,38.93258],[-77.04917,38.9326],[-77.0493,38.93264],[-77.04942,38.93268],[-77.04954,38.93272],[-77.05015,38.93278],[-77.05018,38.93284],[-77.05022,38.93283],[-77.05023,38.93282],[-77.05024,38.93281],[-77.05026,38.9328],[-77.05026,38.93279],[-77.05025,38.93277],[-77.05024,38.93275],[-77.05073,38.93294],[-77.05106,38.93315],[-77.05107,38.93315],[-77.05115,38.93321],[-77.05124,38.93321],[-77.05133,38.93326],[-77.0514,38.93329],[-77.05148,38.9333],[-77.05165,38.93331],[-77.05191,38.93331],[-77.05202,38.9333],[-77.0521,38.9333],[-77.05232,38.93327],[-77.0526,38.93324],[-77.05284,38.93322],[-77.05301,38.9332],[-77.05313,38.9332],[-77.05319,38.93319],[-77.05326,38.93317],[-77.05333,38.93314],[-77.05347,38.93308],[-77.05372,38.93299],[-77.05395,38.9329],[-77.05416,38.93282],[-77.05438,38.93275],[-77.05451,38.93271],[-77.05457,38.93267],[-77.05463,38.93262],[-77.05468,38.93257],[-77.05474,38.9325],[-77.05479,38.93243],[-77.05483,38.93235],[-77.05487,38.93226],[-77.05492,38.93217],[-77.05497,38.93202],[-77.055,38.93191],[-77.05503,38.93179],[-77.05504,38.93165],[-77.05504,38.93155],[-77.05504,38.93144],[-77.05504,38.93134],[-77.05504,38.93129],[-77.05508,38.931],[-77.05504,38.93093],[-77.05515,38.93088],[-77.0552,38.93084],[-77.05526,38.93081],[-77.05536,38.93078],[-77.05546,38.93075]]]},"properties":{"name":"National Zoological Park","label":"National Zoological Park HD","designation":"DC/NR","date":null,"nr":"Y"}},{"type":"Feature","geometry":{"type":"MultiPolygon","coordinates":[[[[-77.03872,38.88779],[-77.0387,38.88779],[-77.03865,38.88778],[-77.03859,38.88777],[-77.03851,38.88775],[-77.03844,38.88773],[-77.03834,38.88771],[-77.03828,38.88769],[-77.03818,38.88766],[-77.03811,38.88764],[-77.03803,38.88761],[-77.03797,38.88758],[-77.03792,38.88756],[-77.0379,38.88755],[-77.03787,38.88753],[-77.03784,38.88751],[-77.03783,38.88749],[-77.03781,38.88747],[-77.0378,38.88745],[-77.03779,38.88743],[-77.03778,38.8874],[-77.03778,38.88738],[-77.03778,38.88736],[-77.03778,38.88735],[-77.03778,38.88733],[-77.03778,38.88731],[-77.03779,38.88729],[-77.0378,38.88727],[-77.03781,38.88725],[-77.03782,38.88723],[-77.03784,38.88721],[-77.03786,38.88719],[-77.03788,38.88718],[-77.03791,38.88716],[-77.03793,38.88715],[-77.03795,38.88714],[-77.038,38.88713],[-77.03804,38.88712],[-77.03806,38.88711],[-77.03807,38.8871],[-77.03809,38.88709],[-77.0381,38.88708],[-77.0381,38.88707],[-77.03811,38.88705],[-77.03811,38.88704],[-77.03811,38.88702],[-77.03812,38.88699],[-77.03812,38.88694],[-77.03812,38.8869],[-77.03812,38.88686],[-77.03812,38.88685],[-77.03812,38.88684],[-77.03811,38.88683],[-77.0381,38.88681],[-77.03809,38.88679],[-77.03808,38.88677],[-77.03806,38.88676],[-77.03805,38.88675],[-77.03804,38.88674],[-77.03802,38.88672],[-77.03799,38.8867],[-77.03795,38.88668],[-77.03791,38.88665],[-77.03787,38.88663],[-77.03782,38.8866],[-77.03778,38.88658],[-77.03771,38.88655],[-77.03765,38.88653],[-77.03758,38.88651],[-77.03754,38.8865],[-77.03752,38.88649],[-77.0375,38.88648],[-77.03749,38.88647],[-77.03748,38.88646],[-77.03747,38.88646],[-77.03746,38.88644],[-77.03743,38.88642],[-77.0374,38.88638],[-77.03735,38.88634],[-77.03727,38.88627],[-77.03721,38.88622],[-77.03714,38.88616],[-77.03711,38.88613],[-77.03707,38.8861],[-77.03705,38.88608],[-77.03703,38.88604],[-77.03701,38.88601],[-77.03699,38.88598],[-77.03697,38.88595],[-77.03695,38.88592],[-77.03693,38.88589],[-77.03692,38.88585],[-77.0369,38.88581],[-77.03688,38.88577],[-77.03687,38.88572],[-77.03685,38.88567],[-77.03684,38.88562],[-77.03683,38.88558],[-77.03681,38.88553],[-77.03679,38.88549],[-77.03678,38.88546],[-77.03676,38.88542],[-77.03673,38.88538],[-77.03669,38.88532],[-77.03667,38.88528],[-77.03664,38.88524],[-77.03662,38.88522],[-77.03658,38.88518],[-77.03655,38.88514],[-77.03652,38.88512],[-77.03648,38.88509],[-77.03643,38.88506],[-77.03638,38.88503],[-77.03635,38.88502],[-77.03631,38.885],[-77.03628,38.88499],[-77.03624,38.88498],[-77.0362,38.88497],[-77.03616,38.88497],[-77.03611,38.88496],[-77.03604,38.88496],[-77.03602,38.88496],[-77.03599,38.88496],[-77.03594,38.88496],[-77.03588,38.88496],[-77.03578,38.88496],[-77.0357,38.88497],[-77.0356,38.88497],[-77.0355,38.88497],[-77.0354,38.88497],[-77.03535,38.88497],[-77.03531,38.88497],[-77.03526,38.88497],[-77.0352,38.88496],[-77.03516,38.88495],[-77.03509,38.88494],[-77.035,38.88492],[-77.03492,38.88489],[-77.03485,38.88487],[-77.03477,38.88484],[-77.03472,38.88482],[-77.03469,38.88481],[-77.03467,38.8848],[-77.03464,38.88478],[-77.03462,38.88477],[-77.03456,38.88475],[-77.03455,38.88474],[-77.0345,38.88472],[-77.03448,38.88471],[-77.03439,38.88466],[-77.03434,38.88464],[-77.03427,38.88459],[-77.03417,38.88451],[-77.03407,38.88444],[-77.03402,38.8844],[-77.03399,38.88437],[-77.03394,38.88432],[-77.03388,38.88426],[-77.03383,38.88421],[-77.03372,38.88408],[-77.03371,38.88436],[-77.03369,38.88778],[-77.03321,38.88781],[-77.03286,38.88777],[-77.03195,38.88758],[-77.03197,38.88862],[-77.03196,38.8921],[-77.03366,38.8921],[-77.03948,38.89211],[-77.03948,38.88897],[-77.03944,38.88881],[-77.0394,38.88867],[-77.03933,38.8885],[-77.03926,38.88837],[-77.0391,38.88817],[-77.03894,38.88804],[-77.03885,38.88798],[-77.03872,38.88779]]],[[[-77.03872,38.8878],[-77.03873,38.8878],[-77.03872,38.8878],[-77.03872,38.88779],[-77.03872,38.8878]]]]},"properties":{"name":"Washington Monument and Grounds Historic District","label":"Washington Monument HD","designation":"DC/NR","date":"2016-12-15","nr":"Y"}},{"type":"Feature","geometry":{"type":"Polygon","coordinates":[[[-76.9599,38.90345],[-76.9598,38.9036],[-76.95968,38.90381],[-76.95966,38.90383],[-76.95957,38.90401],[-76.9593,38.9045],[-76.9592,38.90466],[-76.95911,38.90481],[-76.95909,38.90485],[-76.95907,38.90488],[-76.95903,38.90494],[-76.95896,38.90506],[-76.95888,38.9052],[-76.95884,38.90532],[-76.95883,38.90535],[-76.95881,38.90539],[-76.9588,38.90539],[-76.95874,38.90553],[-76.95874,38.90554],[-76.95873,38.90554],[-76.95862,38.90577],[-76.95862,38.90578],[-76.95853,38.90596],[-76.95853,38.90597],[-76.95835,38.90634],[-76.95818,38.90669],[-76.95813,38.9068],[-76.95808,38.90689],[-76.95807,38.90692],[-76.95807,38.90693],[-76.95808,38.90693],[-76.95809,38.90694],[-76.95809,38.90695],[-76.95809,38.90696],[-76.95808,38.90696],[-76.95808,38.90697],[-76.95807,38.90699],[-76.95804,38.90702],[-76.95802,38.90705],[-76.95782,38.90736],[-76.95744,38.90788],[-76.95749,38.90807],[-76.95736,38.90817],[-76.95738,38.90817],[-76.95741,38.90818],[-76.95742,38.90818],[-76.95743,38.90818],[-76.95745,38.90819],[-76.95748,38.9082],[-76.95749,38.90821],[-76.95751,38.90822],[-76.95751,38.90823],[-76.95752,38.90824],[-76.95753,38.90826],[-76.95755,38.90827],[-76.95757,38.90828],[-76.95759,38.90829],[-76.95761,38.90831],[-76.95764,38.90832],[-76.95767,38.90833],[-76.95769,38.90834],[-76.95772,38.90835],[-76.95775,38.90836],[-76.95778,38.90837],[-76.9578,38.90838],[-76.95782,38.90839],[-76.95783,38.90839],[-76.95786,38.9084],[-76.95788,38.90841],[-76.95791,38.90842],[-76.95794,38.90843],[-76.95797,38.90843],[-76.958,38.90844],[-76.95803,38.90845],[-76.95806,38.90846],[-76.95809,38.90846],[-76.95812,38.90847],[-76.95815,38.90848],[-76.95818,38.90849],[-76.95821,38.9085],[-76.95824,38.90852],[-76.95827,38.90853],[-76.9583,38.90854],[-76.95833,38.90855],[-76.95836,38.90856],[-76.95842,38.90858],[-76.95851,38.90862],[-76.95853,38.90862],[-76.95856,38.90864],[-76.9586,38.90865],[-76.95863,38.90866],[-76.95865,38.90868],[-76.95868,38.90869],[-76.95869,38.9087],[-76.9587,38.90871],[-76.95873,38.90872],[-76.95875,38.90874],[-76.95878,38.90875],[-76.95881,38.90876],[-76.95884,38.90878],[-76.95887,38.90879],[-76.9589,38.9088],[-76.95894,38.90881],[-76.95897,38.90882],[-76.95901,38.90883],[-76.95904,38.90884],[-76.95912,38.90886],[-76.95916,38.90887],[-76.95945,38.90899],[-76.95998,38.9092],[-76.96,38.90921],[-76.96001,38.90921],[-76.96013,38.90927],[-76.96039,38.90936],[-76.96056,38.90942],[-76.96058,38.90943],[-76.96058,38.90944],[-76.96067,38.90947],[-76.96087,38.90953],[-76.96088,38.90955],[-76.96094,38.90956],[-76.96096,38.90957],[-76.96119,38.90962],[-76.96129,38.90964],[-76.96134,38.90965],[-76.96137,38.90965],[-76.96138,38.90965],[-76.9614,38.90965],[-76.96145,38.90966],[-76.9615,38.90966],[-76.96156,38.90966],[-76.96161,38.90966],[-76.96165,38.90966],[-76.96168,38.90966],[-76.96171,38.90965],[-76.96174,38.90965],[-76.96178,38.90964],[-76.96184,38.90964],[-76.96189,38.90963],[-76.96195,38.90961],[-76.962,38.9096],[-76.96206,38.90958],[-76.9621,38.90957],[-76.96215,38.90955],[-76.96219,38.90954],[-76.96223,38.90952],[-76.96227,38.90951],[-76.96228,38.9095],[-76.96231,38.90949],[-76.96232,38.90949],[-76.96243,38.90944],[-76.9625,38.9094],[-76.96271,38.90927],[-76.96273,38.90925],[-76.96276,38.90923],[-76.96282,38.90919],[-76.96287,38.90915],[-76.96292,38.90911],[-76.96297,38.90907],[-76.963,38.90905],[-76.96303,38.90902],[-76.96309,38.90898],[-76.96313,38.90893],[-76.96318,38.90888],[-76.96323,38.90884],[-76.96327,38.90879],[-76.96328,38.90878],[-76.96332,38.90873],[-76.96345,38.90857],[-76.96347,38.90854],[-76.96356,38.90839],[-76.96359,38.90834],[-76.96364,38.90827],[-76.96371,38.90811],[-76.96376,38.90796],[-76.96383,38.90772],[-76.96386,38.90756],[-76.96386,38.90739],[-76.96387,38.90721],[-76.96387,38.90718],[-76.96387,38.90715],[-76.96392,38.90692],[-76.96395,38.90683],[-76.96401,38.90668],[-76.96404,38.90662],[-76.96411,38.9065],[-76.9642,38.90637],[-76.96423,38.90632],[-76.96428,38.90626],[-76.96431,38.90622],[-76.9644,38.90613],[-76.96455,38.90601],[-76.96473,38.90586],[-76.96486,38.90577],[-76.96489,38.90575],[-76.96482,38.9055],[-76.9662,38.9055],[-76.97008,38.90551],[-76.97008,38.90548],[-76.97239,38.90453],[-76.97186,38.90374],[-76.97196,38.90362],[-76.97197,38.9036],[-76.97196,38.90359],[-76.97191,38.90355],[-76.97185,38.90351],[-76.9718,38.90347],[-76.97174,38.90344],[-76.97167,38.90342],[-76.97161,38.9034],[-76.97154,38.90338],[-76.97147,38.90337],[-76.97051,38.90337],[-76.97047,38.90336],[-76.97044,38.90335],[-76.97041,38.90333],[-76.97039,38.90331],[-76.97036,38.90328],[-76.97036,38.90327],[-76.97035,38.90325],[-76.97034,38.90324],[-76.97033,38.90322],[-76.97033,38.90319],[-76.96939,38.90319],[-76.96939,38.90199],[-76.96917,38.90187],[-76.96908,38.90183],[-76.96899,38.90178],[-76.96892,38.90171],[-76.96887,38.90164],[-76.96885,38.90155],[-76.96885,38.90147],[-76.96887,38.90057],[-76.9689,38.90045],[-76.96895,38.90038],[-76.96901,38.90034],[-76.96909,38.90028],[-76.96928,38.90019],[-76.96969,38.90007],[-76.97012,38.90007],[-76.97033,38.90006],[-76.97033,38.89878],[-76.97043,38.8982],[-76.97048,38.89802],[-76.97062,38.89789],[-76.96934,38.89769],[-76.96249,38.89711],[-76.96247,38.89765],[-76.96249,38.89774],[-76.96252,38.89784],[-76.96253,38.89788],[-76.96256,38.898],[-76.96261,38.8982],[-76.96263,38.8983],[-76.96264,38.89831],[-76.96265,38.89835],[-76.96268,38.89847],[-76.96271,38.89856],[-76.96273,38.89863],[-76.96274,38.89869],[-76.96275,38.89876],[-76.96276,38.89881],[-76.96276,38.89884],[-76.96277,38.89885],[-76.96277,38.89888],[-76.96278,38.89897],[-76.96279,38.89904],[-76.96279,38.8991],[-76.96279,38.89911],[-76.96279,38.89912],[-76.96279,38.89918],[-76.96279,38.89925],[-76.96279,38.89932],[-76.96278,38.89944],[-76.96277,38.89952],[-76.96277,38.89955],[-76.96275,38.89967],[-76.96273,38.89972],[-76.9627,38.89985],[-76.96267,38.89993],[-76.96265,38.9],[-76.96263,38.90004],[-76.9626,38.90009],[-76.96257,38.90014],[-76.96253,38.90018],[-76.96251,38.90021],[-76.96249,38.90025],[-76.96247,38.90029],[-76.96247,38.9003],[-76.96246,38.9003],[-76.96244,38.90034],[-76.96241,38.90038],[-76.96237,38.90045],[-76.96232,38.90053],[-76.96226,38.9006],[-76.96221,38.90065],[-76.9622,38.90067],[-76.96219,38.90067],[-76.96216,38.90071],[-76.96203,38.90087],[-76.96203,38.90088],[-76.96198,38.90092],[-76.96195,38.90094],[-76.96193,38.90096],[-76.9619,38.901],[-76.96186,38.90105],[-76.96183,38.90109],[-76.96183,38.90111],[-76.96183,38.90113],[-76.96182,38.90114],[-76.96181,38.90115],[-76.9618,38.90117],[-76.96179,38.90118],[-76.96177,38.90119],[-76.96176,38.9012],[-76.96175,38.90122],[-76.9617,38.90129],[-76.96167,38.90133],[-76.96161,38.90139],[-76.96153,38.9015],[-76.96146,38.90158],[-76.96141,38.90164],[-76.96139,38.90166],[-76.96138,38.90169],[-76.96136,38.90171],[-76.96129,38.90179],[-76.96124,38.90185],[-76.9612,38.90191],[-76.96116,38.90196],[-76.96112,38.902],[-76.96107,38.90207],[-76.96103,38.90213],[-76.96097,38.90218],[-76.96094,38.90223],[-76.96088,38.90229],[-76.96083,38.90234],[-76.96072,38.90244],[-76.96061,38.90256],[-76.96047,38.90271],[-76.96031,38.9029],[-76.96017,38.90307],[-76.96014,38.90311],[-76.9601,38.90317],[-76.95999,38.90332],[-76.9599,38.90345]]]},"properties":{"name":"Langston Golf Course Historic District","label":"Langston Golf Course HD","designation":"DC","date":null,"nr":null}},{"type":"Feature","geometry":{"type":"Polygon","coordinates":[[[-77.08378,38.91547],[-77.08429,38.91518],[-77.08432,38.91517],[-77.08492,38.91497],[-77.085,38.91488],[-77.08535,38.91474],[-77.08534,38.91473],[-77.08571,38.91451],[-77.08608,38.9143],[-77.08627,38.9142],[-77.08596,38.91393],[-77.08572,38.91372],[-77.08559,38.91358],[-77.08544,38.9134],[-77.08534,38.91325],[-77.08525,38.91306],[-77.0852,38.9129],[-77.08508,38.91269],[-77.08503,38.91261],[-77.08493,38.91252],[-77.08483,38.91246],[-77.0847,38.91242],[-77.08453,38.91239],[-77.0844,38.91241],[-77.08286,38.91268],[-77.08266,38.91268],[-77.08213,38.91269],[-77.08222,38.9128],[-77.08378,38.91547]]]},"properties":{"name":"Colony Hill Historic District","label":"Colony Hill HD","designation":"DC","date":"2021-02-04","nr":"Y"}},{"type":"Feature","geometry":{"type":"Polygon","coordinates":[[[-77.06803,38.9188],[-77.06786,38.91876],[-77.06769,38.91873],[-77.06752,38.91871],[-77.06735,38.9187],[-77.06718,38.91869],[-77.06701,38.91869],[-77.06684,38.9187],[-77.06667,38.91871],[-77.0665,38.91873],[-77.06633,38.91876],[-77.06616,38.9188],[-77.066,38.91884],[-77.06583,38.91888],[-77.06567,38.91894],[-77.06551,38.919],[-77.06536,38.91907],[-77.0652,38.91914],[-77.06505,38.91922],[-77.0649,38.9193],[-77.06476,38.9194],[-77.06462,38.91949],[-77.06461,38.91949],[-77.06453,38.91956],[-77.06446,38.91962],[-77.06438,38.91969],[-77.06433,38.91974],[-77.06428,38.91979],[-77.06423,38.91985],[-77.06418,38.9199],[-77.06413,38.91996],[-77.06408,38.92002],[-77.06404,38.92008],[-77.06399,38.92014],[-77.06395,38.9202],[-77.06391,38.92026],[-77.06388,38.92032],[-77.06384,38.92038],[-77.06381,38.92045],[-77.06378,38.92051],[-77.06375,38.92058],[-77.06372,38.92064],[-77.0637,38.92071],[-77.06369,38.92071],[-77.06369,38.92072],[-77.06369,38.92073],[-77.06369,38.92074],[-77.06368,38.92074],[-77.06368,38.92075],[-77.06368,38.92076],[-77.06368,38.92077],[-77.06367,38.92077],[-77.06367,38.92078],[-77.06367,38.92079],[-77.06367,38.9208],[-77.06366,38.9208],[-77.06366,38.92081],[-77.06366,38.92082],[-77.06366,38.92083],[-77.06365,38.92083],[-77.06365,38.92084],[-77.06365,38.92085],[-77.06365,38.92086],[-77.06364,38.92087],[-77.06364,38.92088],[-77.06364,38.92089],[-77.06364,38.9209],[-77.06363,38.92091],[-77.06363,38.92092],[-77.06363,38.92093],[-77.06363,38.92094],[-77.06362,38.92094],[-77.06362,38.92095],[-77.06362,38.92096],[-77.06362,38.92097],[-77.06362,38.92098],[-77.06361,38.92098],[-77.06361,38.92099],[-77.06361,38.921],[-77.06361,38.92101],[-77.06361,38.92102],[-77.06361,38.92103],[-77.0636,38.92104],[-77.0636,38.92105],[-77.0636,38.92106],[-77.0636,38.92107],[-77.0636,38.92108],[-77.06359,38.92109],[-77.06359,38.9211],[-77.06359,38.92111],[-77.06359,38.92112],[-77.06359,38.92113],[-77.06359,38.92114],[-77.06358,38.92115],[-77.06358,38.92116],[-77.06358,38.92117],[-77.06358,38.92118],[-77.06358,38.92119],[-77.06358,38.9212],[-77.06358,38.92121],[-77.06358,38.92122],[-77.06357,38.92123],[-77.06357,38.92124],[-77.06357,38.92125],[-77.06357,38.92126],[-77.06357,38.92127],[-77.06357,38.92128],[-77.06357,38.92129],[-77.06357,38.9213],[-77.06357,38.92131],[-77.06357,38.92132],[-77.06357,38.92133],[-77.06357,38.92134],[-77.06357,38.92135],[-77.06356,38.92136],[-77.06356,38.92137],[-77.06356,38.92138],[-77.06356,38.92139],[-77.06356,38.9214],[-77.06356,38.92141],[-77.06356,38.92142],[-77.06356,38.92143],[-77.06356,38.92144],[-77.06356,38.92145],[-77.06356,38.92146],[-77.06356,38.92147],[-77.06356,38.92148],[-77.06356,38.92149],[-77.06356,38.9215],[-77.06356,38.92151],[-77.06356,38.92152],[-77.06356,38.92153],[-77.06356,38.92154],[-77.06356,38.92155],[-77.06357,38.92155],[-77.06357,38.92156],[-77.06357,38.92157],[-77.06357,38.92158],[-77.06357,38.92159],[-77.06357,38.9216],[-77.06357,38.92161],[-77.06357,38.92162],[-77.06357,38.92163],[-77.06357,38.92164],[-77.06357,38.92165],[-77.06357,38.92166],[-77.06357,38.92167],[-77.06357,38.92168],[-77.06358,38.92168],[-77.06358,38.92169],[-77.06358,38.9217],[-77.06358,38.92171],[-77.06358,38.92172],[-77.06358,38.92173],[-77.06358,38.92174],[-77.06358,38.92175],[-77.06358,38.92176],[-77.06359,38.92176],[-77.06359,38.92177],[-77.06359,38.92178],[-77.06359,38.92179],[-77.06359,38.9218],[-77.06359,38.92181],[-77.06359,38.92182],[-77.0636,38.92182],[-77.0636,38.92183],[-77.0636,38.92184],[-77.0636,38.92185],[-77.0636,38.92186],[-77.0636,38.92187],[-77.0636,38.92188],[-77.06361,38.92188],[-77.06361,38.92189],[-77.06361,38.9219],[-77.06361,38.92191],[-77.06361,38.92192],[-77.06362,38.92193],[-77.06362,38.92194],[-77.06362,38.92195],[-77.06362,38.92196],[-77.06362,38.92197],[-77.06363,38.92197],[-77.06363,38.92198],[-77.06363,38.92199],[-77.06363,38.922],[-77.06363,38.92201],[-77.06364,38.92202],[-77.06364,38.92203],[-77.06364,38.92204],[-77.06365,38.92204],[-77.06365,38.92205],[-77.06365,38.92206],[-77.06365,38.92207],[-77.06365,38.92208],[-77.06366,38.92208],[-77.06366,38.92209],[-77.06366,38.9221],[-77.06366,38.92211],[-77.06367,38.92211],[-77.06367,38.92212],[-77.06367,38.92213],[-77.06367,38.92214],[-77.06368,38.92214],[-77.06368,38.92215],[-77.06368,38.92216],[-77.06368,38.92217],[-77.06369,38.92217],[-77.06369,38.92218],[-77.06369,38.92219],[-77.06369,38.9222],[-77.0637,38.9222],[-77.0637,38.92221],[-77.0637,38.92222],[-77.06371,38.92223],[-77.06371,38.92224],[-77.06371,38.92225],[-77.06372,38.92225],[-77.06372,38.92226],[-77.06372,38.92227],[-77.06372,38.92228],[-77.06373,38.92228],[-77.06373,38.92229],[-77.06373,38.9223],[-77.06374,38.9223],[-77.06374,38.92231],[-77.06374,38.92232],[-77.06375,38.92232],[-77.06375,38.92233],[-77.06375,38.92234],[-77.06376,38.92235],[-77.06376,38.92236],[-77.06376,38.92237],[-77.06377,38.92237],[-77.06377,38.92238],[-77.06377,38.92239],[-77.06378,38.92239],[-77.06378,38.9224],[-77.06378,38.92241],[-77.06379,38.92241],[-77.06379,38.92242],[-77.06379,38.92243],[-77.0638,38.92243],[-77.0638,38.92244],[-77.0638,38.92245],[-77.06381,38.92245],[-77.06381,38.92246],[-77.06381,38.92247],[-77.06382,38.92247],[-77.06382,38.92248],[-77.06382,38.92249],[-77.06383,38.92249],[-77.06383,38.9225],[-77.06383,38.92251],[-77.06384,38.92251],[-77.06384,38.92252],[-77.06385,38.92253],[-77.06385,38.92254],[-77.06386,38.92255],[-77.06386,38.92256],[-77.06387,38.92257],[-77.06387,38.92258],[-77.06388,38.92258],[-77.06388,38.92259],[-77.06388,38.9226],[-77.06389,38.9226],[-77.06389,38.92261],[-77.0639,38.92262],[-77.0639,38.92263],[-77.06391,38.92263],[-77.06391,38.92264],[-77.06391,38.92265],[-77.06392,38.92265],[-77.06392,38.92266],[-77.06393,38.92266],[-77.06393,38.92267],[-77.06393,38.92268],[-77.06394,38.92268],[-77.06394,38.92269],[-77.06395,38.9227],[-77.06395,38.92271],[-77.06396,38.92271],[-77.06396,38.92272],[-77.06397,38.92273],[-77.06397,38.92274],[-77.06398,38.92274],[-77.06398,38.92275],[-77.06399,38.92275],[-77.06399,38.92276],[-77.06399,38.92277],[-77.064,38.92277],[-77.064,38.92278],[-77.06401,38.92278],[-77.06401,38.92279],[-77.06402,38.9228],[-77.06402,38.92281],[-77.06403,38.92281],[-77.06403,38.92282],[-77.06404,38.92282],[-77.06404,38.92283],[-77.06404,38.92284],[-77.06405,38.92284],[-77.06405,38.92285],[-77.06406,38.92285],[-77.06406,38.92286],[-77.06407,38.92286],[-77.06407,38.92287],[-77.06408,38.92288],[-77.06408,38.92289],[-77.06409,38.92289],[-77.06409,38.9229],[-77.0641,38.9229],[-77.0641,38.92291],[-77.06411,38.92291],[-77.06411,38.92292],[-77.06412,38.92293],[-77.06412,38.92294],[-77.06413,38.92294],[-77.06413,38.92295],[-77.06414,38.92295],[-77.06414,38.92296],[-77.06415,38.92296],[-77.06415,38.92297],[-77.06416,38.92297],[-77.06416,38.92298],[-77.06417,38.92299],[-77.06418,38.923],[-77.06418,38.92301],[-77.06419,38.92301],[-77.06419,38.92302],[-77.0642,38.92302],[-77.0642,38.92303],[-77.06421,38.92303],[-77.06421,38.92304],[-77.06422,38.92304],[-77.06422,38.92305],[-77.06423,38.92305],[-77.06423,38.92306],[-77.06424,38.92306],[-77.06424,38.92307],[-77.06425,38.92307],[-77.06425,38.92308],[-77.06426,38.92308],[-77.06426,38.92309],[-77.06427,38.92309],[-77.06427,38.9231],[-77.06428,38.9231],[-77.06428,38.92311],[-77.06429,38.92312],[-77.0643,38.92313],[-77.06431,38.92313],[-77.06431,38.92314],[-77.06432,38.92315],[-77.06433,38.92315],[-77.06433,38.92316],[-77.06434,38.92316],[-77.06434,38.92317],[-77.06435,38.92317],[-77.06435,38.92318],[-77.06436,38.92319],[-77.06437,38.92319],[-77.06437,38.9232],[-77.06438,38.9232],[-77.06438,38.92321],[-77.06439,38.92321],[-77.06439,38.92322],[-77.0644,38.92322],[-77.0644,38.92323],[-77.06441,38.92323],[-77.06441,38.92324],[-77.06442,38.92324],[-77.06443,38.92325],[-77.06443,38.92326],[-77.06444,38.92326],[-77.06445,38.92327],[-77.06446,38.92327],[-77.06446,38.92328],[-77.06447,38.92328],[-77.06447,38.92329],[-77.06448,38.92329],[-77.06448,38.9233],[-77.06449,38.9233],[-77.06449,38.92331],[-77.0645,38.92331],[-77.0645,38.92332],[-77.06451,38.92332],[-77.06452,38.92333],[-77.06453,38.92333],[-77.06453,38.92334],[-77.06454,38.92334],[-77.06454,38.92335],[-77.06455,38.92335],[-77.06456,38.92336],[-77.06457,38.92337],[-77.06458,38.92337],[-77.06458,38.92338],[-77.06459,38.92338],[-77.06459,38.92339],[-77.0646,38.92339],[-77.0646,38.9234],[-77.06461,38.9234],[-77.06462,38.9234],[-77.06462,38.92341],[-77.06463,38.92341],[-77.06463,38.92342],[-77.06464,38.92342],[-77.06464,38.92343],[-77.06465,38.92343],[-77.06466,38.92344],[-77.06467,38.92344],[-77.06467,38.92345],[-77.06468,38.92345],[-77.06469,38.92346],[-77.0647,38.92347],[-77.06471,38.92347],[-77.06471,38.92348],[-77.06472,38.92348],[-77.06473,38.92348],[-77.06473,38.92349],[-77.06474,38.92349],[-77.06474,38.9235],[-77.06475,38.9235],[-77.06476,38.92351],[-77.06477,38.92351],[-77.06477,38.92352],[-77.06478,38.92352],[-77.06479,38.92353],[-77.0648,38.92353],[-77.0648,38.92354],[-77.06481,38.92354],[-77.06482,38.92355],[-77.06483,38.92355],[-77.06483,38.92356],[-77.06484,38.92356],[-77.06485,38.92356],[-77.06485,38.92357],[-77.06486,38.92357],[-77.06486,38.92358],[-77.06487,38.92358],[-77.06488,38.92358],[-77.06488,38.92359],[-77.06489,38.92359],[-77.0649,38.9236],[-77.06491,38.9236],[-77.06491,38.92361],[-77.06492,38.92361],[-77.06493,38.92361],[-77.06493,38.92362],[-77.06494,38.92362],[-77.06495,38.92363],[-77.06496,38.92363],[-77.06496,38.92364],[-77.06497,38.92364],[-77.06498,38.92364],[-77.06498,38.92365],[-77.06499,38.92365],[-77.065,38.92366],[-77.06501,38.92366],[-77.06501,38.92367],[-77.06502,38.92367],[-77.06503,38.92367],[-77.06503,38.92368],[-77.06504,38.92368],[-77.06505,38.92368],[-77.06505,38.92369],[-77.06506,38.92369],[-77.06507,38.92369],[-77.06507,38.9237],[-77.06508,38.9237],[-77.06509,38.92371],[-77.0651,38.92371],[-77.06511,38.92372],[-77.06512,38.92372],[-77.06513,38.92373],[-77.06514,38.92373],[-77.06515,38.92374],[-77.06516,38.92374],[-77.06517,38.92375],[-77.06518,38.92375],[-77.06519,38.92376],[-77.0652,38.92376],[-77.06521,38.92377],[-77.06522,38.92377],[-77.06523,38.92378],[-77.06524,38.92378],[-77.06525,38.92378],[-77.06525,38.92379],[-77.06526,38.92379],[-77.06527,38.92379],[-77.06527,38.9238],[-77.06528,38.9238],[-77.06529,38.9238],[-77.06529,38.92381],[-77.0653,38.92381],[-77.06531,38.92381],[-77.06531,38.92382],[-77.06532,38.92382],[-77.06533,38.92382],[-77.06533,38.92383],[-77.06534,38.92383],[-77.06535,38.92383],[-77.06536,38.92383],[-77.06536,38.92384],[-77.06537,38.92384],[-77.06538,38.92384],[-77.06538,38.92385],[-77.06539,38.92385],[-77.0654,38.92385],[-77.0654,38.92386],[-77.06541,38.92386],[-77.06542,38.92386],[-77.06543,38.92387],[-77.06544,38.92387],[-77.06545,38.92387],[-77.06545,38.92388],[-77.06546,38.92388],[-77.06547,38.92388],[-77.06548,38.92388],[-77.06548,38.92389],[-77.06549,38.92389],[-77.0655,38.92389],[-77.0655,38.9239],[-77.06551,38.9239],[-77.06552,38.9239],[-77.06553,38.9239],[-77.06553,38.92391],[-77.06554,38.92391],[-77.06555,38.92391],[-77.06556,38.92391],[-77.06556,38.92392],[-77.06557,38.92392],[-77.06558,38.92392],[-77.06559,38.92393],[-77.0656,38.92393],[-77.06561,38.92393],[-77.06561,38.92394],[-77.06562,38.92394],[-77.06563,38.92394],[-77.06564,38.92394],[-77.06564,38.92395],[-77.06565,38.92395],[-77.06566,38.92395],[-77.06567,38.92395],[-77.06567,38.92396],[-77.06568,38.92396],[-77.06569,38.92396],[-77.0657,38.92396],[-77.0657,38.92397],[-77.06571,38.92397],[-77.06572,38.92397],[-77.06573,38.92397],[-77.06573,38.92398],[-77.06574,38.92398],[-77.06575,38.92398],[-77.06576,38.92398],[-77.06576,38.92399],[-77.06577,38.92399],[-77.06578,38.92399],[-77.06579,38.92399],[-77.0658,38.924],[-77.06581,38.924],[-77.06582,38.924],[-77.06583,38.924],[-77.06583,38.92401],[-77.06584,38.92401],[-77.06585,38.92401],[-77.06586,38.92401],[-77.06586,38.92402],[-77.06587,38.92402],[-77.06588,38.92402],[-77.06589,38.92402],[-77.0659,38.92402],[-77.0659,38.92403],[-77.06591,38.92403],[-77.06592,38.92403],[-77.06593,38.92403],[-77.06594,38.92403],[-77.06594,38.92404],[-77.06595,38.92404],[-77.06596,38.92404],[-77.06597,38.92404],[-77.06598,38.92405],[-77.06599,38.92405],[-77.066,38.92405],[-77.06601,38.92405],[-77.06602,38.92406],[-77.06603,38.92406],[-77.06604,38.92406],[-77.06605,38.92406],[-77.06606,38.92406],[-77.06606,38.92407],[-77.06607,38.92407],[-77.06608,38.92407],[-77.06609,38.92407],[-77.0661,38.92407],[-77.0661,38.92408],[-77.06611,38.92408],[-77.06612,38.92408],[-77.06613,38.92408],[-77.06614,38.92408],[-77.06615,38.92408],[-77.06615,38.92409],[-77.06616,38.92409],[-77.06617,38.92409],[-77.06618,38.92409],[-77.06619,38.92409],[-77.0662,38.92409],[-77.0662,38.9241],[-77.06621,38.9241],[-77.06622,38.9241],[-77.06623,38.9241],[-77.06624,38.9241],[-77.06625,38.9241],[-77.06625,38.92411],[-77.06626,38.92411],[-77.06627,38.92411],[-77.06628,38.92411],[-77.06629,38.92411],[-77.0663,38.92411],[-77.06631,38.92411],[-77.06631,38.92412],[-77.06632,38.92412],[-77.06633,38.92412],[-77.06634,38.92412],[-77.06635,38.92412],[-77.06636,38.92412],[-77.06637,38.92412],[-77.06637,38.92413],[-77.06638,38.92413],[-77.06639,38.92413],[-77.0664,38.92413],[-77.06641,38.92413],[-77.06642,38.92413],[-77.06643,38.92413],[-77.06644,38.92413],[-77.06644,38.92414],[-77.06645,38.92414],[-77.06646,38.92414],[-77.06647,38.92414],[-77.06648,38.92414],[-77.06649,38.92414],[-77.0665,38.92414],[-77.06651,38.92414],[-77.06652,38.92415],[-77.06653,38.92415],[-77.06654,38.92415],[-77.06655,38.92415],[-77.06656,38.92415],[-77.06657,38.92415],[-77.06658,38.92415],[-77.06659,38.92415],[-77.0666,38.92415],[-77.06661,38.92416],[-77.06662,38.92416],[-77.06663,38.92416],[-77.06664,38.92416],[-77.06665,38.92416],[-77.06666,38.92416],[-77.06667,38.92416],[-77.06668,38.92416],[-77.06669,38.92416],[-77.0667,38.92416],[-77.06671,38.92416],[-77.06672,38.92416],[-77.06672,38.92417],[-77.06673,38.92417],[-77.06674,38.92417],[-77.06675,38.92417],[-77.06676,38.92417],[-77.06677,38.92417],[-77.06678,38.92417],[-77.06679,38.92417],[-77.0668,38.92417],[-77.06681,38.92417],[-77.06682,38.92417],[-77.06683,38.92417],[-77.06684,38.92417],[-77.06685,38.92417],[-77.06686,38.92417],[-77.06687,38.92417],[-77.06688,38.92417],[-77.06689,38.92417],[-77.0669,38.92417],[-77.06691,38.92417],[-77.06691,38.92418],[-77.06692,38.92418],[-77.06693,38.92418],[-77.06694,38.92418],[-77.06695,38.92418],[-77.06696,38.92418],[-77.06697,38.92418],[-77.06698,38.92418],[-77.06699,38.92418],[-77.067,38.92418],[-77.06701,38.92418],[-77.06702,38.92418],[-77.06703,38.92418],[-77.06704,38.92418],[-77.06705,38.92418],[-77.06706,38.92418],[-77.06707,38.92418],[-77.06708,38.92418],[-77.06709,38.92418],[-77.0671,38.92418],[-77.06711,38.92418],[-77.06712,38.92418],[-77.06713,38.92418],[-77.06714,38.92418],[-77.06715,38.92418],[-77.06716,38.92418],[-77.06717,38.92418],[-77.06718,38.92418],[-77.06719,38.92417],[-77.0672,38.92417],[-77.06721,38.92417],[-77.06722,38.92417],[-77.06723,38.92417],[-77.06724,38.92417],[-77.06725,38.92417],[-77.06726,38.92417],[-77.06727,38.92417],[-77.06728,38.92417],[-77.06729,38.92417],[-77.0673,38.92417],[-77.06731,38.92417],[-77.06732,38.92417],[-77.06733,38.92417],[-77.06734,38.92417],[-77.06735,38.92417],[-77.06736,38.92417],[-77.06737,38.92417],[-77.06738,38.92416],[-77.06739,38.92416],[-77.0674,38.92416],[-77.06741,38.92416],[-77.06742,38.92416],[-77.06743,38.92416],[-77.06744,38.92416],[-77.06745,38.92416],[-77.06746,38.92416],[-77.06747,38.92416],[-77.06748,38.92416],[-77.06749,38.92416],[-77.06749,38.92415],[-77.0675,38.92415],[-77.06751,38.92415],[-77.06752,38.92415],[-77.06753,38.92415],[-77.06754,38.92415],[-77.06755,38.92415],[-77.06756,38.92415],[-77.06757,38.92415],[-77.06758,38.92415],[-77.06758,38.92414],[-77.06759,38.92414],[-77.0676,38.92414],[-77.06761,38.92414],[-77.06762,38.92414],[-77.06763,38.92414],[-77.06764,38.92414],[-77.06765,38.92414],[-77.06766,38.92414],[-77.06766,38.92413],[-77.06767,38.92413],[-77.06768,38.92413],[-77.06769,38.92413],[-77.0677,38.92413],[-77.06771,38.92413],[-77.06772,38.92413],[-77.06773,38.92412],[-77.06774,38.92412],[-77.06775,38.92412],[-77.06776,38.92412],[-77.06777,38.92412],[-77.06778,38.92412],[-77.06779,38.92412],[-77.06779,38.92411],[-77.0678,38.92411],[-77.06781,38.92411],[-77.06782,38.92411],[-77.06784,38.92411],[-77.06785,38.9241],[-77.06786,38.9241],[-77.06787,38.9241],[-77.06788,38.9241],[-77.06789,38.9241],[-77.0679,38.9241],[-77.0679,38.92409],[-77.06791,38.92409],[-77.06792,38.92409],[-77.06793,38.92409],[-77.06794,38.92409],[-77.06795,38.92409],[-77.06795,38.92408],[-77.06796,38.92408],[-77.06797,38.92408],[-77.06798,38.92408],[-77.06799,38.92408],[-77.068,38.92407],[-77.06801,38.92407],[-77.06802,38.92407],[-77.06803,38.92407],[-77.06804,38.92406],[-77.06805,38.92406],[-77.06806,38.92406],[-77.06807,38.92406],[-77.06808,38.92406],[-77.06808,38.92405],[-77.06809,38.92405],[-77.0681,38.92405],[-77.06811,38.92405],[-77.06812,38.92404],[-77.06813,38.92404],[-77.06814,38.92404],[-77.06815,38.92404],[-77.06816,38.92404],[-77.06816,38.92403],[-77.06817,38.92403],[-77.06818,38.92403],[-77.06819,38.92403],[-77.0682,38.92402],[-77.06821,38.92402],[-77.06822,38.92402],[-77.06823,38.92402],[-77.06823,38.92401],[-77.06824,38.92401],[-77.06825,38.92401],[-77.06826,38.92401],[-77.06827,38.92401],[-77.06827,38.924],[-77.06828,38.924],[-77.06829,38.924],[-77.0683,38.924],[-77.06831,38.92399],[-77.06832,38.92399],[-77.06833,38.92399],[-77.06833,38.92398],[-77.06834,38.92398],[-77.06835,38.92398],[-77.06836,38.92398],[-77.06837,38.92397],[-77.06838,38.92397],[-77.06839,38.92397],[-77.0684,38.92396],[-77.06841,38.92396],[-77.06842,38.92396],[-77.06843,38.92396],[-77.06843,38.92395],[-77.06844,38.92395],[-77.06845,38.92395],[-77.06846,38.92395],[-77.06846,38.92394],[-77.06847,38.92394],[-77.06848,38.92394],[-77.06849,38.92393],[-77.0685,38.92393],[-77.06851,38.92393],[-77.06851,38.92392],[-77.06852,38.92392],[-77.06853,38.92392],[-77.06854,38.92392],[-77.06854,38.92391],[-77.06855,38.92391],[-77.06856,38.92391],[-77.06857,38.9239],[-77.06858,38.9239],[-77.06859,38.9239],[-77.06859,38.92389],[-77.0686,38.92389],[-77.06861,38.92389],[-77.06862,38.92389],[-77.06862,38.92388],[-77.06863,38.92388],[-77.06864,38.92388],[-77.06865,38.92387],[-77.06867,38.92387],[-77.06867,38.92386],[-77.06868,38.92386],[-77.06869,38.92386],[-77.06869,38.92385],[-77.0687,38.92385],[-77.06871,38.92385],[-77.06872,38.92384],[-77.06873,38.92384],[-77.06874,38.92384],[-77.06874,38.92383],[-77.06876,38.92383],[-77.06876,38.92382],[-77.06877,38.92382],[-77.06878,38.92382],[-77.06879,38.92381],[-77.0688,38.92381],[-77.06881,38.92381],[-77.06881,38.9238],[-77.06882,38.9238],[-77.06883,38.9238],[-77.06884,38.92379],[-77.06885,38.92379],[-77.06885,38.92378],[-77.06886,38.92378],[-77.06887,38.92378],[-77.06887,38.92377],[-77.06888,38.92377],[-77.06889,38.92377],[-77.06889,38.92376],[-77.0689,38.92376],[-77.06891,38.92376],[-77.06892,38.92375],[-77.06893,38.92375],[-77.06894,38.92374],[-77.06895,38.92374],[-77.06895,38.92373],[-77.06896,38.92373],[-77.06897,38.92373],[-77.06897,38.92372],[-77.06898,38.92372],[-77.06899,38.92372],[-77.06899,38.92371],[-77.069,38.92371],[-77.06901,38.92371],[-77.06901,38.9237],[-77.06902,38.9237],[-77.06903,38.9237],[-77.06903,38.92369],[-77.06904,38.92369],[-77.06905,38.92369],[-77.06905,38.92368],[-77.06906,38.92368],[-77.06907,38.92367],[-77.06908,38.92367],[-77.06909,38.92366],[-77.0691,38.92366],[-77.0691,38.92365],[-77.06911,38.92365],[-77.06912,38.92365],[-77.06912,38.92364],[-77.06913,38.92364],[-77.06914,38.92364],[-77.06914,38.92363],[-77.06915,38.92363],[-77.06915,38.92362],[-77.06916,38.92362],[-77.06917,38.92362],[-77.06917,38.92361],[-77.06918,38.92361],[-77.06919,38.9236],[-77.0692,38.9236],[-77.0692,38.92359],[-77.06921,38.92359],[-77.06922,38.92359],[-77.06922,38.92358],[-77.06923,38.92358],[-77.06923,38.92357],[-77.06925,38.92357],[-77.06925,38.92356],[-77.06926,38.92356],[-77.06927,38.92355],[-77.06928,38.92355],[-77.06928,38.92354],[-77.06929,38.92354],[-77.0693,38.92354],[-77.0693,38.92353],[-77.06931,38.92353],[-77.06931,38.92352],[-77.06932,38.92352],[-77.06933,38.92351],[-77.06934,38.92351],[-77.06934,38.9235],[-77.06935,38.9235],[-77.06936,38.9235],[-77.06936,38.92349],[-77.06937,38.92349],[-77.06937,38.92348],[-77.06938,38.92348],[-77.06939,38.92347],[-77.0694,38.92347],[-77.0694,38.92346],[-77.06941,38.92346],[-77.06941,38.92345],[-77.06942,38.92345],[-77.06943,38.92345],[-77.06943,38.92344],[-77.06944,38.92344],[-77.06944,38.92343],[-77.06945,38.92343],[-77.06946,38.92342],[-77.06947,38.92342],[-77.06947,38.92341],[-77.06948,38.92341],[-77.06948,38.9234],[-77.06949,38.9234],[-77.06949,38.92339],[-77.0695,38.92339],[-77.06951,38.92339],[-77.06951,38.92338],[-77.06952,38.92338],[-77.06952,38.92337],[-77.06953,38.92337],[-77.06954,38.92336],[-77.06955,38.92335],[-77.06956,38.92334],[-77.06957,38.92334],[-77.06957,38.92333],[-77.06958,38.92333],[-77.06958,38.92332],[-77.06959,38.92332],[-77.06959,38.92331],[-77.0696,38.92331],[-77.06961,38.9233],[-77.06962,38.92329],[-77.06963,38.92329],[-77.06963,38.92328],[-77.06964,38.92328],[-77.06964,38.92327],[-77.06965,38.92327],[-77.06965,38.92326],[-77.06966,38.92326],[-77.06967,38.92325],[-77.06967,38.92324],[-77.06968,38.92324],[-77.06969,38.92323],[-77.0697,38.92322],[-77.06971,38.92322],[-77.06971,38.92321],[-77.06972,38.92321],[-77.06972,38.9232],[-77.06973,38.92319],[-77.06974,38.92319],[-77.06974,38.92318],[-77.06975,38.92318],[-77.06975,38.92317],[-77.06976,38.92317],[-77.06976,38.92316],[-77.06977,38.92316],[-77.06977,38.92315],[-77.06978,38.92315],[-77.06978,38.92314],[-77.06979,38.92314],[-77.06979,38.92313],[-77.0698,38.92313],[-77.0698,38.92312],[-77.06981,38.92312],[-77.06981,38.92311],[-77.06982,38.92311],[-77.06982,38.9231],[-77.06983,38.9231],[-77.06983,38.92309],[-77.06984,38.92309],[-77.06984,38.92308],[-77.06985,38.92308],[-77.06985,38.92307],[-77.06986,38.92307],[-77.06986,38.92306],[-77.06987,38.92306],[-77.06987,38.92305],[-77.06988,38.92305],[-77.06988,38.92304],[-77.06989,38.92304],[-77.06989,38.92303],[-77.0699,38.92302],[-77.0699,38.92301],[-77.06991,38.92301],[-77.06991,38.923],[-77.06992,38.923],[-77.06992,38.92299],[-77.06993,38.92299],[-77.06993,38.92298],[-77.06994,38.92298],[-77.06994,38.92297],[-77.06995,38.92297],[-77.06995,38.92296],[-77.06996,38.92296],[-77.06996,38.92295],[-77.06997,38.92294],[-77.06997,38.92293],[-77.06998,38.92293],[-77.06998,38.92292],[-77.06999,38.92292],[-77.06999,38.92291],[-77.07,38.92291],[-77.07,38.9229],[-77.07001,38.92289],[-77.07001,38.92288],[-77.07002,38.92287],[-77.07003,38.92287],[-77.07003,38.92286],[-77.07004,38.92286],[-77.07004,38.92285],[-77.07005,38.92284],[-77.07005,38.92283],[-77.07006,38.92283],[-77.07006,38.92282],[-77.07007,38.92282],[-77.07007,38.92281],[-77.07008,38.9228],[-77.07008,38.92279],[-77.07009,38.92279],[-77.07009,38.92278],[-77.0701,38.92278],[-77.0701,38.92277],[-77.0701,38.92276],[-77.07011,38.92276],[-77.07011,38.92275],[-77.07012,38.92275],[-77.07012,38.92274],[-77.07012,38.92273],[-77.07013,38.92273],[-77.07013,38.92272],[-77.07014,38.92272],[-77.07014,38.92271],[-77.07015,38.9227],[-77.07015,38.92269],[-77.07016,38.92269],[-77.07016,38.92268],[-77.07017,38.92267],[-77.07017,38.92266],[-77.07018,38.92266],[-77.07018,38.92265],[-77.07018,38.92264],[-77.07019,38.92264],[-77.07019,38.92263],[-77.0702,38.92262],[-77.0702,38.92261],[-77.07021,38.92261],[-77.07021,38.9226],[-77.07021,38.92259],[-77.07022,38.92259],[-77.07022,38.92258],[-77.07023,38.92257],[-77.07023,38.92256],[-77.07024,38.92256],[-77.07024,38.92255],[-77.07024,38.92254],[-77.07025,38.92254],[-77.07025,38.92253],[-77.07025,38.92252],[-77.07026,38.92252],[-77.07026,38.92251],[-77.07026,38.9225],[-77.07027,38.9225],[-77.07027,38.92249],[-77.07028,38.92248],[-77.07028,38.92247],[-77.07029,38.92246],[-77.07029,38.92245],[-77.0703,38.92244],[-77.0703,38.92243],[-77.07031,38.92242],[-77.07031,38.92241],[-77.07031,38.9224],[-77.07032,38.9224],[-77.07032,38.92239],[-77.07032,38.92238],[-77.07033,38.92238],[-77.07033,38.92237],[-77.07033,38.92236],[-77.07034,38.92236],[-77.07034,38.92235],[-77.07034,38.92234],[-77.07035,38.92234],[-77.07035,38.92233],[-77.07035,38.92232],[-77.07036,38.92231],[-77.07036,38.9223],[-77.07036,38.92229],[-77.07037,38.92229],[-77.07037,38.92228],[-77.07037,38.92227],[-77.07038,38.92227],[-77.07038,38.92226],[-77.07038,38.92225],[-77.07039,38.92224],[-77.07039,38.92223],[-77.07039,38.92222],[-77.0704,38.92221],[-77.0704,38.9222],[-77.0704,38.92219],[-77.07041,38.92219],[-77.07041,38.92218],[-77.07041,38.92217],[-77.07041,38.92216],[-77.07042,38.92216],[-77.07042,38.92215],[-77.07042,38.92214],[-77.07042,38.92213],[-77.07043,38.92213],[-77.07043,38.92212],[-77.07043,38.92211],[-77.07043,38.9221],[-77.07044,38.92209],[-77.07044,38.92208],[-77.07044,38.92207],[-77.07045,38.92206],[-77.07045,38.92205],[-77.07045,38.92204],[-77.07045,38.92203],[-77.07046,38.92203],[-77.07046,38.92202],[-77.07046,38.92201],[-77.07046,38.922],[-77.07046,38.92199],[-77.07047,38.92199],[-77.07047,38.92198],[-77.07047,38.92197],[-77.07047,38.92196],[-77.07047,38.92195],[-77.07048,38.92195],[-77.07048,38.92194],[-77.07048,38.92193],[-77.07048,38.92192],[-77.07048,38.92191],[-77.07049,38.92191],[-77.07049,38.9219],[-77.07049,38.92189],[-77.07049,38.92188],[-77.07049,38.92187],[-77.07049,38.92186],[-77.0705,38.92186],[-77.0705,38.92185],[-77.0705,38.92184],[-77.0705,38.92183],[-77.0705,38.92182],[-77.0705,38.92181],[-77.0705,38.9218],[-77.07051,38.9218],[-77.07051,38.92179],[-77.07051,38.92178],[-77.07051,38.92177],[-77.07051,38.92176],[-77.07051,38.92175],[-77.07051,38.92174],[-77.07052,38.92173],[-77.07052,38.92172],[-77.07052,38.92171],[-77.07052,38.9217],[-77.07052,38.92169],[-77.07052,38.92168],[-77.07052,38.92167],[-77.07052,38.92166],[-77.07052,38.92165],[-77.07053,38.92164],[-77.07053,38.92163],[-77.07053,38.92162],[-77.07053,38.92161],[-77.07053,38.9216],[-77.07053,38.92159],[-77.07053,38.92158],[-77.07053,38.92157],[-77.07053,38.92156],[-77.07053,38.92155],[-77.07053,38.92154],[-77.07053,38.92153],[-77.07053,38.92152],[-77.07053,38.92151],[-77.07053,38.9215],[-77.07053,38.92149],[-77.07053,38.92148],[-77.07053,38.92147],[-77.07053,38.92146],[-77.07053,38.92145],[-77.07053,38.92144],[-77.07053,38.92143],[-77.07053,38.92142],[-77.07053,38.92141],[-77.07053,38.9214],[-77.07053,38.92139],[-77.07053,38.92138],[-77.07053,38.92137],[-77.07053,38.92136],[-77.07053,38.92135],[-77.07053,38.92134],[-77.07053,38.92133],[-77.07052,38.92123],[-77.07051,38.92114],[-77.07049,38.92104],[-77.07047,38.92095],[-77.07045,38.92086],[-77.07043,38.92079],[-77.07039,38.92069],[-77.07035,38.92058],[-77.07032,38.92052],[-77.07029,38.92045],[-77.07023,38.92033],[-77.07017,38.92022],[-77.0701,38.9201],[-77.07002,38.92],[-77.06994,38.91989],[-77.06986,38.91979],[-77.06977,38.9197],[-77.06967,38.91962],[-77.06958,38.91953],[-77.06946,38.91944],[-77.06934,38.91936],[-77.06923,38.91929],[-77.06913,38.91922],[-77.06901,38.91916],[-77.0689,38.9191],[-77.06876,38.91904],[-77.06862,38.91898],[-77.06848,38.91893],[-77.06833,38.91888],[-77.06819,38.91883],[-77.06803,38.9188]]]},"properties":{"name":"U.S. Naval Observatory","label":"U.S. Naval Observatory","designation":"DC/NR/NHL","date":null,"nr":"Y"}}]}